Built from '6000.3/staging' branch; Version is '6000.3.20f1 (c9ba695d4f07) revision 13220457'; Using compiler version '194234433'; Build Type 'Release'
[Licensing::Module] Trying to connect to existing licensing client channel...
OS: 'Windows 11  (10.0.26200) Professional' Language: 'ko' Physical Memory: 16227 MB
BatchMode: 1, IsHumanControllingUs: 0, StartBugReporterOnCrash: 0, Is64bit: 1
[Licensing::IpcConnector] Successfully connected to: "LicenseClient-angda" at "2026-10-06T15:20:01.0765535Z"
System  architecture: x64
Process architecture: x64
Date: 2026-10-06T15:20:01Z

COMMAND LINE ARGUMENTS:
C:\Program Files\Unity\Hub\Editor\6000.3.20f1\Editor\Unity.exe
-adb2
-batchMode
-noUpm
-name
AssetImportWorker1
-projectPath
C:/unity/BugCatch
-logFile
Logs/AssetImportWorker1.log
-srvPort
64440
-parentPid
25932
-analyticsCloudUserId
anonymous
-analyticsCloudProjectId
91e90bdc-e5a6-426d-93b6-7d69c060a2ad
-analyticsLocalProjectId
ccd1533ec17c98c4e85b4caebe0d0a7c
-job-worker-count
5
-background-job-worker-count
8
-gc-helper-count
1
-name
AssetImport
Successfully changed project path to: C:/unity/BugCatch
C:/unity/BugCatch
[UnityMemory] Configuration Parameters - Can be set up in boot.config
    "memorysetup-temp-allocator-size-nav-mesh-worker=65536"
    "memorysetup-temp-allocator-size-audio-worker=65536"
    "memorysetup-temp-allocator-size-gfx=262144"
    "memorysetup-allocator-temp-initial-block-size-main=262144"
    "memorysetup-allocator-temp-initial-block-size-worker=262144"
    "memorysetup-temp-allocator-size-background-worker=32768"
    "memorysetup-temp-allocator-size-job-worker=262144"
    "memorysetup-temp-allocator-size-preload-manager=33554432"
    "memorysetup-temp-allocator-size-gi-baking-worker=262144"
    "memorysetup-temp-allocator-size-gi-baking-worker=262144"
    "memorysetup-temp-allocator-size-gi-baking-worker=262144"
    "memorysetup-temp-allocator-size-gi-baking-worker=262144"
    "memorysetup-temp-allocator-size-gi-baking-worker=262144"
    "memorysetup-bucket-allocator-granularity=16"
    "memorysetup-bucket-allocator-bucket-count=8"
    "memorysetup-bucket-allocator-block-size=33554432"
    "memorysetup-bucket-allocator-block-count=8"
    "memorysetup-main-allocator-block-size=16777216"
    "memorysetup-thread-allocator-block-size=16777216"
    "memorysetup-gfx-main-allocator-block-size=16777216"
    "memorysetup-gfx-thread-allocator-block-size=16777216"
    "memorysetup-cache-allocator-block-size=4194304"
    "memorysetup-typetree-allocator-block-size=2097152"
    "memorysetup-profiler-bucket-allocator-granularity=16"
    "memorysetup-profiler-bucket-allocator-bucket-count=8"
    "memorysetup-profiler-bucket-allocator-block-size=33554432"
    "memorysetup-profiler-bucket-allocator-block-count=8"
    "memorysetup-profiler-allocator-block-size=16777216"
    "memorysetup-profiler-editor-allocator-block-size=1048576"
    "memorysetup-temp-allocator-size-main=16777216"
    "memorysetup-job-temp-allocator-block-size=2097152"
    "memorysetup-job-temp-allocator-block-size-background=1048576"
    "memorysetup-job-temp-allocator-reduction-small-platforms=262144"
    "memorysetup-temp-allocator-size-cloud-worker=32768"
Player connection [18996]  Target information:

Player connection [18996]  * "[IP] 172.31.3.154 [Port] 0 [Flags] 2 [Guid] 2870388330 [EditorId] 2870388330 [Version] 1048832 [Id] WindowsEditor(7,³ª°­À±) [Debug] 1 [PackageName] WindowsEditor [ProjectName] Editor" 

Player connection [18996] Host joined multi-casting on [225.0.0.222:54997]...
Player connection [18996] Host joined alternative multi-casting on [225.0.0.222:34997]...
JobSystem: Creating JobQueue using job-worker-count value 5
Input System module state changed to: Initialized.
[Physics::Module] Initialized fallback backend.
[Physics::Module] Id: 0xdecafbad
Library Redirect Path: Library/
[Physics::Module] Selected backend.
[Physics::Module] Name: PhysX
[Physics::Module] Id: 0xf2b8ea05
[Physics::Module] SDK Version: 4.1.2
[Physics::Module] Integration Version: 1.0.0
[Physics::Module] Threading Mode: Multi-Threaded
Refreshing native plugins compatible for Editor in 23.61 ms, found 4 plugins.
Preloading 0 native plugins for Editor in 0.00 ms.
Initialize engine version: 6000.3.20f1 (c9ba695d4f07)
[Subsystems] Discovering subsystems at path C:/Program Files/Unity/Hub/Editor/6000.3.20f1/Editor/Data/Resources/UnitySubsystems
[Subsystems] Discovering subsystems at path C:/unity/BugCatch/Assets
GfxDevice: creating device client; kGfxThreadingModeNonThreaded
d3d12: failed to query info queue interface (0x80004002).
Direct3D:
    Version:         Direct3D 12 [level 12.1]
    Renderer:        NVIDIA GeForce GTX 1650 (ID=0x1f91)
    Vendor:          NVIDIA
    VRAM:            3935 MB
    App VRAM Budget: 3344 MB
    Driver:          32.0.16.1062
Initialize mono
Mono path[0] = 'C:/Program Files/Unity/Hub/Editor/6000.3.20f1/Editor/Data/Managed'
Mono path[1] = 'C:/Program Files/Unity/Hub/Editor/6000.3.20f1/Editor/Data/MonoBleedingEdge/lib/mono/unityjit-win32'
Mono config path = 'C:/Program Files/Unity/Hub/Editor/6000.3.20f1/Editor/Data/MonoBleedingEdge/etc'
Using monoOptions --debugger-agent=transport=dt_socket,embedding=1,server=y,suspend=n,address=127.0.0.1:56204
Begin MonoManager ReloadAssembly
Registering precompiled unity dll's ...
Register platform support module: C:/Program Files/Unity/Hub/Editor/6000.3.20f1/Editor/Data/PlaybackEngines/WindowsStandaloneSupport/UnityEditor.WindowsStandalone.Extensions.dll
Registered in 0.004673 seconds.
- Loaded All Assemblies, in  1.030 seconds
Native extension for WindowsStandalone target not found
Package Manager log level set to [2]
[Package Manager] Failed to launch server process. Reason: Unity was launched with the -noUpm command-line argument
[Package Manager] Unable to send message (not connected to server process).
[Package Manager] Cannot connect to Unity Package Manager local server
ScheduleIndexationOnStartup MainProcess:False IndexOnStartup:True
Mono: successfully reloaded assembly
- Finished resetting the current domain, in  0.812 seconds
Domain Reload Profiling: 1835ms
	BeginReloadAssembly (384ms)
		ExecutionOrderSort (0ms)
		DisableScriptedObjects (0ms)
		BackupInstance (0ms)
		ReleaseScriptingObjects (0ms)
		CreateAndSetChildDomain (1ms)
	RebuildCommonClasses (109ms)
	RebuildNativeTypeToScriptingClass (34ms)
	initialDomainReloadingComplete (103ms)
	LoadAllAssembliesAndSetupDomain (391ms)
		LoadAssemblies (375ms)
		RebuildTransferFunctionScriptingTraits (0ms)
		AnalyzeDomain (386ms)
			TypeCache.Refresh (381ms)
				TypeCache.ScanAssembly (347ms)
			BuildScriptInfoCaches (0ms)
			ResolveRequiredComponents (1ms)
	FinalizeReload (813ms)
		ReleaseScriptCaches (0ms)
		RebuildScriptCaches (0ms)
		SetupLoadedEditorAssemblies (691ms)
			LogAssemblyErrors (0ms)
			InitializePlatformSupportModulesInManaged (145ms)
			SetLoadedEditorAssemblies (6ms)
			BeforeProcessingInitializeOnLoad (166ms)
			ProcessInitializeOnLoadAttributes (271ms)
			ProcessInitializeOnLoadMethodAttributes (102ms)
			AfterProcessingInitializeOnLoad (0ms)
			EditorAssembliesLoaded (0ms)
		ExecutionOrderSort2 (0ms)
		AwakeInstancesAfterBackupRestoration (0ms)
[Licensing::Module] Licensing is not yet initialized.
[Licensing::Client] Error: HandshakeResponse reported an error:
	ResponseCode: 505
	ResponseStatus: Unsupported protocol version '1.18.1'.
[Licensing::Module] Error: Failed to handshake to channel: "LicenseClient-angda"
[Licensing::IpcConnector] LicenseClient-angda channel disconnected successfully.
[Licensing::IpcConnector] Successfully connected to: "LicenseClient-angda-6000.3.20" at "2026-10-06T15:20:05.9796357Z"
[Licensing::Client] Code 10 while verifying Licensing Client signature (process Id: 21016, path: "C:/Program Files/Unity/Hub/Editor/6000.3.20f1/Editor/Data/Resources/Licensing/Client/Unity.Licensing.Client.exe")
[Licensing::Module] LicensingClient has failed validation; ignoring
[Licensing::Client] Handshaking with LicensingClient:
  Version:                 1.18.1+9fbee8e
  Session Id:              751333fde3c04c088e0f16ee4eac0d0b
  Correlation Id:          e453923492d7457aae22a4a984f873c1
  External correlation Id: 6945610453556647061
  Machine Id:              5A1VgrhWIQ1Q9/J8In4vuTo0y10=
[Licensing::Module] Successfully connected to LicensingClient on channel: "LicenseClient-angda-6000.3.20" (connect: 0.00s, validation: 0.00s, handshake: 0.02s)
[Licensing::IpcConnector] Successfully connected to: "LicenseClient-angda-6000.3.20-notifications" at "2026-10-06T15:20:05.9988366Z"
[Licensing::Module] Licensing Background thread has ended after 4.92s
[Licensing::Module] Licensing is initialized (took 1.64s).
[Licensing::Client] Successfully resolved entitlement details
[Licensing::Module] License group:
  Id: 14569595589620-UnityPersXXXX
  Product: Unity Personal
  Type: Assigned
  Expiration: Unlimited
Curl error 3: URL rejected: Malformed input to a URL function
========================================================================
Worker process is ready to serve import requests
Import Worker Mode flag is 0x00
Begin MonoManager ReloadAssembly
- Loaded All Assemblies, in  1.175 seconds
Refreshing native plugins compatible for Editor in 14.32 ms, found 4 plugins.
Native extension for WindowsStandalone target not found
[Package Manager] Failed to launch server process. Reason: Unity was launched with the -noUpm command-line argument
[Package Manager] Unable to send message (not connected to server process).
[Package Manager] Cannot connect to Unity Package Manager local server
Refreshing native plugins compatible for Editor in 16.47 ms, found 4 plugins.
[Package Manager] Failed to launch server process. Reason: Unity was launched with the -noUpm command-line argument
[Package Manager] Unable to send message (not connected to server process).
[Package Manager] Cannot connect to Unity Package Manager local server
ScheduleIndexationOnStartup MainProcess:False IndexOnStartup:True
Mono: successfully reloaded assembly
- Finished resetting the current domain, in  1.032 seconds
Domain Reload Profiling: 2194ms
	BeginReloadAssembly (328ms)
		ExecutionOrderSort (0ms)
		DisableScriptedObjects (11ms)
		BackupInstance (0ms)
		ReleaseScriptingObjects (0ms)
		CreateAndSetChildDomain (41ms)
	RebuildCommonClasses (69ms)
	RebuildNativeTypeToScriptingClass (25ms)
	initialDomainReloadingComplete (69ms)
	LoadAllAssembliesAndSetupDomain (670ms)
		LoadAssemblies (579ms)
		RebuildTransferFunctionScriptingTraits (0ms)
		AnalyzeDomain (290ms)
			TypeCache.Refresh (208ms)
				TypeCache.ScanAssembly (185ms)
			BuildScriptInfoCaches (74ms)
			ResolveRequiredComponents (4ms)
	FinalizeReload (1033ms)
		ReleaseScriptCaches (0ms)
		RebuildScriptCaches (0ms)
		SetupLoadedEditorAssemblies (855ms)
			LogAssemblyErrors (0ms)
			InitializePlatformSupportModulesInManaged (20ms)
			SetLoadedEditorAssemblies (7ms)
			BeforeProcessingInitializeOnLoad (249ms)
			ProcessInitializeOnLoadAttributes (391ms)
			ProcessInitializeOnLoadMethodAttributes (177ms)
			AfterProcessingInitializeOnLoad (11ms)
			EditorAssembliesLoaded (0ms)
		ExecutionOrderSort2 (0ms)
		AwakeInstancesAfterBackupRestoration (8ms)
Launched and connected shader compiler UnityShaderCompiler.exe after 0.01 seconds
Refreshing native plugins compatible for Editor in 12.94 ms, found 4 plugins.
Preloading 0 native plugins for Editor in 0.00 ms.
Unloading 0 Unused Serialized files (Serialized files now loaded: 0)
Curl error 3: URL rejected: Malformed input to a URL function
Unloading 4603 unused Assets / (1.4 MB). Loaded Objects now: 5153.
Memory consumption went from 104.1 MB to 102.6 MB.
Total: 7.301900 ms (FindLiveObjects: 0.576700 ms CreateObjectMapping: 0.520200 ms MarkObjects: 4.802800 ms  DeleteObjects: 1.400800 ms)

========================================================================
Received Import Request.
  Time since last request: 11293.973387 seconds.
  path: Assets/LSO/_Scripts/LSO/Auction/Person
  artifactKey: Guid(211566b9a5224adeaff30a767ca57b57) Importer(2089858483,b0f066a214c2f5e87bad3c948f4d605d)
Start importing Assets/LSO/_Scripts/LSO/Auction/Person using Guid(211566b9a5224adeaff30a767ca57b57) Importer(2089858483,b0f066a214c2f5e87bad3c948f4d605d) (ScriptedImporter) -> (artifact id: '7df0e79d666ebb286cc8a3698b3f9952') in 0.1018563 seconds
Number of updated asset objects reloaded before import = 0Number of asset objects unloaded after import = 1

========================================================================
Received Import Request.
  Time since last request: 0.000031 seconds.
  path: Packages/com.unity.services.deployment/Editor/Tracking/IDeploymentItemTracker.cs
  artifactKey: Guid(3f6da679ad4e7a842b3b14bba4b87e20) Importer(2089858483,b0f066a214c2f5e87bad3c948f4d605d)
Start importing Packages/com.unity.services.deployment/Editor/Tracking/IDeploymentItemTracker.cs using Guid(3f6da679ad4e7a842b3b14bba4b87e20) Importer(2089858483,b0f066a214c2f5e87bad3c948f4d605d) (ScriptedImporter) -> (artifact id: '35c8a75fcadbdf617eccb2748bea90f8') in 0.1788368 seconds
Number of updated asset objects reloaded before import = 0Number of asset objects unloaded after import = 0

========================================================================
Received Import Request.
  Time since last request: 0.000041 seconds.
  path: Packages/com.unity.purchasing/Runtime/Purchasing/Core/Product/AppleAppStore/Extensions/UseCases/Interfaces/IGetIntroductoryPriceDictionaryUseCase.cs
  artifactKey: Guid(401c9bc6c91a4653bf7287de676fda93) Importer(2089858483,b0f066a214c2f5e87bad3c948f4d605d)
Start importing Packages/com.unity.purchasing/Runtime/Purchasing/Core/Product/AppleAppStore/Extensions/UseCases/Interfaces/IGetIntroductoryPriceDictionaryUseCase.cs using Guid(401c9bc6c91a4653bf7287de676fda93) Importer(2089858483,b0f066a214c2f5e87bad3c948f4d605d) (ScriptedImporter) -> (artifact id: 'dc8c19cd07515b2f32353e3fb2978553') in 0.0231056 seconds
Number of updated asset objects reloaded before import = 0Number of asset objects unloaded after import = 0

========================================================================
Received Import Request.
  Time since last request: 0.000265 seconds.
  path: Assets/LSO/_Scripts/LSO/Auction/Event/LSO_FailedEvent.cs
  artifactKey: Guid(684bc74872f08724e8dabbfaa2dca44d) Importer(2089858483,b0f066a214c2f5e87bad3c948f4d605d)
Start importing Assets/LSO/_Scripts/LSO/Auction/Event/LSO_FailedEvent.cs using Guid(684bc74872f08724e8dabbfaa2dca44d) Importer(2089858483,b0f066a214c2f5e87bad3c948f4d605d) (ScriptedImporter) -> (artifact id: '6993f4a20ccdade46e5d9592657b71b9') in 0.0218634 seconds
Number of updated asset objects reloaded before import = 0Number of asset objects unloaded after import = 0

========================================================================
Received Import Request.
  Time since last request: 0.000234 seconds.
  path: Assets/LSO/_Scripts/LSO/Auction/Event
  artifactKey: Guid(9d12261f4803bb84089e89918c6cf685) Importer(2089858483,b0f066a214c2f5e87bad3c948f4d605d)
Start importing Assets/LSO/_Scripts/LSO/Auction/Event using Guid(9d12261f4803bb84089e89918c6cf685) Importer(2089858483,b0f066a214c2f5e87bad3c948f4d605d) (ScriptedImporter) -> (artifact id: '6e5af606ed0cc4b90e30b94af194a2a4') in 0.0197501 seconds
Number of updated asset objects reloaded before import = 0Number of asset objects unloaded after import = 1

========================================================================
Received Import Request.
  Time since last request: 0.000023 seconds.
  path: Packages/com.unity.services.core/Editor/Core/Linker/Models/XmlLinkedMember.cs
  artifactKey: Guid(c3160ba3f628445298fde3a1dba61623) Importer(2089858483,b0f066a214c2f5e87bad3c948f4d605d)
Start importing Packages/com.unity.services.core/Editor/Core/Linker/Models/XmlLinkedMember.cs using Guid(c3160ba3f628445298fde3a1dba61623) Importer(2089858483,b0f066a214c2f5e87bad3c948f4d605d) (ScriptedImporter) -> (artifact id: 'e08a25eb9be6e143eb021558922d5823') in 0.020599 seconds
Number of updated asset objects reloaded before import = 0Number of asset objects unloaded after import = 0

========================================================================
Received Import Request.
  Time since last request: 0.000025 seconds.
  path: Packages/com.unity.xr.legacyinputhelpers/Runtime/TrackedPoseDriver/UnityEngine.SpatialTracking.asmdef
  artifactKey: Guid(ba171b3dd2a51234ab864770f99741a5) Importer(2089858483,b0f066a214c2f5e87bad3c948f4d605d)
Start importing Packages/com.unity.xr.legacyinputhelpers/Runtime/TrackedPoseDriver/UnityEngine.SpatialTracking.asmdef using Guid(ba171b3dd2a51234ab864770f99741a5) Importer(2089858483,b0f066a214c2f5e87bad3c948f4d605d) (ScriptedImporter) -> (artifact id: '5b96719b3cb4d007e238a85f39270349') in 0.0183793 seconds
Number of updated asset objects reloaded before import = 0Number of asset objects unloaded after import = 1

========================================================================
Received Import Request.
  Time since last request: 0.000190 seconds.
  path: Packages/com.unity.microsoft.gdk/Runtime/XBL/UserStatistics
  artifactKey: Guid(2c4bf831e10c4e158dd537d83c5ad77c) Importer(2089858483,b0f066a214c2f5e87bad3c948f4d605d)
Start importing Packages/com.unity.microsoft.gdk/Runtime/XBL/UserStatistics using Guid(2c4bf831e10c4e158dd537d83c5ad77c) Importer(2089858483,b0f066a214c2f5e87bad3c948f4d605d) (ScriptedImporter) -> (artifact id: '995203eecddf9fc5da669da0db898d6c') in 0.0161196 seconds
Number of updated asset objects reloaded before import = 0Number of asset objects unloaded after import = 1

========================================================================
Received Import Request.
  Time since last request: 0.000076 seconds.
  path: Packages/com.unity.services.core/Runtime/Core.Internal/Logging
  artifactKey: Guid(a33cebe73913d4ddf9970fdbf0965bc5) Importer(2089858483,b0f066a214c2f5e87bad3c948f4d605d)
Start importing Packages/com.unity.services.core/Runtime/Core.Internal/Logging using Guid(a33cebe73913d4ddf9970fdbf0965bc5) Importer(2089858483,b0f066a214c2f5e87bad3c948f4d605d) (ScriptedImporter) -> (artifact id: 'b8a6f2448296200ae7d79831026dbe35') in 0.0156611 seconds
Number of updated asset objects reloaded before import = 0Number of asset objects unloaded after import = 1

========================================================================
Received Import Request.
  Time since last request: 0.000072 seconds.
  path: Assets/LSO/_Scripts/LSO/Auction/Person/Data/LSO_AuctionConfigSO.cs
  artifactKey: Guid(672b266bb3984a8a932902c63220376b) Importer(2089858483,b0f066a214c2f5e87bad3c948f4d605d)
Start importing Assets/LSO/_Scripts/LSO/Auction/Person/Data/LSO_AuctionConfigSO.cs using Guid(672b266bb3984a8a932902c63220376b) Importer(2089858483,b0f066a214c2f5e87bad3c948f4d605d) (ScriptedImporter) -> (artifact id: 'd272ae20ccd07d828288d952cfb6cdcc') in 0.0180883 seconds
Number of updated asset objects reloaded before import = 0Number of asset objects unloaded after import = 0

========================================================================
Received Import Request.
  Time since last request: 0.000109 seconds.
  path: Packages/com.unity.microsoft.gdk/Runtime/Interop/XBL/Presence/XblPresenceTitleRecord.cs
  artifactKey: Guid(25e609e242164fc48ef69bc02299963a) Importer(2089858483,b0f066a214c2f5e87bad3c948f4d605d)
Start importing Packages/com.unity.microsoft.gdk/Runtime/Interop/XBL/Presence/XblPresenceTitleRecord.cs using Guid(25e609e242164fc48ef69bc02299963a) Importer(2089858483,b0f066a214c2f5e87bad3c948f4d605d) (ScriptedImporter) -> (artifact id: 'e5482b4fcb7ca164c18ef0b35ed022d1') in 0.0193412 seconds
Number of updated asset objects reloaded before import = 0Number of asset objects unloaded after import = 0

========================================================================
Received Import Request.
  Time since last request: 0.000116 seconds.
  path: Packages/com.unity.xr.legacyinputhelpers/Runtime/ArmModels/ArmModel.cs
  artifactKey: Guid(1ed4e84183ad15c43b32a13aeca25b98) Importer(2089858483,b0f066a214c2f5e87bad3c948f4d605d)
Start importing Packages/com.unity.xr.legacyinputhelpers/Runtime/ArmModels/ArmModel.cs using Guid(1ed4e84183ad15c43b32a13aeca25b98) Importer(2089858483,b0f066a214c2f5e87bad3c948f4d605d) (ScriptedImporter) -> (artifact id: '7fda78bcf8718101bc10f16871d61dc9') in 0.0173678 seconds
Number of updated asset objects reloaded before import = 0Number of asset objects unloaded after import = 0

========================================================================
Received Import Request.
  Time since last request: 0.000103 seconds.
  path: Assets/LSO/_Scripts/LSO/Auction/Event/LSO_AuctionStartEvent.cs
  artifactKey: Guid(c85a062d12dcd664892355540a194bbd) Importer(2089858483,b0f066a214c2f5e87bad3c948f4d605d)
Start importing Assets/LSO/_Scripts/LSO/Auction/Event/LSO_AuctionStartEvent.cs using Guid(c85a062d12dcd664892355540a194bbd) Importer(2089858483,b0f066a214c2f5e87bad3c948f4d605d) (ScriptedImporter) -> (artifact id: '37e26d43ad60d134bedb79658052f7da') in 0.0173811 seconds
Number of updated asset objects reloaded before import = 0Number of asset objects unloaded after import = 0

========================================================================
Received Import Request.
  Time since last request: 0.000045 seconds.
  path: Packages/com.unity.purchasing/Runtime/Purchasing/Settings/IAPSettingsConsts.cs
  artifactKey: Guid(f65f416900bf1405fab890b346191519) Importer(2089858483,b0f066a214c2f5e87bad3c948f4d605d)
Start importing Packages/com.unity.purchasing/Runtime/Purchasing/Settings/IAPSettingsConsts.cs using Guid(f65f416900bf1405fab890b346191519) Importer(2089858483,b0f066a214c2f5e87bad3c948f4d605d) (ScriptedImporter) -> (artifact id: '32972bc5eb0aa37dcf2470abfbb0dc0c') in 0.0153972 seconds
Number of updated asset objects reloaded before import = 0Number of asset objects unloaded after import = 0

========================================================================
Received Import Request.
  Time since last request: 0.000089 seconds.
  path: Packages/com.unity.services.core/Runtime/Device/UserIdProviders
  artifactKey: Guid(e12cdb285c9804571a21e551bdac8e68) Importer(2089858483,b0f066a214c2f5e87bad3c948f4d605d)
Start importing Packages/com.unity.services.core/Runtime/Device/UserIdProviders using Guid(e12cdb285c9804571a21e551bdac8e68) Importer(2089858483,b0f066a214c2f5e87bad3c948f4d605d) (ScriptedImporter) -> (artifact id: 'e04f446d07ae9db08a77ec90a01647f8') in 0.0173831 seconds
Number of updated asset objects reloaded before import = 0Number of asset objects unloaded after import = 1

========================================================================
Received Import Request.
  Time since last request: 0.000076 seconds.
  path: Packages/com.unity.purchasing/Runtime/Stores/Data/Insights/PurchaseEventProtobufWriter.cs
  artifactKey: Guid(6bf7a2705ff984ed997151025fdd81cb) Importer(2089858483,b0f066a214c2f5e87bad3c948f4d605d)
Start importing Packages/com.unity.purchasing/Runtime/Stores/Data/Insights/PurchaseEventProtobufWriter.cs using Guid(6bf7a2705ff984ed997151025fdd81cb) Importer(2089858483,b0f066a214c2f5e87bad3c948f4d605d) (ScriptedImporter) -> (artifact id: 'bb3a7bb3336b647039c825e4181545f0') in 0.0195344 seconds
Number of updated asset objects reloaded before import = 0Number of asset objects unloaded after import = 0

========================================================================
Received Import Request.
  Time since last request: 0.000068 seconds.
  path: Packages/com.unity.purchasing/Editor/Authoring/Deployment/DeleteRemoteCommandWrapper.cs
  artifactKey: Guid(ab2f136558154459d8b9163395992e7a) Importer(2089858483,b0f066a214c2f5e87bad3c948f4d605d)
Start importing Packages/com.unity.purchasing/Editor/Authoring/Deployment/DeleteRemoteCommandWrapper.cs using Guid(ab2f136558154459d8b9163395992e7a) Importer(2089858483,b0f066a214c2f5e87bad3c948f4d605d) (ScriptedImporter) -> (artifact id: '8007bdac560ed79a9053682eb19822bf') in 0.0146285 seconds
Number of updated asset objects reloaded before import = 0Number of asset objects unloaded after import = 0

========================================================================
Received Import Request.
  Time since last request: 0.000086 seconds.
  path: Packages/com.unity.microsoft.gdk/Runtime/Interop/XBL/Privacy/XblPermissionDenyReasonDetails.cs
  artifactKey: Guid(d4d50c0a745949b0aadceadeeac3287e) Importer(2089858483,b0f066a214c2f5e87bad3c948f4d605d)
Start importing Packages/com.unity.microsoft.gdk/Runtime/Interop/XBL/Privacy/XblPermissionDenyReasonDetails.cs using Guid(d4d50c0a745949b0aadceadeeac3287e) Importer(2089858483,b0f066a214c2f5e87bad3c948f4d605d) (ScriptedImporter) -> (artifact id: '1bbca7fe2a67edef5afb9095099bfc7a') in 0.0167669 seconds
Number of updated asset objects reloaded before import = 0Number of asset objects unloaded after import = 0

========================================================================
Received Import Request.
  Time since last request: 0.000153 seconds.
  path: Packages/com.unity.purchasing/Editor/ServiceProjectSettings/UI/UXML/XboxConfiguration.uxml
  artifactKey: Guid(63e818c7ffa6469478d71951c13b0f49) Importer(2089858483,b0f066a214c2f5e87bad3c948f4d605d)
Start importing Packages/com.unity.purchasing/Editor/ServiceProjectSettings/UI/UXML/XboxConfiguration.uxml using Guid(63e818c7ffa6469478d71951c13b0f49) Importer(2089858483,b0f066a214c2f5e87bad3c948f4d605d) (ScriptedImporter) -> (artifact id: '0530e34337306fcfc9785baf82671d3d') in 0.1395106 seconds
Number of updated asset objects reloaded before import = 0Number of asset objects unloaded after import = 2

========================================================================
Received Import Request.
  Time since last request: 0.000039 seconds.
  path: Assets/LSO/_Scripts/LSO/Auction/Taste
  artifactKey: Guid(9d7447c0e1e779148ad45fb1d3671de8) Importer(2089858483,b0f066a214c2f5e87bad3c948f4d605d)
Start importing Assets/LSO/_Scripts/LSO/Auction/Taste using Guid(9d7447c0e1e779148ad45fb1d3671de8) Importer(2089858483,b0f066a214c2f5e87bad3c948f4d605d) (ScriptedImporter) -> (artifact id: '1cfbc9f8043813f7c8526cc8887298be') in 0.0126996 seconds
Number of updated asset objects reloaded before import = 0Number of asset objects unloaded after import = 1

========================================================================
Received Import Request.
  Time since last request: 0.000033 seconds.
  path: Packages/com.unity.services.core/Editor/Core/UiHelpers/UXML
  artifactKey: Guid(7544fa69cc53c4bd7baedbac7a3725b4) Importer(2089858483,b0f066a214c2f5e87bad3c948f4d605d)
Start importing Packages/com.unity.services.core/Editor/Core/UiHelpers/UXML using Guid(7544fa69cc53c4bd7baedbac7a3725b4) Importer(2089858483,b0f066a214c2f5e87bad3c948f4d605d) (ScriptedImporter) -> (artifact id: '0ff5bb60ad2ec876d7fe8e47cbcb7856') in 0.0154523 seconds
Number of updated asset objects reloaded before import = 0Number of asset objects unloaded after import = 1

========================================================================
Received Import Request.
  Time since last request: 0.000059 seconds.
  path: Assets/LSO/_Scripts/LSO/Auction/Domain/IBidderSelector.cs
  artifactKey: Guid(7769c26c6bbe48ecb817d456897e5ebe) Importer(2089858483,b0f066a214c2f5e87bad3c948f4d605d)
Start importing Assets/LSO/_Scripts/LSO/Auction/Domain/IBidderSelector.cs using Guid(7769c26c6bbe48ecb817d456897e5ebe) Importer(2089858483,b0f066a214c2f5e87bad3c948f4d605d) (ScriptedImporter) -> (artifact id: '2b5aeaff18fb4bbce3032e67705664ae') in 0.015466 seconds
Number of updated asset objects reloaded before import = 0Number of asset objects unloaded after import = 0

========================================================================
Received Import Request.
  Time since last request: 0.000088 seconds.
  path: Assets/LSO/_Scripts/LSO/Bug/LSO_BugInstance.cs
  artifactKey: Guid(414bab4e5a864a11b46c1ea99d184cff) Importer(2089858483,b0f066a214c2f5e87bad3c948f4d605d)
Start importing Assets/LSO/_Scripts/LSO/Bug/LSO_BugInstance.cs using Guid(414bab4e5a864a11b46c1ea99d184cff) Importer(2089858483,b0f066a214c2f5e87bad3c948f4d605d) (ScriptedImporter) -> (artifact id: 'f8f72e19d3f02523d323d529850112fd') in 0.0159623 seconds
Number of updated asset objects reloaded before import = 0Number of asset objects unloaded after import = 0

========================================================================
Received Import Request.
  Time since last request: 0.000138 seconds.
  path: Assets/Plugins/Demigiant
  artifactKey: Guid(15b8976fc52df6046bd8581338d00b9c) Importer(2089858483,b0f066a214c2f5e87bad3c948f4d605d)
Start importing Assets/Plugins/Demigiant using Guid(15b8976fc52df6046bd8581338d00b9c) Importer(2089858483,b0f066a214c2f5e87bad3c948f4d605d) (ScriptedImporter) -> (artifact id: '7e8f710ba328f0d535ae82df7ff036fd') in 0.0153522 seconds
Number of updated asset objects reloaded before import = 0Number of asset objects unloaded after import = 1

========================================================================
Received Import Request.
  Time since last request: 0.000021 seconds.
  path: Assets/LSO/_Scripts/LSO/Auction/Taste/Character/LSO_BugTypeChac.cs
  artifactKey: Guid(3b71f7c805e071441841f535580af952) Importer(2089858483,b0f066a214c2f5e87bad3c948f4d605d)
Start importing Assets/LSO/_Scripts/LSO/Auction/Taste/Character/LSO_BugTypeChac.cs using Guid(3b71f7c805e071441841f535580af952) Importer(2089858483,b0f066a214c2f5e87bad3c948f4d605d) (ScriptedImporter) -> (artifact id: 'f32740445cec8e256801d10b4ce251f9') in 0.0165549 seconds
Number of updated asset objects reloaded before import = 0Number of asset objects unloaded after import = 0

========================================================================
Received Import Request.
  Time since last request: 0.000060 seconds.
  path: Assets/LSO/_Scenes/LSO/LSO_TestScene.unity
  artifactKey: Guid(11ba9e58f324bd6419b52bda5f32187f) Importer(2089858483,b0f066a214c2f5e87bad3c948f4d605d)
Start importing Assets/LSO/_Scenes/LSO/LSO_TestScene.unity using Guid(11ba9e58f324bd6419b52bda5f32187f) Importer(2089858483,b0f066a214c2f5e87bad3c948f4d605d) (ScriptedImporter) -> (artifact id: '9255e51d574fbd4bea06c408aa0a49ff') in 0.0174943 seconds
Number of updated asset objects reloaded before import = 0Number of asset objects unloaded after import = 1

========================================================================
Received Import Request.
  Time since last request: 0.000024 seconds.
  path: Packages/com.unity.purchasing/Runtime/Purchasing/Core/Product/Interfaces
  artifactKey: Guid(3407cedd703814eb1b21a82f7869ea39) Importer(2089858483,b0f066a214c2f5e87bad3c948f4d605d)
Start importing Packages/com.unity.purchasing/Runtime/Purchasing/Core/Product/Interfaces using Guid(3407cedd703814eb1b21a82f7869ea39) Importer(2089858483,b0f066a214c2f5e87bad3c948f4d605d) (ScriptedImporter) -> (artifact id: '3ec579ceedbb229f1b91f17d5dbd841d') in 0.015297 seconds
Number of updated asset objects reloaded before import = 0Number of asset objects unloaded after import = 1

========================================================================
Received Import Request.
  Time since last request: 0.000076 seconds.
  path: Packages/com.unity.microsoft.gdk/Runtime/XBL/Social/XblSocialRelationshipFilter.cs
  artifactKey: Guid(f4f182bc0ab24db784c5acf5f524c450) Importer(2089858483,b0f066a214c2f5e87bad3c948f4d605d)
Start importing Packages/com.unity.microsoft.gdk/Runtime/XBL/Social/XblSocialRelationshipFilter.cs using Guid(f4f182bc0ab24db784c5acf5f524c450) Importer(2089858483,b0f066a214c2f5e87bad3c948f4d605d) (ScriptedImporter) -> (artifact id: '1c482d363a798a2b70c42b910b404cd5') in 0.019304 seconds
Number of updated asset objects reloaded before import = 0Number of asset objects unloaded after import = 0

========================================================================
Received Import Request.
  Time since last request: 0.000110 seconds.
  path: Assets/LSO/_Scripts/LSO/Auction/Taste/Data/LSO_BaseCharacter.cs
  artifactKey: Guid(65d33eeb129f5324ea5b6c8e62ab0229) Importer(2089858483,b0f066a214c2f5e87bad3c948f4d605d)
Start importing Assets/LSO/_Scripts/LSO/Auction/Taste/Data/LSO_BaseCharacter.cs using Guid(65d33eeb129f5324ea5b6c8e62ab0229) Importer(2089858483,b0f066a214c2f5e87bad3c948f4d605d) (ScriptedImporter) -> (artifact id: 'ffb3bae526a7861511a4f2675cb77d93') in 0.0177379 seconds
Number of updated asset objects reloaded before import = 0Number of asset objects unloaded after import = 0

========================================================================
Received Import Request.
  Time since last request: 0.000029 seconds.
  path: Packages/com.unity.services.core/Editor/Core/Utils/FileSystem/IFileSystem.cs
  artifactKey: Guid(7b4fb0ef619843fbb99367cd4b86d85f) Importer(2089858483,b0f066a214c2f5e87bad3c948f4d605d)
Start importing Packages/com.unity.services.core/Editor/Core/Utils/FileSystem/IFileSystem.cs using Guid(7b4fb0ef619843fbb99367cd4b86d85f) Importer(2089858483,b0f066a214c2f5e87bad3c948f4d605d) (ScriptedImporter) -> (artifact id: '5c8841643a5371d49624a80d0c1925cb') in 0.0251812 seconds
Number of updated asset objects reloaded before import = 0Number of asset objects unloaded after import = 0

========================================================================
Received Import Request.
  Time since last request: 0.000245 seconds.
  path: Packages/com.unity.purchasing/Runtime/Purchasing/Core/Product/Interfaces/Callbacks/IStoreProductsCallback.cs
  artifactKey: Guid(af86983721381e3429d97920a029696e) Importer(2089858483,b0f066a214c2f5e87bad3c948f4d605d)
Start importing Packages/com.unity.purchasing/Runtime/Purchasing/Core/Product/Interfaces/Callbacks/IStoreProductsCallback.cs using Guid(af86983721381e3429d97920a029696e) Importer(2089858483,b0f066a214c2f5e87bad3c948f4d605d) (ScriptedImporter) -> (artifact id: 'd60b2fef693b40d3a14bace360928735') in 0.0183952 seconds
Number of updated asset objects reloaded before import = 0Number of asset objects unloaded after import = 0

========================================================================
Received Import Request.
  Time since last request: 0.000106 seconds.
  path: Packages/com.unity.services.core/Editor/Core/Shared/DependencyInversion/Scope.Gen.cs
  artifactKey: Guid(a3ccd9d21869c45f486163585c2ae2e9) Importer(2089858483,b0f066a214c2f5e87bad3c948f4d605d)
Start importing Packages/com.unity.services.core/Editor/Core/Shared/DependencyInversion/Scope.Gen.cs using Guid(a3ccd9d21869c45f486163585c2ae2e9) Importer(2089858483,b0f066a214c2f5e87bad3c948f4d605d) (ScriptedImporter) -> (artifact id: '970928175245a040159f8738f7aeed32') in 0.0206397 seconds
Number of updated asset objects reloaded before import = 0Number of asset objects unloaded after import = 0

========================================================================
Received Import Request.
  Time since last request: 0.000085 seconds.
  path: Packages/com.unity.purchasing/Runtime/Purchasing/PaymentOption/Resources/com.unity.purchasing/Brands/GooglePay.png
  artifactKey: Guid(134c27604f4806643999039670f88346) Importer(2089858483,b0f066a214c2f5e87bad3c948f4d605d)
Start importing Packages/com.unity.purchasing/Runtime/Purchasing/PaymentOption/Resources/com.unity.purchasing/Brands/GooglePay.png using Guid(134c27604f4806643999039670f88346) Importer(2089858483,b0f066a214c2f5e87bad3c948f4d605d) (ScriptedImporter) -> (artifact id: 'dcfffe9d80e0534fc521fae2a108784a') in 0.1643084 seconds
Number of updated asset objects reloaded before import = 0Number of asset objects unloaded after import = 6

========================================================================
Received Import Request.
  Time since last request: 0.000031 seconds.
  path: Assets/LSO/_Scripts/LSO/Auction/Domain/AuctionEventPlayer.cs
  artifactKey: Guid(106a8c15307ee844c84f13c37d64cd89) Importer(2089858483,b0f066a214c2f5e87bad3c948f4d605d)
Start importing Assets/LSO/_Scripts/LSO/Auction/Domain/AuctionEventPlayer.cs using Guid(106a8c15307ee844c84f13c37d64cd89) Importer(2089858483,b0f066a214c2f5e87bad3c948f4d605d) (ScriptedImporter) -> (artifact id: '2a6c9c8aac7ffdf49e6e3136b463c9e6') in 0.0224099 seconds
Number of updated asset objects reloaded before import = 0Number of asset objects unloaded after import = 0

========================================================================
Received Import Request.
  Time since last request: 0.000270 seconds.
  path: Assets/LSO/_Scripts/LSO/LSO_WeightableSO.cs
  artifactKey: Guid(902468aca6144d649dd93c45c0a70301) Importer(2089858483,b0f066a214c2f5e87bad3c948f4d605d)
Start importing Assets/LSO/_Scripts/LSO/LSO_WeightableSO.cs using Guid(902468aca6144d649dd93c45c0a70301) Importer(2089858483,b0f066a214c2f5e87bad3c948f4d605d) (ScriptedImporter) -> (artifact id: '099e0349c5391847c5be8a824223040e') in 0.0233392 seconds
Number of updated asset objects reloaded before import = 0Number of asset objects unloaded after import = 0

========================================================================
Received Import Request.
  Time since last request: 0.000119 seconds.
  path: Assets/Resources/BillingMode.json
  artifactKey: Guid(7bf4d5df18861f14fa3401a1afc514c7) Importer(2089858483,b0f066a214c2f5e87bad3c948f4d605d)
Start importing Assets/Resources/BillingMode.json using Guid(7bf4d5df18861f14fa3401a1afc514c7) Importer(2089858483,b0f066a214c2f5e87bad3c948f4d605d) (ScriptedImporter) -> (artifact id: 'c0f41d0cc2392eff21878a63c786d8d6') in 0.0311601 seconds
Number of updated asset objects reloaded before import = 0Number of asset objects unloaded after import = 1

========================================================================
Received Import Request.
  Time since last request: 0.000066 seconds.
  path: Packages/com.unity.purchasing/Runtime/UnityPaymentProviders/Interfaces/IPaymentProviderServiceExceptionMapper.cs
  artifactKey: Guid(847e5044a5ea489fbbbcafe9f9b52d8d) Importer(2089858483,b0f066a214c2f5e87bad3c948f4d605d)
Start importing Packages/com.unity.purchasing/Runtime/UnityPaymentProviders/Interfaces/IPaymentProviderServiceExceptionMapper.cs using Guid(847e5044a5ea489fbbbcafe9f9b52d8d) Importer(2089858483,b0f066a214c2f5e87bad3c948f4d605d) (ScriptedImporter) -> (artifact id: '8ab73b165599101f0495f15eb06b3690') in 0.0196379 seconds
Number of updated asset objects reloaded before import = 0Number of asset objects unloaded after import = 0

========================================================================
Received Import Request.
  Time since last request: 0.000070 seconds.
  path: Assets/LSO/_Scripts/LSO/Auction/Taste/Data/LSO_TasteSO.cs
  artifactKey: Guid(69a9869ba86ccc84992757876d7896cf) Importer(2089858483,b0f066a214c2f5e87bad3c948f4d605d)
Start importing Assets/LSO/_Scripts/LSO/Auction/Taste/Data/LSO_TasteSO.cs using Guid(69a9869ba86ccc84992757876d7896cf) Importer(2089858483,b0f066a214c2f5e87bad3c948f4d605d) (ScriptedImporter) -> (artifact id: 'dd3f914174089fd98efd8b0a74af9098') in 0.0187779 seconds
Number of updated asset objects reloaded before import = 0Number of asset objects unloaded after import = 0

========================================================================
Received Import Request.
  Time since last request: 0.000053 seconds.
  path: Assets/LSO/_Scripts/LSO/Bug/Data/LSO_BugType.cs
  artifactKey: Guid(a5d7a56a86234137b70bbd711ac85ad8) Importer(2089858483,b0f066a214c2f5e87bad3c948f4d605d)
Start importing Assets/LSO/_Scripts/LSO/Bug/Data/LSO_BugType.cs using Guid(a5d7a56a86234137b70bbd711ac85ad8) Importer(2089858483,b0f066a214c2f5e87bad3c948f4d605d) (ScriptedImporter) -> (artifact id: 'f34aaba196a8b19aba88106f8f42d8cd') in 0.0169659 seconds
Number of updated asset objects reloaded before import = 0Number of asset objects unloaded after import = 0

========================================================================
Received Import Request.
  Time since last request: 0.000046 seconds.
  path: Assets/LSO/_Scripts/LSO/Auction/Taste/Character/LSO_GenderChac.cs
  artifactKey: Guid(858017cd0c1500148ade5362268e1cd7) Importer(2089858483,b0f066a214c2f5e87bad3c948f4d605d)
Start importing Assets/LSO/_Scripts/LSO/Auction/Taste/Character/LSO_GenderChac.cs using Guid(858017cd0c1500148ade5362268e1cd7) Importer(2089858483,b0f066a214c2f5e87bad3c948f4d605d) (ScriptedImporter) -> (artifact id: '8e79fa91f62b793aee03825ab65436e4') in 0.0175374 seconds
Number of updated asset objects reloaded before import = 0Number of asset objects unloaded after import = 0

========================================================================
Received Import Request.
  Time since last request: 0.000052 seconds.
  path: Packages/com.unity.services.core/Runtime/Environments/Internal/AssemblyInfo.cs
  artifactKey: Guid(75067104ff88ffa4fba32c951335d79c) Importer(2089858483,b0f066a214c2f5e87bad3c948f4d605d)
Start importing Packages/com.unity.services.core/Runtime/Environments/Internal/AssemblyInfo.cs using Guid(75067104ff88ffa4fba32c951335d79c) Importer(2089858483,b0f066a214c2f5e87bad3c948f4d605d) (ScriptedImporter) -> (artifact id: '90ad44d10a9965380cbe01476577292d') in 0.0147847 seconds
Number of updated asset objects reloaded before import = 0Number of asset objects unloaded after import = 0

========================================================================
Received Import Request.
  Time since last request: 0.000028 seconds.
  path: Assets/Plugins/Demigiant/DOTween/Editor
  artifactKey: Guid(89ad8a4f2fd01e1419071dd7ea55c9ff) Importer(2089858483,b0f066a214c2f5e87bad3c948f4d605d)
Start importing Assets/Plugins/Demigiant/DOTween/Editor using Guid(89ad8a4f2fd01e1419071dd7ea55c9ff) Importer(2089858483,b0f066a214c2f5e87bad3c948f4d605d) (ScriptedImporter) -> (artifact id: '2ff4811cb77db06d39a90d7872555e8f') in 0.0174056 seconds
Number of updated asset objects reloaded before import = 0Number of asset objects unloaded after import = 1

========================================================================
Received Import Request.
  Time since last request: 0.000046 seconds.
  path: Assets/LSO/_Scripts/LSO/Auction/Domain/IBalanceCalculator.cs
  artifactKey: Guid(e699204a2110423eb56221d0b59f7da0) Importer(2089858483,b0f066a214c2f5e87bad3c948f4d605d)
Start importing Assets/LSO/_Scripts/LSO/Auction/Domain/IBalanceCalculator.cs using Guid(e699204a2110423eb56221d0b59f7da0) Importer(2089858483,b0f066a214c2f5e87bad3c948f4d605d) (ScriptedImporter) -> (artifact id: '88b4923c02ed7cadfef50d25f4d94b25') in 0.0166544 seconds
Number of updated asset objects reloaded before import = 0Number of asset objects unloaded after import = 0

========================================================================
Received Import Request.
  Time since last request: 0.000070 seconds.
  path: Assets/LSO/_Scripts/LSO/LSO_ItemWeightPicker.cs
  artifactKey: Guid(74ab0a8b6d754155a9b041992b341122) Importer(2089858483,b0f066a214c2f5e87bad3c948f4d605d)
Start importing Assets/LSO/_Scripts/LSO/LSO_ItemWeightPicker.cs using Guid(74ab0a8b6d754155a9b041992b341122) Importer(2089858483,b0f066a214c2f5e87bad3c948f4d605d) (ScriptedImporter) -> (artifact id: 'e0c9c75508523b0925917479ac2b3543') in 0.016298 seconds
Number of updated asset objects reloaded before import = 0Number of asset objects unloaded after import = 0

========================================================================
Received Import Request.
  Time since last request: 0.000313 seconds.
  path: Assets/Plugins
  artifactKey: Guid(faed979104be68440b3e3b04ac32ebfe) Importer(2089858483,b0f066a214c2f5e87bad3c948f4d605d)
Start importing Assets/Plugins using Guid(faed979104be68440b3e3b04ac32ebfe) Importer(2089858483,b0f066a214c2f5e87bad3c948f4d605d) (ScriptedImporter) -> (artifact id: 'f9d6c2437181a0b828ab14305df4589d') in 0.015117 seconds
Number of updated asset objects reloaded before import = 0Number of asset objects unloaded after import = 1

========================================================================
Received Import Request.
  Time since last request: 1.650506 seconds.
  path: Packages/com.unity.xr.legacyinputhelpers/Tests/Runtime
  artifactKey: Guid(11a5cf454eec528428e2df5463d6a0ee) Importer(2089858483,b0f066a214c2f5e87bad3c948f4d605d)
Start importing Packages/com.unity.xr.legacyinputhelpers/Tests/Runtime using Guid(11a5cf454eec528428e2df5463d6a0ee) Importer(2089858483,b0f066a214c2f5e87bad3c948f4d605d) (ScriptedImporter) -> (artifact id: '6dcd91a3acdf5369f2c2be9a35adfdfb') in 0.0113158 seconds
Number of updated asset objects reloaded before import = 0Number of asset objects unloaded after import = 1

========================================================================
Received Import Request.
  Time since last request: 0.000055 seconds.
  path: Packages/com.unity.microsoft.gdk/Runtime/XThread.cs
  artifactKey: Guid(9c39474eb3abafd498383472467cdd49) Importer(2089858483,b0f066a214c2f5e87bad3c948f4d605d)
Start importing Packages/com.unity.microsoft.gdk/Runtime/XThread.cs using Guid(9c39474eb3abafd498383472467cdd49) Importer(2089858483,b0f066a214c2f5e87bad3c948f4d605d) (ScriptedImporter) -> (artifact id: 'a16a8e5b784d62c60c1a52a3eb58ac46') in 0.0131092 seconds
Number of updated asset objects reloaded before import = 0Number of asset objects unloaded after import = 0

========================================================================
Received Import Request.
  Time since last request: 0.000126 seconds.
  path: Packages/com.unity.purchasing/Runtime/Purchasing/Stores/Android/AAR/ListExtension.cs
  artifactKey: Guid(c9a5ab4d900f242cdb4af2e42bc5fe23) Importer(2089858483,b0f066a214c2f5e87bad3c948f4d605d)
Start importing Packages/com.unity.purchasing/Runtime/Purchasing/Stores/Android/AAR/ListExtension.cs using Guid(c9a5ab4d900f242cdb4af2e42bc5fe23) Importer(2089858483,b0f066a214c2f5e87bad3c948f4d605d) (ScriptedImporter) -> (artifact id: '72c43374438200d866e8859e06abef03') in 0.011725 seconds
Number of updated asset objects reloaded before import = 0Number of asset objects unloaded after import = 0

========================================================================
Received Import Request.
  Time since last request: 0.000116 seconds.
  path: Packages/com.unity.purchasing/Editor/Shared/UI/IDisplayDialog.cs
  artifactKey: Guid(ab7fc2b0e388427595fa3ed3e745e3e9) Importer(2089858483,b0f066a214c2f5e87bad3c948f4d605d)
Start importing Packages/com.unity.purchasing/Editor/Shared/UI/IDisplayDialog.cs using Guid(ab7fc2b0e388427595fa3ed3e745e3e9) Importer(2089858483,b0f066a214c2f5e87bad3c948f4d605d) (ScriptedImporter) -> (artifact id: '61c69b500ddbd37d0e6cab5305958a81') in 0.0142292 seconds
Number of updated asset objects reloaded before import = 0Number of asset objects unloaded after import = 0

========================================================================
Received Import Request.
  Time since last request: 0.000063 seconds.
  path: Packages/com.unity.microsoft.gdk/Runtime/XBL/SocialManager/XblSocialManager.cs
  artifactKey: Guid(9d55295dc332436381672833ea494487) Importer(2089858483,b0f066a214c2f5e87bad3c948f4d605d)
Start importing Packages/com.unity.microsoft.gdk/Runtime/XBL/SocialManager/XblSocialManager.cs using Guid(9d55295dc332436381672833ea494487) Importer(2089858483,b0f066a214c2f5e87bad3c948f4d605d) (ScriptedImporter) -> (artifact id: 'e34a15f274239d07500a2ce35f05c4da') in 0.0138565 seconds
Number of updated asset objects reloaded before import = 0Number of asset objects unloaded after import = 0

========================================================================
Received Import Request.
  Time since last request: 0.000081 seconds.
  path: Packages/com.unity.services.core/Editor/Core/EditorGameService/Analytics/EditorGameServiceAnalytic.cs
  artifactKey: Guid(369d0db0039444caa7dc2ca455c9e4b1) Importer(2089858483,b0f066a214c2f5e87bad3c948f4d605d)
Start importing Packages/com.unity.services.core/Editor/Core/EditorGameService/Analytics/EditorGameServiceAnalytic.cs using Guid(369d0db0039444caa7dc2ca455c9e4b1) Importer(2089858483,b0f066a214c2f5e87bad3c948f4d605d) (ScriptedImporter) -> (artifact id: 'ed9fff5950d996e30759ea38674406d2') in 0.0143723 seconds
Number of updated asset objects reloaded before import = 0Number of asset objects unloaded after import = 0

========================================================================
Received Import Request.
  Time since last request: 0.000086 seconds.
  path: Packages/com.unity.purchasing/Editor/Authoring/Core/LiveContentConfigClient.cs
  artifactKey: Guid(3abd825bbbfc04c0b8af16626772109a) Importer(2089858483,b0f066a214c2f5e87bad3c948f4d605d)
Start importing Packages/com.unity.purchasing/Editor/Authoring/Core/LiveContentConfigClient.cs using Guid(3abd825bbbfc04c0b8af16626772109a) Importer(2089858483,b0f066a214c2f5e87bad3c948f4d605d) (ScriptedImporter) -> (artifact id: '337d97f1b695e1e8bf52c4a86ccedbbe') in 0.0157968 seconds
Number of updated asset objects reloaded before import = 0Number of asset objects unloaded after import = 0

========================================================================
Received Import Request.
  Time since last request: 0.000074 seconds.
  path: Packages/com.unity.purchasing/Runtime/Purchasing/Core/Store/PaymentProviders/Extensions
  artifactKey: Guid(50f4eb60158c4d319ca04f461a00fc34) Importer(2089858483,b0f066a214c2f5e87bad3c948f4d605d)
Start importing Packages/com.unity.purchasing/Runtime/Purchasing/Core/Store/PaymentProviders/Extensions using Guid(50f4eb60158c4d319ca04f461a00fc34) Importer(2089858483,b0f066a214c2f5e87bad3c948f4d605d) (ScriptedImporter) -> (artifact id: 'e7f60b5ab976900f752af8cf60564312') in 0.0124496 seconds
Number of updated asset objects reloaded before import = 0Number of asset objects unloaded after import = 1

========================================================================
Received Import Request.
  Time since last request: 0.000084 seconds.
  path: Packages/com.unity.microsoft.gdk/Runtime/Interop/XBL/Achievements/XblAchievementRequirement.cs
  artifactKey: Guid(a20008597509453798be9e99eaab436b) Importer(2089858483,b0f066a214c2f5e87bad3c948f4d605d)
Start importing Packages/com.unity.microsoft.gdk/Runtime/Interop/XBL/Achievements/XblAchievementRequirement.cs using Guid(a20008597509453798be9e99eaab436b) Importer(2089858483,b0f066a214c2f5e87bad3c948f4d605d) (ScriptedImporter) -> (artifact id: 'c6744d4ef08139f0a24588ff302da5d9') in 0.0165505 seconds
Number of updated asset objects reloaded before import = 0Number of asset objects unloaded after import = 0

========================================================================
Received Import Request.
  Time since last request: 0.000059 seconds.
  path: Packages/com.unity.microsoft.gdk/Runtime/XBL/Achievements
  artifactKey: Guid(8262ddea69f94c0aa6ca8633488f0140) Importer(2089858483,b0f066a214c2f5e87bad3c948f4d605d)
Start importing Packages/com.unity.microsoft.gdk/Runtime/XBL/Achievements using Guid(8262ddea69f94c0aa6ca8633488f0140) Importer(2089858483,b0f066a214c2f5e87bad3c948f4d605d) (ScriptedImporter) -> (artifact id: '56e8f0728741c6f7df03bdb2948d854a') in 0.0132894 seconds
Number of updated asset objects reloaded before import = 0Number of asset objects unloaded after import = 1

========================================================================
Received Import Request.
  Time since last request: 0.000021 seconds.
  path: Packages/com.unity.services.core/Runtime/Environments/AssemblyInfo.cs
  artifactKey: Guid(f0e33537955dc40b79e0fe252e6441dc) Importer(2089858483,b0f066a214c2f5e87bad3c948f4d605d)
Start importing Packages/com.unity.services.core/Runtime/Environments/AssemblyInfo.cs using Guid(f0e33537955dc40b79e0fe252e6441dc) Importer(2089858483,b0f066a214c2f5e87bad3c948f4d605d) (ScriptedImporter) -> (artifact id: '7252ee5e9ad6c4a6470a6ada09ae2cda') in 0.0123707 seconds
Number of updated asset objects reloaded before import = 0Number of asset objects unloaded after import = 0

========================================================================
Received Import Request.
  Time since last request: 0.000102 seconds.
  path: Packages/com.unity.purchasing/Editor/Analytics/Helpers/GameServices
  artifactKey: Guid(c5b5164b677238e4bb3849b8116a9f5a) Importer(2089858483,b0f066a214c2f5e87bad3c948f4d605d)
Start importing Packages/com.unity.purchasing/Editor/Analytics/Helpers/GameServices using Guid(c5b5164b677238e4bb3849b8116a9f5a) Importer(2089858483,b0f066a214c2f5e87bad3c948f4d605d) (ScriptedImporter) -> (artifact id: '76630764c06d45b7b746cc2ed9477816') in 0.0126113 seconds
Number of updated asset objects reloaded before import = 0Number of asset objects unloaded after import = 1

========================================================================
Received Import Request.
  Time since last request: 0.000049 seconds.
  path: Packages/com.unity.analytics/Tests/Editor/GameOverTests.cs
  artifactKey: Guid(a30e59ca9f68d46db88323ac18f49e31) Importer(2089858483,b0f066a214c2f5e87bad3c948f4d605d)
Start importing Packages/com.unity.analytics/Tests/Editor/GameOverTests.cs using Guid(a30e59ca9f68d46db88323ac18f49e31) Importer(2089858483,b0f066a214c2f5e87bad3c948f4d605d) (ScriptedImporter) -> (artifact id: 'e7f24067931b193c0bf9932b1554fd15') in 0.0149879 seconds
Number of updated asset objects reloaded before import = 0Number of asset objects unloaded after import = 0

========================================================================
Received Import Request.
  Time since last request: 0.000037 seconds.
  path: Packages/com.unity.purchasing/Editor/Authoring/PurchasingAdminApi/Client/Model/PlatformCatalogResponse.cs
  artifactKey: Guid(98128cd97f95e4101b90e5997b021bd3) Importer(2089858483,b0f066a214c2f5e87bad3c948f4d605d)
Start importing Packages/com.unity.purchasing/Editor/Authoring/PurchasingAdminApi/Client/Model/PlatformCatalogResponse.cs using Guid(98128cd97f95e4101b90e5997b021bd3) Importer(2089858483,b0f066a214c2f5e87bad3c948f4d605d) (ScriptedImporter) -> (artifact id: '243ae1c40ecc961bd213070d06dd7cad') in 0.0153598 seconds
Number of updated asset objects reloaded before import = 0Number of asset objects unloaded after import = 0

========================================================================
Received Import Request.
  Time since last request: 0.000098 seconds.
  path: Packages/com.unity.purchasing/Runtime/Stores/Android/GooglePlay/AAR/Listeners/GooglePurchasesUpdatedListener.cs
  artifactKey: Guid(abe439ea6e294378be939e75bb0890a9) Importer(2089858483,b0f066a214c2f5e87bad3c948f4d605d)
Start importing Packages/com.unity.purchasing/Runtime/Stores/Android/GooglePlay/AAR/Listeners/GooglePurchasesUpdatedListener.cs using Guid(abe439ea6e294378be939e75bb0890a9) Importer(2089858483,b0f066a214c2f5e87bad3c948f4d605d) (ScriptedImporter) -> (artifact id: 'b3f79ce9fa2d848ad79abc52e69eabe8') in 0.0155288 seconds
Number of updated asset objects reloaded before import = 0Number of asset objects unloaded after import = 0

========================================================================
Received Import Request.
  Time since last request: 0.000077 seconds.
  path: Packages/com.unity.ai.navigation/EditorResources/Overlay/d_NavigationOverlay On@32.png
  artifactKey: Guid(b8a654e77ffbbcd4abdda7fdb70fbb9e) Importer(2089858483,b0f066a214c2f5e87bad3c948f4d605d)
Start importing Packages/com.unity.ai.navigation/EditorResources/Overlay/d_NavigationOverlay On@32.png using Guid(b8a654e77ffbbcd4abdda7fdb70fbb9e) Importer(2089858483,b0f066a214c2f5e87bad3c948f4d605d) (ScriptedImporter) -> (artifact id: '4f6860cf71291b012192200d6e94a308') in 0.0191271 seconds
Number of updated asset objects reloaded before import = 0Number of asset objects unloaded after import = 1

========================================================================
Received Import Request.
  Time since last request: 0.000055 seconds.
  path: Packages/com.unity.purchasing/Runtime/Purchasing/Core/Purchasing/Android/GooglePlay/Extensions/UseCases
  artifactKey: Guid(d443476aba8290940b4e0f7a9aca3f06) Importer(2089858483,b0f066a214c2f5e87bad3c948f4d605d)
Start importing Packages/com.unity.purchasing/Runtime/Purchasing/Core/Purchasing/Android/GooglePlay/Extensions/UseCases using Guid(d443476aba8290940b4e0f7a9aca3f06) Importer(2089858483,b0f066a214c2f5e87bad3c948f4d605d) (ScriptedImporter) -> (artifact id: '7c33a60d7c71e31dda9152a1aae19546') in 0.0140461 seconds
Number of updated asset objects reloaded before import = 0Number of asset objects unloaded after import = 1

========================================================================
Received Import Request.
  Time since last request: 0.000044 seconds.
  path: Packages/com.unity.purchasing/Editor/Authoring/LiveContentAdminApi/Client/Model
  artifactKey: Guid(f0ef271e8128d422e9b7cb4cfc664cd2) Importer(2089858483,b0f066a214c2f5e87bad3c948f4d605d)
Start importing Packages/com.unity.purchasing/Editor/Authoring/LiveContentAdminApi/Client/Model using Guid(f0ef271e8128d422e9b7cb4cfc664cd2) Importer(2089858483,b0f066a214c2f5e87bad3c948f4d605d) (ScriptedImporter) -> (artifact id: '42d04af24d85d9c454226cefebe302c4') in 0.0145746 seconds
Number of updated asset objects reloaded before import = 0Number of asset objects unloaded after import = 1

========================================================================
Received Import Request.
  Time since last request: 0.000037 seconds.
  path: Packages/com.unity.microsoft.gdk/Editor/GdkEditionAssetGenerator.cs
  artifactKey: Guid(0411050e1797490baee853022290a39e) Importer(2089858483,b0f066a214c2f5e87bad3c948f4d605d)
Start importing Packages/com.unity.microsoft.gdk/Editor/GdkEditionAssetGenerator.cs using Guid(0411050e1797490baee853022290a39e) Importer(2089858483,b0f066a214c2f5e87bad3c948f4d605d) (ScriptedImporter) -> (artifact id: 'e4ee18fbb51d4fca9f8e2b0de9d1a155') in 0.0134161 seconds
Number of updated asset objects reloaded before import = 0Number of asset objects unloaded after import = 0

========================================================================
Received Import Request.
  Time since last request: 0.000049 seconds.
  path: Packages/com.unity.purchasing/Runtime/Stores/AppleAppStore/AppleReceiptExtensions.cs
  artifactKey: Guid(83f38b131f4e47d18fca7847c9d73ac8) Importer(2089858483,b0f066a214c2f5e87bad3c948f4d605d)
Start importing Packages/com.unity.purchasing/Runtime/Stores/AppleAppStore/AppleReceiptExtensions.cs using Guid(83f38b131f4e47d18fca7847c9d73ac8) Importer(2089858483,b0f066a214c2f5e87bad3c948f4d605d) (ScriptedImporter) -> (artifact id: '852f304e0b9cc63bdbc520fd6d93ab7c') in 0.0167731 seconds
Number of updated asset objects reloaded before import = 0Number of asset objects unloaded after import = 0

========================================================================
Received Import Request.
  Time since last request: 0.000118 seconds.
  path: Packages/com.unity.microsoft.gdk/Runtime/XBL/Leaderboards/XblLeaderboard.cs
  artifactKey: Guid(a6fdc799f1604887b838600f0e435f35) Importer(2089858483,b0f066a214c2f5e87bad3c948f4d605d)
Start importing Packages/com.unity.microsoft.gdk/Runtime/XBL/Leaderboards/XblLeaderboard.cs using Guid(a6fdc799f1604887b838600f0e435f35) Importer(2089858483,b0f066a214c2f5e87bad3c948f4d605d) (ScriptedImporter) -> (artifact id: '23967ad5670656d3fce372c6e1191e0d') in 0.0145219 seconds
Number of updated asset objects reloaded before import = 0Number of asset objects unloaded after import = 0

========================================================================
Received Import Request.
  Time since last request: 0.000075 seconds.
  path: Packages/com.unity.purchasing/Runtime/Security/Asn1Processor/Util.cs
  artifactKey: Guid(59f5ecd9d6968492abebe2819e50cf7d) Importer(2089858483,b0f066a214c2f5e87bad3c948f4d605d)
Start importing Packages/com.unity.purchasing/Runtime/Security/Asn1Processor/Util.cs using Guid(59f5ecd9d6968492abebe2819e50cf7d) Importer(2089858483,b0f066a214c2f5e87bad3c948f4d605d) (ScriptedImporter) -> (artifact id: '5a70e8ac24682c293f1428275f8f1e38') in 0.0142692 seconds
Number of updated asset objects reloaded before import = 0Number of asset objects unloaded after import = 0

========================================================================
Received Import Request.
  Time since last request: 0.000081 seconds.
  path: Packages/com.unity.ai.navigation/Runtime/HelpUrls.cs
  artifactKey: Guid(6ad3f38e8fe7c4058ad4c718b8774a9e) Importer(2089858483,b0f066a214c2f5e87bad3c948f4d605d)
Start importing Packages/com.unity.ai.navigation/Runtime/HelpUrls.cs using Guid(6ad3f38e8fe7c4058ad4c718b8774a9e) Importer(2089858483,b0f066a214c2f5e87bad3c948f4d605d) (ScriptedImporter) -> (artifact id: 'ab3d0f743be18c619d9ae954e784d190') in 0.0167983 seconds
Number of updated asset objects reloaded before import = 0Number of asset objects unloaded after import = 0

========================================================================
Received Import Request.
  Time since last request: 0.000070 seconds.
  path: Packages/com.unity.analytics/Tests/Editor/AdStartTests.cs
  artifactKey: Guid(589b3ddef1e4d44cea68e0144bd95434) Importer(2089858483,b0f066a214c2f5e87bad3c948f4d605d)
Start importing Packages/com.unity.analytics/Tests/Editor/AdStartTests.cs using Guid(589b3ddef1e4d44cea68e0144bd95434) Importer(2089858483,b0f066a214c2f5e87bad3c948f4d605d) (ScriptedImporter) -> (artifact id: '12e6694dcd7977a8e10ca489c332d008') in 0.0136994 seconds
Number of updated asset objects reloaded before import = 0Number of asset objects unloaded after import = 0

========================================================================
Received Import Request.
  Time since last request: 0.000091 seconds.
  path: Packages/com.unity.services.deployment/Core/Glob/Glob.Gen.cs
  artifactKey: Guid(019076af2f9134b859594a93675a357f) Importer(2089858483,b0f066a214c2f5e87bad3c948f4d605d)
Start importing Packages/com.unity.services.deployment/Core/Glob/Glob.Gen.cs using Guid(019076af2f9134b859594a93675a357f) Importer(2089858483,b0f066a214c2f5e87bad3c948f4d605d) (ScriptedImporter) -> (artifact id: 'd03649c38acc12bfb6b89059e623560b') in 0.0148034 seconds
Number of updated asset objects reloaded before import = 0Number of asset objects unloaded after import = 0

========================================================================
Received Import Request.
  Time since last request: 0.000063 seconds.
  path: Packages/com.unity.purchasing/Editor/Authoring/Core/Deploy/CatalogFetchDeployBase.cs
  artifactKey: Guid(bee5091aba0b13948916955baac759cd) Importer(2089858483,b0f066a214c2f5e87bad3c948f4d605d)
Start importing Packages/com.unity.purchasing/Editor/Authoring/Core/Deploy/CatalogFetchDeployBase.cs using Guid(bee5091aba0b13948916955baac759cd) Importer(2089858483,b0f066a214c2f5e87bad3c948f4d605d) (ScriptedImporter) -> (artifact id: '8f3196e58b7c76f944a081e8ff5d61a6') in 0.0122275 seconds
Number of updated asset objects reloaded before import = 0Number of asset objects unloaded after import = 0

========================================================================
Received Import Request.
  Time since last request: 0.000077 seconds.
  path: Packages/com.unity.purchasing/Editor/Authoring/LiveContentAdminApi/Client/Model/AssetMetadata.cs
  artifactKey: Guid(1151c299ac94403581b611efbc0916d2) Importer(2089858483,b0f066a214c2f5e87bad3c948f4d605d)
Start importing Packages/com.unity.purchasing/Editor/Authoring/LiveContentAdminApi/Client/Model/AssetMetadata.cs using Guid(1151c299ac94403581b611efbc0916d2) Importer(2089858483,b0f066a214c2f5e87bad3c948f4d605d) (ScriptedImporter) -> (artifact id: 'c7bdb8c177a9a3c56170e72ff6c49654') in 0.0152131 seconds
Number of updated asset objects reloaded before import = 0Number of asset objects unloaded after import = 0

========================================================================
Received Import Request.
  Time since last request: 0.000061 seconds.
  path: Packages/com.unity.purchasing/Editor/Authoring/LiveContentAdminApi/Client/Model/ConfigMetadata.cs
  artifactKey: Guid(35aa9aa0067f4232b9243b1cf80eaabf) Importer(2089858483,b0f066a214c2f5e87bad3c948f4d605d)
Start importing Packages/com.unity.purchasing/Editor/Authoring/LiveContentAdminApi/Client/Model/ConfigMetadata.cs using Guid(35aa9aa0067f4232b9243b1cf80eaabf) Importer(2089858483,b0f066a214c2f5e87bad3c948f4d605d) (ScriptedImporter) -> (artifact id: '07fb74d43cdccaab8de42240898e5b30') in 0.0142644 seconds
Number of updated asset objects reloaded before import = 0Number of asset objects unloaded after import = 0

========================================================================
Received Import Request.
  Time since last request: 0.000075 seconds.
  path: Packages/com.unity.purchasing/Icons/LinkBlack.png
  artifactKey: Guid(33d3dd2c39dfd49a3b2d36b20225624a) Importer(2089858483,b0f066a214c2f5e87bad3c948f4d605d)
Start importing Packages/com.unity.purchasing/Icons/LinkBlack.png using Guid(33d3dd2c39dfd49a3b2d36b20225624a) Importer(2089858483,b0f066a214c2f5e87bad3c948f4d605d) (ScriptedImporter) -> (artifact id: 'b3b9d82b5df671acbb6c8c92f27dcc48') in 0.0229225 seconds
Number of updated asset objects reloaded before import = 0Number of asset objects unloaded after import = 1

========================================================================
Received Import Request.
  Time since last request: 0.000022 seconds.
  path: Packages/com.unity.microsoft.gdk/Runtime/XBL/Matchmaking/XblMatchTicketDetailsResponse.cs
  artifactKey: Guid(d6313cdc11af406a8a79695fec910a8e) Importer(2089858483,b0f066a214c2f5e87bad3c948f4d605d)
Start importing Packages/com.unity.microsoft.gdk/Runtime/XBL/Matchmaking/XblMatchTicketDetailsResponse.cs using Guid(d6313cdc11af406a8a79695fec910a8e) Importer(2089858483,b0f066a214c2f5e87bad3c948f4d605d) (ScriptedImporter) -> (artifact id: '76a357524db5cd8c2ff2cf0a6cbe16ba') in 0.0173152 seconds
Number of updated asset objects reloaded before import = 0Number of asset objects unloaded after import = 0

========================================================================
Received Import Request.
  Time since last request: 0.000074 seconds.
  path: Packages/com.unity.purchasing/Editor/Shared/Infrastructure/Collections
  artifactKey: Guid(ff1cefda9a78421fa8755bd305bedbf2) Importer(2089858483,b0f066a214c2f5e87bad3c948f4d605d)
Start importing Packages/com.unity.purchasing/Editor/Shared/Infrastructure/Collections using Guid(ff1cefda9a78421fa8755bd305bedbf2) Importer(2089858483,b0f066a214c2f5e87bad3c948f4d605d) (ScriptedImporter) -> (artifact id: '346f33d61751fa6d1ca95d1d103e93e8') in 0.0140479 seconds
Number of updated asset objects reloaded before import = 0Number of asset objects unloaded after import = 1

========================================================================
Received Import Request.
  Time since last request: 0.000046 seconds.
  path: Packages/com.unity.microsoft.gdk/Runtime/Interop/ExtensionLibraries/HttpClient/XgrHttpClient.cs
  artifactKey: Guid(466a0baf81324d839106cb0d588afe2b) Importer(2089858483,b0f066a214c2f5e87bad3c948f4d605d)
Start importing Packages/com.unity.microsoft.gdk/Runtime/Interop/ExtensionLibraries/HttpClient/XgrHttpClient.cs using Guid(466a0baf81324d839106cb0d588afe2b) Importer(2089858483,b0f066a214c2f5e87bad3c948f4d605d) (ScriptedImporter) -> (artifact id: '26e699d410a87219b0541a30c1957b39') in 0.0154834 seconds
Number of updated asset objects reloaded before import = 0Number of asset objects unloaded after import = 0

========================================================================
Received Import Request.
  Time since last request: 0.000061 seconds.
  path: Packages/com.unity.purchasing/Runtime/Stores/XboxStore
  artifactKey: Guid(dc0366a983dd1424b817f17804690a63) Importer(2089858483,b0f066a214c2f5e87bad3c948f4d605d)
Start importing Packages/com.unity.purchasing/Runtime/Stores/XboxStore using Guid(dc0366a983dd1424b817f17804690a63) Importer(2089858483,b0f066a214c2f5e87bad3c948f4d605d) (ScriptedImporter) -> (artifact id: 'ca9376f027f0000aa5e4091a9c8aeb25') in 0.0154789 seconds
Number of updated asset objects reloaded before import = 0Number of asset objects unloaded after import = 1

========================================================================
Received Import Request.
  Time since last request: 0.000063 seconds.
  path: Packages/com.unity.purchasing/Editor/Authoring/LiveContentAdminApi/Client/Model/ConfigCreateBatch.cs
  artifactKey: Guid(51274d2a64c14400da174b54dba90416) Importer(2089858483,b0f066a214c2f5e87bad3c948f4d605d)
Start importing Packages/com.unity.purchasing/Editor/Authoring/LiveContentAdminApi/Client/Model/ConfigCreateBatch.cs using Guid(51274d2a64c14400da174b54dba90416) Importer(2089858483,b0f066a214c2f5e87bad3c948f4d605d) (ScriptedImporter) -> (artifact id: 'd665a7cba22be81b9207a1aa47d5e322') in 0.0163668 seconds
Number of updated asset objects reloaded before import = 0Number of asset objects unloaded after import = 0

========================================================================
Received Import Request.
  Time since last request: 0.000067 seconds.
  path: Packages/com.unity.services.core/Runtime/Telemetry
  artifactKey: Guid(0f45e7ca6fb04a24fb98fcd0ba5f9fbc) Importer(2089858483,b0f066a214c2f5e87bad3c948f4d605d)
Start importing Packages/com.unity.services.core/Runtime/Telemetry using Guid(0f45e7ca6fb04a24fb98fcd0ba5f9fbc) Importer(2089858483,b0f066a214c2f5e87bad3c948f4d605d) (ScriptedImporter) -> (artifact id: '48169781089e265ec1c6bb1bc0ec5cbb') in 0.013281 seconds
Number of updated asset objects reloaded before import = 0Number of asset objects unloaded after import = 1

========================================================================
Received Import Request.
  Time since last request: 0.000068 seconds.
  path: Packages/com.unity.services.deployment/Editor/Shared/Unity.Services.Deployment.Editor.Shared.api
  artifactKey: Guid(bf388c33a3d27ba498f5486587a67eda) Importer(2089858483,b0f066a214c2f5e87bad3c948f4d605d)
Start importing Packages/com.unity.services.deployment/Editor/Shared/Unity.Services.Deployment.Editor.Shared.api using Guid(bf388c33a3d27ba498f5486587a67eda) Importer(2089858483,b0f066a214c2f5e87bad3c948f4d605d) (ScriptedImporter) -> (artifact id: 'b76a5bac9cadd4e5f13e58bd908eb3a2') in 0.0133479 seconds
Number of updated asset objects reloaded before import = 0Number of asset objects unloaded after import = 1

========================================================================
Received Import Request.
  Time since last request: 0.000022 seconds.
  path: Packages/com.unity.services.deployment.api/Editor/DeploymentWindowApi/SeverityLevel.cs
  artifactKey: Guid(37a591903a8c4c4aaa81e72f59474047) Importer(2089858483,b0f066a214c2f5e87bad3c948f4d605d)
Start importing Packages/com.unity.services.deployment.api/Editor/DeploymentWindowApi/SeverityLevel.cs using Guid(37a591903a8c4c4aaa81e72f59474047) Importer(2089858483,b0f066a214c2f5e87bad3c948f4d605d) (ScriptedImporter) -> (artifact id: 'd548e9d6efb754ac5d9def928b4db790') in 0.0147142 seconds
Number of updated asset objects reloaded before import = 0Number of asset objects unloaded after import = 0

========================================================================
Received Import Request.
  Time since last request: 0.000082 seconds.
  path: Packages/com.unity.purchasing/Runtime/UnityLiveContentAdapter/script-regenerate-code.sh
  artifactKey: Guid(7e314816abe4c4a07a80d1bf6c9f5899) Importer(2089858483,b0f066a214c2f5e87bad3c948f4d605d)
Start importing Packages/com.unity.purchasing/Runtime/UnityLiveContentAdapter/script-regenerate-code.sh using Guid(7e314816abe4c4a07a80d1bf6c9f5899) Importer(2089858483,b0f066a214c2f5e87bad3c948f4d605d) (ScriptedImporter) -> (artifact id: 'ccacc2271409dc81c59b341c97a5cdf3') in 0.014047 seconds
Number of updated asset objects reloaded before import = 0Number of asset objects unloaded after import = 1

========================================================================
Received Import Request.
  Time since last request: 0.000029 seconds.
  path: Packages/com.unity.services.core/Editor/Core/ProjectStateManagement/ProjectStateRequest.cs
  artifactKey: Guid(a4fec9ab8c1a4ce0849b3562f5c19f80) Importer(2089858483,b0f066a214c2f5e87bad3c948f4d605d)
Start importing Packages/com.unity.services.core/Editor/Core/ProjectStateManagement/ProjectStateRequest.cs using Guid(a4fec9ab8c1a4ce0849b3562f5c19f80) Importer(2089858483,b0f066a214c2f5e87bad3c948f4d605d) (ScriptedImporter) -> (artifact id: 'b2b3aa664930dcfa5b5353d2a043794e') in 0.0161206 seconds
Number of updated asset objects reloaded before import = 0Number of asset objects unloaded after import = 0

========================================================================
Received Import Request.
  Time since last request: 0.000101 seconds.
  path: Packages/com.unity.services.core/Runtime/Core.Internal/Registry/CoreRegistryInitializer.cs
  artifactKey: Guid(2579e429d2c9c43a1bd957ca08ba269a) Importer(2089858483,b0f066a214c2f5e87bad3c948f4d605d)
Start importing Packages/com.unity.services.core/Runtime/Core.Internal/Registry/CoreRegistryInitializer.cs using Guid(2579e429d2c9c43a1bd957ca08ba269a) Importer(2089858483,b0f066a214c2f5e87bad3c948f4d605d) (ScriptedImporter) -> (artifact id: '046d4147005e1c2ef3ee7b6dcc46f2ab') in 0.0152036 seconds
Number of updated asset objects reloaded before import = 0Number of asset objects unloaded after import = 0

========================================================================
Received Import Request.
  Time since last request: 0.000130 seconds.
  path: Packages/com.unity.purchasing/Runtime
  artifactKey: Guid(bb0d4b0caa514ab5b60bc9b36d702598) Importer(2089858483,b0f066a214c2f5e87bad3c948f4d605d)
Start importing Packages/com.unity.purchasing/Runtime using Guid(bb0d4b0caa514ab5b60bc9b36d702598) Importer(2089858483,b0f066a214c2f5e87bad3c948f4d605d) (ScriptedImporter) -> (artifact id: 'ed4d7cd83daebe5b42a00766ed5fb05a') in 0.0167718 seconds
Number of updated asset objects reloaded before import = 0Number of asset objects unloaded after import = 1

========================================================================
Received Import Request.
  Time since last request: 0.000022 seconds.
  path: Packages/com.unity.purchasing/Runtime/Purchasing/Stores/Android/GooglePlay/AAR
  artifactKey: Guid(acb00af6c1d4eda46bbdeaf2ac0449b7) Importer(2089858483,b0f066a214c2f5e87bad3c948f4d605d)
Start importing Packages/com.unity.purchasing/Runtime/Purchasing/Stores/Android/GooglePlay/AAR using Guid(acb00af6c1d4eda46bbdeaf2ac0449b7) Importer(2089858483,b0f066a214c2f5e87bad3c948f4d605d) (ScriptedImporter) -> (artifact id: '8c05db25fb91a4c06975381485356034') in 0.014063 seconds
Number of updated asset objects reloaded before import = 0Number of asset objects unloaded after import = 1

========================================================================
Received Import Request.
  Time since last request: 0.000055 seconds.
  path: Packages/com.unity.purchasing/AiAssistantSkills/in-app-purchases/references/platform-notes.md
  artifactKey: Guid(2c7638b43141c44298f8c232163bf4f8) Importer(2089858483,b0f066a214c2f5e87bad3c948f4d605d)
Start importing Packages/com.unity.purchasing/AiAssistantSkills/in-app-purchases/references/platform-notes.md using Guid(2c7638b43141c44298f8c232163bf4f8) Importer(2089858483,b0f066a214c2f5e87bad3c948f4d605d) (ScriptedImporter) -> (artifact id: '2245f05014fa385e408873e32bd96746') in 0.0156853 seconds
Number of updated asset objects reloaded before import = 0Number of asset objects unloaded after import = 1

========================================================================
Received Import Request.
  Time since last request: 0.000056 seconds.
  path: Packages/com.unity.services.core/Editor/Core/UiHelpers/USS
  artifactKey: Guid(f5a82d89366f47d69dc69ae0f6cf29bf) Importer(2089858483,b0f066a214c2f5e87bad3c948f4d605d)
Start importing Packages/com.unity.services.core/Editor/Core/UiHelpers/USS using Guid(f5a82d89366f47d69dc69ae0f6cf29bf) Importer(2089858483,b0f066a214c2f5e87bad3c948f4d605d) (ScriptedImporter) -> (artifact id: '22e8a5b6a2b9d1203ef64006d1dfbe47') in 0.0152197 seconds
Number of updated asset objects reloaded before import = 0Number of asset objects unloaded after import = 1

========================================================================
Received Import Request.
  Time since last request: 0.000059 seconds.
  path: Packages/com.unity.purchasing/Runtime/Purchasing/PaymentOption
  artifactKey: Guid(a4036692b6dd459abb05d7cb18954296) Importer(2089858483,b0f066a214c2f5e87bad3c948f4d605d)
Start importing Packages/com.unity.purchasing/Runtime/Purchasing/PaymentOption using Guid(a4036692b6dd459abb05d7cb18954296) Importer(2089858483,b0f066a214c2f5e87bad3c948f4d605d) (ScriptedImporter) -> (artifact id: 'c66293c7831b8319d5853b782eaa78e1') in 0.0159517 seconds
Number of updated asset objects reloaded before import = 0Number of asset objects unloaded after import = 1

========================================================================
Received Import Request.
  Time since last request: 0.000058 seconds.
  path: Packages/com.unity.services.analytics/Runtime/Plugins/iOS/VolumeIOSPlugin.mm
  artifactKey: Guid(e76c2fb16f9e2457c85547c7e71be88f) Importer(2089858483,b0f066a214c2f5e87bad3c948f4d605d)
Start importing Packages/com.unity.services.analytics/Runtime/Plugins/iOS/VolumeIOSPlugin.mm using Guid(e76c2fb16f9e2457c85547c7e71be88f) Importer(2089858483,b0f066a214c2f5e87bad3c948f4d605d) (ScriptedImporter) -> (artifact id: '1cb79a4d528a0495974fc98479aaa0a1') in 0.018429 seconds
Number of updated asset objects reloaded before import = 0Number of asset objects unloaded after import = 0

========================================================================
Received Import Request.
  Time since last request: 0.000058 seconds.
  path: Packages/com.unity.services.core/Editor/Core/ProjectStateManagement/ServiceFlagRequest.cs
  artifactKey: Guid(8ab6db39cc89491bb901eb484cd94373) Importer(2089858483,b0f066a214c2f5e87bad3c948f4d605d)
Start importing Packages/com.unity.services.core/Editor/Core/ProjectStateManagement/ServiceFlagRequest.cs using Guid(8ab6db39cc89491bb901eb484cd94373) Importer(2089858483,b0f066a214c2f5e87bad3c948f4d605d) (ScriptedImporter) -> (artifact id: 'ba1b9f2ca150ba31b497e10d9fc47d1f') in 0.0173473 seconds
Number of updated asset objects reloaded before import = 0Number of asset objects unloaded after import = 0

========================================================================
Received Import Request.
  Time since last request: 0.000056 seconds.
  path: Packages/com.unity.purchasing/Editor/Authoring/LiveContentAdminApi/Client/Model/ConfigMetadataWithContent.cs
  artifactKey: Guid(c78f91d840fc42f494ec35be2eef28f2) Importer(2089858483,b0f066a214c2f5e87bad3c948f4d605d)
Start importing Packages/com.unity.purchasing/Editor/Authoring/LiveContentAdminApi/Client/Model/ConfigMetadataWithContent.cs using Guid(c78f91d840fc42f494ec35be2eef28f2) Importer(2089858483,b0f066a214c2f5e87bad3c948f4d605d) (ScriptedImporter) -> (artifact id: '55d7e3c653108a53fc56859adf490985') in 0.0148627 seconds
Number of updated asset objects reloaded before import = 0Number of asset objects unloaded after import = 0

========================================================================
Received Import Request.
  Time since last request: 0.000058 seconds.
  path: Packages/com.unity.services.core/Runtime/Core/Initialization/UnityProjectNotLinkedException.cs
  artifactKey: Guid(dbecf6d1d3b2c469ab1a5a173a48ae06) Importer(2089858483,b0f066a214c2f5e87bad3c948f4d605d)
Start importing Packages/com.unity.services.core/Runtime/Core/Initialization/UnityProjectNotLinkedException.cs using Guid(dbecf6d1d3b2c469ab1a5a173a48ae06) Importer(2089858483,b0f066a214c2f5e87bad3c948f4d605d) (ScriptedImporter) -> (artifact id: '9f8863fe6547e8c2832aaffd72c8a760') in 0.0142354 seconds
Number of updated asset objects reloaded before import = 0Number of asset objects unloaded after import = 0

========================================================================
Received Import Request.
  Time since last request: 0.000349 seconds.
  path: Packages/com.unity.purchasing/Plugins/UnityPurchasing/iOS/UnityPurchasingInAppBrowser.swift
  artifactKey: Guid(94f44a2cbcc047a7ac7b546d57bc4b38) Importer(2089858483,b0f066a214c2f5e87bad3c948f4d605d)
Start importing Packages/com.unity.purchasing/Plugins/UnityPurchasing/iOS/UnityPurchasingInAppBrowser.swift using Guid(94f44a2cbcc047a7ac7b546d57bc4b38) Importer(2089858483,b0f066a214c2f5e87bad3c948f4d605d) (ScriptedImporter) -> (artifact id: 'ef07b5fa7a006512bcad7d5371fa12c4') in 0.0160912 seconds
Number of updated asset objects reloaded before import = 0Number of asset objects unloaded after import = 0

========================================================================
Received Import Request.
  Time since last request: 0.000071 seconds.
  path: Packages/com.unity.services.deployment/Editor/Interface/UI/Assets/DeploymentWindowStateTemplates/DeploymentWindow_Deployment.uxml
  artifactKey: Guid(a7ae042a51ffa498ca0e7925a68c96ef) Importer(2089858483,b0f066a214c2f5e87bad3c948f4d605d)
Start importing Packages/com.unity.services.deployment/Editor/Interface/UI/Assets/DeploymentWindowStateTemplates/DeploymentWindow_Deployment.uxml using Guid(a7ae042a51ffa498ca0e7925a68c96ef) Importer(2089858483,b0f066a214c2f5e87bad3c948f4d605d) (ScriptedImporter) -> (artifact id: 'b6cbe8ad17aec45c61043355b7324780') in 0.0350068 seconds
Number of updated asset objects reloaded before import = 0Number of asset objects unloaded after import = 4

========================================================================
Received Import Request.
  Time since last request: 0.000029 seconds.
  path: Packages/com.unity.purchasing/Runtime/Purchasing/Core/Purchasing/AppleAppStore/Extensions/UseCases/AppleRestoreTransactionsUseCase.cs
  artifactKey: Guid(9f4eea208b691ae449bbbbf2f10a64a6) Importer(2089858483,b0f066a214c2f5e87bad3c948f4d605d)
Start importing Packages/com.unity.purchasing/Runtime/Purchasing/Core/Purchasing/AppleAppStore/Extensions/UseCases/AppleRestoreTransactionsUseCase.cs using Guid(9f4eea208b691ae449bbbbf2f10a64a6) Importer(2089858483,b0f066a214c2f5e87bad3c948f4d605d) (ScriptedImporter) -> (artifact id: '6c8c3d0fb733d5eaccdc38325df50698') in 0.0163233 seconds
Number of updated asset objects reloaded before import = 0Number of asset objects unloaded after import = 0

========================================================================
Received Import Request.
  Time since last request: 0.000070 seconds.
  path: Packages/com.unity.services.core/Editor/Core/EditorGameService/ServiceUrlBuilder.cs
  artifactKey: Guid(774c129df5bb4d7b9ce865ebfe7e94bb) Importer(2089858483,b0f066a214c2f5e87bad3c948f4d605d)
Start importing Packages/com.unity.services.core/Editor/Core/EditorGameService/ServiceUrlBuilder.cs using Guid(774c129df5bb4d7b9ce865ebfe7e94bb) Importer(2089858483,b0f066a214c2f5e87bad3c948f4d605d) (ScriptedImporter) -> (artifact id: '78dd225a71207713e81a98af3f9d08e0') in 0.0133514 seconds
Number of updated asset objects reloaded before import = 0Number of asset objects unloaded after import = 0

========================================================================
Received Import Request.
  Time since last request: 0.000074 seconds.
  path: Packages/com.unity.purchasing/Editor/Authoring/PurchasingAdminApi/Client/Model/ValidationErrorResponse1.cs
  artifactKey: Guid(e6f50368b8af24753b0aed83d4231efc) Importer(2089858483,b0f066a214c2f5e87bad3c948f4d605d)
Start importing Packages/com.unity.purchasing/Editor/Authoring/PurchasingAdminApi/Client/Model/ValidationErrorResponse1.cs using Guid(e6f50368b8af24753b0aed83d4231efc) Importer(2089858483,b0f066a214c2f5e87bad3c948f4d605d) (ScriptedImporter) -> (artifact id: 'c1d6f984223081c642b306e716d8c72f') in 0.0133698 seconds
Number of updated asset objects reloaded before import = 0Number of asset objects unloaded after import = 0

========================================================================
Received Import Request.
  Time since last request: 2.142533 seconds.
  path: Packages/com.unity.purchasing/Runtime/Stores/Android/GooglePlay/Services/Interfaces/IGooglePlayStoreFetchProductsService.cs
  artifactKey: Guid(4e7d1ae7d3c3d47ecacf3a6d2eaaea60) Importer(2089858483,b0f066a214c2f5e87bad3c948f4d605d)
Start importing Packages/com.unity.purchasing/Runtime/Stores/Android/GooglePlay/Services/Interfaces/IGooglePlayStoreFetchProductsService.cs using Guid(4e7d1ae7d3c3d47ecacf3a6d2eaaea60) Importer(2089858483,b0f066a214c2f5e87bad3c948f4d605d) (ScriptedImporter) -> (artifact id: '21d7931af1145014b5f92dfd0e4e31dd') in 0.0118139 seconds
Number of updated asset objects reloaded before import = 0Number of asset objects unloaded after import = 0

========================================================================
Received Import Request.
  Time since last request: 0.000082 seconds.
  path: Packages/com.unity.services.core/Editor/Core/ProjectBindRedirect/UXML/ProjectBindRedirectProjectSettings.uxml
  artifactKey: Guid(1979fd426439544d792c9d2cb653aaa3) Importer(2089858483,b0f066a214c2f5e87bad3c948f4d605d)
Start importing Packages/com.unity.services.core/Editor/Core/ProjectBindRedirect/UXML/ProjectBindRedirectProjectSettings.uxml using Guid(1979fd426439544d792c9d2cb653aaa3) Importer(2089858483,b0f066a214c2f5e87bad3c948f4d605d) (ScriptedImporter) -> (artifact id: '2a85f9e670c2086840aad9d75e0db3c3') in 0.024433 seconds
Number of updated asset objects reloaded before import = 0Number of asset objects unloaded after import = 2

========================================================================
Received Import Request.
  Time since last request: 0.000023 seconds.
  path: Packages/com.unity.services.core/Runtime/Core.Internal/AssemblyInfo.cs
  artifactKey: Guid(a7624b141c8742c78133946b1e5643d7) Importer(2089858483,b0f066a214c2f5e87bad3c948f4d605d)
Start importing Packages/com.unity.services.core/Runtime/Core.Internal/AssemblyInfo.cs using Guid(a7624b141c8742c78133946b1e5643d7) Importer(2089858483,b0f066a214c2f5e87bad3c948f4d605d) (ScriptedImporter) -> (artifact id: '0ccf5842b1b1fa595523900997f59091') in 0.0156312 seconds
Number of updated asset objects reloaded before import = 0Number of asset objects unloaded after import = 0

========================================================================
Received Import Request.
  Time since last request: 0.000058 seconds.
  path: Packages/com.unity.services.core/Editor/Core/Environments/Client/Models/UnityCreateOrganizationRequest.cs
  artifactKey: Guid(352d9219ebd00854cbcd797e588b93b2) Importer(2089858483,b0f066a214c2f5e87bad3c948f4d605d)
Start importing Packages/com.unity.services.core/Editor/Core/Environments/Client/Models/UnityCreateOrganizationRequest.cs using Guid(352d9219ebd00854cbcd797e588b93b2) Importer(2089858483,b0f066a214c2f5e87bad3c948f4d605d) (ScriptedImporter) -> (artifact id: '493586d69c30e27dd9cae6e5ab30de0b') in 0.0163092 seconds
Number of updated asset objects reloaded before import = 0Number of asset objects unloaded after import = 0

========================================================================
Received Import Request.
  Time since last request: 0.000071 seconds.
  path: Packages/com.unity.services.core/Editor/Core/BackendHelpers
  artifactKey: Guid(40f9aa331f3045d4973df46b8e2c124c) Importer(2089858483,b0f066a214c2f5e87bad3c948f4d605d)
Start importing Packages/com.unity.services.core/Editor/Core/BackendHelpers using Guid(40f9aa331f3045d4973df46b8e2c124c) Importer(2089858483,b0f066a214c2f5e87bad3c948f4d605d) (ScriptedImporter) -> (artifact id: '644241b2a9786031935a771d30a5f51e') in 0.0165909 seconds
Number of updated asset objects reloaded before import = 0Number of asset objects unloaded after import = 1

========================================================================
Received Import Request.
  Time since last request: 0.000032 seconds.
  path: Packages/com.unity.services.core/Runtime/Scheduler/ActionScheduler.cs
  artifactKey: Guid(57e3220438bdf43bebec66c4476f6677) Importer(2089858483,b0f066a214c2f5e87bad3c948f4d605d)
Start importing Packages/com.unity.services.core/Runtime/Scheduler/ActionScheduler.cs using Guid(57e3220438bdf43bebec66c4476f6677) Importer(2089858483,b0f066a214c2f5e87bad3c948f4d605d) (ScriptedImporter) -> (artifact id: 'd163eee0d48a02800562bcdcb86f36a2') in 0.0160958 seconds
Number of updated asset objects reloaded before import = 0Number of asset objects unloaded after import = 0

========================================================================
Received Import Request.
  Time since last request: 0.000132 seconds.
  path: Packages/com.unity.purchasing/Editor/Authoring/IO/FileSystem.cs
  artifactKey: Guid(626f49ef8bebfdd45bf16dc7bad277b3) Importer(2089858483,b0f066a214c2f5e87bad3c948f4d605d)
Start importing Packages/com.unity.purchasing/Editor/Authoring/IO/FileSystem.cs using Guid(626f49ef8bebfdd45bf16dc7bad277b3) Importer(2089858483,b0f066a214c2f5e87bad3c948f4d605d) (ScriptedImporter) -> (artifact id: '39221706d189aa2548abb55d9d512efd') in 0.0149241 seconds
Number of updated asset objects reloaded before import = 0Number of asset objects unloaded after import = 0

========================================================================
Received Import Request.
  Time since last request: 0.000198 seconds.
  path: Packages/com.unity.purchasing/Runtime/Purchasing/Core/Purchasing/Exceptions/InvalidCartItemException.cs
  artifactKey: Guid(343608b621384539bf55f3ffb963f9ca) Importer(2089858483,b0f066a214c2f5e87bad3c948f4d605d)
Start importing Packages/com.unity.purchasing/Runtime/Purchasing/Core/Purchasing/Exceptions/InvalidCartItemException.cs using Guid(343608b621384539bf55f3ffb963f9ca) Importer(2089858483,b0f066a214c2f5e87bad3c948f4d605d) (ScriptedImporter) -> (artifact id: '958a29a49e47fab5ebf6e4ef5cffb25a') in 0.0162502 seconds
Number of updated asset objects reloaded before import = 0Number of asset objects unloaded after import = 0

========================================================================
Received Import Request.
  Time since last request: 0.000024 seconds.
  path: Packages/com.unity.services.deployment/Editor/Interface/UI/Components/CheckmarkToggle.cs
  artifactKey: Guid(7bbf8b6334b246f196025f7ca176dbf7) Importer(2089858483,b0f066a214c2f5e87bad3c948f4d605d)
Start importing Packages/com.unity.services.deployment/Editor/Interface/UI/Components/CheckmarkToggle.cs using Guid(7bbf8b6334b246f196025f7ca176dbf7) Importer(2089858483,b0f066a214c2f5e87bad3c948f4d605d) (ScriptedImporter) -> (artifact id: '517adb68f83e8209f38c57b43808c715') in 0.0177583 seconds
Number of updated asset objects reloaded before import = 0Number of asset objects unloaded after import = 0

========================================================================
Received Import Request.
  Time since last request: 0.000077 seconds.
  path: Packages/com.unity.purchasing/Editor/Authoring/Core/Batching/Batching.cs
  artifactKey: Guid(a887b8f2e5e31e14493bba3fa1a8ef47) Importer(2089858483,b0f066a214c2f5e87bad3c948f4d605d)
Start importing Packages/com.unity.purchasing/Editor/Authoring/Core/Batching/Batching.cs using Guid(a887b8f2e5e31e14493bba3fa1a8ef47) Importer(2089858483,b0f066a214c2f5e87bad3c948f4d605d) (ScriptedImporter) -> (artifact id: '39845282def2fc03343ef3fa699bd1d7') in 0.0173481 seconds
Number of updated asset objects reloaded before import = 0Number of asset objects unloaded after import = 0

========================================================================
Received Import Request.
  Time since last request: 0.000062 seconds.
  path: Packages/com.unity.services.deployment/Editor/Configuration/IDeploymentSettings.cs
  artifactKey: Guid(5dcb27f70375e4d1da53fd5ce3294cf8) Importer(2089858483,b0f066a214c2f5e87bad3c948f4d605d)
Start importing Packages/com.unity.services.deployment/Editor/Configuration/IDeploymentSettings.cs using Guid(5dcb27f70375e4d1da53fd5ce3294cf8) Importer(2089858483,b0f066a214c2f5e87bad3c948f4d605d) (ScriptedImporter) -> (artifact id: '938daca5dbb478673c5b6f3224aca760') in 0.0151122 seconds
Number of updated asset objects reloaded before import = 0Number of asset objects unloaded after import = 0

========================================================================
Received Import Request.
  Time since last request: 0.000161 seconds.
  path: Packages/com.unity.services.core/Editor/Core/UiHelpers/Images/ExternalLinkIcon.png
  artifactKey: Guid(dcfa8e537229b4e8db4c6bc39a906c89) Importer(2089858483,b0f066a214c2f5e87bad3c948f4d605d)
Start importing Packages/com.unity.services.core/Editor/Core/UiHelpers/Images/ExternalLinkIcon.png using Guid(dcfa8e537229b4e8db4c6bc39a906c89) Importer(2089858483,b0f066a214c2f5e87bad3c948f4d605d) (ScriptedImporter) -> (artifact id: 'cc3ecc2f1c0206c9814f9857c12e3185') in 0.0227264 seconds
Number of updated asset objects reloaded before import = 0Number of asset objects unloaded after import = 1

========================================================================
Received Import Request.
  Time since last request: 0.000021 seconds.
  path: Packages/com.unity.purchasing/Runtime/Purchasing/Stores/BaseStore/Interfaces
  artifactKey: Guid(18d21ad6bb410b448855701951c0a9ae) Importer(2089858483,b0f066a214c2f5e87bad3c948f4d605d)
Start importing Packages/com.unity.purchasing/Runtime/Purchasing/Stores/BaseStore/Interfaces using Guid(18d21ad6bb410b448855701951c0a9ae) Importer(2089858483,b0f066a214c2f5e87bad3c948f4d605d) (ScriptedImporter) -> (artifact id: '42c7e2c8e41c57bea8ba3b437145f585') in 0.0159825 seconds
Number of updated asset objects reloaded before import = 0Number of asset objects unloaded after import = 1

========================================================================
Received Import Request.
  Time since last request: 0.000021 seconds.
  path: Packages/com.unity.purchasing/Editor/ServiceProjectSettings/UI/Views/AppleConfigurationSettingsBlock.cs
  artifactKey: Guid(48e2d725d55e49a69b75d022bd7d9156) Importer(2089858483,b0f066a214c2f5e87bad3c948f4d605d)
Start importing Packages/com.unity.purchasing/Editor/ServiceProjectSettings/UI/Views/AppleConfigurationSettingsBlock.cs using Guid(48e2d725d55e49a69b75d022bd7d9156) Importer(2089858483,b0f066a214c2f5e87bad3c948f4d605d) (ScriptedImporter) -> (artifact id: '4f32b1b751e49d669f5fd9e26aee045d') in 0.0156032 seconds
Number of updated asset objects reloaded before import = 0Number of asset objects unloaded after import = 0

========================================================================
Received Import Request.
  Time since last request: 0.000048 seconds.
  path: Packages/com.unity.services.core/Editor/Core/Shared/EditorUtils/EditorValueTracker.Gen.cs
  artifactKey: Guid(0dc33952e916e49cd8d00f627d768b05) Importer(2089858483,b0f066a214c2f5e87bad3c948f4d605d)
Start importing Packages/com.unity.services.core/Editor/Core/Shared/EditorUtils/EditorValueTracker.Gen.cs using Guid(0dc33952e916e49cd8d00f627d768b05) Importer(2089858483,b0f066a214c2f5e87bad3c948f4d605d) (ScriptedImporter) -> (artifact id: '6351a3d6c20678050ed918846161d1ee') in 0.012467 seconds
Number of updated asset objects reloaded before import = 0Number of asset objects unloaded after import = 0

========================================================================
Received Import Request.
  Time since last request: 0.000046 seconds.
  path: Packages/com.unity.microsoft.gdk/Runtime/Interop/XBL/Presence
  artifactKey: Guid(780e4293d9be4e5685d32abe6d800708) Importer(2089858483,b0f066a214c2f5e87bad3c948f4d605d)
Start importing Packages/com.unity.microsoft.gdk/Runtime/Interop/XBL/Presence using Guid(780e4293d9be4e5685d32abe6d800708) Importer(2089858483,b0f066a214c2f5e87bad3c948f4d605d) (ScriptedImporter) -> (artifact id: '31b71dc3d4b637f57f6b829f1184b320') in 0.014313 seconds
Number of updated asset objects reloaded before import = 0Number of asset objects unloaded after import = 1

========================================================================
Received Import Request.
  Time since last request: 0.000024 seconds.
  path: Packages/com.unity.services.core/Editor/Core/Shared/Clients
  artifactKey: Guid(71938c5983b844220988ffeb611b6e63) Importer(2089858483,b0f066a214c2f5e87bad3c948f4d605d)
Start importing Packages/com.unity.services.core/Editor/Core/Shared/Clients using Guid(71938c5983b844220988ffeb611b6e63) Importer(2089858483,b0f066a214c2f5e87bad3c948f4d605d) (ScriptedImporter) -> (artifact id: 'e670d464c125f1391ca53015536b0291') in 0.0132521 seconds
Number of updated asset objects reloaded before import = 0Number of asset objects unloaded after import = 1

========================================================================
Received Import Request.
  Time since last request: 0.000041 seconds.
  path: Packages/com.unity.services.deployment/Editor/DeploymentDefinitions/UI/DeploymentDefinitionEditor.cs
  artifactKey: Guid(9e69c649838274eed9efefea304a0da1) Importer(2089858483,b0f066a214c2f5e87bad3c948f4d605d)
Start importing Packages/com.unity.services.deployment/Editor/DeploymentDefinitions/UI/DeploymentDefinitionEditor.cs using Guid(9e69c649838274eed9efefea304a0da1) Importer(2089858483,b0f066a214c2f5e87bad3c948f4d605d) (ScriptedImporter) -> (artifact id: 'bd9a37a11ba6f8c250186dccf1182b00') in 0.015088 seconds
Number of updated asset objects reloaded before import = 0Number of asset objects unloaded after import = 0

========================================================================
Received Import Request.
  Time since last request: 0.000150 seconds.
  path: Packages/com.unity.microsoft.gdk/Runtime/Interop/XBL/Matchmaking
  artifactKey: Guid(49ada90410a34370ae497ce447fb1e20) Importer(2089858483,b0f066a214c2f5e87bad3c948f4d605d)
Start importing Packages/com.unity.microsoft.gdk/Runtime/Interop/XBL/Matchmaking using Guid(49ada90410a34370ae497ce447fb1e20) Importer(2089858483,b0f066a214c2f5e87bad3c948f4d605d) (ScriptedImporter) -> (artifact id: '91eaa8b72e17a5ea56ae3466a2f232ad') in 0.0137687 seconds
Number of updated asset objects reloaded before import = 0Number of asset objects unloaded after import = 1

========================================================================
Received Import Request.
  Time since last request: 0.000022 seconds.
  path: Packages/com.unity.purchasing/Editor/Authoring/Core/Deploy/DeployResult.cs
  artifactKey: Guid(4586d3e4135438543ac93f468cc8fc79) Importer(2089858483,b0f066a214c2f5e87bad3c948f4d605d)
Start importing Packages/com.unity.purchasing/Editor/Authoring/Core/Deploy/DeployResult.cs using Guid(4586d3e4135438543ac93f468cc8fc79) Importer(2089858483,b0f066a214c2f5e87bad3c948f4d605d) (ScriptedImporter) -> (artifact id: '6b50b59e9b0b338c40382af108c932cb') in 0.0151814 seconds
Number of updated asset objects reloaded before import = 0Number of asset objects unloaded after import = 0

========================================================================
Received Import Request.
  Time since last request: 0.000055 seconds.
  path: Packages/com.unity.services.deployment/Editor/ItemStatusTracker.cs
  artifactKey: Guid(118c623698704be4183dbbdf2b9c2332) Importer(2089858483,b0f066a214c2f5e87bad3c948f4d605d)
Start importing Packages/com.unity.services.deployment/Editor/ItemStatusTracker.cs using Guid(118c623698704be4183dbbdf2b9c2332) Importer(2089858483,b0f066a214c2f5e87bad3c948f4d605d) (ScriptedImporter) -> (artifact id: 'a7807e01ae7bb71489f257a31476c8f6') in 0.0167364 seconds
Number of updated asset objects reloaded before import = 0Number of asset objects unloaded after import = 0

========================================================================
Received Import Request.
  Time since last request: 0.000048 seconds.
  path: Packages/com.unity.ai.navigation/EditorResources/Overlay/d_NavigationOverlay.png
  artifactKey: Guid(6a986a181c9bc6043b057a3d15edbaad) Importer(2089858483,b0f066a214c2f5e87bad3c948f4d605d)
Start importing Packages/com.unity.ai.navigation/EditorResources/Overlay/d_NavigationOverlay.png using Guid(6a986a181c9bc6043b057a3d15edbaad) Importer(2089858483,b0f066a214c2f5e87bad3c948f4d605d) (ScriptedImporter) -> (artifact id: 'c17d7cb532c43f957901fe8e6ee98fa5') in 0.0193276 seconds
Number of updated asset objects reloaded before import = 0Number of asset objects unloaded after import = 1

========================================================================
Received Import Request.
  Time since last request: 0.000041 seconds.
  path: Packages/com.unity.purchasing/Runtime/Purchasing/Utilities/UnifiedReceiptFormatter.cs
  artifactKey: Guid(d124fecd2cceae34bbe40bfa0232fba9) Importer(2089858483,b0f066a214c2f5e87bad3c948f4d605d)
Start importing Packages/com.unity.purchasing/Runtime/Purchasing/Utilities/UnifiedReceiptFormatter.cs using Guid(d124fecd2cceae34bbe40bfa0232fba9) Importer(2089858483,b0f066a214c2f5e87bad3c948f4d605d) (ScriptedImporter) -> (artifact id: '2fc1eee3be66ff6bf6760cba602ba1b3') in 0.0152629 seconds
Number of updated asset objects reloaded before import = 0Number of asset objects unloaded after import = 0

========================================================================
Received Import Request.
  Time since last request: 0.000181 seconds.
  path: Packages/com.unity.microsoft.gdk/Runtime/XBL/Privacy/XblPrivacy.cs
  artifactKey: Guid(b29d5f85c164407799b486c65e69acc2) Importer(2089858483,b0f066a214c2f5e87bad3c948f4d605d)
Start importing Packages/com.unity.microsoft.gdk/Runtime/XBL/Privacy/XblPrivacy.cs using Guid(b29d5f85c164407799b486c65e69acc2) Importer(2089858483,b0f066a214c2f5e87bad3c948f4d605d) (ScriptedImporter) -> (artifact id: '50dc016f6afb354b6e5de899aaac9fc1') in 0.0185495 seconds
Number of updated asset objects reloaded before import = 0Number of asset objects unloaded after import = 0

========================================================================
Received Import Request.
  Time since last request: 0.000165 seconds.
  path: Packages/com.unity.purchasing/Runtime/UnityWebshops/Client/ErrorMitigation/StatusCodePolicyConfig.cs
  artifactKey: Guid(adc98b9a603cf46a1a8e31f54d453838) Importer(2089858483,b0f066a214c2f5e87bad3c948f4d605d)
Start importing Packages/com.unity.purchasing/Runtime/UnityWebshops/Client/ErrorMitigation/StatusCodePolicyConfig.cs using Guid(adc98b9a603cf46a1a8e31f54d453838) Importer(2089858483,b0f066a214c2f5e87bad3c948f4d605d) (ScriptedImporter) -> (artifact id: '7c5bb2061e1024e2b2ba7d307f0a3d03') in 0.014578 seconds
Number of updated asset objects reloaded before import = 0Number of asset objects unloaded after import = 0

========================================================================
Received Import Request.
  Time since last request: 0.000076 seconds.
  path: Packages/com.unity.services.deployment/Editor/Interface/UI/DeploymentWindow.cs
  artifactKey: Guid(bb53f193fd4e9492d9174d4ead2b3b55) Importer(2089858483,b0f066a214c2f5e87bad3c948f4d605d)
Start importing Packages/com.unity.services.deployment/Editor/Interface/UI/DeploymentWindow.cs using Guid(bb53f193fd4e9492d9174d4ead2b3b55) Importer(2089858483,b0f066a214c2f5e87bad3c948f4d605d) (ScriptedImporter) -> (artifact id: '8c4b78803d0c3f7533a8aa7f366c1ff0') in 0.0145084 seconds
Number of updated asset objects reloaded before import = 0Number of asset objects unloaded after import = 0

========================================================================
Received Import Request.
  Time since last request: 0.000109 seconds.
  path: Packages/com.unity.purchasing/Runtime/Purchasing/Core/Store/Android/GooglePlay/Extensions
  artifactKey: Guid(4bb03fb55b965a1489620f96d4e4bbcf) Importer(2089858483,b0f066a214c2f5e87bad3c948f4d605d)
Start importing Packages/com.unity.purchasing/Runtime/Purchasing/Core/Store/Android/GooglePlay/Extensions using Guid(4bb03fb55b965a1489620f96d4e4bbcf) Importer(2089858483,b0f066a214c2f5e87bad3c948f4d605d) (ScriptedImporter) -> (artifact id: 'b561abc525354a15b348ec82616fbb9a') in 0.018326 seconds
Number of updated asset objects reloaded before import = 0Number of asset objects unloaded after import = 1

========================================================================
Received Import Request.
  Time since last request: 0.000039 seconds.
  path: Packages/com.unity.purchasing/Runtime/AppleMacosStub
  artifactKey: Guid(ccde0275b3ce3844d8aee2d4f0b075bf) Importer(2089858483,b0f066a214c2f5e87bad3c948f4d605d)
Start importing Packages/com.unity.purchasing/Runtime/AppleMacosStub using Guid(ccde0275b3ce3844d8aee2d4f0b075bf) Importer(2089858483,b0f066a214c2f5e87bad3c948f4d605d) (ScriptedImporter) -> (artifact id: 'a3b8d38ba9fecfd06e330dc252c5b5d3') in 0.0172243 seconds
Number of updated asset objects reloaded before import = 0Number of asset objects unloaded after import = 1

========================================================================
Received Import Request.
  Time since last request: 0.000050 seconds.
  path: Packages/com.unity.microsoft.gdk/Runtime/Interop/XBL/Leaderboards/XblLeaderboardQuery.cs
  artifactKey: Guid(054ed3ff69b44659aab29e58cfd0dd47) Importer(2089858483,b0f066a214c2f5e87bad3c948f4d605d)
Start importing Packages/com.unity.microsoft.gdk/Runtime/Interop/XBL/Leaderboards/XblLeaderboardQuery.cs using Guid(054ed3ff69b44659aab29e58cfd0dd47) Importer(2089858483,b0f066a214c2f5e87bad3c948f4d605d) (ScriptedImporter) -> (artifact id: '87186940a2bb0c005d720e89bc9bed2c') in 0.0179214 seconds
Number of updated asset objects reloaded before import = 0Number of asset objects unloaded after import = 0

========================================================================
Received Import Request.
  Time since last request: 0.000077 seconds.
  path: Packages/com.unity.purchasing/Runtime/Purchasing/PaymentOption/PaymentBrandRegistry.cs
  artifactKey: Guid(ac248d0ab8542b4468a260c0195b329c) Importer(2089858483,b0f066a214c2f5e87bad3c948f4d605d)
Start importing Packages/com.unity.purchasing/Runtime/Purchasing/PaymentOption/PaymentBrandRegistry.cs using Guid(ac248d0ab8542b4468a260c0195b329c) Importer(2089858483,b0f066a214c2f5e87bad3c948f4d605d) (ScriptedImporter) -> (artifact id: '95bfae9473819ef0bb9a6fc8982e1fcb') in 0.0196126 seconds
Number of updated asset objects reloaded before import = 0Number of asset objects unloaded after import = 0

========================================================================
Received Import Request.
  Time since last request: 0.000072 seconds.
  path: Packages/com.unity.purchasing/Runtime/Purchasing/Stores/PaymentProvider
  artifactKey: Guid(13075746ca653476a8d3525b70bfd93c) Importer(2089858483,b0f066a214c2f5e87bad3c948f4d605d)
Start importing Packages/com.unity.purchasing/Runtime/Purchasing/Stores/PaymentProvider using Guid(13075746ca653476a8d3525b70bfd93c) Importer(2089858483,b0f066a214c2f5e87bad3c948f4d605d) (ScriptedImporter) -> (artifact id: 'd725f6cdb276b4ffd968bc46c86bb0cd') in 0.0177042 seconds
Number of updated asset objects reloaded before import = 0Number of asset objects unloaded after import = 1

========================================================================
Received Import Request.
  Time since last request: 0.000058 seconds.
  path: Packages/com.unity.services.deployment/Editor/Analytics/AnalyticProvider.cs
  artifactKey: Guid(bad495c7b1c34041bd28aaabf6970050) Importer(2089858483,b0f066a214c2f5e87bad3c948f4d605d)
Start importing Packages/com.unity.services.deployment/Editor/Analytics/AnalyticProvider.cs using Guid(bad495c7b1c34041bd28aaabf6970050) Importer(2089858483,b0f066a214c2f5e87bad3c948f4d605d) (ScriptedImporter) -> (artifact id: '7c063d662ffeae2e916f05e73bc12486') in 0.0194108 seconds
Number of updated asset objects reloaded before import = 0Number of asset objects unloaded after import = 0

========================================================================
Received Import Request.
  Time since last request: 0.000098 seconds.
  path: Packages/com.unity.microsoft.gdk/Runtime/Interop/ExtensionLibraries/HttpClient/HttpClientInterop.cs
  artifactKey: Guid(48fdbfd8176147b78ebba6c5599cbe7c) Importer(2089858483,b0f066a214c2f5e87bad3c948f4d605d)
Start importing Packages/com.unity.microsoft.gdk/Runtime/Interop/ExtensionLibraries/HttpClient/HttpClientInterop.cs using Guid(48fdbfd8176147b78ebba6c5599cbe7c) Importer(2089858483,b0f066a214c2f5e87bad3c948f4d605d) (ScriptedImporter) -> (artifact id: '694113957119db3e35839cda27080f8a') in 0.0180006 seconds
Number of updated asset objects reloaded before import = 0Number of asset objects unloaded after import = 0

========================================================================
Received Import Request.
  Time since last request: 0.000073 seconds.
  path: Packages/com.unity.services.deployment/Editor/Analytics/IDeploymentAnalytics.cs
  artifactKey: Guid(0d79e814b2a248ffbd2998380574e92b) Importer(2089858483,b0f066a214c2f5e87bad3c948f4d605d)
Start importing Packages/com.unity.services.deployment/Editor/Analytics/IDeploymentAnalytics.cs using Guid(0d79e814b2a248ffbd2998380574e92b) Importer(2089858483,b0f066a214c2f5e87bad3c948f4d605d) (ScriptedImporter) -> (artifact id: '0a17c3b3d3be8a70ab7f876404bee10a') in 0.0170887 seconds
Number of updated asset objects reloaded before import = 0Number of asset objects unloaded after import = 0

========================================================================
Received Import Request.
  Time since last request: 0.000077 seconds.
  path: Packages/com.unity.services.core/Runtime/Core.Internal/Registry
  artifactKey: Guid(0b86b5b95a96c4ed5bf7167992f203ef) Importer(2089858483,b0f066a214c2f5e87bad3c948f4d605d)
Start importing Packages/com.unity.services.core/Runtime/Core.Internal/Registry using Guid(0b86b5b95a96c4ed5bf7167992f203ef) Importer(2089858483,b0f066a214c2f5e87bad3c948f4d605d) (ScriptedImporter) -> (artifact id: 'f6a57cb4732b856cbe69416fc83a2b62') in 0.0160152 seconds
Number of updated asset objects reloaded before import = 0Number of asset objects unloaded after import = 1

========================================================================
Received Import Request.
  Time since last request: 0.000049 seconds.
  path: Packages/com.unity.services.deployment/Core/Glob/GlobEvaluator.Gen.cs
  artifactKey: Guid(6ca295e267a334c9db37d54306819511) Importer(2089858483,b0f066a214c2f5e87bad3c948f4d605d)
Start importing Packages/com.unity.services.deployment/Core/Glob/GlobEvaluator.Gen.cs using Guid(6ca295e267a334c9db37d54306819511) Importer(2089858483,b0f066a214c2f5e87bad3c948f4d605d) (ScriptedImporter) -> (artifact id: 'afb4ecccb52517de66e7399fb617da11') in 0.0170296 seconds
Number of updated asset objects reloaded before import = 0Number of asset objects unloaded after import = 0

========================================================================
Received Import Request.
  Time since last request: 0.000059 seconds.
  path: Packages/com.unity.purchasing/Runtime/UnityWebshops/Client/Apis/WebshopLinkApi.cs
  artifactKey: Guid(d9e5075f495e64c9cae5dd6eea86ba21) Importer(2089858483,b0f066a214c2f5e87bad3c948f4d605d)
Start importing Packages/com.unity.purchasing/Runtime/UnityWebshops/Client/Apis/WebshopLinkApi.cs using Guid(d9e5075f495e64c9cae5dd6eea86ba21) Importer(2089858483,b0f066a214c2f5e87bad3c948f4d605d) (ScriptedImporter) -> (artifact id: 'ac3312b0600c84cd85b4f16772077a0c') in 0.0165357 seconds
Number of updated asset objects reloaded before import = 0Number of asset objects unloaded after import = 0

========================================================================
Received Import Request.
  Time since last request: 0.000128 seconds.
  path: Packages/com.unity.services.deployment/Editor/Shared/Infrastructure/Collections/ReadOnlyObservableCollection.Gen.cs
  artifactKey: Guid(5b6a490db02b149f193ef679d1b11e4d) Importer(2089858483,b0f066a214c2f5e87bad3c948f4d605d)
Start importing Packages/com.unity.services.deployment/Editor/Shared/Infrastructure/Collections/ReadOnlyObservableCollection.Gen.cs using Guid(5b6a490db02b149f193ef679d1b11e4d) Importer(2089858483,b0f066a214c2f5e87bad3c948f4d605d) (ScriptedImporter) -> (artifact id: '3872cf72902a390f877e55ffc4d90220') in 0.0156371 seconds
Number of updated asset objects reloaded before import = 0Number of asset objects unloaded after import = 0

========================================================================
Received Import Request.
  Time since last request: 0.000075 seconds.
  path: Packages/com.unity.services.core/Runtime/Components/Unity.Services.Core.Components.asmdef
  artifactKey: Guid(96fdca1f2d7348147946226cfe61a2e1) Importer(2089858483,b0f066a214c2f5e87bad3c948f4d605d)
Start importing Packages/com.unity.services.core/Runtime/Components/Unity.Services.Core.Components.asmdef using Guid(96fdca1f2d7348147946226cfe61a2e1) Importer(2089858483,b0f066a214c2f5e87bad3c948f4d605d) (ScriptedImporter) -> (artifact id: 'f11518a9a2581f37af2fa4f29da99a5f') in 0.0156725 seconds
Number of updated asset objects reloaded before import = 0Number of asset objects unloaded after import = 1

========================================================================
Received Import Request.
  Time since last request: 0.000026 seconds.
  path: Packages/com.unity.ai.navigation/Editor/ConversionSystem/SystemConverterContainer.cs
  artifactKey: Guid(6c78b1d765d234b9c9e3a1d2b0667c47) Importer(2089858483,b0f066a214c2f5e87bad3c948f4d605d)
Start importing Packages/com.unity.ai.navigation/Editor/ConversionSystem/SystemConverterContainer.cs using Guid(6c78b1d765d234b9c9e3a1d2b0667c47) Importer(2089858483,b0f066a214c2f5e87bad3c948f4d605d) (ScriptedImporter) -> (artifact id: '7e4eb2a30e970c171d1b5a63aeb07b66') in 0.0140389 seconds
Number of updated asset objects reloaded before import = 0Number of asset objects unloaded after import = 0

========================================================================
Received Import Request.
  Time since last request: 0.000044 seconds.
  path: Packages/com.unity.purchasing/Runtime/UnityPaymentProviders/Client/Http/Responses.cs
  artifactKey: Guid(ff68ef8729a5a40dd85eceeb92b3e1ee) Importer(2089858483,b0f066a214c2f5e87bad3c948f4d605d)
Start importing Packages/com.unity.purchasing/Runtime/UnityPaymentProviders/Client/Http/Responses.cs using Guid(ff68ef8729a5a40dd85eceeb92b3e1ee) Importer(2089858483,b0f066a214c2f5e87bad3c948f4d605d) (ScriptedImporter) -> (artifact id: 'e5e40538e9b87787197530f1069eb863') in 0.0144919 seconds
Number of updated asset objects reloaded before import = 0Number of asset objects unloaded after import = 0

========================================================================
Received Import Request.
  Time since last request: 0.000027 seconds.
  path: Packages/com.unity.services.deployment/Editor/Interface/UI/Assets/DeploymentWindowStateTemplates
  artifactKey: Guid(76539e0dd73c34368bb0684134bf8085) Importer(2089858483,b0f066a214c2f5e87bad3c948f4d605d)
Start importing Packages/com.unity.services.deployment/Editor/Interface/UI/Assets/DeploymentWindowStateTemplates using Guid(76539e0dd73c34368bb0684134bf8085) Importer(2089858483,b0f066a214c2f5e87bad3c948f4d605d) (ScriptedImporter) -> (artifact id: '61ebfc5725b3b70b8aaa978c78a4c12c') in 0.0127144 seconds
Number of updated asset objects reloaded before import = 0Number of asset objects unloaded after import = 1

========================================================================
Received Import Request.
  Time since last request: 0.000039 seconds.
  path: Packages/com.unity.microsoft.gdk/Tests/PlayModeTests/AssertUtils.cs
  artifactKey: Guid(421297d5e42417042b40d90a8d3c896c) Importer(2089858483,b0f066a214c2f5e87bad3c948f4d605d)
Start importing Packages/com.unity.microsoft.gdk/Tests/PlayModeTests/AssertUtils.cs using Guid(421297d5e42417042b40d90a8d3c896c) Importer(2089858483,b0f066a214c2f5e87bad3c948f4d605d) (ScriptedImporter) -> (artifact id: '64d6bdfbf1898fc97f055ed276d5709a') in 0.0143676 seconds
Number of updated asset objects reloaded before import = 0Number of asset objects unloaded after import = 0

========================================================================
Received Import Request.
  Time since last request: 0.000060 seconds.
  path: Packages/com.unity.analytics/Tests/Editor/LevelFailTests.cs
  artifactKey: Guid(036d03e26977243fa9a2d7af48e51e08) Importer(2089858483,b0f066a214c2f5e87bad3c948f4d605d)
Start importing Packages/com.unity.analytics/Tests/Editor/LevelFailTests.cs using Guid(036d03e26977243fa9a2d7af48e51e08) Importer(2089858483,b0f066a214c2f5e87bad3c948f4d605d) (ScriptedImporter) -> (artifact id: 'e5afaad59911e300d7f9e2cdf6854d13') in 0.0147744 seconds
Number of updated asset objects reloaded before import = 0Number of asset objects unloaded after import = 0

========================================================================
Received Import Request.
  Time since last request: 0.000058 seconds.
  path: Packages/com.unity.purchasing/Runtime/Purchasing/Telemetry/Metrics/TelemetryMetricsService.cs
  artifactKey: Guid(cea968401d6c428aa32bd7a4eee6bb7c) Importer(2089858483,b0f066a214c2f5e87bad3c948f4d605d)
Start importing Packages/com.unity.purchasing/Runtime/Purchasing/Telemetry/Metrics/TelemetryMetricsService.cs using Guid(cea968401d6c428aa32bd7a4eee6bb7c) Importer(2089858483,b0f066a214c2f5e87bad3c948f4d605d) (ScriptedImporter) -> (artifact id: '9acc07d501feb1c504de168854749211') in 0.0134836 seconds
Number of updated asset objects reloaded before import = 0Number of asset objects unloaded after import = 0

========================================================================
Received Import Request.
  Time since last request: 0.000057 seconds.
  path: Packages/com.unity.purchasing/Runtime/TransactionVerifier/Client/Http
  artifactKey: Guid(63bc16261ef5143f6a7a95ec11f15d30) Importer(2089858483,b0f066a214c2f5e87bad3c948f4d605d)
Start importing Packages/com.unity.purchasing/Runtime/TransactionVerifier/Client/Http using Guid(63bc16261ef5143f6a7a95ec11f15d30) Importer(2089858483,b0f066a214c2f5e87bad3c948f4d605d) (ScriptedImporter) -> (artifact id: '1430d42a53d92b1c009156356d065a8f') in 0.0160065 seconds
Number of updated asset objects reloaded before import = 0Number of asset objects unloaded after import = 1

========================================================================
Received Import Request.
  Time since last request: 0.000022 seconds.
  path: Packages/com.unity.purchasing/Editor/ServiceProjectSettings/UI/StyleSheets/PlatformSupportVisualDark.uss
  artifactKey: Guid(85d7db48c22668e488e23d32d62dc375) Importer(2089858483,b0f066a214c2f5e87bad3c948f4d605d)
Start importing Packages/com.unity.purchasing/Editor/ServiceProjectSettings/UI/StyleSheets/PlatformSupportVisualDark.uss using Guid(85d7db48c22668e488e23d32d62dc375) Importer(2089858483,b0f066a214c2f5e87bad3c948f4d605d) (ScriptedImporter) -> (artifact id: 'a4c77d6c8fdc02cdb82d08b78b883427') in 0.0199958 seconds
Number of updated asset objects reloaded before import = 0Number of asset objects unloaded after import = 1

========================================================================
Received Import Request.
  Time since last request: 0.000023 seconds.
  path: Packages/com.unity.purchasing/Runtime/UnityLiveContentAdapter/LiveContentAdapterServiceExceptionMapper.cs
  artifactKey: Guid(0f328cf128cc948f7bb9003c959b3353) Importer(2089858483,b0f066a214c2f5e87bad3c948f4d605d)
Start importing Packages/com.unity.purchasing/Runtime/UnityLiveContentAdapter/LiveContentAdapterServiceExceptionMapper.cs using Guid(0f328cf128cc948f7bb9003c959b3353) Importer(2089858483,b0f066a214c2f5e87bad3c948f4d605d) (ScriptedImporter) -> (artifact id: 'df7b667c67fdbcc6bf32909da733a6d9') in 0.0145221 seconds
Number of updated asset objects reloaded before import = 0Number of asset objects unloaded after import = 0

========================================================================
Received Import Request.
  Time since last request: 0.000051 seconds.
  path: Packages/com.unity.services.deployment/Editor/Shared/DependencyInversion/ServiceProvider.Gen.cs
  artifactKey: Guid(678f9e5a7c75541f1ad189e69aa07e2d) Importer(2089858483,b0f066a214c2f5e87bad3c948f4d605d)
Start importing Packages/com.unity.services.deployment/Editor/Shared/DependencyInversion/ServiceProvider.Gen.cs using Guid(678f9e5a7c75541f1ad189e69aa07e2d) Importer(2089858483,b0f066a214c2f5e87bad3c948f4d605d) (ScriptedImporter) -> (artifact id: '1ec90b1b611f1cb3be7ad6dfdbf2eb8f') in 0.0142905 seconds
Number of updated asset objects reloaded before import = 0Number of asset objects unloaded after import = 0

========================================================================
Received Import Request.
  Time since last request: 0.000084 seconds.
  path: Packages/com.unity.purchasing/Runtime/Purchasing/Stores/FakeStore/FakeAppStore.cs
  artifactKey: Guid(acbb960dcb8c849488bf3d47285291d8) Importer(2089858483,b0f066a214c2f5e87bad3c948f4d605d)
Start importing Packages/com.unity.purchasing/Runtime/Purchasing/Stores/FakeStore/FakeAppStore.cs using Guid(acbb960dcb8c849488bf3d47285291d8) Importer(2089858483,b0f066a214c2f5e87bad3c948f4d605d) (ScriptedImporter) -> (artifact id: '51f03e3c5d52c5f2fd3e623a4f57662b') in 0.0137987 seconds
Number of updated asset objects reloaded before import = 0Number of asset objects unloaded after import = 0

========================================================================
Received Import Request.
  Time since last request: 0.000068 seconds.
  path: Packages/com.unity.services.core/Editor/Core/UiHelpers/USS/SliderToggleCommon.uss
  artifactKey: Guid(1a303738ae14b4b0c8a513889c711eea) Importer(2089858483,b0f066a214c2f5e87bad3c948f4d605d)
Start importing Packages/com.unity.services.core/Editor/Core/UiHelpers/USS/SliderToggleCommon.uss using Guid(1a303738ae14b4b0c8a513889c711eea) Importer(2089858483,b0f066a214c2f5e87bad3c948f4d605d) (ScriptedImporter) -> (artifact id: 'e81f1da9c4e978ffded60d489b155b08') in 0.0205511 seconds
Number of updated asset objects reloaded before import = 0Number of asset objects unloaded after import = 1

========================================================================
Received Import Request.
  Time since last request: 0.000034 seconds.
  path: Packages/com.unity.purchasing/Runtime/TransactionVerifier/Client/Http/DeserializationException.cs
  artifactKey: Guid(abe5f0a3364364bfbb661e6a706132b8) Importer(2089858483,b0f066a214c2f5e87bad3c948f4d605d)
Start importing Packages/com.unity.purchasing/Runtime/TransactionVerifier/Client/Http/DeserializationException.cs using Guid(abe5f0a3364364bfbb661e6a706132b8) Importer(2089858483,b0f066a214c2f5e87bad3c948f4d605d) (ScriptedImporter) -> (artifact id: '9cbca0813daf805ee2b035504bc9a7a5') in 0.0145273 seconds
Number of updated asset objects reloaded before import = 0Number of asset objects unloaded after import = 0

========================================================================
Received Import Request.
  Time since last request: 0.000084 seconds.
  path: Packages/com.unity.services.deployment/Editor/Interface/UI/Serialization
  artifactKey: Guid(bd6896ec305748ceb65a989b87807d30) Importer(2089858483,b0f066a214c2f5e87bad3c948f4d605d)
Start importing Packages/com.unity.services.deployment/Editor/Interface/UI/Serialization using Guid(bd6896ec305748ceb65a989b87807d30) Importer(2089858483,b0f066a214c2f5e87bad3c948f4d605d) (ScriptedImporter) -> (artifact id: '3a78be84edb103cbd807626a418d47dd') in 0.0171796 seconds
Number of updated asset objects reloaded before import = 0Number of asset objects unloaded after import = 1

========================================================================
Received Import Request.
  Time since last request: 0.000023 seconds.
  path: Packages/com.unity.services.deployment/Editor/Interface/UI/Views
  artifactKey: Guid(c78bbd53c2a084a72955b8fb1858adbb) Importer(2089858483,b0f066a214c2f5e87bad3c948f4d605d)
Start importing Packages/com.unity.services.deployment/Editor/Interface/UI/Views using Guid(c78bbd53c2a084a72955b8fb1858adbb) Importer(2089858483,b0f066a214c2f5e87bad3c948f4d605d) (ScriptedImporter) -> (artifact id: '4b96068c9d9b2742799fc7bdb898c934') in 0.0152847 seconds
Number of updated asset objects reloaded before import = 0Number of asset objects unloaded after import = 1

========================================================================
Received Import Request.
  Time since last request: 0.000050 seconds.
  path: Packages/com.unity.microsoft.gdk/Runtime/XBL/Multiplayer/XblMultiplayerSessionNumberAttribute.cs
  artifactKey: Guid(3022b657f16cef043b49e681365e6c9d) Importer(2089858483,b0f066a214c2f5e87bad3c948f4d605d)
Start importing Packages/com.unity.microsoft.gdk/Runtime/XBL/Multiplayer/XblMultiplayerSessionNumberAttribute.cs using Guid(3022b657f16cef043b49e681365e6c9d) Importer(2089858483,b0f066a214c2f5e87bad3c948f4d605d) (ScriptedImporter) -> (artifact id: 'eecadbcab1fbea2b489c312029a6e67e') in 0.0185898 seconds
Number of updated asset objects reloaded before import = 0Number of asset objects unloaded after import = 0

========================================================================
Received Import Request.
  Time since last request: 0.000046 seconds.
  path: Packages/com.unity.purchasing/Runtime/TransactionVerifier/Interfaces
  artifactKey: Guid(071b024491b5410ca84c153ea8cff88d) Importer(2089858483,b0f066a214c2f5e87bad3c948f4d605d)
Start importing Packages/com.unity.purchasing/Runtime/TransactionVerifier/Interfaces using Guid(071b024491b5410ca84c153ea8cff88d) Importer(2089858483,b0f066a214c2f5e87bad3c948f4d605d) (ScriptedImporter) -> (artifact id: '4c3dfb6043d76d62271120d997937fd5') in 0.0183764 seconds
Number of updated asset objects reloaded before import = 0Number of asset objects unloaded after import = 1

========================================================================
Received Import Request.
  Time since last request: 0.000034 seconds.
  path: Packages/com.unity.services.deployment.api/Editor/DeploymentWindowApi/IFetchHandler.cs
  artifactKey: Guid(64308261a32f4ede9e85b57a0fabb78a) Importer(2089858483,b0f066a214c2f5e87bad3c948f4d605d)
Start importing Packages/com.unity.services.deployment.api/Editor/DeploymentWindowApi/IFetchHandler.cs using Guid(64308261a32f4ede9e85b57a0fabb78a) Importer(2089858483,b0f066a214c2f5e87bad3c948f4d605d) (ScriptedImporter) -> (artifact id: 'cf306ce7c53f81d9a061841f153dd23a') in 0.0190707 seconds
Number of updated asset objects reloaded before import = 0Number of asset objects unloaded after import = 0

========================================================================
Received Import Request.
  Time since last request: 0.000059 seconds.
  path: Packages/com.unity.purchasing/Runtime/SecurityCore/GooglePlayReceipt.cs
  artifactKey: Guid(8debfc8dc3d164b3e806c71a7cbdb39b) Importer(2089858483,b0f066a214c2f5e87bad3c948f4d605d)
Start importing Packages/com.unity.purchasing/Runtime/SecurityCore/GooglePlayReceipt.cs using Guid(8debfc8dc3d164b3e806c71a7cbdb39b) Importer(2089858483,b0f066a214c2f5e87bad3c948f4d605d) (ScriptedImporter) -> (artifact id: '55d322a4e82077780d64ece9e6de0968') in 0.0200449 seconds
Number of updated asset objects reloaded before import = 0Number of asset objects unloaded after import = 0

========================================================================
Received Import Request.
  Time since last request: 0.000042 seconds.
  path: Packages/com.unity.purchasing/Runtime/Purchasing/Extension/ProductCache.cs
  artifactKey: Guid(8e70cd920fd842459b08b09ba8ea2935) Importer(2089858483,b0f066a214c2f5e87bad3c948f4d605d)
Start importing Packages/com.unity.purchasing/Runtime/Purchasing/Extension/ProductCache.cs using Guid(8e70cd920fd842459b08b09ba8ea2935) Importer(2089858483,b0f066a214c2f5e87bad3c948f4d605d) (ScriptedImporter) -> (artifact id: 'd9e2da294a349521768678039551b90f') in 0.0147002 seconds
Number of updated asset objects reloaded before import = 0Number of asset objects unloaded after import = 0

========================================================================
Received Import Request.
  Time since last request: 0.000055 seconds.
  path: Packages/com.unity.services.core/Editor
  artifactKey: Guid(b53dd038fe96141b3ad1e6676408d00b) Importer(2089858483,b0f066a214c2f5e87bad3c948f4d605d)
Start importing Packages/com.unity.services.core/Editor using Guid(b53dd038fe96141b3ad1e6676408d00b) Importer(2089858483,b0f066a214c2f5e87bad3c948f4d605d) (ScriptedImporter) -> (artifact id: 'ade9b79e629cfe8d906d316f5d9252e0') in 0.0146979 seconds
Number of updated asset objects reloaded before import = 0Number of asset objects unloaded after import = 1

========================================================================
Received Import Request.
  Time since last request: 0.000044 seconds.
  path: Packages/com.unity.services.core/Editor/Core/Shared/UI/Notifications.Gen.cs
  artifactKey: Guid(e458f0c9e41704ab0b65539d4ea32d81) Importer(2089858483,b0f066a214c2f5e87bad3c948f4d605d)
Start importing Packages/com.unity.services.core/Editor/Core/Shared/UI/Notifications.Gen.cs using Guid(e458f0c9e41704ab0b65539d4ea32d81) Importer(2089858483,b0f066a214c2f5e87bad3c948f4d605d) (ScriptedImporter) -> (artifact id: '9507a782dd1e80163d6db3765325fc4e') in 0.0184713 seconds
Number of updated asset objects reloaded before import = 0Number of asset objects unloaded after import = 0

========================================================================
Received Import Request.
  Time since last request: 0.000074 seconds.
  path: Packages/com.unity.purchasing/Runtime/Stores/Android/GooglePlay/AAR/MetricizedGooglePlayStoreService.cs
  artifactKey: Guid(80db1340fe9c418cbde8ce9df2eb8dc4) Importer(2089858483,b0f066a214c2f5e87bad3c948f4d605d)
Start importing Packages/com.unity.purchasing/Runtime/Stores/Android/GooglePlay/AAR/MetricizedGooglePlayStoreService.cs using Guid(80db1340fe9c418cbde8ce9df2eb8dc4) Importer(2089858483,b0f066a214c2f5e87bad3c948f4d605d) (ScriptedImporter) -> (artifact id: '756e4f85c12aaeeb889cce112dd77fbc') in 0.0164508 seconds
Number of updated asset objects reloaded before import = 0Number of asset objects unloaded after import = 0

========================================================================
Received Import Request.
  Time since last request: 0.000061 seconds.
  path: Packages/com.unity.purchasing/Editor/Shared/DependencyInversion/Factories.Gen.cs
  artifactKey: Guid(0f90301b4d36413aa1a347cae116d953) Importer(2089858483,b0f066a214c2f5e87bad3c948f4d605d)
Start importing Packages/com.unity.purchasing/Editor/Shared/DependencyInversion/Factories.Gen.cs using Guid(0f90301b4d36413aa1a347cae116d953) Importer(2089858483,b0f066a214c2f5e87bad3c948f4d605d) (ScriptedImporter) -> (artifact id: '40e8b51c47f2d410569896f51b1a3a27') in 0.0170399 seconds
Number of updated asset objects reloaded before import = 0Number of asset objects unloaded after import = 0

========================================================================
Received Import Request.
  Time since last request: 0.000033 seconds.
  path: Packages/com.unity.microsoft.gdk/Runtime/XBL/MultiplayerManager/XblTournamentGameResultWithRank.cs
  artifactKey: Guid(82647209317d8754289a4b81c1975b8d) Importer(2089858483,b0f066a214c2f5e87bad3c948f4d605d)
Start importing Packages/com.unity.microsoft.gdk/Runtime/XBL/MultiplayerManager/XblTournamentGameResultWithRank.cs using Guid(82647209317d8754289a4b81c1975b8d) Importer(2089858483,b0f066a214c2f5e87bad3c948f4d605d) (ScriptedImporter) -> (artifact id: '23973caa23ef2f657233fc86763d1b9a') in 0.0161801 seconds
Number of updated asset objects reloaded before import = 0Number of asset objects unloaded after import = 0

========================================================================
Received Import Request.
  Time since last request: 0.000056 seconds.
  path: Packages/com.unity.microsoft.gdk/Runtime/XBL/MultiplayerManager/XblMultiplayerPeerToHostRequirements.cs
  artifactKey: Guid(be4bb15368d04dc43b04d89cce10e4b4) Importer(2089858483,b0f066a214c2f5e87bad3c948f4d605d)
Start importing Packages/com.unity.microsoft.gdk/Runtime/XBL/MultiplayerManager/XblMultiplayerPeerToHostRequirements.cs using Guid(be4bb15368d04dc43b04d89cce10e4b4) Importer(2089858483,b0f066a214c2f5e87bad3c948f4d605d) (ScriptedImporter) -> (artifact id: '91c560ae4436d01762c8dbc2971f47ab') in 0.0169094 seconds
Number of updated asset objects reloaded before import = 0Number of asset objects unloaded after import = 0

========================================================================
Received Import Request.
  Time since last request: 0.000128 seconds.
  path: Packages/com.unity.purchasing/Runtime/Purchasing/Legacy
  artifactKey: Guid(f053a9705be34ef0bbba1abb9b0195d4) Importer(2089858483,b0f066a214c2f5e87bad3c948f4d605d)
Start importing Packages/com.unity.purchasing/Runtime/Purchasing/Legacy using Guid(f053a9705be34ef0bbba1abb9b0195d4) Importer(2089858483,b0f066a214c2f5e87bad3c948f4d605d) (ScriptedImporter) -> (artifact id: 'cb57db9f80017cbf72db3f80c169ad40') in 0.0142446 seconds
Number of updated asset objects reloaded before import = 0Number of asset objects unloaded after import = 1

========================================================================
Received Import Request.
  Time since last request: 0.000021 seconds.
  path: Packages/com.unity.purchasing/Editor/Authoring/Core/Validations/DuplicateResourceValidation.cs
  artifactKey: Guid(a5ca2c32167d5b94ea9d34a6862d1707) Importer(2089858483,b0f066a214c2f5e87bad3c948f4d605d)
Start importing Packages/com.unity.purchasing/Editor/Authoring/Core/Validations/DuplicateResourceValidation.cs using Guid(a5ca2c32167d5b94ea9d34a6862d1707) Importer(2089858483,b0f066a214c2f5e87bad3c948f4d605d) (ScriptedImporter) -> (artifact id: 'ffd13d247e324841cd261418fcb054bd') in 0.0148768 seconds
Number of updated asset objects reloaded before import = 0Number of asset objects unloaded after import = 0

========================================================================
Received Import Request.
  Time since last request: 0.000046 seconds.
  path: Packages/com.unity.purchasing/Runtime/Purchasing/Stores/AppleAppStore/AppleStorefront.cs
  artifactKey: Guid(867e1a8cb1795475cb0a3356c82752ad) Importer(2089858483,b0f066a214c2f5e87bad3c948f4d605d)
Start importing Packages/com.unity.purchasing/Runtime/Purchasing/Stores/AppleAppStore/AppleStorefront.cs using Guid(867e1a8cb1795475cb0a3356c82752ad) Importer(2089858483,b0f066a214c2f5e87bad3c948f4d605d) (ScriptedImporter) -> (artifact id: 'ad0193b0cfef120b22cbac268068449d') in 0.0153933 seconds
Number of updated asset objects reloaded before import = 0Number of asset objects unloaded after import = 0

========================================================================
Received Import Request.
  Time since last request: 0.000043 seconds.
  path: Packages/com.unity.purchasing/Editor/Analytics/Events/GenericEditorEditFieldEvent.cs
  artifactKey: Guid(9b05a4288ddb4624c9396d6bf53dc6fb) Importer(2089858483,b0f066a214c2f5e87bad3c948f4d605d)
Start importing Packages/com.unity.purchasing/Editor/Analytics/Events/GenericEditorEditFieldEvent.cs using Guid(9b05a4288ddb4624c9396d6bf53dc6fb) Importer(2089858483,b0f066a214c2f5e87bad3c948f4d605d) (ScriptedImporter) -> (artifact id: '43aa7efddeca1d1ee27187e0e2425ba4') in 0.0149544 seconds
Number of updated asset objects reloaded before import = 0Number of asset objects unloaded after import = 0

========================================================================
Received Import Request.
  Time since last request: 0.000044 seconds.
  path: Packages/com.unity.services.core/Editor/Core/Environments/Client/Http/ResponseHandler.cs
  artifactKey: Guid(4c736f93ef06a426e92c0e72ceb077f9) Importer(2089858483,b0f066a214c2f5e87bad3c948f4d605d)
Start importing Packages/com.unity.services.core/Editor/Core/Environments/Client/Http/ResponseHandler.cs using Guid(4c736f93ef06a426e92c0e72ceb077f9) Importer(2089858483,b0f066a214c2f5e87bad3c948f4d605d) (ScriptedImporter) -> (artifact id: '20ebb5076ef3ee993403dfbce91b9d94') in 0.0147652 seconds
Number of updated asset objects reloaded before import = 0Number of asset objects unloaded after import = 0

========================================================================
Received Import Request.
  Time since last request: 0.000077 seconds.
  path: Packages/com.unity.purchasing/Runtime/Purchasing/Core/Product/Models/ProductFetchFailureDescription.cs
  artifactKey: Guid(7360e4fa9d3e431498e2b8368c6ea1d8) Importer(2089858483,b0f066a214c2f5e87bad3c948f4d605d)
Start importing Packages/com.unity.purchasing/Runtime/Purchasing/Core/Product/Models/ProductFetchFailureDescription.cs using Guid(7360e4fa9d3e431498e2b8368c6ea1d8) Importer(2089858483,b0f066a214c2f5e87bad3c948f4d605d) (ScriptedImporter) -> (artifact id: '8bffbd7784b533fbb5d1beb0d612dd2c') in 0.0149426 seconds
Number of updated asset objects reloaded before import = 0Number of asset objects unloaded after import = 0

========================================================================
Received Import Request.
  Time since last request: 0.000065 seconds.
  path: Packages/com.unity.microsoft.gdk/Runtime/XBL/Achievements/XblAchievementParticipationType.cs
  artifactKey: Guid(e58b4b922b634b5cb761f51dede0c0ec) Importer(2089858483,b0f066a214c2f5e87bad3c948f4d605d)
Start importing Packages/com.unity.microsoft.gdk/Runtime/XBL/Achievements/XblAchievementParticipationType.cs using Guid(e58b4b922b634b5cb761f51dede0c0ec) Importer(2089858483,b0f066a214c2f5e87bad3c948f4d605d) (ScriptedImporter) -> (artifact id: '968a49a92fb8bfa269f8367335b0d584') in 0.0133979 seconds
Number of updated asset objects reloaded before import = 0Number of asset objects unloaded after import = 0

========================================================================
Received Import Request.
  Time since last request: 0.000023 seconds.
  path: Packages/com.unity.services.core/Runtime/Scheduler/TimeProvider
  artifactKey: Guid(89da8fcade106e248a5d3190a19d35e3) Importer(2089858483,b0f066a214c2f5e87bad3c948f4d605d)
Start importing Packages/com.unity.services.core/Runtime/Scheduler/TimeProvider using Guid(89da8fcade106e248a5d3190a19d35e3) Importer(2089858483,b0f066a214c2f5e87bad3c948f4d605d) (ScriptedImporter) -> (artifact id: 'fa3a081c98c4d0f0529b0a7f26bdc600') in 0.01323 seconds
Number of updated asset objects reloaded before import = 0Number of asset objects unloaded after import = 1

========================================================================
Received Import Request.
  Time since last request: 0.000022 seconds.
  path: Packages/com.unity.purchasing/Runtime/Purchasing/Core/Exceptions/IapException.cs
  artifactKey: Guid(88f9dec5d470423dbc6a2ff3e17cb0a0) Importer(2089858483,b0f066a214c2f5e87bad3c948f4d605d)
Start importing Packages/com.unity.purchasing/Runtime/Purchasing/Core/Exceptions/IapException.cs using Guid(88f9dec5d470423dbc6a2ff3e17cb0a0) Importer(2089858483,b0f066a214c2f5e87bad3c948f4d605d) (ScriptedImporter) -> (artifact id: '6900cc00edb1a1facbd10542dbb47746') in 0.0174298 seconds
Number of updated asset objects reloaded before import = 0Number of asset objects unloaded after import = 0

========================================================================
Received Import Request.
  Time since last request: 1.730374 seconds.
  path: Packages/com.unity.services.core/Runtime/Core.Internal/Components/Device
  artifactKey: Guid(d7e60a737f3cb463e9a120fbe29854e8) Importer(2089858483,b0f066a214c2f5e87bad3c948f4d605d)
Start importing Packages/com.unity.services.core/Runtime/Core.Internal/Components/Device using Guid(d7e60a737f3cb463e9a120fbe29854e8) Importer(2089858483,b0f066a214c2f5e87bad3c948f4d605d) (ScriptedImporter) -> (artifact id: '1d53d28266c2a5962ea32db301df5920') in 0.0140108 seconds
Number of updated asset objects reloaded before import = 0Number of asset objects unloaded after import = 1

========================================================================
Received Import Request.
  Time since last request: 0.000022 seconds.
  path: Packages/com.unity.microsoft.gdk/Runtime/Interop/XBL/TitleManagedStats
  artifactKey: Guid(89df375d06964ccf970e08b7a5f4a8f1) Importer(2089858483,b0f066a214c2f5e87bad3c948f4d605d)
Start importing Packages/com.unity.microsoft.gdk/Runtime/Interop/XBL/TitleManagedStats using Guid(89df375d06964ccf970e08b7a5f4a8f1) Importer(2089858483,b0f066a214c2f5e87bad3c948f4d605d) (ScriptedImporter) -> (artifact id: 'dd3f58c2336a88aab92fbcb226973482') in 0.0131262 seconds
Number of updated asset objects reloaded before import = 0Number of asset objects unloaded after import = 1

========================================================================
Received Import Request.
  Time since last request: 0.000023 seconds.
  path: Packages/com.unity.services.core/Editor/Core/Shared/UI
  artifactKey: Guid(b4fc3055cf6dc4fafbc6b9127838f447) Importer(2089858483,b0f066a214c2f5e87bad3c948f4d605d)
Start importing Packages/com.unity.services.core/Editor/Core/Shared/UI using Guid(b4fc3055cf6dc4fafbc6b9127838f447) Importer(2089858483,b0f066a214c2f5e87bad3c948f4d605d) (ScriptedImporter) -> (artifact id: '32901b2f8a6402ab7b018e98309350ee') in 0.0128391 seconds
Number of updated asset objects reloaded before import = 0Number of asset objects unloaded after import = 1

========================================================================
Received Import Request.
  Time since last request: 0.000054 seconds.
  path: Packages/com.unity.purchasing/Runtime/Purchasing/Legacy/Extensions/Interfaces/IGooglePlayStoreExtensions.cs
  artifactKey: Guid(356bae572ae84b2c8155ede52c806f94) Importer(2089858483,b0f066a214c2f5e87bad3c948f4d605d)
Start importing Packages/com.unity.purchasing/Runtime/Purchasing/Legacy/Extensions/Interfaces/IGooglePlayStoreExtensions.cs using Guid(356bae572ae84b2c8155ede52c806f94) Importer(2089858483,b0f066a214c2f5e87bad3c948f4d605d) (ScriptedImporter) -> (artifact id: 'a53e32b71b421d7da9ad217fd8164f35') in 0.0136949 seconds
Number of updated asset objects reloaded before import = 0Number of asset objects unloaded after import = 0

========================================================================
Received Import Request.
  Time since last request: 0.000063 seconds.
  path: Packages/com.unity.microsoft.gdk/Runtime/XBL/SocialManager/XblSocialManagerPresenceTitleRecord.cs
  artifactKey: Guid(0265c39cfc0d4d6086f08df57945bfba) Importer(2089858483,b0f066a214c2f5e87bad3c948f4d605d)
Start importing Packages/com.unity.microsoft.gdk/Runtime/XBL/SocialManager/XblSocialManagerPresenceTitleRecord.cs using Guid(0265c39cfc0d4d6086f08df57945bfba) Importer(2089858483,b0f066a214c2f5e87bad3c948f4d605d) (ScriptedImporter) -> (artifact id: '77af5da506e76b7c8d96ac4df14ffdeb') in 0.0123884 seconds
Number of updated asset objects reloaded before import = 0Number of asset objects unloaded after import = 0

========================================================================
Received Import Request.
  Time since last request: 0.000109 seconds.
  path: Packages/com.unity.purchasing/Runtime/UnityWebshops/Models/WebshopException.cs
  artifactKey: Guid(277a4685dff14f94b82650121efc5d8e) Importer(2089858483,b0f066a214c2f5e87bad3c948f4d605d)
Start importing Packages/com.unity.purchasing/Runtime/UnityWebshops/Models/WebshopException.cs using Guid(277a4685dff14f94b82650121efc5d8e) Importer(2089858483,b0f066a214c2f5e87bad3c948f4d605d) (ScriptedImporter) -> (artifact id: '25f8ff58134f29bf6fadf57d0abcfa89') in 0.0155768 seconds
Number of updated asset objects reloaded before import = 0Number of asset objects unloaded after import = 0

========================================================================
Received Import Request.
  Time since last request: 0.000116 seconds.
  path: Packages/com.unity.microsoft.gdk/Runtime/Interop/XGameSaveFilesInterop.cs
  artifactKey: Guid(3f93b6757e3a45f478b4628f6aa0825a) Importer(2089858483,b0f066a214c2f5e87bad3c948f4d605d)
Start importing Packages/com.unity.microsoft.gdk/Runtime/Interop/XGameSaveFilesInterop.cs using Guid(3f93b6757e3a45f478b4628f6aa0825a) Importer(2089858483,b0f066a214c2f5e87bad3c948f4d605d) (ScriptedImporter) -> (artifact id: 'c592a5365a799e60602c642bda2e8e14') in 0.0141005 seconds
Number of updated asset objects reloaded before import = 0Number of asset objects unloaded after import = 0

========================================================================
Received Import Request.
  Time since last request: 0.000119 seconds.
  path: Packages/com.unity.microsoft.gdk/Runtime/Interop/XBL
  artifactKey: Guid(88b4407a57bc4622aa6901450e9a1a5a) Importer(2089858483,b0f066a214c2f5e87bad3c948f4d605d)
Start importing Packages/com.unity.microsoft.gdk/Runtime/Interop/XBL using Guid(88b4407a57bc4622aa6901450e9a1a5a) Importer(2089858483,b0f066a214c2f5e87bad3c948f4d605d) (ScriptedImporter) -> (artifact id: '4282abcabe9c94970958036cd1554c2b') in 0.0134885 seconds
Number of updated asset objects reloaded before import = 0Number of asset objects unloaded after import = 1

========================================================================
Received Import Request.
  Time since last request: 0.000050 seconds.
  path: Packages/com.unity.purchasing/AiAssistantSkills/in-app-purchases/references/api-notes.md
  artifactKey: Guid(1ab6653b394614aa3b2e98475afd621e) Importer(2089858483,b0f066a214c2f5e87bad3c948f4d605d)
Start importing Packages/com.unity.purchasing/AiAssistantSkills/in-app-purchases/references/api-notes.md using Guid(1ab6653b394614aa3b2e98475afd621e) Importer(2089858483,b0f066a214c2f5e87bad3c948f4d605d) (ScriptedImporter) -> (artifact id: '10e43da84b6aea4866edea2809f8ad38') in 0.0151355 seconds
Number of updated asset objects reloaded before import = 0Number of asset objects unloaded after import = 1

========================================================================
Received Import Request.
  Time since last request: 0.000057 seconds.
  path: Packages/com.unity.purchasing/Editor/Shared/DependencyInversion/DependencyNotFoundException.Gen.cs
  artifactKey: Guid(990969757a3f45c6819b1e426c8a11e2) Importer(2089858483,b0f066a214c2f5e87bad3c948f4d605d)
Start importing Packages/com.unity.purchasing/Editor/Shared/DependencyInversion/DependencyNotFoundException.Gen.cs using Guid(990969757a3f45c6819b1e426c8a11e2) Importer(2089858483,b0f066a214c2f5e87bad3c948f4d605d) (ScriptedImporter) -> (artifact id: '8c4fb29a2e8285ebc48e553296075e02') in 0.0162595 seconds
Number of updated asset objects reloaded before import = 0Number of asset objects unloaded after import = 0

========================================================================
Received Import Request.
  Time since last request: 0.000066 seconds.
  path: Packages/com.unity.microsoft.gdk/Runtime/XBL/Http/HC.cs
  artifactKey: Guid(7b9b277e4353420c97b743f29b742d3c) Importer(2089858483,b0f066a214c2f5e87bad3c948f4d605d)
Start importing Packages/com.unity.microsoft.gdk/Runtime/XBL/Http/HC.cs using Guid(7b9b277e4353420c97b743f29b742d3c) Importer(2089858483,b0f066a214c2f5e87bad3c948f4d605d) (ScriptedImporter) -> (artifact id: '01ba6ab5b609b1119debef292e04c030') in 0.0168891 seconds
Number of updated asset objects reloaded before import = 0Number of asset objects unloaded after import = 0

========================================================================
Received Import Request.
  Time since last request: 0.000077 seconds.
  path: Packages/com.unity.services.core/Runtime/Scheduler/Unity.Services.Core.Scheduler.asmdef
  artifactKey: Guid(13e422d7b3aa04e7994f974a3d50c391) Importer(2089858483,b0f066a214c2f5e87bad3c948f4d605d)
Start importing Packages/com.unity.services.core/Runtime/Scheduler/Unity.Services.Core.Scheduler.asmdef using Guid(13e422d7b3aa04e7994f974a3d50c391) Importer(2089858483,b0f066a214c2f5e87bad3c948f4d605d) (ScriptedImporter) -> (artifact id: '39150a1792b3fc819a41add2befed969') in 0.0147754 seconds
Number of updated asset objects reloaded before import = 0Number of asset objects unloaded after import = 1

========================================================================
Received Import Request.
  Time since last request: 0.000024 seconds.
  path: Packages/com.unity.purchasing/Runtime/TransactionVerifier/Client/Models/GoogleTransactionDto.cs
  artifactKey: Guid(2f13429a6917241998b5e1eb07fceb8a) Importer(2089858483,b0f066a214c2f5e87bad3c948f4d605d)
Start importing Packages/com.unity.purchasing/Runtime/TransactionVerifier/Client/Models/GoogleTransactionDto.cs using Guid(2f13429a6917241998b5e1eb07fceb8a) Importer(2089858483,b0f066a214c2f5e87bad3c948f4d605d) (ScriptedImporter) -> (artifact id: '6704547a563aabc1d7d34db1a095c618') in 0.0149832 seconds
Number of updated asset objects reloaded before import = 0Number of asset objects unloaded after import = 0

========================================================================
Received Import Request.
  Time since last request: 0.000039 seconds.
  path: Packages/com.unity.purchasing/Runtime/Purchasing/Telemetry/Diagnostics/Interfaces/ITelemetryDiagnostics.cs
  artifactKey: Guid(74c11f3a05d74a6b9cd665300bd0de76) Importer(2089858483,b0f066a214c2f5e87bad3c948f4d605d)
Start importing Packages/com.unity.purchasing/Runtime/Purchasing/Telemetry/Diagnostics/Interfaces/ITelemetryDiagnostics.cs using Guid(74c11f3a05d74a6b9cd665300bd0de76) Importer(2089858483,b0f066a214c2f5e87bad3c948f4d605d) (ScriptedImporter) -> (artifact id: '034f4315891d84d813d7352484e61612') in 0.0169803 seconds
Number of updated asset objects reloaded before import = 0Number of asset objects unloaded after import = 0

========================================================================
Received Import Request.
  Time since last request: 0.000057 seconds.
  path: Packages/com.unity.purchasing/Editor/Shared/Analytics/ICommonAnalyticProvider.Gen.cs
  artifactKey: Guid(fc7e0c94205f420db161305710e3e4d4) Importer(2089858483,b0f066a214c2f5e87bad3c948f4d605d)
Start importing Packages/com.unity.purchasing/Editor/Shared/Analytics/ICommonAnalyticProvider.Gen.cs using Guid(fc7e0c94205f420db161305710e3e4d4) Importer(2089858483,b0f066a214c2f5e87bad3c948f4d605d) (ScriptedImporter) -> (artifact id: '5bb29f7dea0e29af623657823cd729b5') in 0.0171047 seconds
Number of updated asset objects reloaded before import = 0Number of asset objects unloaded after import = 0

========================================================================
Received Import Request.
  Time since last request: 0.000141 seconds.
  path: Packages/com.unity.purchasing/Runtime/Purchasing/IDs.cs
  artifactKey: Guid(0bb1add4860b48a59a781faac9fc534f) Importer(2089858483,b0f066a214c2f5e87bad3c948f4d605d)
Start importing Packages/com.unity.purchasing/Runtime/Purchasing/IDs.cs using Guid(0bb1add4860b48a59a781faac9fc534f) Importer(2089858483,b0f066a214c2f5e87bad3c948f4d605d) (ScriptedImporter) -> (artifact id: '206448f4d3e8bf86e037da3d03eb1b11') in 0.0146941 seconds
Number of updated asset objects reloaded before import = 0Number of asset objects unloaded after import = 0

========================================================================
Received Import Request.
  Time since last request: 0.000059 seconds.
  path: Packages/com.unity.services.deployment.api/Editor/DeploymentWindowApi/ITypedItem.cs
  artifactKey: Guid(2d3bf333d2294d37ae204d548225f117) Importer(2089858483,b0f066a214c2f5e87bad3c948f4d605d)
Start importing Packages/com.unity.services.deployment.api/Editor/DeploymentWindowApi/ITypedItem.cs using Guid(2d3bf333d2294d37ae204d548225f117) Importer(2089858483,b0f066a214c2f5e87bad3c948f4d605d) (ScriptedImporter) -> (artifact id: 'e91b94a2b76cc0df83c9136fe35ce23d') in 0.0159529 seconds
Number of updated asset objects reloaded before import = 0Number of asset objects unloaded after import = 0

========================================================================
Received Import Request.
  Time since last request: 0.000095 seconds.
  path: Packages/com.unity.microsoft.gdk/Runtime/Interop/XPackageInterop.cs
  artifactKey: Guid(c3a1875f9dee57941b0146710210c104) Importer(2089858483,b0f066a214c2f5e87bad3c948f4d605d)
Start importing Packages/com.unity.microsoft.gdk/Runtime/Interop/XPackageInterop.cs using Guid(c3a1875f9dee57941b0146710210c104) Importer(2089858483,b0f066a214c2f5e87bad3c948f4d605d) (ScriptedImporter) -> (artifact id: '00a8b3d578b639474f74ee12135e300d') in 0.0169856 seconds
Number of updated asset objects reloaded before import = 0Number of asset objects unloaded after import = 0

========================================================================
Received Import Request.
  Time since last request: 0.000080 seconds.
  path: Packages/com.unity.purchasing/Runtime/SecurityCore/IPurchaseReceipt.cs
  artifactKey: Guid(6094c2d5f98eb48eeb06e79ec627d393) Importer(2089858483,b0f066a214c2f5e87bad3c948f4d605d)
Start importing Packages/com.unity.purchasing/Runtime/SecurityCore/IPurchaseReceipt.cs using Guid(6094c2d5f98eb48eeb06e79ec627d393) Importer(2089858483,b0f066a214c2f5e87bad3c948f4d605d) (ScriptedImporter) -> (artifact id: 'df39fad327fa3a56959ea84c857b242b') in 0.0161159 seconds
Number of updated asset objects reloaded before import = 0Number of asset objects unloaded after import = 0

========================================================================
Received Import Request.
  Time since last request: 0.000103 seconds.
  path: Packages/com.unity.services.core/Runtime/Core.Internal/UnityServicesInternal.cs
  artifactKey: Guid(7c35d1c1d5e24fde8799f049b1e07535) Importer(2089858483,b0f066a214c2f5e87bad3c948f4d605d)
Start importing Packages/com.unity.services.core/Runtime/Core.Internal/UnityServicesInternal.cs using Guid(7c35d1c1d5e24fde8799f049b1e07535) Importer(2089858483,b0f066a214c2f5e87bad3c948f4d605d) (ScriptedImporter) -> (artifact id: 'eeab72cbf2395ab64ed6169c3f25ba4a') in 0.0152783 seconds
Number of updated asset objects reloaded before import = 0Number of asset objects unloaded after import = 0

========================================================================
Received Import Request.
  Time since last request: 0.000081 seconds.
  path: Packages/com.unity.purchasing/Runtime/UnityWebshops/Models/CloudProjectAuthenticationException.cs
  artifactKey: Guid(2e42511c6e224552886a402b3137a4df) Importer(2089858483,b0f066a214c2f5e87bad3c948f4d605d)
Start importing Packages/com.unity.purchasing/Runtime/UnityWebshops/Models/CloudProjectAuthenticationException.cs using Guid(2e42511c6e224552886a402b3137a4df) Importer(2089858483,b0f066a214c2f5e87bad3c948f4d605d) (ScriptedImporter) -> (artifact id: '2d52dde83b775c004b24caa6bfbc1b3c') in 0.0159445 seconds
Number of updated asset objects reloaded before import = 0Number of asset objects unloaded after import = 0

========================================================================
Received Import Request.
  Time since last request: 0.000073 seconds.
  path: Packages/com.unity.purchasing/Editor/ServiceProjectSettings/Entity/Consts/PurchasingUrls.cs
  artifactKey: Guid(22efddbf3548b419e835532542845f36) Importer(2089858483,b0f066a214c2f5e87bad3c948f4d605d)
Start importing Packages/com.unity.purchasing/Editor/ServiceProjectSettings/Entity/Consts/PurchasingUrls.cs using Guid(22efddbf3548b419e835532542845f36) Importer(2089858483,b0f066a214c2f5e87bad3c948f4d605d) (ScriptedImporter) -> (artifact id: '10cabf88168cd701d9a651daeda03ce5') in 0.0188966 seconds
Number of updated asset objects reloaded before import = 0Number of asset objects unloaded after import = 0

========================================================================
Received Import Request.
  Time since last request: 0.000065 seconds.
  path: Packages/com.unity.purchasing/Editor/Authoring/Core/CatalogItemDto.cs
  artifactKey: Guid(82e6381e881846e08f0409e79b043dfb) Importer(2089858483,b0f066a214c2f5e87bad3c948f4d605d)
Start importing Packages/com.unity.purchasing/Editor/Authoring/Core/CatalogItemDto.cs using Guid(82e6381e881846e08f0409e79b043dfb) Importer(2089858483,b0f066a214c2f5e87bad3c948f4d605d) (ScriptedImporter) -> (artifact id: 'fc7bdd9b0a8a0528b343785e415a3339') in 0.0164983 seconds
Number of updated asset objects reloaded before import = 0Number of asset objects unloaded after import = 0

========================================================================
Received Import Request.
  Time since last request: 0.000062 seconds.
  path: Packages/com.unity.services.analytics/package.json
  artifactKey: Guid(1214e5b938827470b85d454683e058ad) Importer(2089858483,b0f066a214c2f5e87bad3c948f4d605d)
Start importing Packages/com.unity.services.analytics/package.json using Guid(1214e5b938827470b85d454683e058ad) Importer(2089858483,b0f066a214c2f5e87bad3c948f4d605d) (ScriptedImporter) -> (artifact id: '6cd1c29159c2d548a5e17daada916856') in 0.0159479 seconds
Number of updated asset objects reloaded before import = 0Number of asset objects unloaded after import = 1

========================================================================
Received Import Request.
  Time since last request: 0.000028 seconds.
  path: Packages/com.unity.purchasing/Runtime/UnityLiveContentAdapter/Client/Http
  artifactKey: Guid(fdb8b4a66ab1842539d996603d56d929) Importer(2089858483,b0f066a214c2f5e87bad3c948f4d605d)
Start importing Packages/com.unity.purchasing/Runtime/UnityLiveContentAdapter/Client/Http using Guid(fdb8b4a66ab1842539d996603d56d929) Importer(2089858483,b0f066a214c2f5e87bad3c948f4d605d) (ScriptedImporter) -> (artifact id: '576dfc870a509f46018c3a5a4c14ebb1') in 0.0172158 seconds
Number of updated asset objects reloaded before import = 0Number of asset objects unloaded after import = 1

========================================================================
Received Import Request.
  Time since last request: 0.000033 seconds.
  path: Packages/com.unity.purchasing/Plugins/UnityPurchasing/iOS/SK2/Models/JWSTransactionDecodedPayload.swift
  artifactKey: Guid(135aeaa54fefc4cd5b7895fd36eb10c0) Importer(2089858483,b0f066a214c2f5e87bad3c948f4d605d)
Start importing Packages/com.unity.purchasing/Plugins/UnityPurchasing/iOS/SK2/Models/JWSTransactionDecodedPayload.swift using Guid(135aeaa54fefc4cd5b7895fd36eb10c0) Importer(2089858483,b0f066a214c2f5e87bad3c948f4d605d) (ScriptedImporter) -> (artifact id: '96dd5b5a4c8cd7807979b8eed95ec997') in 0.0172663 seconds
Number of updated asset objects reloaded before import = 0Number of asset objects unloaded after import = 0

========================================================================
Received Import Request.
  Time since last request: 0.000078 seconds.
  path: Packages/com.unity.services.deployment/Editor/Interface/DeploymentViewModel.ApiImpl.cs
  artifactKey: Guid(966ce6d285104c78b78234d8fb67ebb1) Importer(2089858483,b0f066a214c2f5e87bad3c948f4d605d)
Start importing Packages/com.unity.services.deployment/Editor/Interface/DeploymentViewModel.ApiImpl.cs using Guid(966ce6d285104c78b78234d8fb67ebb1) Importer(2089858483,b0f066a214c2f5e87bad3c948f4d605d) (ScriptedImporter) -> (artifact id: 'e0e7e2bdd9cb2a342e59bc945aad3193') in 0.0144369 seconds
Number of updated asset objects reloaded before import = 0Number of asset objects unloaded after import = 0

========================================================================
Received Import Request.
  Time since last request: 0.000088 seconds.
  path: Packages/com.unity.purchasing/Editor/ServiceProjectSettings
  artifactKey: Guid(8438b054205ba7e4ea5f3aa6af771ca4) Importer(2089858483,b0f066a214c2f5e87bad3c948f4d605d)
Start importing Packages/com.unity.purchasing/Editor/ServiceProjectSettings using Guid(8438b054205ba7e4ea5f3aa6af771ca4) Importer(2089858483,b0f066a214c2f5e87bad3c948f4d605d) (ScriptedImporter) -> (artifact id: 'c2a9b6d547cc00de04539d588777991b') in 0.0157686 seconds
Number of updated asset objects reloaded before import = 0Number of asset objects unloaded after import = 1

========================================================================
Received Import Request.
  Time since last request: 0.000018 seconds.
  path: Packages/com.unity.purchasing/Runtime/Purchasing/Legacy/Configurations/Interfaces/IStoreConfiguration.cs
  artifactKey: Guid(c96303ef84a84183b6dd41a1483f0d8f) Importer(2089858483,b0f066a214c2f5e87bad3c948f4d605d)
Start importing Packages/com.unity.purchasing/Runtime/Purchasing/Legacy/Configurations/Interfaces/IStoreConfiguration.cs using Guid(c96303ef84a84183b6dd41a1483f0d8f) Importer(2089858483,b0f066a214c2f5e87bad3c948f4d605d) (ScriptedImporter) -> (artifact id: '6ff283219ebc83b42c5cc499402f891f') in 0.0135196 seconds
Number of updated asset objects reloaded before import = 0Number of asset objects unloaded after import = 0

========================================================================
Received Import Request.
  Time since last request: 0.000091 seconds.
  path: Packages/com.unity.services.core/Runtime/Device/UserIdProviders/NSUserDefaults.cs
  artifactKey: Guid(e6a7022b5e3dc42b5b29a830722baea0) Importer(2089858483,b0f066a214c2f5e87bad3c948f4d605d)
Start importing Packages/com.unity.services.core/Runtime/Device/UserIdProviders/NSUserDefaults.cs using Guid(e6a7022b5e3dc42b5b29a830722baea0) Importer(2089858483,b0f066a214c2f5e87bad3c948f4d605d) (ScriptedImporter) -> (artifact id: '218780d4debc16a3a9424ac02375cde6') in 0.0130806 seconds
Number of updated asset objects reloaded before import = 0Number of asset objects unloaded after import = 0

========================================================================
Received Import Request.
  Time since last request: 0.000068 seconds.
  path: Packages/com.unity.microsoft.gdk/Runtime/XBL/Achievements/XblAchievementType.cs
  artifactKey: Guid(7ad0935625b342c58820de76dd0512ff) Importer(2089858483,b0f066a214c2f5e87bad3c948f4d605d)
Start importing Packages/com.unity.microsoft.gdk/Runtime/XBL/Achievements/XblAchievementType.cs using Guid(7ad0935625b342c58820de76dd0512ff) Importer(2089858483,b0f066a214c2f5e87bad3c948f4d605d) (ScriptedImporter) -> (artifact id: '0c6de9a4113e6b2e07fbfb76e2d91afa') in 0.014899 seconds
Number of updated asset objects reloaded before import = 0Number of asset objects unloaded after import = 0

========================================================================
Received Import Request.
  Time since last request: 0.000084 seconds.
  path: Packages/com.unity.microsoft.gdk/Editor/GdkEditionAssetEditor.cs
  artifactKey: Guid(bc91d14d52b74ee399c5780eb52c1e33) Importer(2089858483,b0f066a214c2f5e87bad3c948f4d605d)
Start importing Packages/com.unity.microsoft.gdk/Editor/GdkEditionAssetEditor.cs using Guid(bc91d14d52b74ee399c5780eb52c1e33) Importer(2089858483,b0f066a214c2f5e87bad3c948f4d605d) (ScriptedImporter) -> (artifact id: '489a233e8ecd0fbcef4116cb6aebb240') in 0.0150419 seconds
Number of updated asset objects reloaded before import = 0Number of asset objects unloaded after import = 0

========================================================================
Received Import Request.
  Time since last request: 0.000052 seconds.
  path: Packages/com.unity.purchasing/Runtime/Purchasing/Core/Purchasing/Android
  artifactKey: Guid(d5d0c5df5cc53f14baae438476067bcb) Importer(2089858483,b0f066a214c2f5e87bad3c948f4d605d)
Start importing Packages/com.unity.purchasing/Runtime/Purchasing/Core/Purchasing/Android using Guid(d5d0c5df5cc53f14baae438476067bcb) Importer(2089858483,b0f066a214c2f5e87bad3c948f4d605d) (ScriptedImporter) -> (artifact id: '7e204aec7f92a850a006eb8b583e15c7') in 0.0163616 seconds
Number of updated asset objects reloaded before import = 0Number of asset objects unloaded after import = 1

========================================================================
Received Import Request.
  Time since last request: 0.000027 seconds.
  path: Packages/com.unity.purchasing/Runtime/Stores/PaymentProvider/CurrencyFormatters/AndroidCurrencyFormatter.cs
  artifactKey: Guid(5c2a4a39d0e7d4879b6a7f079054a7b3) Importer(2089858483,b0f066a214c2f5e87bad3c948f4d605d)
Start importing Packages/com.unity.purchasing/Runtime/Stores/PaymentProvider/CurrencyFormatters/AndroidCurrencyFormatter.cs using Guid(5c2a4a39d0e7d4879b6a7f079054a7b3) Importer(2089858483,b0f066a214c2f5e87bad3c948f4d605d) (ScriptedImporter) -> (artifact id: 'e4b84548e2e78e5c854de37a2ba01782') in 0.0174052 seconds
Number of updated asset objects reloaded before import = 0Number of asset objects unloaded after import = 0

========================================================================
Received Import Request.
  Time since last request: 0.000050 seconds.
  path: Packages/com.unity.purchasing/Runtime/Purchasing/PaymentOption/Resources/com.unity.purchasing/Brands/ApplePay.png
  artifactKey: Guid(a3f1b77fbe4fad241ab02703bb649087) Importer(2089858483,b0f066a214c2f5e87bad3c948f4d605d)
Start importing Packages/com.unity.purchasing/Runtime/Purchasing/PaymentOption/Resources/com.unity.purchasing/Brands/ApplePay.png using Guid(a3f1b77fbe4fad241ab02703bb649087) Importer(2089858483,b0f066a214c2f5e87bad3c948f4d605d) (ScriptedImporter) -> (artifact id: '33560b0fa85ad5eef068a8af0611561c') in 0.0300663 seconds
Number of updated asset objects reloaded before import = 0Number of asset objects unloaded after import = 6

========================================================================
Received Import Request.
  Time since last request: 0.000020 seconds.
  path: Packages/com.unity.purchasing/Runtime/Purchasing/Core/Purchasing/Interfaces/IPurchaseServiceExtension.cs
  artifactKey: Guid(bd08d9e6f1f343669669d4a9908c8d35) Importer(2089858483,b0f066a214c2f5e87bad3c948f4d605d)
Start importing Packages/com.unity.purchasing/Runtime/Purchasing/Core/Purchasing/Interfaces/IPurchaseServiceExtension.cs using Guid(bd08d9e6f1f343669669d4a9908c8d35) Importer(2089858483,b0f066a214c2f5e87bad3c948f4d605d) (ScriptedImporter) -> (artifact id: 'df6d5066da779d3a3e1aeb343c10bd50') in 0.0155952 seconds
Number of updated asset objects reloaded before import = 0Number of asset objects unloaded after import = 0

========================================================================
Received Import Request.
  Time since last request: 0.000021 seconds.
  path: Packages/com.unity.purchasing/Runtime/Stores/Android/GooglePlay/Interfaces/IGooglePurchaseConverter.cs
  artifactKey: Guid(97af7f1cd71b4cfea387d209da6f024a) Importer(2089858483,b0f066a214c2f5e87bad3c948f4d605d)
Start importing Packages/com.unity.purchasing/Runtime/Stores/Android/GooglePlay/Interfaces/IGooglePurchaseConverter.cs using Guid(97af7f1cd71b4cfea387d209da6f024a) Importer(2089858483,b0f066a214c2f5e87bad3c948f4d605d) (ScriptedImporter) -> (artifact id: '1cd4156870b85fee8e89d028785312b5') in 0.0140254 seconds
Number of updated asset objects reloaded before import = 0Number of asset objects unloaded after import = 0

========================================================================
Received Import Request.
  Time since last request: 0.000050 seconds.
  path: Packages/com.unity.purchasing/Runtime/Purchasing/Core/Purchasing/AppleAppStore/AppleAppStoreCartValidator.cs
  artifactKey: Guid(0ab68fa530f441c2be61fa9d8f1f8f57) Importer(2089858483,b0f066a214c2f5e87bad3c948f4d605d)
Start importing Packages/com.unity.purchasing/Runtime/Purchasing/Core/Purchasing/AppleAppStore/AppleAppStoreCartValidator.cs using Guid(0ab68fa530f441c2be61fa9d8f1f8f57) Importer(2089858483,b0f066a214c2f5e87bad3c948f4d605d) (ScriptedImporter) -> (artifact id: '29d813885bae4f1d9aeff97f9d86da19') in 0.0166278 seconds
Number of updated asset objects reloaded before import = 0Number of asset objects unloaded after import = 0

========================================================================
Received Import Request.
  Time since last request: 0.000083 seconds.
  path: Packages/com.unity.purchasing/Editor/ServiceProjectSettings/UI/StyleSheets/PlatformSupportVisualCommon.uss
  artifactKey: Guid(8dfdbd3e458f56844b5524e2175d8ca1) Importer(2089858483,b0f066a214c2f5e87bad3c948f4d605d)
Start importing Packages/com.unity.purchasing/Editor/ServiceProjectSettings/UI/StyleSheets/PlatformSupportVisualCommon.uss using Guid(8dfdbd3e458f56844b5524e2175d8ca1) Importer(2089858483,b0f066a214c2f5e87bad3c948f4d605d) (ScriptedImporter) -> (artifact id: '58fd416a8ffac6032805b40daade3560') in 0.0187317 seconds
Number of updated asset objects reloaded before import = 0Number of asset objects unloaded after import = 1

========================================================================
Received Import Request.
  Time since last request: 0.000028 seconds.
  path: Packages/com.unity.purchasing/Runtime/Stores/XboxStore/Services/XboxQueryEntitlementsService.cs
  artifactKey: Guid(f762d3bc9d3b11548aeda2021063b2a9) Importer(2089858483,b0f066a214c2f5e87bad3c948f4d605d)
Start importing Packages/com.unity.purchasing/Runtime/Stores/XboxStore/Services/XboxQueryEntitlementsService.cs using Guid(f762d3bc9d3b11548aeda2021063b2a9) Importer(2089858483,b0f066a214c2f5e87bad3c948f4d605d) (ScriptedImporter) -> (artifact id: '2a4f7bcba68593b27a33033a11f75c6e') in 0.0224555 seconds
Number of updated asset objects reloaded before import = 0Number of asset objects unloaded after import = 0

========================================================================
Received Import Request.
  Time since last request: 0.000107 seconds.
  path: Packages/com.unity.services.deployment/Core/DeploymentDefinitionServiceExtensions.cs
  artifactKey: Guid(634fb5b9dd0654552a684d24dffe6e16) Importer(2089858483,b0f066a214c2f5e87bad3c948f4d605d)
Start importing Packages/com.unity.services.deployment/Core/DeploymentDefinitionServiceExtensions.cs using Guid(634fb5b9dd0654552a684d24dffe6e16) Importer(2089858483,b0f066a214c2f5e87bad3c948f4d605d) (ScriptedImporter) -> (artifact id: 'c6c685e8a522c287fbc3d91b11062a24') in 0.0187409 seconds
Number of updated asset objects reloaded before import = 0Number of asset objects unloaded after import = 0

========================================================================
Received Import Request.
  Time since last request: 0.000074 seconds.
  path: Packages/com.unity.purchasing/Runtime/Purchasing/Core/Purchasing/Models/AppleStoreProductType.cs
  artifactKey: Guid(0e86c74fc5db490abe9b4bdcbcbcf78e) Importer(2089858483,b0f066a214c2f5e87bad3c948f4d605d)
Start importing Packages/com.unity.purchasing/Runtime/Purchasing/Core/Purchasing/Models/AppleStoreProductType.cs using Guid(0e86c74fc5db490abe9b4bdcbcbcf78e) Importer(2089858483,b0f066a214c2f5e87bad3c948f4d605d) (ScriptedImporter) -> (artifact id: '252cd420043b2f9fd144fa0e31f32370') in 0.0169299 seconds
Number of updated asset objects reloaded before import = 0Number of asset objects unloaded after import = 0

========================================================================
Received Import Request.
  Time since last request: 0.000049 seconds.
  path: Packages/com.unity.services.core/Runtime/Device/UserIdProviders/AndroidUtils.cs
  artifactKey: Guid(294f83b40dade45de80752da3ccfb793) Importer(2089858483,b0f066a214c2f5e87bad3c948f4d605d)
Start importing Packages/com.unity.services.core/Runtime/Device/UserIdProviders/AndroidUtils.cs using Guid(294f83b40dade45de80752da3ccfb793) Importer(2089858483,b0f066a214c2f5e87bad3c948f4d605d) (ScriptedImporter) -> (artifact id: '69af2289cf348ca38420307f43f35c2f') in 0.0198533 seconds
Number of updated asset objects reloaded before import = 0Number of asset objects unloaded after import = 0

========================================================================
Received Import Request.
  Time since last request: 0.000082 seconds.
  path: Packages/com.unity.purchasing/Plugins/UnityPurchasing/iOS/SK2/JSONUtilities.swift
  artifactKey: Guid(c333d6a88cd834a37b7b69b905b7f7e8) Importer(2089858483,b0f066a214c2f5e87bad3c948f4d605d)
Start importing Packages/com.unity.purchasing/Plugins/UnityPurchasing/iOS/SK2/JSONUtilities.swift using Guid(c333d6a88cd834a37b7b69b905b7f7e8) Importer(2089858483,b0f066a214c2f5e87bad3c948f4d605d) (ScriptedImporter) -> (artifact id: '238c94f2fc827216fb6f33ec85b7f233') in 0.0389541 seconds
Number of updated asset objects reloaded before import = 0Number of asset objects unloaded after import = 0

========================================================================
Received Import Request.
  Time since last request: 0.000049 seconds.
  path: Packages/com.unity.purchasing/Runtime/Stores/Core/Store/StoreFactory.cs
  artifactKey: Guid(1d427245c86a478489dd9d4d8f7b31b1) Importer(2089858483,b0f066a214c2f5e87bad3c948f4d605d)
Start importing Packages/com.unity.purchasing/Runtime/Stores/Core/Store/StoreFactory.cs using Guid(1d427245c86a478489dd9d4d8f7b31b1) Importer(2089858483,b0f066a214c2f5e87bad3c948f4d605d) (ScriptedImporter) -> (artifact id: '2cef09e146c82c355c7ad4947befe7cd') in 0.0231709 seconds
Number of updated asset objects reloaded before import = 0Number of asset objects unloaded after import = 0

========================================================================
Received Import Request.
  Time since last request: 0.000025 seconds.
  path: Packages/com.unity.purchasing/Runtime/TransactionVerifier/Client/Models/GooglePurchaseState.cs
  artifactKey: Guid(3f2fc0f1506f549e89e5ecd082c734a3) Importer(2089858483,b0f066a214c2f5e87bad3c948f4d605d)
Start importing Packages/com.unity.purchasing/Runtime/TransactionVerifier/Client/Models/GooglePurchaseState.cs using Guid(3f2fc0f1506f549e89e5ecd082c734a3) Importer(2089858483,b0f066a214c2f5e87bad3c948f4d605d) (ScriptedImporter) -> (artifact id: '84b3aec35db082f2716113263cf671ae') in 0.0142273 seconds
Number of updated asset objects reloaded before import = 0Number of asset objects unloaded after import = 0

========================================================================
Received Import Request.
  Time since last request: 0.000067 seconds.
  path: Packages/com.unity.purchasing/Editor/Authoring/Import/Google/GoogleCatalogFetcherConfigDrawer.cs
  artifactKey: Guid(b8fa04a73c41413f8043fae620dd64cc) Importer(2089858483,b0f066a214c2f5e87bad3c948f4d605d)
Start importing Packages/com.unity.purchasing/Editor/Authoring/Import/Google/GoogleCatalogFetcherConfigDrawer.cs using Guid(b8fa04a73c41413f8043fae620dd64cc) Importer(2089858483,b0f066a214c2f5e87bad3c948f4d605d) (ScriptedImporter) -> (artifact id: '150af42f228415d3ef3ec8b67dc3cc09') in 0.0155603 seconds
Number of updated asset objects reloaded before import = 0Number of asset objects unloaded after import = 0

========================================================================
Received Import Request.
  Time since last request: 0.000044 seconds.
  path: Packages/com.unity.purchasing/Editor/Shared/UI/DisplayDialog.cs
  artifactKey: Guid(f2ef3329c0d5474a9cedaa484105e74c) Importer(2089858483,b0f066a214c2f5e87bad3c948f4d605d)
Start importing Packages/com.unity.purchasing/Editor/Shared/UI/DisplayDialog.cs using Guid(f2ef3329c0d5474a9cedaa484105e74c) Importer(2089858483,b0f066a214c2f5e87bad3c948f4d605d) (ScriptedImporter) -> (artifact id: '1b103a3df578829ac983dda136c8e724') in 0.0160132 seconds
Number of updated asset objects reloaded before import = 0Number of asset objects unloaded after import = 0

========================================================================
Received Import Request.
  Time since last request: 0.000025 seconds.
  path: Packages/com.unity.purchasing/Editor/Authoring/Import/UI/Assets/icon-new.png
  artifactKey: Guid(aaca6959462b7449c8911a8fd3ce2abe) Importer(2089858483,b0f066a214c2f5e87bad3c948f4d605d)
Start importing Packages/com.unity.purchasing/Editor/Authoring/Import/UI/Assets/icon-new.png using Guid(aaca6959462b7449c8911a8fd3ce2abe) Importer(2089858483,b0f066a214c2f5e87bad3c948f4d605d) (ScriptedImporter) -> (artifact id: 'f5d64d2442f805f53b958ee7a6ffaf40') in 0.0234491 seconds
Number of updated asset objects reloaded before import = 0Number of asset objects unloaded after import = 3

========================================================================
Received Import Request.
  Time since last request: 0.000038 seconds.
  path: Packages/com.unity.services.core/Editor/Core/Environments/Settings/EnvironmentSettings.cs
  artifactKey: Guid(d497d03046b84003b00f04dbf9bfdcc6) Importer(2089858483,b0f066a214c2f5e87bad3c948f4d605d)
Start importing Packages/com.unity.services.core/Editor/Core/Environments/Settings/EnvironmentSettings.cs using Guid(d497d03046b84003b00f04dbf9bfdcc6) Importer(2089858483,b0f066a214c2f5e87bad3c948f4d605d) (ScriptedImporter) -> (artifact id: '69b7b6fba37c65febdeebd30a7ddd963') in 0.015476 seconds
Number of updated asset objects reloaded before import = 0Number of asset objects unloaded after import = 0

========================================================================
Received Import Request.
  Time since last request: 0.000047 seconds.
  path: Packages/com.unity.microsoft.gdk.discovery/Tests/Editor/EmptyTest.cs
  artifactKey: Guid(64d4fd946058a8a4b916bcb0701eae21) Importer(2089858483,b0f066a214c2f5e87bad3c948f4d605d)
Start importing Packages/com.unity.microsoft.gdk.discovery/Tests/Editor/EmptyTest.cs using Guid(64d4fd946058a8a4b916bcb0701eae21) Importer(2089858483,b0f066a214c2f5e87bad3c948f4d605d) (ScriptedImporter) -> (artifact id: '8d3c2df72c16834747afdab2355c39a1') in 0.0129515 seconds
Number of updated asset objects reloaded before import = 0Number of asset objects unloaded after import = 0

========================================================================
Received Import Request.
  Time since last request: 0.000050 seconds.
  path: Packages/com.unity.purchasing/Runtime/TransactionVerifier/Client/Scheduler/EngineStateHelper.cs
  artifactKey: Guid(b6a7986d16f6e4043bf7c3a842f0cd0a) Importer(2089858483,b0f066a214c2f5e87bad3c948f4d605d)
Start importing Packages/com.unity.purchasing/Runtime/TransactionVerifier/Client/Scheduler/EngineStateHelper.cs using Guid(b6a7986d16f6e4043bf7c3a842f0cd0a) Importer(2089858483,b0f066a214c2f5e87bad3c948f4d605d) (ScriptedImporter) -> (artifact id: '7e8bc93c7865108d624d2850fbbc091d') in 0.0137769 seconds
Number of updated asset objects reloaded before import = 0Number of asset objects unloaded after import = 0

========================================================================
Received Import Request.
  Time since last request: 0.000064 seconds.
  path: Packages/com.unity.purchasing/Icons/LinkWhite.png
  artifactKey: Guid(e679a29ca22bc4fa0bd848bd79a42b79) Importer(2089858483,b0f066a214c2f5e87bad3c948f4d605d)
Start importing Packages/com.unity.purchasing/Icons/LinkWhite.png using Guid(e679a29ca22bc4fa0bd848bd79a42b79) Importer(2089858483,b0f066a214c2f5e87bad3c948f4d605d) (ScriptedImporter) -> (artifact id: '89f4cef3332dffd570680b026268feb5') in 0.015436 seconds
Number of updated asset objects reloaded before import = 0Number of asset objects unloaded after import = 1

========================================================================
Received Import Request.
  Time since last request: 0.000021 seconds.
  path: Packages/com.unity.purchasing/Runtime/TransactionVerifier/TransactionVerifier.cs
  artifactKey: Guid(59f9ee4ccdd6411db695feb5ba621232) Importer(2089858483,b0f066a214c2f5e87bad3c948f4d605d)
Start importing Packages/com.unity.purchasing/Runtime/TransactionVerifier/TransactionVerifier.cs using Guid(59f9ee4ccdd6411db695feb5ba621232) Importer(2089858483,b0f066a214c2f5e87bad3c948f4d605d) (ScriptedImporter) -> (artifact id: 'b5243552fcccdffb83b720a710e1eb29') in 0.0113828 seconds
Number of updated asset objects reloaded before import = 0Number of asset objects unloaded after import = 0

========================================================================
Received Import Request.
  Time since last request: 0.000038 seconds.
  path: Packages/com.unity.ai.navigation/EditorResources/Overlay/d_NavigationOverlay@256.png
  artifactKey: Guid(f5dd88efd8622424998bf5326c5421eb) Importer(2089858483,b0f066a214c2f5e87bad3c948f4d605d)
Start importing Packages/com.unity.ai.navigation/EditorResources/Overlay/d_NavigationOverlay@256.png using Guid(f5dd88efd8622424998bf5326c5421eb) Importer(2089858483,b0f066a214c2f5e87bad3c948f4d605d) (ScriptedImporter) -> (artifact id: 'fe4468ef5e1244ce2b9ad36ed51eab0a') in 0.018526 seconds
Number of updated asset objects reloaded before import = 0Number of asset objects unloaded after import = 1

========================================================================
Received Import Request.
  Time since last request: 2.034557 seconds.
  path: Packages/com.unity.purchasing/Plugins/UnityPurchasing/iOS/SK2/Extensions/PeriodUnitExtensions.swift
  artifactKey: Guid(07e909c69d105457e94c00112972ae98) Importer(2089858483,b0f066a214c2f5e87bad3c948f4d605d)
Start importing Packages/com.unity.purchasing/Plugins/UnityPurchasing/iOS/SK2/Extensions/PeriodUnitExtensions.swift using Guid(07e909c69d105457e94c00112972ae98) Importer(2089858483,b0f066a214c2f5e87bad3c948f4d605d) (ScriptedImporter) -> (artifact id: 'e48955c5dca9c871782945420a0a5429') in 0.0141573 seconds
Number of updated asset objects reloaded before import = 0Number of asset objects unloaded after import = 0

========================================================================
Received Import Request.
  Time since last request: 0.000061 seconds.
  path: Packages/com.unity.purchasing/Runtime/Purchasing/Core/Purchasing/Android/GooglePlay/UseCases/GooglePlayPurchaseUseCase.cs
  artifactKey: Guid(ef38e4170fad4fa79f3924ea8c5843bf) Importer(2089858483,b0f066a214c2f5e87bad3c948f4d605d)
Start importing Packages/com.unity.purchasing/Runtime/Purchasing/Core/Purchasing/Android/GooglePlay/UseCases/GooglePlayPurchaseUseCase.cs using Guid(ef38e4170fad4fa79f3924ea8c5843bf) Importer(2089858483,b0f066a214c2f5e87bad3c948f4d605d) (ScriptedImporter) -> (artifact id: '04c7ae72b53e6059e42c05c26db03fac') in 0.0124722 seconds
Number of updated asset objects reloaded before import = 0Number of asset objects unloaded after import = 0

========================================================================
Received Import Request.
  Time since last request: 0.000302 seconds.
  path: Packages/com.unity.services.core/Editor/Core/ProjectBindRedirect/UXML
  artifactKey: Guid(a154e7480f584273907eec04ec6c97d0) Importer(2089858483,b0f066a214c2f5e87bad3c948f4d605d)
Start importing Packages/com.unity.services.core/Editor/Core/ProjectBindRedirect/UXML using Guid(a154e7480f584273907eec04ec6c97d0) Importer(2089858483,b0f066a214c2f5e87bad3c948f4d605d) (ScriptedImporter) -> (artifact id: '6a2bcf89715e0f356b77bca21b4adec9') in 0.0130299 seconds
Number of updated asset objects reloaded before import = 0Number of asset objects unloaded after import = 1

========================================================================
Received Import Request.
  Time since last request: 0.000022 seconds.
  path: Packages/com.unity.purchasing/Editor/Authoring/Import/Legacy
  artifactKey: Guid(ec310b3e8ba5741748f26136c7f27014) Importer(2089858483,b0f066a214c2f5e87bad3c948f4d605d)
Start importing Packages/com.unity.purchasing/Editor/Authoring/Import/Legacy using Guid(ec310b3e8ba5741748f26136c7f27014) Importer(2089858483,b0f066a214c2f5e87bad3c948f4d605d) (ScriptedImporter) -> (artifact id: 'e7da87efbd17ad17cb4c7eb850ef0791') in 0.0138849 seconds
Number of updated asset objects reloaded before import = 0Number of asset objects unloaded after import = 1

========================================================================
Received Import Request.
  Time since last request: 0.000035 seconds.
  path: Packages/com.unity.services.core/Runtime/Device/AssemblyInfo.cs
  artifactKey: Guid(4ccb088ac3dc549f8b9dd4c7fa79206f) Importer(2089858483,b0f066a214c2f5e87bad3c948f4d605d)
Start importing Packages/com.unity.services.core/Runtime/Device/AssemblyInfo.cs using Guid(4ccb088ac3dc549f8b9dd4c7fa79206f) Importer(2089858483,b0f066a214c2f5e87bad3c948f4d605d) (ScriptedImporter) -> (artifact id: '37155bbf6fcbd31fa5ed31110ff308dd') in 0.0134554 seconds
Number of updated asset objects reloaded before import = 0Number of asset objects unloaded after import = 0

========================================================================
Received Import Request.
  Time since last request: 0.000093 seconds.
  path: Packages/com.unity.microsoft.gdk/Runtime/Interop/XBL/Achievements/XblAchievementProgressChangeEntry.cs
  artifactKey: Guid(e883230bb2390c54780a1a55bb534f9d) Importer(2089858483,b0f066a214c2f5e87bad3c948f4d605d)
Start importing Packages/com.unity.microsoft.gdk/Runtime/Interop/XBL/Achievements/XblAchievementProgressChangeEntry.cs using Guid(e883230bb2390c54780a1a55bb534f9d) Importer(2089858483,b0f066a214c2f5e87bad3c948f4d605d) (ScriptedImporter) -> (artifact id: 'ee054d30dc852863576d77f2860a9d45') in 0.0134292 seconds
Number of updated asset objects reloaded before import = 0Number of asset objects unloaded after import = 0

========================================================================
Received Import Request.
  Time since last request: 0.000070 seconds.
  path: Packages/com.unity.microsoft.gdk/Runtime/Interop/XBL/SocialManager/XblSocialManagerPresenceTitleRecord.cs
  artifactKey: Guid(4f1243c33a9e4fcd93f3825d547b032f) Importer(2089858483,b0f066a214c2f5e87bad3c948f4d605d)
Start importing Packages/com.unity.microsoft.gdk/Runtime/Interop/XBL/SocialManager/XblSocialManagerPresenceTitleRecord.cs using Guid(4f1243c33a9e4fcd93f3825d547b032f) Importer(2089858483,b0f066a214c2f5e87bad3c948f4d605d) (ScriptedImporter) -> (artifact id: '1430ac89f9655209451f3d70e545322a') in 0.0115287 seconds
Number of updated asset objects reloaded before import = 0Number of asset objects unloaded after import = 0

========================================================================
Received Import Request.
  Time since last request: 0.000039 seconds.
  path: Packages/com.unity.purchasing/Icons/Icon-GooglePlay.png
  artifactKey: Guid(6031a24053c04c6438db8f1c5696edcf) Importer(2089858483,b0f066a214c2f5e87bad3c948f4d605d)
Start importing Packages/com.unity.purchasing/Icons/Icon-GooglePlay.png using Guid(6031a24053c04c6438db8f1c5696edcf) Importer(2089858483,b0f066a214c2f5e87bad3c948f4d605d) (ScriptedImporter) -> (artifact id: '02aa0fea51c6656e13148e270cfe2583') in 0.0159017 seconds
Number of updated asset objects reloaded before import = 0Number of asset objects unloaded after import = 1

========================================================================
Received Import Request.
  Time since last request: 0.000055 seconds.
  path: Packages/com.unity.microsoft.gdk/Runtime/XBL/Achievements/XblAchievementProgressChangeEventArgs.cs
  artifactKey: Guid(14bb33abf372fe141b41f232c685205d) Importer(2089858483,b0f066a214c2f5e87bad3c948f4d605d)
Start importing Packages/com.unity.microsoft.gdk/Runtime/XBL/Achievements/XblAchievementProgressChangeEventArgs.cs using Guid(14bb33abf372fe141b41f232c685205d) Importer(2089858483,b0f066a214c2f5e87bad3c948f4d605d) (ScriptedImporter) -> (artifact id: 'c440642daac9d4c82dfce13c5126f048') in 0.0122197 seconds
Number of updated asset objects reloaded before import = 0Number of asset objects unloaded after import = 0

========================================================================
Received Import Request.
  Time since last request: 0.000067 seconds.
  path: Packages/com.unity.purchasing/Editor/Authoring/PurchasingAdminApi/Client/Model/CatalogProduct.cs
  artifactKey: Guid(c485e2320fabd4d73ae5604000a30ffa) Importer(2089858483,b0f066a214c2f5e87bad3c948f4d605d)
Start importing Packages/com.unity.purchasing/Editor/Authoring/PurchasingAdminApi/Client/Model/CatalogProduct.cs using Guid(c485e2320fabd4d73ae5604000a30ffa) Importer(2089858483,b0f066a214c2f5e87bad3c948f4d605d) (ScriptedImporter) -> (artifact id: '9640e3ea785c12b53859569a0b336949') in 0.0111074 seconds
Number of updated asset objects reloaded before import = 0Number of asset objects unloaded after import = 0

========================================================================
Received Import Request.
  Time since last request: 0.000061 seconds.
  path: Packages/com.unity.microsoft.gdk/Runtime/XBL/MultiplayerManager/XblMultiplayerJoinability.cs
  artifactKey: Guid(ed04214b95f6e9244aff91420d763ff0) Importer(2089858483,b0f066a214c2f5e87bad3c948f4d605d)
Start importing Packages/com.unity.microsoft.gdk/Runtime/XBL/MultiplayerManager/XblMultiplayerJoinability.cs using Guid(ed04214b95f6e9244aff91420d763ff0) Importer(2089858483,b0f066a214c2f5e87bad3c948f4d605d) (ScriptedImporter) -> (artifact id: '418c86460249896a83905c7f2ddc3bbf') in 0.0135612 seconds
Number of updated asset objects reloaded before import = 0Number of asset objects unloaded after import = 0

========================================================================
Received Import Request.
  Time since last request: 0.000031 seconds.
  path: Packages/com.unity.xr.legacyinputhelpers/Editor/ArmModels/TransitionArmModelEditor.cs
  artifactKey: Guid(d0771c912c4d7c841b238a454ec571cb) Importer(2089858483,b0f066a214c2f5e87bad3c948f4d605d)
Start importing Packages/com.unity.xr.legacyinputhelpers/Editor/ArmModels/TransitionArmModelEditor.cs using Guid(d0771c912c4d7c841b238a454ec571cb) Importer(2089858483,b0f066a214c2f5e87bad3c948f4d605d) (ScriptedImporter) -> (artifact id: '95bf155d08a560aafae9956fffc95739') in 0.0096296 seconds
Number of updated asset objects reloaded before import = 0Number of asset objects unloaded after import = 0

========================================================================
Received Import Request.
  Time since last request: 0.000066 seconds.
  path: Packages/com.unity.services.core/Runtime/Core.Internal/Telemetry
  artifactKey: Guid(7d41bc66ca544cfbbba5398c679b4684) Importer(2089858483,b0f066a214c2f5e87bad3c948f4d605d)
Start importing Packages/com.unity.services.core/Runtime/Core.Internal/Telemetry using Guid(7d41bc66ca544cfbbba5398c679b4684) Importer(2089858483,b0f066a214c2f5e87bad3c948f4d605d) (ScriptedImporter) -> (artifact id: '159d16fb90287f55f171efe61b50838a') in 0.0113699 seconds
Number of updated asset objects reloaded before import = 0Number of asset objects unloaded after import = 1

========================================================================
Received Import Request.
  Time since last request: 0.000033 seconds.
  path: Packages/com.unity.purchasing/Runtime/Purchasing/Core/Store/Interfaces
  artifactKey: Guid(80422d587cf34ecc9c2f495f233f6821) Importer(2089858483,b0f066a214c2f5e87bad3c948f4d605d)
Start importing Packages/com.unity.purchasing/Runtime/Purchasing/Core/Store/Interfaces using Guid(80422d587cf34ecc9c2f495f233f6821) Importer(2089858483,b0f066a214c2f5e87bad3c948f4d605d) (ScriptedImporter) -> (artifact id: '16a528cf9b5d9fa7b7cf79fe9d1f56b7') in 0.0109128 seconds
Number of updated asset objects reloaded before import = 0Number of asset objects unloaded after import = 1

========================================================================
Received Import Request.
  Time since last request: 0.000057 seconds.
  path: Packages/com.unity.purchasing/Editor/Analytics/Helpers/GenericEditorFieldEditEventSenderHelpers.cs
  artifactKey: Guid(1633d32bee23e184a9e197103cdfa176) Importer(2089858483,b0f066a214c2f5e87bad3c948f4d605d)
Start importing Packages/com.unity.purchasing/Editor/Analytics/Helpers/GenericEditorFieldEditEventSenderHelpers.cs using Guid(1633d32bee23e184a9e197103cdfa176) Importer(2089858483,b0f066a214c2f5e87bad3c948f4d605d) (ScriptedImporter) -> (artifact id: '215c80688cf7afa160ee1ec6301dc9d5') in 0.0110726 seconds
Number of updated asset objects reloaded before import = 0Number of asset objects unloaded after import = 0

========================================================================
Received Import Request.
  Time since last request: 0.000063 seconds.
  path: Packages/com.unity.microsoft.gdk/Runtime/Interop/XBL/MultiplayerManager/XblTournamentGameResultWithRank.cs
  artifactKey: Guid(496eae96384916e42be3c3377021898d) Importer(2089858483,b0f066a214c2f5e87bad3c948f4d605d)
Start importing Packages/com.unity.microsoft.gdk/Runtime/Interop/XBL/MultiplayerManager/XblTournamentGameResultWithRank.cs using Guid(496eae96384916e42be3c3377021898d) Importer(2089858483,b0f066a214c2f5e87bad3c948f4d605d) (ScriptedImporter) -> (artifact id: 'e82edc7780c909b086ff7f1844fd4fc4') in 0.0109107 seconds
Number of updated asset objects reloaded before import = 0Number of asset objects unloaded after import = 0

========================================================================
Received Import Request.
  Time since last request: 0.000027 seconds.
  path: Packages/com.unity.purchasing/Runtime/Stores/Android/GooglePlay/AAR/Interfaces/IGooglePurchasesUpdatedListener.cs
  artifactKey: Guid(9d4f5f2eb7a4d4b83a88d613c935af1f) Importer(2089858483,b0f066a214c2f5e87bad3c948f4d605d)
Start importing Packages/com.unity.purchasing/Runtime/Stores/Android/GooglePlay/AAR/Interfaces/IGooglePurchasesUpdatedListener.cs using Guid(9d4f5f2eb7a4d4b83a88d613c935af1f) Importer(2089858483,b0f066a214c2f5e87bad3c948f4d605d) (ScriptedImporter) -> (artifact id: '18eef6e22e362f21c95ccbc519d55153') in 0.0147006 seconds
Number of updated asset objects reloaded before import = 0Number of asset objects unloaded after import = 0

========================================================================
Received Import Request.
  Time since last request: 0.000044 seconds.
  path: Packages/com.unity.xr.legacyinputhelpers/Editor/LegacyInputHelpersEditor.asmdef
  artifactKey: Guid(52c867deb3832554c84dc4202bd47258) Importer(2089858483,b0f066a214c2f5e87bad3c948f4d605d)
Start importing Packages/com.unity.xr.legacyinputhelpers/Editor/LegacyInputHelpersEditor.asmdef using Guid(52c867deb3832554c84dc4202bd47258) Importer(2089858483,b0f066a214c2f5e87bad3c948f4d605d) (ScriptedImporter) -> (artifact id: '1978da462781f4b7a89500ce4c757002') in 0.0135227 seconds
Number of updated asset objects reloaded before import = 0Number of asset objects unloaded after import = 1

========================================================================
Received Import Request.
  Time since last request: 0.000150 seconds.
  path: Packages/com.unity.purchasing/Runtime/Purchasing/Core/Purchasing/Interfaces/UseCases/IPurchaseUseCase.cs
  artifactKey: Guid(6b28ab2658484d14dbfaf18a51af8d06) Importer(2089858483,b0f066a214c2f5e87bad3c948f4d605d)
Start importing Packages/com.unity.purchasing/Runtime/Purchasing/Core/Purchasing/Interfaces/UseCases/IPurchaseUseCase.cs using Guid(6b28ab2658484d14dbfaf18a51af8d06) Importer(2089858483,b0f066a214c2f5e87bad3c948f4d605d) (ScriptedImporter) -> (artifact id: 'afc37697df5041779922e294c51076f0') in 0.0155661 seconds
Number of updated asset objects reloaded before import = 0Number of asset objects unloaded after import = 0

========================================================================
Received Import Request.
  Time since last request: 0.000087 seconds.
  path: Packages/com.unity.purchasing/Editor/MenuItems
  artifactKey: Guid(a8c01c3f5d2def24eba2282198063ee6) Importer(2089858483,b0f066a214c2f5e87bad3c948f4d605d)
Start importing Packages/com.unity.purchasing/Editor/MenuItems using Guid(a8c01c3f5d2def24eba2282198063ee6) Importer(2089858483,b0f066a214c2f5e87bad3c948f4d605d) (ScriptedImporter) -> (artifact id: '4a00d39188a293904dcc58734419fbdb') in 0.0136085 seconds
Number of updated asset objects reloaded before import = 0Number of asset objects unloaded after import = 1

========================================================================
Received Import Request.
  Time since last request: 0.000021 seconds.
  path: Packages/com.unity.services.core/Editor/Core/BackendHelpers/JsonHelper.cs
  artifactKey: Guid(8d2aa84387bb4a82a112246221c3e06c) Importer(2089858483,b0f066a214c2f5e87bad3c948f4d605d)
Start importing Packages/com.unity.services.core/Editor/Core/BackendHelpers/JsonHelper.cs using Guid(8d2aa84387bb4a82a112246221c3e06c) Importer(2089858483,b0f066a214c2f5e87bad3c948f4d605d) (ScriptedImporter) -> (artifact id: '28dab66da76e64037aa52bf3177854b0') in 0.0131654 seconds
Number of updated asset objects reloaded before import = 0Number of asset objects unloaded after import = 0

========================================================================
Received Import Request.
  Time since last request: 0.000063 seconds.
  path: Packages/com.unity.services.core/Editor/Core/EditorGameService/EditorGameServiceFlagEnabler.cs
  artifactKey: Guid(cbd58a01e7dd4fd1b899ea8b6bf852c7) Importer(2089858483,b0f066a214c2f5e87bad3c948f4d605d)
Start importing Packages/com.unity.services.core/Editor/Core/EditorGameService/EditorGameServiceFlagEnabler.cs using Guid(cbd58a01e7dd4fd1b899ea8b6bf852c7) Importer(2089858483,b0f066a214c2f5e87bad3c948f4d605d) (ScriptedImporter) -> (artifact id: '6a1888fae2aa67d652d2b1982318524c') in 0.0112005 seconds
Number of updated asset objects reloaded before import = 0Number of asset objects unloaded after import = 0

========================================================================
Received Import Request.
  Time since last request: 0.000026 seconds.
  path: Packages/com.unity.services.core/Editor/Core/Environments/Client/Http/DeserializationException.cs
  artifactKey: Guid(974d9fb338699444fa12c421db55a2bd) Importer(2089858483,b0f066a214c2f5e87bad3c948f4d605d)
Start importing Packages/com.unity.services.core/Editor/Core/Environments/Client/Http/DeserializationException.cs using Guid(974d9fb338699444fa12c421db55a2bd) Importer(2089858483,b0f066a214c2f5e87bad3c948f4d605d) (ScriptedImporter) -> (artifact id: 'b6aa2b71a1d125887d9260daa274fb8d') in 0.0121014 seconds
Number of updated asset objects reloaded before import = 0Number of asset objects unloaded after import = 0

========================================================================
Received Import Request.
  Time since last request: 0.000019 seconds.
  path: Packages/com.unity.purchasing/Editor/Shared/WebApi/ApiUtils.cs
  artifactKey: Guid(0c006a79643f4143a5623ebbce914fc9) Importer(2089858483,b0f066a214c2f5e87bad3c948f4d605d)
Start importing Packages/com.unity.purchasing/Editor/Shared/WebApi/ApiUtils.cs using Guid(0c006a79643f4143a5623ebbce914fc9) Importer(2089858483,b0f066a214c2f5e87bad3c948f4d605d) (ScriptedImporter) -> (artifact id: '705ea8ed049e53310630de26a9758b56') in 0.0121983 seconds
Number of updated asset objects reloaded before import = 0Number of asset objects unloaded after import = 0

========================================================================
Received Import Request.
  Time since last request: 0.000063 seconds.
  path: Packages/com.unity.services.core/Editor/Core/UiHelpers/IProjectEditorDrawerFactory.cs
  artifactKey: Guid(97a4535b865f4c68a124b3a3bb8cd42b) Importer(2089858483,b0f066a214c2f5e87bad3c948f4d605d)
Start importing Packages/com.unity.services.core/Editor/Core/UiHelpers/IProjectEditorDrawerFactory.cs using Guid(97a4535b865f4c68a124b3a3bb8cd42b) Importer(2089858483,b0f066a214c2f5e87bad3c948f4d605d) (ScriptedImporter) -> (artifact id: '4adab6bb98f04831ac69dfe380578b71') in 0.0124515 seconds
Number of updated asset objects reloaded before import = 0Number of asset objects unloaded after import = 0

========================================================================
Received Import Request.
  Time since last request: 0.000035 seconds.
  path: Packages/com.unity.purchasing/Runtime/UnityLiveContentAdapter/configuration.yaml
  artifactKey: Guid(84e53d033cb474297931a58864f03874) Importer(2089858483,b0f066a214c2f5e87bad3c948f4d605d)
Start importing Packages/com.unity.purchasing/Runtime/UnityLiveContentAdapter/configuration.yaml using Guid(84e53d033cb474297931a58864f03874) Importer(2089858483,b0f066a214c2f5e87bad3c948f4d605d) (ScriptedImporter) -> (artifact id: 'f90051b291c3173847280bcdbefb2b86') in 0.0127282 seconds
Number of updated asset objects reloaded before import = 0Number of asset objects unloaded after import = 1

========================================================================
Received Import Request.
  Time since last request: 0.000020 seconds.
  path: Packages/com.unity.purchasing/AiAssistantSkills/in-app-purchases/references
  artifactKey: Guid(ae1c62a67cb7d4b3397eeddefba8f9f4) Importer(2089858483,b0f066a214c2f5e87bad3c948f4d605d)
Start importing Packages/com.unity.purchasing/AiAssistantSkills/in-app-purchases/references using Guid(ae1c62a67cb7d4b3397eeddefba8f9f4) Importer(2089858483,b0f066a214c2f5e87bad3c948f4d605d) (ScriptedImporter) -> (artifact id: 'c673aed160bbde22a7e0619d97b47a54') in 0.012477 seconds
Number of updated asset objects reloaded before import = 0Number of asset objects unloaded after import = 1

========================================================================
Received Import Request.
  Time since last request: 0.000020 seconds.
  path: Packages/com.unity.microsoft.gdk/Runtime/XBL/Presence/XblPresenceBroadcastRecord.cs
  artifactKey: Guid(bfbd5f9f4eaf42e784ba61d19d4e95c8) Importer(2089858483,b0f066a214c2f5e87bad3c948f4d605d)
Start importing Packages/com.unity.microsoft.gdk/Runtime/XBL/Presence/XblPresenceBroadcastRecord.cs using Guid(bfbd5f9f4eaf42e784ba61d19d4e95c8) Importer(2089858483,b0f066a214c2f5e87bad3c948f4d605d) (ScriptedImporter) -> (artifact id: '256f73ade9363ce368ffa0021ad88f66') in 0.0111652 seconds
Number of updated asset objects reloaded before import = 0Number of asset objects unloaded after import = 0

========================================================================
Received Import Request.
  Time since last request: 0.000062 seconds.
  path: Packages/com.unity.purchasing/Editor/ServiceProjectSettings/PurchasingServiceEnabler.cs
  artifactKey: Guid(c32731f1d14224a4ba31b15e4befd2b4) Importer(2089858483,b0f066a214c2f5e87bad3c948f4d605d)
Start importing Packages/com.unity.purchasing/Editor/ServiceProjectSettings/PurchasingServiceEnabler.cs using Guid(c32731f1d14224a4ba31b15e4befd2b4) Importer(2089858483,b0f066a214c2f5e87bad3c948f4d605d) (ScriptedImporter) -> (artifact id: '1892ebb7948aad9e3e036083b30734d9') in 0.0151541 seconds
Number of updated asset objects reloaded before import = 0Number of asset objects unloaded after import = 0

========================================================================
Received Import Request.
  Time since last request: 0.000043 seconds.
  path: Packages/com.unity.services.core/Editor/Core/Environments/Client/Models
  artifactKey: Guid(fe97984daaefe4f7ea9eee59fe9717ba) Importer(2089858483,b0f066a214c2f5e87bad3c948f4d605d)
Start importing Packages/com.unity.services.core/Editor/Core/Environments/Client/Models using Guid(fe97984daaefe4f7ea9eee59fe9717ba) Importer(2089858483,b0f066a214c2f5e87bad3c948f4d605d) (ScriptedImporter) -> (artifact id: 'e622da381a7489a5c71080e7bf432839') in 0.0093674 seconds
Number of updated asset objects reloaded before import = 0Number of asset objects unloaded after import = 1

========================================================================
Received Import Request.
  Time since last request: 0.000030 seconds.
  path: Packages/com.unity.analytics/Tests/Editor/AchievementUnlockedTests.cs
  artifactKey: Guid(d1114812d620342e1a4ad3eaae7e220c) Importer(2089858483,b0f066a214c2f5e87bad3c948f4d605d)
Start importing Packages/com.unity.analytics/Tests/Editor/AchievementUnlockedTests.cs using Guid(d1114812d620342e1a4ad3eaae7e220c) Importer(2089858483,b0f066a214c2f5e87bad3c948f4d605d) (ScriptedImporter) -> (artifact id: 'e46bb4c774faa7f9d15e8488801f0c62') in 0.010401 seconds
Number of updated asset objects reloaded before import = 0Number of asset objects unloaded after import = 0

========================================================================
Received Import Request.
  Time since last request: 0.000037 seconds.
  path: Packages/com.unity.purchasing/Runtime/UnityPaymentProviders/Client/Apis/PaymentProviderApi.cs
  artifactKey: Guid(5295904c27c294a8381641b05b5d26fa) Importer(2089858483,b0f066a214c2f5e87bad3c948f4d605d)
Start importing Packages/com.unity.purchasing/Runtime/UnityPaymentProviders/Client/Apis/PaymentProviderApi.cs using Guid(5295904c27c294a8381641b05b5d26fa) Importer(2089858483,b0f066a214c2f5e87bad3c948f4d605d) (ScriptedImporter) -> (artifact id: 'ed8c5ea743735769446536cd382ae750') in 0.0127673 seconds
Number of updated asset objects reloaded before import = 0Number of asset objects unloaded after import = 0

========================================================================
Received Import Request.
  Time since last request: 0.000073 seconds.
  path: Packages/com.unity.services.deployment.api/Editor/DeploymentWindowApi/DeploymentItem.cs
  artifactKey: Guid(ac223337833f40498d6ea4c19d7f5306) Importer(2089858483,b0f066a214c2f5e87bad3c948f4d605d)
Start importing Packages/com.unity.services.deployment.api/Editor/DeploymentWindowApi/DeploymentItem.cs using Guid(ac223337833f40498d6ea4c19d7f5306) Importer(2089858483,b0f066a214c2f5e87bad3c948f4d605d) (ScriptedImporter) -> (artifact id: '5fff73a79b32a95346f3d1e713f0c319') in 0.0128717 seconds
Number of updated asset objects reloaded before import = 0Number of asset objects unloaded after import = 0

========================================================================
Received Import Request.
  Time since last request: 0.000081 seconds.
  path: Packages/com.unity.services.deployment/Editor/Interface/DeploymentViewModel.cs
  artifactKey: Guid(261bcbb164354f918a4d6d1a91f06036) Importer(2089858483,b0f066a214c2f5e87bad3c948f4d605d)
Start importing Packages/com.unity.services.deployment/Editor/Interface/DeploymentViewModel.cs using Guid(261bcbb164354f918a4d6d1a91f06036) Importer(2089858483,b0f066a214c2f5e87bad3c948f4d605d) (ScriptedImporter) -> (artifact id: '181ecc2c7a97d9ac0c73d957a790c0e4') in 0.0128973 seconds
Number of updated asset objects reloaded before import = 0Number of asset objects unloaded after import = 0

========================================================================
Received Import Request.
  Time since last request: 0.000095 seconds.
  path: Packages/com.unity.services.core/Editor/Core/Environments/IProjectInfo.cs
  artifactKey: Guid(08f168bc4126b428f9394f07df550d9b) Importer(2089858483,b0f066a214c2f5e87bad3c948f4d605d)
Start importing Packages/com.unity.services.core/Editor/Core/Environments/IProjectInfo.cs using Guid(08f168bc4126b428f9394f07df550d9b) Importer(2089858483,b0f066a214c2f5e87bad3c948f4d605d) (ScriptedImporter) -> (artifact id: '54aded6b0ba9713a33348eca580b70b0') in 0.0133783 seconds
Number of updated asset objects reloaded before import = 0Number of asset objects unloaded after import = 0

========================================================================
Received Import Request.
  Time since last request: 0.000064 seconds.
  path: Packages/com.unity.purchasing/Editor/Authoring/PurchasingAdminApi/Client/Model/ForbiddenErrorResponse.cs
  artifactKey: Guid(998818d87ea9d40ccbf841bd0b04c639) Importer(2089858483,b0f066a214c2f5e87bad3c948f4d605d)
Start importing Packages/com.unity.purchasing/Editor/Authoring/PurchasingAdminApi/Client/Model/ForbiddenErrorResponse.cs using Guid(998818d87ea9d40ccbf841bd0b04c639) Importer(2089858483,b0f066a214c2f5e87bad3c948f4d605d) (ScriptedImporter) -> (artifact id: '2f89f4af5a43e6da914c7ca6cbbb764f') in 0.0128379 seconds
Number of updated asset objects reloaded before import = 0Number of asset objects unloaded after import = 0

========================================================================
Received Import Request.
  Time since last request: 0.000066 seconds.
  path: Packages/com.unity.purchasing/Editor/Analytics/PackageKey/GameServicesAnalyticsPackageKeyHolder.cs
  artifactKey: Guid(41716fe45d35db241b547113166d4c50) Importer(2089858483,b0f066a214c2f5e87bad3c948f4d605d)
Start importing Packages/com.unity.purchasing/Editor/Analytics/PackageKey/GameServicesAnalyticsPackageKeyHolder.cs using Guid(41716fe45d35db241b547113166d4c50) Importer(2089858483,b0f066a214c2f5e87bad3c948f4d605d) (ScriptedImporter) -> (artifact id: '2275db474dc14d86997a67b65c32fa79') in 0.0115514 seconds
Number of updated asset objects reloaded before import = 0Number of asset objects unloaded after import = 0

========================================================================
Received Import Request.
  Time since last request: 0.000046 seconds.
  path: Packages/com.unity.purchasing/Runtime/Purchasing/Stores/Helpers
  artifactKey: Guid(eca3ae0f62aceda499bb5795d1c8b183) Importer(2089858483,b0f066a214c2f5e87bad3c948f4d605d)
Start importing Packages/com.unity.purchasing/Runtime/Purchasing/Stores/Helpers using Guid(eca3ae0f62aceda499bb5795d1c8b183) Importer(2089858483,b0f066a214c2f5e87bad3c948f4d605d) (ScriptedImporter) -> (artifact id: '7d3908f04b05e4789670a69de063d097') in 0.01381 seconds
Number of updated asset objects reloaded before import = 0Number of asset objects unloaded after import = 1

========================================================================
Received Import Request.
  Time since last request: 0.000038 seconds.
  path: Packages/com.unity.purchasing/Runtime/UnityPaymentProviders/Client/Models/DeviceInfo.cs
  artifactKey: Guid(062a018b3bf1e439d9ca2b3716226a8f) Importer(2089858483,b0f066a214c2f5e87bad3c948f4d605d)
Start importing Packages/com.unity.purchasing/Runtime/UnityPaymentProviders/Client/Models/DeviceInfo.cs using Guid(062a018b3bf1e439d9ca2b3716226a8f) Importer(2089858483,b0f066a214c2f5e87bad3c948f4d605d) (ScriptedImporter) -> (artifact id: 'aa9aa1b46cc6694012676c8abc81bb86') in 0.0113179 seconds
Number of updated asset objects reloaded before import = 0Number of asset objects unloaded after import = 0

========================================================================
Received Import Request.
  Time since last request: 0.000077 seconds.
  path: Packages/com.unity.purchasing/Editor/Authoring/LiveContentAdminApi/Client/Model/ConfigCreateBatchSchema.cs
  artifactKey: Guid(90dd0c9cf74b4824afc07116530c4eea) Importer(2089858483,b0f066a214c2f5e87bad3c948f4d605d)
Start importing Packages/com.unity.purchasing/Editor/Authoring/LiveContentAdminApi/Client/Model/ConfigCreateBatchSchema.cs using Guid(90dd0c9cf74b4824afc07116530c4eea) Importer(2089858483,b0f066a214c2f5e87bad3c948f4d605d) (ScriptedImporter) -> (artifact id: '908b873afd2f8850b153c9f11efd8006') in 0.0119678 seconds
Number of updated asset objects reloaded before import = 0Number of asset objects unloaded after import = 0

========================================================================
Received Import Request.
  Time since last request: 0.000053 seconds.
  path: Packages/com.unity.services.core/Editor/Core/Environments/UI/Assets/EnvironmentView_style.uss
  artifactKey: Guid(65ea1516d975048d59571ca8c47688a9) Importer(2089858483,b0f066a214c2f5e87bad3c948f4d605d)
Start importing Packages/com.unity.services.core/Editor/Core/Environments/UI/Assets/EnvironmentView_style.uss using Guid(65ea1516d975048d59571ca8c47688a9) Importer(2089858483,b0f066a214c2f5e87bad3c948f4d605d) (ScriptedImporter) -> (artifact id: '4b55b34d255eac6a41115c8bdbf04bf4') in 0.0148947 seconds
Number of updated asset objects reloaded before import = 0Number of asset objects unloaded after import = 1

========================================================================
Received Import Request.
  Time since last request: 0.000027 seconds.
  path: Packages/com.unity.services.core/Runtime/Device/Unity.Services.Core.Device.api
  artifactKey: Guid(9fd3161dccac3420aba623cc85241d0d) Importer(2089858483,b0f066a214c2f5e87bad3c948f4d605d)
Start importing Packages/com.unity.services.core/Runtime/Device/Unity.Services.Core.Device.api using Guid(9fd3161dccac3420aba623cc85241d0d) Importer(2089858483,b0f066a214c2f5e87bad3c948f4d605d) (ScriptedImporter) -> (artifact id: '4683898f22be89f83ee5ace12a1c32e2') in 0.0132554 seconds
Number of updated asset objects reloaded before import = 0Number of asset objects unloaded after import = 1

========================================================================
Received Import Request.
  Time since last request: 0.000030 seconds.
  path: Packages/com.unity.purchasing/Runtime/Purchasing/Core/Purchasing/Android/GooglePlay/Interfaces/Callbacks
  artifactKey: Guid(47b25f48a577dd54e83e6a027bdfc794) Importer(2089858483,b0f066a214c2f5e87bad3c948f4d605d)
Start importing Packages/com.unity.purchasing/Runtime/Purchasing/Core/Purchasing/Android/GooglePlay/Interfaces/Callbacks using Guid(47b25f48a577dd54e83e6a027bdfc794) Importer(2089858483,b0f066a214c2f5e87bad3c948f4d605d) (ScriptedImporter) -> (artifact id: '3e4e83dfd333b6be494490414d65a2d6') in 0.0147679 seconds
Number of updated asset objects reloaded before import = 0Number of asset objects unloaded after import = 1

========================================================================
Received Import Request.
  Time since last request: 0.000059 seconds.
  path: Packages/com.unity.purchasing/Runtime/TransactionVerifier/Client/Http/JsonObjectConverter.cs
  artifactKey: Guid(064a802bf721a4455af83f242b6ec2c1) Importer(2089858483,b0f066a214c2f5e87bad3c948f4d605d)
Start importing Packages/com.unity.purchasing/Runtime/TransactionVerifier/Client/Http/JsonObjectConverter.cs using Guid(064a802bf721a4455af83f242b6ec2c1) Importer(2089858483,b0f066a214c2f5e87bad3c948f4d605d) (ScriptedImporter) -> (artifact id: '2ebbff12fa4d7c4a843f3181dbef18b6') in 0.0122756 seconds
Number of updated asset objects reloaded before import = 0Number of asset objects unloaded after import = 0

========================================================================
Received Import Request.
  Time since last request: 0.000065 seconds.
  path: Packages/com.unity.services.core/Editor/Core/EditorGameService/USS/ServicesProjectSettingsDark.uss
  artifactKey: Guid(8d3c945b112744efda5b766100f90895) Importer(2089858483,b0f066a214c2f5e87bad3c948f4d605d)
Start importing Packages/com.unity.services.core/Editor/Core/EditorGameService/USS/ServicesProjectSettingsDark.uss using Guid(8d3c945b112744efda5b766100f90895) Importer(2089858483,b0f066a214c2f5e87bad3c948f4d605d) (ScriptedImporter) -> (artifact id: '0a1025ac0be5a386ebfca91b4b67c8b6') in 0.0131135 seconds
Number of updated asset objects reloaded before import = 0Number of asset objects unloaded after import = 1

========================================================================
Received Import Request.
  Time since last request: 0.000023 seconds.
  path: Packages/com.unity.purchasing/Editor/Authoring/LiveContentAdminApi/Client/Model/DeleteError.cs
  artifactKey: Guid(7b93677e0cc5a4b9cb546ec33445c8e6) Importer(2089858483,b0f066a214c2f5e87bad3c948f4d605d)
Start importing Packages/com.unity.purchasing/Editor/Authoring/LiveContentAdminApi/Client/Model/DeleteError.cs using Guid(7b93677e0cc5a4b9cb546ec33445c8e6) Importer(2089858483,b0f066a214c2f5e87bad3c948f4d605d) (ScriptedImporter) -> (artifact id: 'fb3d1e9dca819b5f8ecf9930f7074520') in 0.0131939 seconds
Number of updated asset objects reloaded before import = 0Number of asset objects unloaded after import = 0

========================================================================
Received Import Request.
  Time since last request: 0.000063 seconds.
  path: Packages/com.unity.analytics/Plugins/WindowUtil.jslib
  artifactKey: Guid(9c28ac06b3e4042b49dd5e1471a4c81a) Importer(2089858483,b0f066a214c2f5e87bad3c948f4d605d)
Start importing Packages/com.unity.analytics/Plugins/WindowUtil.jslib using Guid(9c28ac06b3e4042b49dd5e1471a4c81a) Importer(2089858483,b0f066a214c2f5e87bad3c948f4d605d) (ScriptedImporter) -> (artifact id: 'dfeab11d6dd8802f9e836d92880622a1') in 0.012755 seconds
Number of updated asset objects reloaded before import = 0Number of asset objects unloaded after import = 0

========================================================================
Received Import Request.
  Time since last request: 0.000021 seconds.
  path: Packages/com.unity.services.core/Runtime/Core.Internal/Components
  artifactKey: Guid(99614a857646842a086184db34d8fb84) Importer(2089858483,b0f066a214c2f5e87bad3c948f4d605d)
Start importing Packages/com.unity.services.core/Runtime/Core.Internal/Components using Guid(99614a857646842a086184db34d8fb84) Importer(2089858483,b0f066a214c2f5e87bad3c948f4d605d) (ScriptedImporter) -> (artifact id: 'e51d8988b918a5156b3e8666350b9f41') in 0.0119503 seconds
Number of updated asset objects reloaded before import = 0Number of asset objects unloaded after import = 1

========================================================================
Received Import Request.
  Time since last request: 0.000022 seconds.
  path: Packages/com.unity.purchasing/Runtime/Purchasing/Core/Purchasing/AppleAppStore
  artifactKey: Guid(9869d19760900954b8c22e2ec82d62ec) Importer(2089858483,b0f066a214c2f5e87bad3c948f4d605d)
Start importing Packages/com.unity.purchasing/Runtime/Purchasing/Core/Purchasing/AppleAppStore using Guid(9869d19760900954b8c22e2ec82d62ec) Importer(2089858483,b0f066a214c2f5e87bad3c948f4d605d) (ScriptedImporter) -> (artifact id: 'f0cd94a649c73bf5c58199879a8fe69f') in 0.0104005 seconds
Number of updated asset objects reloaded before import = 0Number of asset objects unloaded after import = 1

========================================================================
Received Import Request.
  Time since last request: 0.000017 seconds.
  path: Packages/com.unity.purchasing/Editor/Shared/WebApi/ApiConfiguration.cs
  artifactKey: Guid(9bd53bce9269458596dcfeb328f787de) Importer(2089858483,b0f066a214c2f5e87bad3c948f4d605d)
Start importing Packages/com.unity.purchasing/Editor/Shared/WebApi/ApiConfiguration.cs using Guid(9bd53bce9269458596dcfeb328f787de) Importer(2089858483,b0f066a214c2f5e87bad3c948f4d605d) (ScriptedImporter) -> (artifact id: '6d1316f5c9f2c724099d314c36ae8968') in 0.0131439 seconds
Number of updated asset objects reloaded before import = 0Number of asset objects unloaded after import = 0

========================================================================
Received Import Request.
  Time since last request: 0.000051 seconds.
  path: Packages/com.unity.services.deployment/Editor/Analytics/DeploymentWindowAnalytics.cs
  artifactKey: Guid(6ff407e0b7e034a9b9e7c43c94b4ea4b) Importer(2089858483,b0f066a214c2f5e87bad3c948f4d605d)
Start importing Packages/com.unity.services.deployment/Editor/Analytics/DeploymentWindowAnalytics.cs using Guid(6ff407e0b7e034a9b9e7c43c94b4ea4b) Importer(2089858483,b0f066a214c2f5e87bad3c948f4d605d) (ScriptedImporter) -> (artifact id: '876fa401a93e91552d3e1ec9dcb31f07') in 0.0138527 seconds
Number of updated asset objects reloaded before import = 0Number of asset objects unloaded after import = 0

========================================================================
Received Import Request.
  Time since last request: 0.000063 seconds.
  path: Packages/com.unity.purchasing/Editor/Authoring/PurchasingAdminApi/Client/Model/BasicErrorResponse.cs
  artifactKey: Guid(ee53578a0801543628020b026b6d7671) Importer(2089858483,b0f066a214c2f5e87bad3c948f4d605d)
Start importing Packages/com.unity.purchasing/Editor/Authoring/PurchasingAdminApi/Client/Model/BasicErrorResponse.cs using Guid(ee53578a0801543628020b026b6d7671) Importer(2089858483,b0f066a214c2f5e87bad3c948f4d605d) (ScriptedImporter) -> (artifact id: '21ac8d5814de87b9c8d68877c9dca41d') in 0.0127774 seconds
Number of updated asset objects reloaded before import = 0Number of asset objects unloaded after import = 0

========================================================================
Received Import Request.
  Time since last request: 0.000055 seconds.
  path: Packages/com.unity.purchasing/Editor/Shared/Assets/IPath.Gen.cs
  artifactKey: Guid(e67a8b173f6549b3a6b9f8f026a8c130) Importer(2089858483,b0f066a214c2f5e87bad3c948f4d605d)
Start importing Packages/com.unity.purchasing/Editor/Shared/Assets/IPath.Gen.cs using Guid(e67a8b173f6549b3a6b9f8f026a8c130) Importer(2089858483,b0f066a214c2f5e87bad3c948f4d605d) (ScriptedImporter) -> (artifact id: '5780de421accc65faaff0b151041fc96') in 0.0146057 seconds
Number of updated asset objects reloaded before import = 0Number of asset objects unloaded after import = 0

========================================================================
Received Import Request.
  Time since last request: 0.000046 seconds.
  path: Packages/com.unity.services.core/Editor/Core/Linker/Models/XmlLinkedType.cs
  artifactKey: Guid(720ae44e2f11402e9343b0751a56a03a) Importer(2089858483,b0f066a214c2f5e87bad3c948f4d605d)
Start importing Packages/com.unity.services.core/Editor/Core/Linker/Models/XmlLinkedType.cs using Guid(720ae44e2f11402e9343b0751a56a03a) Importer(2089858483,b0f066a214c2f5e87bad3c948f4d605d) (ScriptedImporter) -> (artifact id: '086cffd92f661e278c5e0adff85a0441') in 0.0128941 seconds
Number of updated asset objects reloaded before import = 0Number of asset objects unloaded after import = 0

========================================================================
Received Import Request.
  Time since last request: 0.000058 seconds.
  path: Packages/com.unity.microsoft.gdk/Runtime/Interop/__GENERATED/XBL
  artifactKey: Guid(afe24a7d5d6a474486397b1174cee67e) Importer(2089858483,b0f066a214c2f5e87bad3c948f4d605d)
Start importing Packages/com.unity.microsoft.gdk/Runtime/Interop/__GENERATED/XBL using Guid(afe24a7d5d6a474486397b1174cee67e) Importer(2089858483,b0f066a214c2f5e87bad3c948f4d605d) (ScriptedImporter) -> (artifact id: '41a4ce19f2c2c83fb83117921b2cb39b') in 0.0128997 seconds
Number of updated asset objects reloaded before import = 0Number of asset objects unloaded after import = 1

========================================================================
Received Import Request.
  Time since last request: 0.000018 seconds.
  path: Packages/com.unity.analytics/Tests/Editor/ScreenVisitTests.cs
  artifactKey: Guid(768d77435df35443bad74aedc993c0cf) Importer(2089858483,b0f066a214c2f5e87bad3c948f4d605d)
Start importing Packages/com.unity.analytics/Tests/Editor/ScreenVisitTests.cs using Guid(768d77435df35443bad74aedc993c0cf) Importer(2089858483,b0f066a214c2f5e87bad3c948f4d605d) (ScriptedImporter) -> (artifact id: '522f3cf12d9c291fdc6587a5c0eff8b0') in 0.012175 seconds
Number of updated asset objects reloaded before import = 0Number of asset objects unloaded after import = 0

========================================================================
Received Import Request.
  Time since last request: 0.000058 seconds.
  path: Packages/com.unity.microsoft.gdk/Editor/GDKMenu.cs
  artifactKey: Guid(0c4ca3252ce5c934a97d2c2aa83372fb) Importer(2089858483,b0f066a214c2f5e87bad3c948f4d605d)
Start importing Packages/com.unity.microsoft.gdk/Editor/GDKMenu.cs using Guid(0c4ca3252ce5c934a97d2c2aa83372fb) Importer(2089858483,b0f066a214c2f5e87bad3c948f4d605d) (ScriptedImporter) -> (artifact id: '49917b7e3ebb455e57b966795cd89917') in 0.014659 seconds
Number of updated asset objects reloaded before import = 0Number of asset objects unloaded after import = 0

========================================================================
Received Import Request.
  Time since last request: 0.000040 seconds.
  path: Packages/com.unity.purchasing/Runtime/Purchasing/Stores/Android/GooglePlay/AAR/Interfaces/IBillingClientStateListener.cs
  artifactKey: Guid(15d04b6fd658a4eafaeac7ebdd6163bb) Importer(2089858483,b0f066a214c2f5e87bad3c948f4d605d)
Start importing Packages/com.unity.purchasing/Runtime/Purchasing/Stores/Android/GooglePlay/AAR/Interfaces/IBillingClientStateListener.cs using Guid(15d04b6fd658a4eafaeac7ebdd6163bb) Importer(2089858483,b0f066a214c2f5e87bad3c948f4d605d) (ScriptedImporter) -> (artifact id: '2b1901c63075f8429a30ffcf879f1281') in 0.0145898 seconds
Number of updated asset objects reloaded before import = 0Number of asset objects unloaded after import = 0

========================================================================
Received Import Request.
  Time since last request: 0.000075 seconds.
  path: Packages/com.unity.services.core/Runtime/Core.Internal/Serialization/IJsonSerializer.cs
  artifactKey: Guid(7145ff75f48d459ba47583c1301f05aa) Importer(2089858483,b0f066a214c2f5e87bad3c948f4d605d)
Start importing Packages/com.unity.services.core/Runtime/Core.Internal/Serialization/IJsonSerializer.cs using Guid(7145ff75f48d459ba47583c1301f05aa) Importer(2089858483,b0f066a214c2f5e87bad3c948f4d605d) (ScriptedImporter) -> (artifact id: 'd986bb7ef8037f749fdf752c41a27ceb') in 0.0141157 seconds
Number of updated asset objects reloaded before import = 0Number of asset objects unloaded after import = 0

========================================================================
Received Import Request.
  Time since last request: 0.000066 seconds.
  path: Packages/com.unity.microsoft.gdk/Runtime/Interop/__GENERATED/XBL/UserStatistics/XblUserStatisticsResult.cs
  artifactKey: Guid(0ebca787b92144068d88f83e51dc8654) Importer(2089858483,b0f066a214c2f5e87bad3c948f4d605d)
Start importing Packages/com.unity.microsoft.gdk/Runtime/Interop/__GENERATED/XBL/UserStatistics/XblUserStatisticsResult.cs using Guid(0ebca787b92144068d88f83e51dc8654) Importer(2089858483,b0f066a214c2f5e87bad3c948f4d605d) (ScriptedImporter) -> (artifact id: '118faa1a3c75aeb4cfb5a81ee4ec8eef') in 0.0143316 seconds
Number of updated asset objects reloaded before import = 0Number of asset objects unloaded after import = 0

========================================================================
Received Import Request.
  Time since last request: 0.000060 seconds.
  path: Packages/com.unity.microsoft.gdk/Runtime/XBL/Multiplayer/XblWriteSessionStatus.cs
  artifactKey: Guid(1db7b7a4a14bbd84ab063ad8296fdf9a) Importer(2089858483,b0f066a214c2f5e87bad3c948f4d605d)
Start importing Packages/com.unity.microsoft.gdk/Runtime/XBL/Multiplayer/XblWriteSessionStatus.cs using Guid(1db7b7a4a14bbd84ab063ad8296fdf9a) Importer(2089858483,b0f066a214c2f5e87bad3c948f4d605d) (ScriptedImporter) -> (artifact id: '11a7b91dbd8d7825de6f1c89e93855a2') in 0.0134133 seconds
Number of updated asset objects reloaded before import = 0Number of asset objects unloaded after import = 0

========================================================================
Received Import Request.
  Time since last request: 0.000051 seconds.
  path: Packages/com.unity.purchasing/Editor/Authoring/PurchasingAdminApi/Client/Model/ValidationErrorResponse.cs
  artifactKey: Guid(1eec48f4d9c9546908d6a9922342c306) Importer(2089858483,b0f066a214c2f5e87bad3c948f4d605d)
Start importing Packages/com.unity.purchasing/Editor/Authoring/PurchasingAdminApi/Client/Model/ValidationErrorResponse.cs using Guid(1eec48f4d9c9546908d6a9922342c306) Importer(2089858483,b0f066a214c2f5e87bad3c948f4d605d) (ScriptedImporter) -> (artifact id: 'a473b7545c8ccc20de8f75521f11e020') in 0.0133894 seconds
Number of updated asset objects reloaded before import = 0Number of asset objects unloaded after import = 0

========================================================================
Received Import Request.
  Time since last request: 0.000062 seconds.
  path: Packages/com.unity.services.deployment/Editor/Interface/UI/Components/KeyboardShortcutsContainer.cs
  artifactKey: Guid(cc5b545acd2e445f98dacfedd34ab686) Importer(2089858483,b0f066a214c2f5e87bad3c948f4d605d)
Start importing Packages/com.unity.services.deployment/Editor/Interface/UI/Components/KeyboardShortcutsContainer.cs using Guid(cc5b545acd2e445f98dacfedd34ab686) Importer(2089858483,b0f066a214c2f5e87bad3c948f4d605d) (ScriptedImporter) -> (artifact id: '146ba014438ad1e3755dbd0a842dea1d') in 0.0136757 seconds
Number of updated asset objects reloaded before import = 0Number of asset objects unloaded after import = 0

========================================================================
Received Import Request.
  Time since last request: 0.000052 seconds.
  path: Packages/com.unity.microsoft.gdk/Runtime/XBL/TitleStorage/XblTitleStorageType.cs
  artifactKey: Guid(873302f8829f43adabff10fb289cc533) Importer(2089858483,b0f066a214c2f5e87bad3c948f4d605d)
Start importing Packages/com.unity.microsoft.gdk/Runtime/XBL/TitleStorage/XblTitleStorageType.cs using Guid(873302f8829f43adabff10fb289cc533) Importer(2089858483,b0f066a214c2f5e87bad3c948f4d605d) (ScriptedImporter) -> (artifact id: 'b382767e9dea27197ddb433364e8a289') in 0.0114635 seconds
Number of updated asset objects reloaded before import = 0Number of asset objects unloaded after import = 0

========================================================================
Received Import Request.
  Time since last request: 0.000043 seconds.
  path: Packages/com.unity.microsoft.gdk/Runtime/XBL/MultiplayerManager/XblMultiplayerPeerToPeerRequirements.cs
  artifactKey: Guid(2e2917b1720d10042bfefd34ef277f06) Importer(2089858483,b0f066a214c2f5e87bad3c948f4d605d)
Start importing Packages/com.unity.microsoft.gdk/Runtime/XBL/MultiplayerManager/XblMultiplayerPeerToPeerRequirements.cs using Guid(2e2917b1720d10042bfefd34ef277f06) Importer(2089858483,b0f066a214c2f5e87bad3c948f4d605d) (ScriptedImporter) -> (artifact id: '914b7ec66c57194444f1c342cf70ee0d') in 0.0142034 seconds
Number of updated asset objects reloaded before import = 0Number of asset objects unloaded after import = 0

========================================================================
Received Import Request.
  Time since last request: 0.000067 seconds.
  path: Packages/com.unity.purchasing/Runtime/UnityPaymentProviders/AssemblyInfo.cs
  artifactKey: Guid(5d1d0e727b6b48618d81c11f7dd229bd) Importer(2089858483,b0f066a214c2f5e87bad3c948f4d605d)
Start importing Packages/com.unity.purchasing/Runtime/UnityPaymentProviders/AssemblyInfo.cs using Guid(5d1d0e727b6b48618d81c11f7dd229bd) Importer(2089858483,b0f066a214c2f5e87bad3c948f4d605d) (ScriptedImporter) -> (artifact id: '7e3fd4333456f3c6ef9f48da6b7241e9') in 0.0116924 seconds
Number of updated asset objects reloaded before import = 0Number of asset objects unloaded after import = 0

========================================================================
Received Import Request.
  Time since last request: 0.000149 seconds.
  path: Packages/com.unity.purchasing/Runtime/Stores/PaymentProvider/GuidExtensions.cs
  artifactKey: Guid(eb2d9fe8665c42f8925970ec0ecf63c1) Importer(2089858483,b0f066a214c2f5e87bad3c948f4d605d)
Start importing Packages/com.unity.purchasing/Runtime/Stores/PaymentProvider/GuidExtensions.cs using Guid(eb2d9fe8665c42f8925970ec0ecf63c1) Importer(2089858483,b0f066a214c2f5e87bad3c948f4d605d) (ScriptedImporter) -> (artifact id: '258b7be907ba5b5b489e677d0ead3cd2') in 0.0109496 seconds
Number of updated asset objects reloaded before import = 0Number of asset objects unloaded after import = 0

========================================================================
Received Import Request.
  Time since last request: 0.000061 seconds.
  path: Packages/com.unity.purchasing/Runtime/Purchasing/PurchasingFactory.cs
  artifactKey: Guid(cd86037972ea481699ef5ab2193ac0a1) Importer(2089858483,b0f066a214c2f5e87bad3c948f4d605d)
Start importing Packages/com.unity.purchasing/Runtime/Purchasing/PurchasingFactory.cs using Guid(cd86037972ea481699ef5ab2193ac0a1) Importer(2089858483,b0f066a214c2f5e87bad3c948f4d605d) (ScriptedImporter) -> (artifact id: '5c7368aa5664c0a382bb0579e69bdb1e') in 0.0119837 seconds
Number of updated asset objects reloaded before import = 0Number of asset objects unloaded after import = 0

========================================================================
Received Import Request.
  Time since last request: 0.000058 seconds.
  path: Packages/com.unity.services.core/Editor/Core/Environments/Client/Apis/DefaultApi.cs
  artifactKey: Guid(e5cb09d6e3f0e49f8a2a23fa61447902) Importer(2089858483,b0f066a214c2f5e87bad3c948f4d605d)
Start importing Packages/com.unity.services.core/Editor/Core/Environments/Client/Apis/DefaultApi.cs using Guid(e5cb09d6e3f0e49f8a2a23fa61447902) Importer(2089858483,b0f066a214c2f5e87bad3c948f4d605d) (ScriptedImporter) -> (artifact id: 'c833842bf27f8afc9baa9a94b0dd5479') in 0.013911 seconds
Number of updated asset objects reloaded before import = 0Number of asset objects unloaded after import = 0

========================================================================
Received Import Request.
  Time since last request: 0.000051 seconds.
  path: Packages/com.unity.services.core/Runtime/Environments/Internal
  artifactKey: Guid(ac5940d1ac8476b4dad0aa82a483442c) Importer(2089858483,b0f066a214c2f5e87bad3c948f4d605d)
Start importing Packages/com.unity.services.core/Runtime/Environments/Internal using Guid(ac5940d1ac8476b4dad0aa82a483442c) Importer(2089858483,b0f066a214c2f5e87bad3c948f4d605d) (ScriptedImporter) -> (artifact id: '6ec14cde363aeed717dafc7d40a45ca3') in 0.0129659 seconds
Number of updated asset objects reloaded before import = 0Number of asset objects unloaded after import = 1

========================================================================
Received Import Request.
  Time since last request: 0.000057 seconds.
  path: Packages/com.unity.purchasing/Runtime/UnityPaymentProviders/Client/ErrorMitigation/RetryPolicyConfig.cs
  artifactKey: Guid(fd05c913456bc43c5b7b6a8ad6aedb97) Importer(2089858483,b0f066a214c2f5e87bad3c948f4d605d)
Start importing Packages/com.unity.purchasing/Runtime/UnityPaymentProviders/Client/ErrorMitigation/RetryPolicyConfig.cs using Guid(fd05c913456bc43c5b7b6a8ad6aedb97) Importer(2089858483,b0f066a214c2f5e87bad3c948f4d605d) (ScriptedImporter) -> (artifact id: '54a4acb1814c1d9195df178a7f5dbb80') in 0.0146726 seconds
Number of updated asset objects reloaded before import = 0Number of asset objects unloaded after import = 0

========================================================================
Received Import Request.
  Time since last request: 0.000039 seconds.
  path: Packages/com.unity.analytics/AnalyticsStandardEvents
  artifactKey: Guid(96e1a81adb349464a97ebed166911b0e) Importer(2089858483,b0f066a214c2f5e87bad3c948f4d605d)
Start importing Packages/com.unity.analytics/AnalyticsStandardEvents using Guid(96e1a81adb349464a97ebed166911b0e) Importer(2089858483,b0f066a214c2f5e87bad3c948f4d605d) (ScriptedImporter) -> (artifact id: '847b382f28b9156b4ab264cc68cd7879') in 0.0123197 seconds
Number of updated asset objects reloaded before import = 0Number of asset objects unloaded after import = 1

========================================================================
Received Import Request.
  Time since last request: 0.000024 seconds.
  path: Packages/com.unity.purchasing/Editor/Shared/Infrastructure
  artifactKey: Guid(e2b7ba48834f4c20941966be7a300bbe) Importer(2089858483,b0f066a214c2f5e87bad3c948f4d605d)
Start importing Packages/com.unity.purchasing/Editor/Shared/Infrastructure using Guid(e2b7ba48834f4c20941966be7a300bbe) Importer(2089858483,b0f066a214c2f5e87bad3c948f4d605d) (ScriptedImporter) -> (artifact id: 'a39d9fdad8e67187a074148d58775c3d') in 0.0133163 seconds
Number of updated asset objects reloaded before import = 0Number of asset objects unloaded after import = 1

========================================================================
Received Import Request.
  Time since last request: 0.000035 seconds.
  path: Packages/com.unity.services.deployment/Editor/DeploymentDefinitions
  artifactKey: Guid(5320bdbc5b7e343abac9f30e5a51b82c) Importer(2089858483,b0f066a214c2f5e87bad3c948f4d605d)
Start importing Packages/com.unity.services.deployment/Editor/DeploymentDefinitions using Guid(5320bdbc5b7e343abac9f30e5a51b82c) Importer(2089858483,b0f066a214c2f5e87bad3c948f4d605d) (ScriptedImporter) -> (artifact id: 'e08b1ff2ccc1e60e635c4a1e6e3586c0') in 0.0120049 seconds
Number of updated asset objects reloaded before import = 0Number of asset objects unloaded after import = 1

========================================================================
Received Import Request.
  Time since last request: 0.000019 seconds.
  path: Packages/com.unity.analytics/Tests/Editor/TutorialSkipTests.cs
  artifactKey: Guid(3ab6e6972ecb54e2cbd505692415a7ba) Importer(2089858483,b0f066a214c2f5e87bad3c948f4d605d)
Start importing Packages/com.unity.analytics/Tests/Editor/TutorialSkipTests.cs using Guid(3ab6e6972ecb54e2cbd505692415a7ba) Importer(2089858483,b0f066a214c2f5e87bad3c948f4d605d) (ScriptedImporter) -> (artifact id: 'd6ba50bd7845a2dc56eac6d8bac6c60a') in 0.0163922 seconds
Number of updated asset objects reloaded before import = 0Number of asset objects unloaded after import = 0

========================================================================
Received Import Request.
  Time since last request: 0.000052 seconds.
  path: Packages/com.unity.microsoft.gdk/Runtime/Interop/XBL/Social/XblSocialInterop.cs
  artifactKey: Guid(7a543715962645dea7d77c908760d031) Importer(2089858483,b0f066a214c2f5e87bad3c948f4d605d)
Start importing Packages/com.unity.microsoft.gdk/Runtime/Interop/XBL/Social/XblSocialInterop.cs using Guid(7a543715962645dea7d77c908760d031) Importer(2089858483,b0f066a214c2f5e87bad3c948f4d605d) (ScriptedImporter) -> (artifact id: '37479088defbd634d92b64a0bc1c17f6') in 0.0112919 seconds
Number of updated asset objects reloaded before import = 0Number of asset objects unloaded after import = 0

========================================================================
Received Import Request.
  Time since last request: 0.000052 seconds.
  path: Packages/com.unity.purchasing/Editor/ServiceProjectSettings/UI/UXML/PurchasingProjectSettings.uxml
  artifactKey: Guid(7bcc2360f5525c542aed6bffb5021271) Importer(2089858483,b0f066a214c2f5e87bad3c948f4d605d)
Start importing Packages/com.unity.purchasing/Editor/ServiceProjectSettings/UI/UXML/PurchasingProjectSettings.uxml using Guid(7bcc2360f5525c542aed6bffb5021271) Importer(2089858483,b0f066a214c2f5e87bad3c948f4d605d) (ScriptedImporter) -> (artifact id: '3ea1668b74b6291fd06ffbb96974abe1') in 0.016755 seconds
Number of updated asset objects reloaded before import = 0Number of asset objects unloaded after import = 2

========================================================================
Received Import Request.
  Time since last request: 1.808761 seconds.
  path: Packages/com.unity.purchasing/Runtime/Purchasing/Core/Purchasing/UseCases/PurchaseUseCase.cs
  artifactKey: Guid(365d4e0363320e74bae13a0c0f1172a6) Importer(2089858483,b0f066a214c2f5e87bad3c948f4d605d)
Start importing Packages/com.unity.purchasing/Runtime/Purchasing/Core/Purchasing/UseCases/PurchaseUseCase.cs using Guid(365d4e0363320e74bae13a0c0f1172a6) Importer(2089858483,b0f066a214c2f5e87bad3c948f4d605d) (ScriptedImporter) -> (artifact id: '6ac632a8fbf8421afff2a29b7aaa0105') in 0.0122416 seconds
Number of updated asset objects reloaded before import = 0Number of asset objects unloaded after import = 0

========================================================================
Received Import Request.
  Time since last request: 0.000028 seconds.
  path: Packages/com.unity.xr.legacyinputhelpers/Prefabs/XRRig.prefab
  artifactKey: Guid(c116b7497ab8ca34c9188965d4295e27) Importer(2089858483,b0f066a214c2f5e87bad3c948f4d605d)
Start importing Packages/com.unity.xr.legacyinputhelpers/Prefabs/XRRig.prefab using Guid(c116b7497ab8ca34c9188965d4295e27) Importer(2089858483,b0f066a214c2f5e87bad3c948f4d605d) (ScriptedImporter) -> (artifact id: 'b30ac203419f838619b94c9bde877139') in 0.0457358 seconds
Number of updated asset objects reloaded before import = 0Number of asset objects unloaded after import = 11

========================================================================
Received Import Request.
  Time since last request: 0.000061 seconds.
  path: Packages/com.unity.services.core/Editor/Core/UiHelpers/Images
  artifactKey: Guid(99ef0537e3a64f2a9d41d9de53451790) Importer(2089858483,b0f066a214c2f5e87bad3c948f4d605d)
Start importing Packages/com.unity.services.core/Editor/Core/UiHelpers/Images using Guid(99ef0537e3a64f2a9d41d9de53451790) Importer(2089858483,b0f066a214c2f5e87bad3c948f4d605d) (ScriptedImporter) -> (artifact id: '03632968f8016b61d765c01ec35df7f0') in 0.0178424 seconds
Number of updated asset objects reloaded before import = 0Number of asset objects unloaded after import = 1

========================================================================
Received Import Request.
  Time since last request: 0.000037 seconds.
  path: Packages/com.unity.purchasing/Runtime/Purchasing/Insights/IPurchaseEventEmitter.cs
  artifactKey: Guid(3b0f0cf9e4ca4867ba9d219647130340) Importer(2089858483,b0f066a214c2f5e87bad3c948f4d605d)
Start importing Packages/com.unity.purchasing/Runtime/Purchasing/Insights/IPurchaseEventEmitter.cs using Guid(3b0f0cf9e4ca4867ba9d219647130340) Importer(2089858483,b0f066a214c2f5e87bad3c948f4d605d) (ScriptedImporter) -> (artifact id: '734410111f837f264b38a245d918660d') in 0.0160086 seconds
Number of updated asset objects reloaded before import = 0Number of asset objects unloaded after import = 0

========================================================================
Received Import Request.
  Time since last request: 0.000062 seconds.
  path: Packages/com.unity.microsoft.gdk/Tests/PlayModeTests/XSystemTests.cs
  artifactKey: Guid(baef56dc47c1f364cad2e6b94520e62f) Importer(2089858483,b0f066a214c2f5e87bad3c948f4d605d)
Start importing Packages/com.unity.microsoft.gdk/Tests/PlayModeTests/XSystemTests.cs using Guid(baef56dc47c1f364cad2e6b94520e62f) Importer(2089858483,b0f066a214c2f5e87bad3c948f4d605d) (ScriptedImporter) -> (artifact id: '65986e68963b27057a04520ef580f3f0') in 0.0294291 seconds
Number of updated asset objects reloaded before import = 0Number of asset objects unloaded after import = 0

========================================================================
Received Import Request.
  Time since last request: 0.000071 seconds.
  path: Packages/com.unity.purchasing/Editor/Shared/Infrastructure/IO/PathUtils.Gen.cs
  artifactKey: Guid(dcf8ca0b1b9847478f70ed9ea5650d0d) Importer(2089858483,b0f066a214c2f5e87bad3c948f4d605d)
Start importing Packages/com.unity.purchasing/Editor/Shared/Infrastructure/IO/PathUtils.Gen.cs using Guid(dcf8ca0b1b9847478f70ed9ea5650d0d) Importer(2089858483,b0f066a214c2f5e87bad3c948f4d605d) (ScriptedImporter) -> (artifact id: '74e6d9f3c406b9f3126387ab18236638') in 0.0261123 seconds
Number of updated asset objects reloaded before import = 0Number of asset objects unloaded after import = 0

========================================================================
Received Import Request.
  Time since last request: 0.000085 seconds.
  path: Packages/com.unity.services.analytics/Runtime/Unity.Services.Analytics.asmdef
  artifactKey: Guid(5e0b455853cd340e0813387221dfd501) Importer(2089858483,b0f066a214c2f5e87bad3c948f4d605d)
Start importing Packages/com.unity.services.analytics/Runtime/Unity.Services.Analytics.asmdef using Guid(5e0b455853cd340e0813387221dfd501) Importer(2089858483,b0f066a214c2f5e87bad3c948f4d605d) (ScriptedImporter) -> (artifact id: 'e1cad8dd4bd7501974a1b2c7e0026193') in 0.0251575 seconds
Number of updated asset objects reloaded before import = 0Number of asset objects unloaded after import = 1

========================================================================
Received Import Request.
  Time since last request: 0.000047 seconds.
  path: Packages/com.unity.purchasing/Editor/Authoring/UI/Assets/CatalogAssetInspector.uxml
  artifactKey: Guid(0c0d2d609045a4c18b00b19f5a923215) Importer(2089858483,b0f066a214c2f5e87bad3c948f4d605d)
Start importing Packages/com.unity.purchasing/Editor/Authoring/UI/Assets/CatalogAssetInspector.uxml using Guid(0c0d2d609045a4c18b00b19f5a923215) Importer(2089858483,b0f066a214c2f5e87bad3c948f4d605d) (ScriptedImporter) -> (artifact id: '9782ed38d2e6203c5dda030e12a871ec') in 0.025607 seconds
Number of updated asset objects reloaded before import = 0Number of asset objects unloaded after import = 3

========================================================================
Received Import Request.
  Time since last request: 0.000035 seconds.
  path: Packages/com.unity.services.core/Editor/Core/Shared/DependencyInversion/ServiceProvider.Gen.cs
  artifactKey: Guid(aaa3b29feeb38435eaf141d2e68d5b85) Importer(2089858483,b0f066a214c2f5e87bad3c948f4d605d)
Start importing Packages/com.unity.services.core/Editor/Core/Shared/DependencyInversion/ServiceProvider.Gen.cs using Guid(aaa3b29feeb38435eaf141d2e68d5b85) Importer(2089858483,b0f066a214c2f5e87bad3c948f4d605d) (ScriptedImporter) -> (artifact id: 'e1279667de496ff02c61ed16f155d23c') in 0.0161249 seconds
Number of updated asset objects reloaded before import = 0Number of asset objects unloaded after import = 0

========================================================================
Received Import Request.
  Time since last request: 0.000087 seconds.
  path: Packages/com.unity.purchasing/Editor/Shared/Analytics/CommonAnalytics.Gen.cs
  artifactKey: Guid(27357b6b268249aa9ddff931ca128f81) Importer(2089858483,b0f066a214c2f5e87bad3c948f4d605d)
Start importing Packages/com.unity.purchasing/Editor/Shared/Analytics/CommonAnalytics.Gen.cs using Guid(27357b6b268249aa9ddff931ca128f81) Importer(2089858483,b0f066a214c2f5e87bad3c948f4d605d) (ScriptedImporter) -> (artifact id: 'aad7e518f156132a209fb019a9ea4ca2') in 0.0188839 seconds
Number of updated asset objects reloaded before import = 0Number of asset objects unloaded after import = 0

========================================================================
Received Import Request.
  Time since last request: 0.000028 seconds.
  path: Packages/com.unity.purchasing/Runtime/Purchasing/Core/Product/ProductService.cs
  artifactKey: Guid(117ce3f6c8ba3ce46b4c8345961cf304) Importer(2089858483,b0f066a214c2f5e87bad3c948f4d605d)
Start importing Packages/com.unity.purchasing/Runtime/Purchasing/Core/Product/ProductService.cs using Guid(117ce3f6c8ba3ce46b4c8345961cf304) Importer(2089858483,b0f066a214c2f5e87bad3c948f4d605d) (ScriptedImporter) -> (artifact id: '2e77e95700b6b4c6074acfb6ebe1b4c3') in 0.0198428 seconds
Number of updated asset objects reloaded before import = 0Number of asset objects unloaded after import = 0

========================================================================
Received Import Request.
  Time since last request: 0.000289 seconds.
  path: Packages/com.unity.purchasing/Runtime/Purchasing/Core/Purchasing/AppleAppStore/Extensions/UseCases/SimulateAskToBuyUseCase.cs
  artifactKey: Guid(35b0d9108b7a4cc2950bc753712573a5) Importer(2089858483,b0f066a214c2f5e87bad3c948f4d605d)
Start importing Packages/com.unity.purchasing/Runtime/Purchasing/Core/Purchasing/AppleAppStore/Extensions/UseCases/SimulateAskToBuyUseCase.cs using Guid(35b0d9108b7a4cc2950bc753712573a5) Importer(2089858483,b0f066a214c2f5e87bad3c948f4d605d) (ScriptedImporter) -> (artifact id: 'c6e922baed74008f25edb19443789d4b') in 0.016705 seconds
Number of updated asset objects reloaded before import = 0Number of asset objects unloaded after import = 0

========================================================================
Received Import Request.
  Time since last request: 0.000079 seconds.
  path: Packages/com.unity.microsoft.gdk/Runtime/Interop/XBL/TitleStorage/XblTitleStorageBlobMetadata.cs
  artifactKey: Guid(8eefcf6cc7434a7caaf8d73db198a2c4) Importer(2089858483,b0f066a214c2f5e87bad3c948f4d605d)
Start importing Packages/com.unity.microsoft.gdk/Runtime/Interop/XBL/TitleStorage/XblTitleStorageBlobMetadata.cs using Guid(8eefcf6cc7434a7caaf8d73db198a2c4) Importer(2089858483,b0f066a214c2f5e87bad3c948f4d605d) (ScriptedImporter) -> (artifact id: '677f6230892a66d878fcb85c196503dc') in 0.0167352 seconds
Number of updated asset objects reloaded before import = 0Number of asset objects unloaded after import = 0

========================================================================
Received Import Request.
  Time since last request: 0.000150 seconds.
  path: Packages/com.unity.services.deployment/Editor/Analytics/IDeploymentWindowAnalytics.cs
  artifactKey: Guid(6cf16124668064150adc8f5e43ae1010) Importer(2089858483,b0f066a214c2f5e87bad3c948f4d605d)
Start importing Packages/com.unity.services.deployment/Editor/Analytics/IDeploymentWindowAnalytics.cs using Guid(6cf16124668064150adc8f5e43ae1010) Importer(2089858483,b0f066a214c2f5e87bad3c948f4d605d) (ScriptedImporter) -> (artifact id: 'b159d0016712c4cfdb0be6a3938a17a0') in 0.0192385 seconds
Number of updated asset objects reloaded before import = 0Number of asset objects unloaded after import = 0

========================================================================
Received Import Request.
  Time since last request: 0.000059 seconds.
  path: Packages/com.unity.microsoft.gdk/Runtime/XBL/MultiplayerManager/XblMultiplayerSessionReferenceUri.cs
  artifactKey: Guid(90bdefe592380b94894fde224342d23c) Importer(2089858483,b0f066a214c2f5e87bad3c948f4d605d)
Start importing Packages/com.unity.microsoft.gdk/Runtime/XBL/MultiplayerManager/XblMultiplayerSessionReferenceUri.cs using Guid(90bdefe592380b94894fde224342d23c) Importer(2089858483,b0f066a214c2f5e87bad3c948f4d605d) (ScriptedImporter) -> (artifact id: 'ae303745c27081faf4908d22fec00178') in 0.0225973 seconds
Number of updated asset objects reloaded before import = 0Number of asset objects unloaded after import = 0

========================================================================
Received Import Request.
  Time since last request: 0.000035 seconds.
  path: Packages/com.unity.purchasing/Runtime/UnityLiveContentAdapter/Client/Http/HttpException.cs
  artifactKey: Guid(06b4ca19b45fd4edc986e5d428df3a4b) Importer(2089858483,b0f066a214c2f5e87bad3c948f4d605d)
Start importing Packages/com.unity.purchasing/Runtime/UnityLiveContentAdapter/Client/Http/HttpException.cs using Guid(06b4ca19b45fd4edc986e5d428df3a4b) Importer(2089858483,b0f066a214c2f5e87bad3c948f4d605d) (ScriptedImporter) -> (artifact id: '4af6ae8bef48c241a78216d2ebf7375a') in 0.0181181 seconds
Number of updated asset objects reloaded before import = 0Number of asset objects unloaded after import = 0

========================================================================
Received Import Request.
  Time since last request: 0.000082 seconds.
  path: Packages/com.unity.purchasing/Runtime/Stores/Android/GooglePlay/AAR/Interfaces
  artifactKey: Guid(78835d9d9c2484147b2adacaf8a03d55) Importer(2089858483,b0f066a214c2f5e87bad3c948f4d605d)
Start importing Packages/com.unity.purchasing/Runtime/Stores/Android/GooglePlay/AAR/Interfaces using Guid(78835d9d9c2484147b2adacaf8a03d55) Importer(2089858483,b0f066a214c2f5e87bad3c948f4d605d) (ScriptedImporter) -> (artifact id: '777d335ee1e255fcb6590a4d6a4fea3d') in 0.0161092 seconds
Number of updated asset objects reloaded before import = 0Number of asset objects unloaded after import = 1

========================================================================
Received Import Request.
  Time since last request: 0.000025 seconds.
  path: Packages/com.unity.services.core/Runtime/Core/Initialization/ServicesInitializationException.cs
  artifactKey: Guid(8aebbb7ccff5845b18681b4819457d83) Importer(2089858483,b0f066a214c2f5e87bad3c948f4d605d)
Start importing Packages/com.unity.services.core/Runtime/Core/Initialization/ServicesInitializationException.cs using Guid(8aebbb7ccff5845b18681b4819457d83) Importer(2089858483,b0f066a214c2f5e87bad3c948f4d605d) (ScriptedImporter) -> (artifact id: 'be887751013e09cc8bf175c06e47c2a9') in 0.0170622 seconds
Number of updated asset objects reloaded before import = 0Number of asset objects unloaded after import = 0

========================================================================
Received Import Request.
  Time since last request: 0.000023 seconds.
  path: Packages/com.unity.microsoft.gdk/Runtime/Interop/XBL/SocialManager/XblPreferredColor.cs
  artifactKey: Guid(47fe93c8faaa4d5a8a692786984abcee) Importer(2089858483,b0f066a214c2f5e87bad3c948f4d605d)
Start importing Packages/com.unity.microsoft.gdk/Runtime/Interop/XBL/SocialManager/XblPreferredColor.cs using Guid(47fe93c8faaa4d5a8a692786984abcee) Importer(2089858483,b0f066a214c2f5e87bad3c948f4d605d) (ScriptedImporter) -> (artifact id: 'bb9f277a63c328d2c8e71bfaa979c90e') in 0.0240812 seconds
Number of updated asset objects reloaded before import = 0Number of asset objects unloaded after import = 0

========================================================================
Received Import Request.
  Time since last request: 0.000051 seconds.
  path: Packages/com.unity.services.analytics/Runtime/Events/AdImpression/AdCompletionStatus.cs
  artifactKey: Guid(29011f6f58da463fada30e2f87a79fa6) Importer(2089858483,b0f066a214c2f5e87bad3c948f4d605d)
Start importing Packages/com.unity.services.analytics/Runtime/Events/AdImpression/AdCompletionStatus.cs using Guid(29011f6f58da463fada30e2f87a79fa6) Importer(2089858483,b0f066a214c2f5e87bad3c948f4d605d) (ScriptedImporter) -> (artifact id: '940ad6a223a9b7e6bf7f7e5ccc6866e0') in 0.0248591 seconds
Number of updated asset objects reloaded before import = 0Number of asset objects unloaded after import = 0

========================================================================
Received Import Request.
  Time since last request: 0.001420 seconds.
  path: Packages/com.unity.services.core/Editor/Core/Environments/Client/Http/IDeserializable.cs
  artifactKey: Guid(7ffb01788486e4be3916868f12316478) Importer(2089858483,b0f066a214c2f5e87bad3c948f4d605d)
Start importing Packages/com.unity.services.core/Editor/Core/Environments/Client/Http/IDeserializable.cs using Guid(7ffb01788486e4be3916868f12316478) Importer(2089858483,b0f066a214c2f5e87bad3c948f4d605d) (ScriptedImporter) -> (artifact id: '2f605cbc17dfbf49a2fb38c67e7f7f0d') in 0.0206667 seconds
Number of updated asset objects reloaded before import = 0Number of asset objects unloaded after import = 0

========================================================================
Received Import Request.
  Time since last request: 0.000602 seconds.
  path: Packages/com.unity.purchasing/Runtime/Purchasing/Core/Store/AppleAppStore/Extensions/UseCases/Interfaces/ICanMakePaymentsUseCase.cs
  artifactKey: Guid(38f46918fe7c429095e0d86a1070333d) Importer(2089858483,b0f066a214c2f5e87bad3c948f4d605d)
Start importing Packages/com.unity.purchasing/Runtime/Purchasing/Core/Store/AppleAppStore/Extensions/UseCases/Interfaces/ICanMakePaymentsUseCase.cs using Guid(38f46918fe7c429095e0d86a1070333d) Importer(2089858483,b0f066a214c2f5e87bad3c948f4d605d) (ScriptedImporter) -> (artifact id: '668c94332d26d8e91a3a52e1ca6e24a6') in 0.0230226 seconds
Number of updated asset objects reloaded before import = 0Number of asset objects unloaded after import = 0

========================================================================
Received Import Request.
  Time since last request: 0.000219 seconds.
  path: Packages/com.unity.services.deployment/Core/Glob/Matcher.Gen.cs
  artifactKey: Guid(ee042e37c6e204e7998de4ebceb06219) Importer(2089858483,b0f066a214c2f5e87bad3c948f4d605d)
Start importing Packages/com.unity.services.deployment/Core/Glob/Matcher.Gen.cs using Guid(ee042e37c6e204e7998de4ebceb06219) Importer(2089858483,b0f066a214c2f5e87bad3c948f4d605d) (ScriptedImporter) -> (artifact id: '1e5feba0c24cdec6d7e78d88bd26c8e9') in 0.0180039 seconds
Number of updated asset objects reloaded before import = 0Number of asset objects unloaded after import = 0

========================================================================
Received Import Request.
  Time since last request: 0.000025 seconds.
  path: Packages/com.unity.services.deployment/Editor/Shared/UI/Notifications.Gen.cs
  artifactKey: Guid(f19ec3a7377004b7caf00ae543462f06) Importer(2089858483,b0f066a214c2f5e87bad3c948f4d605d)
Start importing Packages/com.unity.services.deployment/Editor/Shared/UI/Notifications.Gen.cs using Guid(f19ec3a7377004b7caf00ae543462f06) Importer(2089858483,b0f066a214c2f5e87bad3c948f4d605d) (ScriptedImporter) -> (artifact id: 'e9a2ebf327479b3945fd3c1757872089') in 0.0192772 seconds
Number of updated asset objects reloaded before import = 0Number of asset objects unloaded after import = 0

========================================================================
Received Import Request.
  Time since last request: 0.000126 seconds.
  path: Packages/com.unity.purchasing/Runtime/Purchasing/Core/Purchasing/Models/UnknownPurchasedProductInfo.cs
  artifactKey: Guid(2512c8fb252844b7abe00c0b514b1e2a) Importer(2089858483,b0f066a214c2f5e87bad3c948f4d605d)
Start importing Packages/com.unity.purchasing/Runtime/Purchasing/Core/Purchasing/Models/UnknownPurchasedProductInfo.cs using Guid(2512c8fb252844b7abe00c0b514b1e2a) Importer(2089858483,b0f066a214c2f5e87bad3c948f4d605d) (ScriptedImporter) -> (artifact id: '35abbf1fab515f4654ff089bac39eda3') in 0.0185986 seconds
Number of updated asset objects reloaded before import = 0Number of asset objects unloaded after import = 0

========================================================================
Received Import Request.
  Time since last request: 0.000068 seconds.
  path: Packages/com.unity.purchasing/Plugins/UnityPurchasing/iOS/SK2/StoreKitCallback.swift
  artifactKey: Guid(1c852a3ee7ee34ed4bec067133ce9591) Importer(2089858483,b0f066a214c2f5e87bad3c948f4d605d)
Start importing Packages/com.unity.purchasing/Plugins/UnityPurchasing/iOS/SK2/StoreKitCallback.swift using Guid(1c852a3ee7ee34ed4bec067133ce9591) Importer(2089858483,b0f066a214c2f5e87bad3c948f4d605d) (ScriptedImporter) -> (artifact id: 'd56f278613f6f9a94680a0564491d260') in 0.0174647 seconds
Number of updated asset objects reloaded before import = 0Number of asset objects unloaded after import = 0

========================================================================
Received Import Request.
  Time since last request: 0.000070 seconds.
  path: Packages/com.unity.services.core/Editor/Core
  artifactKey: Guid(4002c4a9fbda3480eb95944a3d3a62de) Importer(2089858483,b0f066a214c2f5e87bad3c948f4d605d)
Start importing Packages/com.unity.services.core/Editor/Core using Guid(4002c4a9fbda3480eb95944a3d3a62de) Importer(2089858483,b0f066a214c2f5e87bad3c948f4d605d) (ScriptedImporter) -> (artifact id: '145828144a85ad629d0e98150c46fa6d') in 0.0143985 seconds
Number of updated asset objects reloaded before import = 0Number of asset objects unloaded after import = 1

========================================================================
Received Import Request.
  Time since last request: 0.000085 seconds.
  path: Packages/com.unity.ai.navigation/EditorResources/Overlay/NavigationOverlay On@64.png
  artifactKey: Guid(151753cf3d5916d4fbf624668c268675) Importer(2089858483,b0f066a214c2f5e87bad3c948f4d605d)
Start importing Packages/com.unity.ai.navigation/EditorResources/Overlay/NavigationOverlay On@64.png using Guid(151753cf3d5916d4fbf624668c268675) Importer(2089858483,b0f066a214c2f5e87bad3c948f4d605d) (ScriptedImporter) -> (artifact id: '777ae39c6843624aa8d07419afe292bd') in 0.0327312 seconds
Number of updated asset objects reloaded before import = 0Number of asset objects unloaded after import = 1

========================================================================
Received Import Request.
  Time since last request: 0.000190 seconds.
  path: Packages/com.unity.services.deployment/Editor/Shared/Analytics/ICommonAnalytics.Gen.cs
  artifactKey: Guid(b1c43f7ab73b94101843f8870a5076af) Importer(2089858483,b0f066a214c2f5e87bad3c948f4d605d)
Start importing Packages/com.unity.services.deployment/Editor/Shared/Analytics/ICommonAnalytics.Gen.cs using Guid(b1c43f7ab73b94101843f8870a5076af) Importer(2089858483,b0f066a214c2f5e87bad3c948f4d605d) (ScriptedImporter) -> (artifact id: 'f4a36fa631203ab5fd381f7c8494e89e') in 0.0237694 seconds
Number of updated asset objects reloaded before import = 0Number of asset objects unloaded after import = 0

========================================================================
Received Import Request.
  Time since last request: 0.000036 seconds.
  path: Packages/com.unity.purchasing/Plugins/UnityPurchasing/iOS/UnityPurchasing.h
  artifactKey: Guid(df539a4f6e29041558c3299a6f550aad) Importer(2089858483,b0f066a214c2f5e87bad3c948f4d605d)
Start importing Packages/com.unity.purchasing/Plugins/UnityPurchasing/iOS/UnityPurchasing.h using Guid(df539a4f6e29041558c3299a6f550aad) Importer(2089858483,b0f066a214c2f5e87bad3c948f4d605d) (ScriptedImporter) -> (artifact id: '08ab7ba02f0f96b15101e099e8663c1f') in 0.0249652 seconds
Number of updated asset objects reloaded before import = 0Number of asset objects unloaded after import = 0

========================================================================
Received Import Request.
  Time since last request: 0.000060 seconds.
  path: Packages/com.unity.microsoft.gdk/Runtime/Interop/XBL/Profile
  artifactKey: Guid(4ca3bc8382f347f099cf2863b98486c5) Importer(2089858483,b0f066a214c2f5e87bad3c948f4d605d)
Start importing Packages/com.unity.microsoft.gdk/Runtime/Interop/XBL/Profile using Guid(4ca3bc8382f347f099cf2863b98486c5) Importer(2089858483,b0f066a214c2f5e87bad3c948f4d605d) (ScriptedImporter) -> (artifact id: '457e4af275d5cc1a0e6b7f0a84f6057f') in 0.0319369 seconds
Number of updated asset objects reloaded before import = 0Number of asset objects unloaded after import = 1

========================================================================
Received Import Request.
  Time since last request: 0.000033 seconds.
  path: Packages/com.unity.services.analytics/README.md
  artifactKey: Guid(c313db64d6bdb449e95b9e976317258f) Importer(2089858483,b0f066a214c2f5e87bad3c948f4d605d)
Start importing Packages/com.unity.services.analytics/README.md using Guid(c313db64d6bdb449e95b9e976317258f) Importer(2089858483,b0f066a214c2f5e87bad3c948f4d605d) (ScriptedImporter) -> (artifact id: 'fc0addcd7da3137f77854f5d8638e27f') in 0.0397075 seconds
Number of updated asset objects reloaded before import = 0Number of asset objects unloaded after import = 1

========================================================================
Received Import Request.
  Time since last request: 0.001795 seconds.
  path: Packages/com.unity.services.deployment/Editor/Interface/UI/Assets/Collapsible.uss
  artifactKey: Guid(be9f6f97eb91745f880b6d4467e295b7) Importer(2089858483,b0f066a214c2f5e87bad3c948f4d605d)
Start importing Packages/com.unity.services.deployment/Editor/Interface/UI/Assets/Collapsible.uss using Guid(be9f6f97eb91745f880b6d4467e295b7) Importer(2089858483,b0f066a214c2f5e87bad3c948f4d605d) (ScriptedImporter) -> (artifact id: '0fad31dac908c27f6c7990f804905098') in 0.0437472 seconds
Number of updated asset objects reloaded before import = 0Number of asset objects unloaded after import = 1

========================================================================
Received Import Request.
  Time since last request: 0.000954 seconds.
  path: Packages/com.unity.microsoft.gdk/Runtime/XGameRuntimeInit.cs
  artifactKey: Guid(4e8d75471f9c0c645aec1dba3c0d2b89) Importer(2089858483,b0f066a214c2f5e87bad3c948f4d605d)
Start importing Packages/com.unity.microsoft.gdk/Runtime/XGameRuntimeInit.cs using Guid(4e8d75471f9c0c645aec1dba3c0d2b89) Importer(2089858483,b0f066a214c2f5e87bad3c948f4d605d) (ScriptedImporter) -> (artifact id: '872f49bc3f41b65c879956e2d62b5d5a') in 0.0280885 seconds
Number of updated asset objects reloaded before import = 0Number of asset objects unloaded after import = 0

========================================================================
Received Import Request.
  Time since last request: 0.000173 seconds.
  path: Packages/com.unity.purchasing/Editor/Authoring/Import/CatalogImportState.cs
  artifactKey: Guid(29476bbcd78a54829a12b46135ba2748) Importer(2089858483,b0f066a214c2f5e87bad3c948f4d605d)
Start importing Packages/com.unity.purchasing/Editor/Authoring/Import/CatalogImportState.cs using Guid(29476bbcd78a54829a12b46135ba2748) Importer(2089858483,b0f066a214c2f5e87bad3c948f4d605d) (ScriptedImporter) -> (artifact id: 'ab4239a6b2d72bec7c166a492533fecd') in 0.0184202 seconds
Number of updated asset objects reloaded before import = 0Number of asset objects unloaded after import = 0

========================================================================
Received Import Request.
  Time since last request: 0.000025 seconds.
  path: Packages/com.unity.services.core/Editor/Core/Shared/UI/ModelBinding.Gen.cs
  artifactKey: Guid(c9f4abaf08a6b44939f7cfe10db6fda6) Importer(2089858483,b0f066a214c2f5e87bad3c948f4d605d)
Start importing Packages/com.unity.services.core/Editor/Core/Shared/UI/ModelBinding.Gen.cs using Guid(c9f4abaf08a6b44939f7cfe10db6fda6) Importer(2089858483,b0f066a214c2f5e87bad3c948f4d605d) (ScriptedImporter) -> (artifact id: '6a6b37b5cb571d0f19e78df6f6aecd16') in 0.0248794 seconds
Number of updated asset objects reloaded before import = 0Number of asset objects unloaded after import = 0

========================================================================
Received Import Request.
  Time since last request: 0.000027 seconds.
  path: Packages/com.unity.services.core/Editor/Core/Shared/DependencyInversion/IServiceFactory.Gen.cs
  artifactKey: Guid(d1aaa2c8d018a423bbcabba266db7cc4) Importer(2089858483,b0f066a214c2f5e87bad3c948f4d605d)
Start importing Packages/com.unity.services.core/Editor/Core/Shared/DependencyInversion/IServiceFactory.Gen.cs using Guid(d1aaa2c8d018a423bbcabba266db7cc4) Importer(2089858483,b0f066a214c2f5e87bad3c948f4d605d) (ScriptedImporter) -> (artifact id: '529bd9f7c936f2b0f5da5e167998bb42') in 0.0178012 seconds
Number of updated asset objects reloaded before import = 0Number of asset objects unloaded after import = 0

========================================================================
Received Import Request.
  Time since last request: 0.000046 seconds.
  path: Packages/com.unity.purchasing/Editor/Authoring/Core/Model/LiveContentConfig.cs
  artifactKey: Guid(379f1b52fadd04b74bccc412dfa0357d) Importer(2089858483,b0f066a214c2f5e87bad3c948f4d605d)
Start importing Packages/com.unity.purchasing/Editor/Authoring/Core/Model/LiveContentConfig.cs using Guid(379f1b52fadd04b74bccc412dfa0357d) Importer(2089858483,b0f066a214c2f5e87bad3c948f4d605d) (ScriptedImporter) -> (artifact id: '3d3e0815290cd283e79d8ebbfa497061') in 0.0148343 seconds
Number of updated asset objects reloaded before import = 0Number of asset objects unloaded after import = 0

========================================================================
Received Import Request.
  Time since last request: 0.000049 seconds.
  path: Packages/com.unity.analytics/Tests/Editor/SocialShareTests.cs
  artifactKey: Guid(811f7f1f5920641c0a9233503492c9ba) Importer(2089858483,b0f066a214c2f5e87bad3c948f4d605d)
Start importing Packages/com.unity.analytics/Tests/Editor/SocialShareTests.cs using Guid(811f7f1f5920641c0a9233503492c9ba) Importer(2089858483,b0f066a214c2f5e87bad3c948f4d605d) (ScriptedImporter) -> (artifact id: 'cb2790f1bfa3d08334626df739dde8f9') in 0.0146561 seconds
Number of updated asset objects reloaded before import = 0Number of asset objects unloaded after import = 0

========================================================================
Received Import Request.
  Time since last request: 0.000038 seconds.
  path: Packages/com.unity.services.core/Editor/Core/UiHelpers/UXML/Offline.uxml
  artifactKey: Guid(5f53bfe242dd84ea1975e05f5a30c390) Importer(2089858483,b0f066a214c2f5e87bad3c948f4d605d)
Start importing Packages/com.unity.services.core/Editor/Core/UiHelpers/UXML/Offline.uxml using Guid(5f53bfe242dd84ea1975e05f5a30c390) Importer(2089858483,b0f066a214c2f5e87bad3c948f4d605d) (ScriptedImporter) -> (artifact id: '711ab427658ea8da1848e79645a2a519') in 0.0200259 seconds
Number of updated asset objects reloaded before import = 0Number of asset objects unloaded after import = 2

========================================================================
Received Import Request.
  Time since last request: 0.000027 seconds.
  path: Packages/com.unity.purchasing/Editor/Authoring/UI/Assets
  artifactKey: Guid(ce1e2427098324e2cb285ee969137612) Importer(2089858483,b0f066a214c2f5e87bad3c948f4d605d)
Start importing Packages/com.unity.purchasing/Editor/Authoring/UI/Assets using Guid(ce1e2427098324e2cb285ee969137612) Importer(2089858483,b0f066a214c2f5e87bad3c948f4d605d) (ScriptedImporter) -> (artifact id: 'd911afbdde8712a8458fdf8a1d93c7aa') in 0.0150419 seconds
Number of updated asset objects reloaded before import = 0Number of asset objects unloaded after import = 1

========================================================================
Received Import Request.
  Time since last request: 0.000025 seconds.
  path: Packages/com.unity.purchasing/Runtime/SecurityCore/IAPSecurityException.cs
  artifactKey: Guid(8aef1cb86f4a44a3999552f7b089ecf3) Importer(2089858483,b0f066a214c2f5e87bad3c948f4d605d)
Start importing Packages/com.unity.purchasing/Runtime/SecurityCore/IAPSecurityException.cs using Guid(8aef1cb86f4a44a3999552f7b089ecf3) Importer(2089858483,b0f066a214c2f5e87bad3c948f4d605d) (ScriptedImporter) -> (artifact id: '0a21ea2a84a388f50cc45b71c22151db') in 0.0152708 seconds
Number of updated asset objects reloaded before import = 0Number of asset objects unloaded after import = 0

========================================================================
Received Import Request.
  Time since last request: 0.000082 seconds.
  path: Packages/com.unity.services.core/Runtime/Environments/Unity.Services.Core.Environments.asmdef
  artifactKey: Guid(70ea675efa2644cef98c7ece24158333) Importer(2089858483,b0f066a214c2f5e87bad3c948f4d605d)
Start importing Packages/com.unity.services.core/Runtime/Environments/Unity.Services.Core.Environments.asmdef using Guid(70ea675efa2644cef98c7ece24158333) Importer(2089858483,b0f066a214c2f5e87bad3c948f4d605d) (ScriptedImporter) -> (artifact id: '6623821e8afb6c7f17b9cc357c352a20') in 0.0139024 seconds
Number of updated asset objects reloaded before import = 0Number of asset objects unloaded after import = 1

========================================================================
Received Import Request.
  Time since last request: 0.000035 seconds.
  path: Packages/com.unity.purchasing/Plugins/UnityPurchasing/iOS/SK2/UseCases/PurchaseProductOptionsConverter.swift
  artifactKey: Guid(6b3de6e29ec324030b6253832be0eb52) Importer(2089858483,b0f066a214c2f5e87bad3c948f4d605d)
Start importing Packages/com.unity.purchasing/Plugins/UnityPurchasing/iOS/SK2/UseCases/PurchaseProductOptionsConverter.swift using Guid(6b3de6e29ec324030b6253832be0eb52) Importer(2089858483,b0f066a214c2f5e87bad3c948f4d605d) (ScriptedImporter) -> (artifact id: '984d56be9a4481948dc71b7502a1e941') in 0.0245809 seconds
Number of updated asset objects reloaded before import = 0Number of asset objects unloaded after import = 0

========================================================================
Received Import Request.
  Time since last request: 0.005157 seconds.
  path: Packages/com.unity.purchasing/Runtime/Stores/XboxStore/Services/IXboxFetchProductsService.cs
  artifactKey: Guid(8e45cc522a28cfd4aa6358cdd408610e) Importer(2089858483,b0f066a214c2f5e87bad3c948f4d605d)
Start importing Packages/com.unity.purchasing/Runtime/Stores/XboxStore/Services/IXboxFetchProductsService.cs using Guid(8e45cc522a28cfd4aa6358cdd408610e) Importer(2089858483,b0f066a214c2f5e87bad3c948f4d605d) (ScriptedImporter) -> (artifact id: '0ae449170dd23526390f4bf19a40502f') in 0.0236992 seconds
Number of updated asset objects reloaded before import = 0Number of asset objects unloaded after import = 0

========================================================================
Received Import Request.
  Time since last request: 0.000029 seconds.
  path: Packages/com.unity.purchasing/Editor/Authoring/Import/Google/GoogleCatalogApiFetcher.cs
  artifactKey: Guid(abd53f03ff934457baab0425105f7c6f) Importer(2089858483,b0f066a214c2f5e87bad3c948f4d605d)
Start importing Packages/com.unity.purchasing/Editor/Authoring/Import/Google/GoogleCatalogApiFetcher.cs using Guid(abd53f03ff934457baab0425105f7c6f) Importer(2089858483,b0f066a214c2f5e87bad3c948f4d605d) (ScriptedImporter) -> (artifact id: '4ab4f013892919fc8a0f6dc041325be9') in 0.0427596 seconds
Number of updated asset objects reloaded before import = 0Number of asset objects unloaded after import = 0

========================================================================
Received Import Request.
  Time since last request: 0.000029 seconds.
  path: Packages/com.unity.services.core/Editor/Core/ProjectBindRedirect/USS/ProjectBindRedirectPopupCommon.uss
  artifactKey: Guid(990ecbe74fdfe264c984fd5827e08cfe) Importer(2089858483,b0f066a214c2f5e87bad3c948f4d605d)
Start importing Packages/com.unity.services.core/Editor/Core/ProjectBindRedirect/USS/ProjectBindRedirectPopupCommon.uss using Guid(990ecbe74fdfe264c984fd5827e08cfe) Importer(2089858483,b0f066a214c2f5e87bad3c948f4d605d) (ScriptedImporter) -> (artifact id: 'dd6c0ec24c652fce0eb1cb9730ab10ba') in 0.0248707 seconds
Number of updated asset objects reloaded before import = 0Number of asset objects unloaded after import = 1

========================================================================
Received Import Request.
  Time since last request: 0.000034 seconds.
  path: Packages/com.unity.purchasing/Plugins/UnityPurchasing/unitypurchasing.bundle
  artifactKey: Guid(55a93c1fae8f54ec8971d41d9f80e30c) Importer(2089858483,b0f066a214c2f5e87bad3c948f4d605d)
Start importing Packages/com.unity.purchasing/Plugins/UnityPurchasing/unitypurchasing.bundle using Guid(55a93c1fae8f54ec8971d41d9f80e30c) Importer(2089858483,b0f066a214c2f5e87bad3c948f4d605d) (ScriptedImporter) -> (artifact id: 'a4ae3aabc4254ede12c281bef885cea1') in 0.0219248 seconds
Number of updated asset objects reloaded before import = 0Number of asset objects unloaded after import = 0

========================================================================
Received Import Request.
  Time since last request: 0.000038 seconds.
  path: Packages/com.unity.services.analytics/Runtime/Events/Transaction/VirtualCurrencyType.cs
  artifactKey: Guid(36ed6177e8b3449bad61364361614e55) Importer(2089858483,b0f066a214c2f5e87bad3c948f4d605d)
Start importing Packages/com.unity.services.analytics/Runtime/Events/Transaction/VirtualCurrencyType.cs using Guid(36ed6177e8b3449bad61364361614e55) Importer(2089858483,b0f066a214c2f5e87bad3c948f4d605d) (ScriptedImporter) -> (artifact id: '88eb4ffa09e99f82274a0c0dbadb7dc7') in 0.0211883 seconds
Number of updated asset objects reloaded before import = 0Number of asset objects unloaded after import = 0

========================================================================
Received Import Request.
  Time since last request: 0.000070 seconds.
  path: Packages/com.unity.purchasing/Plugins/UnityPurchasing/iOS/SK2/Responses/SubscriptionInfoStatus.swift
  artifactKey: Guid(101cd4fd195964307a43086cc2ccf05f) Importer(2089858483,b0f066a214c2f5e87bad3c948f4d605d)
Start importing Packages/com.unity.purchasing/Plugins/UnityPurchasing/iOS/SK2/Responses/SubscriptionInfoStatus.swift using Guid(101cd4fd195964307a43086cc2ccf05f) Importer(2089858483,b0f066a214c2f5e87bad3c948f4d605d) (ScriptedImporter) -> (artifact id: 'c0f746e512ec0f447fb647220ada0879') in 0.0216365 seconds
Number of updated asset objects reloaded before import = 0Number of asset objects unloaded after import = 0

========================================================================
Received Import Request.
  Time since last request: 0.000116 seconds.
  path: Packages/com.unity.services.core/Editor/Core/Environments/Client/Models/UnityUserOrganizationsV1.cs
  artifactKey: Guid(bd40d4e7b0caa413181d77211ac8ba73) Importer(2089858483,b0f066a214c2f5e87bad3c948f4d605d)
Start importing Packages/com.unity.services.core/Editor/Core/Environments/Client/Models/UnityUserOrganizationsV1.cs using Guid(bd40d4e7b0caa413181d77211ac8ba73) Importer(2089858483,b0f066a214c2f5e87bad3c948f4d605d) (ScriptedImporter) -> (artifact id: '9506c403550a0a32e73a312780441f2d') in 0.02102 seconds
Number of updated asset objects reloaded before import = 0Number of asset objects unloaded after import = 0

========================================================================
Received Import Request.
  Time since last request: 0.000067 seconds.
  path: Packages/com.unity.services.core/Runtime/Telemetry/AssemblyInfo.cs
  artifactKey: Guid(560dda45fb9293949aa636b3e2a92807) Importer(2089858483,b0f066a214c2f5e87bad3c948f4d605d)
Start importing Packages/com.unity.services.core/Runtime/Telemetry/AssemblyInfo.cs using Guid(560dda45fb9293949aa636b3e2a92807) Importer(2089858483,b0f066a214c2f5e87bad3c948f4d605d) (ScriptedImporter) -> (artifact id: '8ebc8170e8ccc10e00d1574da9b37a6f') in 0.0171719 seconds
Number of updated asset objects reloaded before import = 0Number of asset objects unloaded after import = 0

========================================================================
Received Import Request.
  Time since last request: 0.000105 seconds.
  path: Packages/com.unity.microsoft.gdk/Runtime/Interop/NativeBool.cs
  artifactKey: Guid(083c4c98482546f9a1bd92972f3b1cda) Importer(2089858483,b0f066a214c2f5e87bad3c948f4d605d)
Start importing Packages/com.unity.microsoft.gdk/Runtime/Interop/NativeBool.cs using Guid(083c4c98482546f9a1bd92972f3b1cda) Importer(2089858483,b0f066a214c2f5e87bad3c948f4d605d) (ScriptedImporter) -> (artifact id: '327042609cc9ad889f450ebb3964d872') in 0.0141861 seconds
Number of updated asset objects reloaded before import = 0Number of asset objects unloaded after import = 0

========================================================================
Received Import Request.
  Time since last request: 0.000082 seconds.
  path: Packages/com.unity.purchasing/Editor/Shared/WebApi/ApiObject.cs
  artifactKey: Guid(b5ef9e5251c048249a5a95ca5034ad16) Importer(2089858483,b0f066a214c2f5e87bad3c948f4d605d)
Start importing Packages/com.unity.purchasing/Editor/Shared/WebApi/ApiObject.cs using Guid(b5ef9e5251c048249a5a95ca5034ad16) Importer(2089858483,b0f066a214c2f5e87bad3c948f4d605d) (ScriptedImporter) -> (artifact id: '82b5b5952442296b25fdd8f2536b51b9') in 0.0170247 seconds
Number of updated asset objects reloaded before import = 0Number of asset objects unloaded after import = 0

========================================================================
Received Import Request.
  Time since last request: 0.000099 seconds.
  path: Packages/com.unity.purchasing/Runtime/Purchasing/PaymentOption/Resources/com.unity.purchasing/Brands/GooglePayWhite.png
  artifactKey: Guid(09c8d0b446719034a80b46914775b38d) Importer(2089858483,b0f066a214c2f5e87bad3c948f4d605d)
Start importing Packages/com.unity.purchasing/Runtime/Purchasing/PaymentOption/Resources/com.unity.purchasing/Brands/GooglePayWhite.png using Guid(09c8d0b446719034a80b46914775b38d) Importer(2089858483,b0f066a214c2f5e87bad3c948f4d605d) (ScriptedImporter) -> (artifact id: '9ec9a4665278cfb6f056de1c37c1d496') in 0.0355718 seconds
Number of updated asset objects reloaded before import = 0Number of asset objects unloaded after import = 6

========================================================================
Received Import Request.
  Time since last request: 0.000050 seconds.
  path: Packages/com.unity.analytics/Plugins
  artifactKey: Guid(71e1652fdff664f9bb0ae9e0327b0d90) Importer(2089858483,b0f066a214c2f5e87bad3c948f4d605d)
Start importing Packages/com.unity.analytics/Plugins using Guid(71e1652fdff664f9bb0ae9e0327b0d90) Importer(2089858483,b0f066a214c2f5e87bad3c948f4d605d) (ScriptedImporter) -> (artifact id: '290eb74c854abfc7f88037ea786d51d4') in 0.0140604 seconds
Number of updated asset objects reloaded before import = 0Number of asset objects unloaded after import = 1

========================================================================
Received Import Request.
  Time since last request: 0.000057 seconds.
  path: Packages/com.unity.services.core/Editor/Core/UserRoleManagement/UserRole.cs
  artifactKey: Guid(52b0863c034c4170a48fe13bc36f27c4) Importer(2089858483,b0f066a214c2f5e87bad3c948f4d605d)
Start importing Packages/com.unity.services.core/Editor/Core/UserRoleManagement/UserRole.cs using Guid(52b0863c034c4170a48fe13bc36f27c4) Importer(2089858483,b0f066a214c2f5e87bad3c948f4d605d) (ScriptedImporter) -> (artifact id: 'b1224430fa1e6538f3c60dda4d1fb9a3') in 0.0156627 seconds
Number of updated asset objects reloaded before import = 0Number of asset objects unloaded after import = 0

========================================================================
Received Import Request.
  Time since last request: 0.000071 seconds.
  path: Packages/com.unity.analytics/Tests/Editor/AnalyticsEventTests.cs
  artifactKey: Guid(b5366b8adc0f44b3c9cb261a3f752d7a) Importer(2089858483,b0f066a214c2f5e87bad3c948f4d605d)
Start importing Packages/com.unity.analytics/Tests/Editor/AnalyticsEventTests.cs using Guid(b5366b8adc0f44b3c9cb261a3f752d7a) Importer(2089858483,b0f066a214c2f5e87bad3c948f4d605d) (ScriptedImporter) -> (artifact id: '28bcf673d4e9d82ea4234f5ab4a76a2d') in 0.0168964 seconds
Number of updated asset objects reloaded before import = 0Number of asset objects unloaded after import = 0

========================================================================
Received Import Request.
  Time since last request: 0.000044 seconds.
  path: Packages/com.unity.purchasing/Editor/Authoring/PurchasingAdminApi/Client/Model/CodaPayConfigurationRequest.cs
  artifactKey: Guid(3a0724e34ead0489a8ac2ba2284fc2fb) Importer(2089858483,b0f066a214c2f5e87bad3c948f4d605d)
Start importing Packages/com.unity.purchasing/Editor/Authoring/PurchasingAdminApi/Client/Model/CodaPayConfigurationRequest.cs using Guid(3a0724e34ead0489a8ac2ba2284fc2fb) Importer(2089858483,b0f066a214c2f5e87bad3c948f4d605d) (ScriptedImporter) -> (artifact id: 'ac3af5ca30e7b1c2c37abb12400d433b') in 0.013472 seconds
Number of updated asset objects reloaded before import = 0Number of asset objects unloaded after import = 0

========================================================================
Received Import Request.
  Time since last request: 0.000085 seconds.
  path: Packages/com.unity.purchasing/Editor/Authoring/PurchasingAdminApi/Client/Api/WebhookConfigurationApi.cs
  artifactKey: Guid(b5a28fa130ad542eea4f6795d279ba81) Importer(2089858483,b0f066a214c2f5e87bad3c948f4d605d)
Start importing Packages/com.unity.purchasing/Editor/Authoring/PurchasingAdminApi/Client/Api/WebhookConfigurationApi.cs using Guid(b5a28fa130ad542eea4f6795d279ba81) Importer(2089858483,b0f066a214c2f5e87bad3c948f4d605d) (ScriptedImporter) -> (artifact id: 'e2877d8d9f61bd1217b06e6a45660847') in 0.0145231 seconds
Number of updated asset objects reloaded before import = 0Number of asset objects unloaded after import = 0

========================================================================
Received Import Request.
  Time since last request: 0.000109 seconds.
  path: Packages/com.unity.purchasing/Runtime/Stores/Android/GooglePlay/AAR/QueryProductDetailsService.cs
  artifactKey: Guid(e8d68e3a4a4b14b788a8e0f6087641b3) Importer(2089858483,b0f066a214c2f5e87bad3c948f4d605d)
Start importing Packages/com.unity.purchasing/Runtime/Stores/Android/GooglePlay/AAR/QueryProductDetailsService.cs using Guid(e8d68e3a4a4b14b788a8e0f6087641b3) Importer(2089858483,b0f066a214c2f5e87bad3c948f4d605d) (ScriptedImporter) -> (artifact id: 'c0c72b5e446d489a3034c08f66fc14d5') in 0.0166476 seconds
Number of updated asset objects reloaded before import = 0Number of asset objects unloaded after import = 0

========================================================================
Received Import Request.
  Time since last request: 0.000029 seconds.
  path: Packages/com.unity.services.analytics/Editor/Settings
  artifactKey: Guid(5c14169c6abe462a9b7c763e29f98003) Importer(2089858483,b0f066a214c2f5e87bad3c948f4d605d)
Start importing Packages/com.unity.services.analytics/Editor/Settings using Guid(5c14169c6abe462a9b7c763e29f98003) Importer(2089858483,b0f066a214c2f5e87bad3c948f4d605d) (ScriptedImporter) -> (artifact id: 'c105bc0ff5c3f744cd32b4eddea70b21') in 0.018147 seconds
Number of updated asset objects reloaded before import = 0Number of asset objects unloaded after import = 1

========================================================================
Received Import Request.
  Time since last request: 0.000050 seconds.
  path: Packages/com.unity.services.core/Editor/Core/Shared/Infrastructure/Threading
  artifactKey: Guid(8408aeb5b11d54a55914b8fb72aa9ee1) Importer(2089858483,b0f066a214c2f5e87bad3c948f4d605d)
Start importing Packages/com.unity.services.core/Editor/Core/Shared/Infrastructure/Threading using Guid(8408aeb5b11d54a55914b8fb72aa9ee1) Importer(2089858483,b0f066a214c2f5e87bad3c948f4d605d) (ScriptedImporter) -> (artifact id: 'dc6e19ca9818a2783ec181781e3d6f12') in 0.0205075 seconds
Number of updated asset objects reloaded before import = 0Number of asset objects unloaded after import = 1

========================================================================
Received Import Request.
  Time since last request: 0.000133 seconds.
  path: Packages/com.unity.microsoft.gdk/Runtime/XBL/MultiplayerManager/XblMultiplayerEventType.cs
  artifactKey: Guid(4767703789fc7e747abfdd766d466766) Importer(2089858483,b0f066a214c2f5e87bad3c948f4d605d)
Start importing Packages/com.unity.microsoft.gdk/Runtime/XBL/MultiplayerManager/XblMultiplayerEventType.cs using Guid(4767703789fc7e747abfdd766d466766) Importer(2089858483,b0f066a214c2f5e87bad3c948f4d605d) (ScriptedImporter) -> (artifact id: 'f703fc4e25e9f465b126f76d96920c7e') in 0.0175846 seconds
Number of updated asset objects reloaded before import = 0Number of asset objects unloaded after import = 0

========================================================================
Received Import Request.
  Time since last request: 0.000089 seconds.
  path: Packages/com.unity.services.deployment/Editor/Interface/UI/Components/CheckmarkToggleGroup.cs
  artifactKey: Guid(b6f7f49f003d44e4b92364a4d1830627) Importer(2089858483,b0f066a214c2f5e87bad3c948f4d605d)
Start importing Packages/com.unity.services.deployment/Editor/Interface/UI/Components/CheckmarkToggleGroup.cs using Guid(b6f7f49f003d44e4b92364a4d1830627) Importer(2089858483,b0f066a214c2f5e87bad3c948f4d605d) (ScriptedImporter) -> (artifact id: '778e03bec3eb3b5cce68b31328c34509') in 0.0283062 seconds
Number of updated asset objects reloaded before import = 0Number of asset objects unloaded after import = 0

========================================================================
Received Import Request.
  Time since last request: 0.000172 seconds.
  path: Packages/com.unity.purchasing/Runtime/Purchasing/Core/Store/StoreManager.cs
  artifactKey: Guid(a655fa545e954ea9a3152acb9723114a) Importer(2089858483,b0f066a214c2f5e87bad3c948f4d605d)
Start importing Packages/com.unity.purchasing/Runtime/Purchasing/Core/Store/StoreManager.cs using Guid(a655fa545e954ea9a3152acb9723114a) Importer(2089858483,b0f066a214c2f5e87bad3c948f4d605d) (ScriptedImporter) -> (artifact id: 'c0a3f40a29ffdb27b75ffbc3aa9e299f') in 0.0223043 seconds
Number of updated asset objects reloaded before import = 0Number of asset objects unloaded after import = 0

========================================================================
Received Import Request.
  Time since last request: 0.000142 seconds.
  path: Packages/com.unity.microsoft.gdk/Runtime/Interop/XBL/Privacy
  artifactKey: Guid(a777e69f1a854d4fa1c8734164719e0e) Importer(2089858483,b0f066a214c2f5e87bad3c948f4d605d)
Start importing Packages/com.unity.microsoft.gdk/Runtime/Interop/XBL/Privacy using Guid(a777e69f1a854d4fa1c8734164719e0e) Importer(2089858483,b0f066a214c2f5e87bad3c948f4d605d) (ScriptedImporter) -> (artifact id: 'e292a0a56e72018bd323a991ca4dbf08') in 0.0200671 seconds
Number of updated asset objects reloaded before import = 0Number of asset objects unloaded after import = 1

========================================================================
Received Import Request.
  Time since last request: 0.000027 seconds.
  path: Packages/com.unity.purchasing/Editor/Authoring/Deployment/RoutingDeployCommand.cs
  artifactKey: Guid(2d929b6587f54254aa16a417535ec15a) Importer(2089858483,b0f066a214c2f5e87bad3c948f4d605d)
Start importing Packages/com.unity.purchasing/Editor/Authoring/Deployment/RoutingDeployCommand.cs using Guid(2d929b6587f54254aa16a417535ec15a) Importer(2089858483,b0f066a214c2f5e87bad3c948f4d605d) (ScriptedImporter) -> (artifact id: '9cbd32516044239d07f859ac92874554') in 0.0176217 seconds
Number of updated asset objects reloaded before import = 0Number of asset objects unloaded after import = 0

========================================================================
Received Import Request.
  Time since last request: 0.000225 seconds.
  path: Packages/com.unity.purchasing/Runtime/Utilities/MiniJSON.cs
  artifactKey: Guid(87f910d770ff4f15baac7ba77bd5b8e8) Importer(2089858483,b0f066a214c2f5e87bad3c948f4d605d)
Start importing Packages/com.unity.purchasing/Runtime/Utilities/MiniJSON.cs using Guid(87f910d770ff4f15baac7ba77bd5b8e8) Importer(2089858483,b0f066a214c2f5e87bad3c948f4d605d) (ScriptedImporter) -> (artifact id: '4b4228b8ace4f5f9eb185243e2f12629') in 0.0217147 seconds
Number of updated asset objects reloaded before import = 0Number of asset objects unloaded after import = 0

========================================================================
Received Import Request.
  Time since last request: 0.000089 seconds.
  path: Packages/com.unity.purchasing/Runtime/TransactionVerifier/Client/Scheduler/ThreadHelper.cs
  artifactKey: Guid(d7c6522a54cc44870beb3fd498c5bd24) Importer(2089858483,b0f066a214c2f5e87bad3c948f4d605d)
Start importing Packages/com.unity.purchasing/Runtime/TransactionVerifier/Client/Scheduler/ThreadHelper.cs using Guid(d7c6522a54cc44870beb3fd498c5bd24) Importer(2089858483,b0f066a214c2f5e87bad3c948f4d605d) (ScriptedImporter) -> (artifact id: 'b7e23105a9ed59ac54d353cbf6af30ae') in 0.0161456 seconds
Number of updated asset objects reloaded before import = 0Number of asset objects unloaded after import = 0

========================================================================
Received Import Request.
  Time since last request: 0.000042 seconds.
  path: Packages/com.unity.purchasing/Runtime/Stores/PaymentProvider/CheckoutLauncherCoordinator.cs
  artifactKey: Guid(548973a42f8f4d9e9f8bf49a7397c28c) Importer(2089858483,b0f066a214c2f5e87bad3c948f4d605d)
Start importing Packages/com.unity.purchasing/Runtime/Stores/PaymentProvider/CheckoutLauncherCoordinator.cs using Guid(548973a42f8f4d9e9f8bf49a7397c28c) Importer(2089858483,b0f066a214c2f5e87bad3c948f4d605d) (ScriptedImporter) -> (artifact id: '5d7d44e06bac497c66ef20a93f1f40ea') in 0.0166494 seconds
Number of updated asset objects reloaded before import = 0Number of asset objects unloaded after import = 0

========================================================================
Received Import Request.
  Time since last request: 0.000041 seconds.
  path: Packages/com.unity.services.deployment/Editor/Interface/UI/Serialization/UiTreeSerializableComponentFetcher.cs
  artifactKey: Guid(5a3408b72e2844fb9cad2de2b7cf6eea) Importer(2089858483,b0f066a214c2f5e87bad3c948f4d605d)
Start importing Packages/com.unity.services.deployment/Editor/Interface/UI/Serialization/UiTreeSerializableComponentFetcher.cs using Guid(5a3408b72e2844fb9cad2de2b7cf6eea) Importer(2089858483,b0f066a214c2f5e87bad3c948f4d605d) (ScriptedImporter) -> (artifact id: '0a7ccca9aa897462e488b562c6a20121') in 0.013964 seconds
Number of updated asset objects reloaded before import = 0Number of asset objects unloaded after import = 0

========================================================================
Received Import Request.
  Time since last request: 0.000049 seconds.
  path: Packages/com.unity.purchasing/Runtime/Purchasing/DependencyInjection
  artifactKey: Guid(7bcd21ed1b5746f7934ed9ceaa44ecbd) Importer(2089858483,b0f066a214c2f5e87bad3c948f4d605d)
Start importing Packages/com.unity.purchasing/Runtime/Purchasing/DependencyInjection using Guid(7bcd21ed1b5746f7934ed9ceaa44ecbd) Importer(2089858483,b0f066a214c2f5e87bad3c948f4d605d) (ScriptedImporter) -> (artifact id: '55cd2694a84b8b81fb8f443cad5bdffe') in 0.0129381 seconds
Number of updated asset objects reloaded before import = 0Number of asset objects unloaded after import = 1

========================================================================
Received Import Request.
  Time since last request: 1.609043 seconds.
  path: Packages/com.unity.services.deployment/Editor/Analytics/Events/AnalyticBase.cs
  artifactKey: Guid(d8734446a54d46a4b76632e7bfcdf005) Importer(2089858483,b0f066a214c2f5e87bad3c948f4d605d)
Start importing Packages/com.unity.services.deployment/Editor/Analytics/Events/AnalyticBase.cs using Guid(d8734446a54d46a4b76632e7bfcdf005) Importer(2089858483,b0f066a214c2f5e87bad3c948f4d605d) (ScriptedImporter) -> (artifact id: 'a94554652a175050fbdd2e2c391804a1') in 0.013242 seconds
Number of updated asset objects reloaded before import = 0Number of asset objects unloaded after import = 0

========================================================================
Received Import Request.
  Time since last request: 0.000067 seconds.
  path: Packages/com.unity.purchasing/Editor/Authoring/PurchasingAdminApi/Client/Model/EnvironmentEntityNotFoundErrorResponse.cs
  artifactKey: Guid(71000f9ff12b848be8d9180afe001f6c) Importer(2089858483,b0f066a214c2f5e87bad3c948f4d605d)
Start importing Packages/com.unity.purchasing/Editor/Authoring/PurchasingAdminApi/Client/Model/EnvironmentEntityNotFoundErrorResponse.cs using Guid(71000f9ff12b848be8d9180afe001f6c) Importer(2089858483,b0f066a214c2f5e87bad3c948f4d605d) (ScriptedImporter) -> (artifact id: '6dd9061fee89b7ddd0e7df03b51ba7ea') in 0.0171844 seconds
Number of updated asset objects reloaded before import = 0Number of asset objects unloaded after import = 0

========================================================================
Received Import Request.
  Time since last request: 0.000094 seconds.
  path: Packages/com.unity.purchasing/Runtime/Purchasing/Utilities/DeepLinkManager.cs
  artifactKey: Guid(f0103b8569442c34f9eee75792a5af93) Importer(2089858483,b0f066a214c2f5e87bad3c948f4d605d)
Start importing Packages/com.unity.purchasing/Runtime/Purchasing/Utilities/DeepLinkManager.cs using Guid(f0103b8569442c34f9eee75792a5af93) Importer(2089858483,b0f066a214c2f5e87bad3c948f4d605d) (ScriptedImporter) -> (artifact id: 'a097e56550bb210e7817397e31e369f0') in 0.0191262 seconds
Number of updated asset objects reloaded before import = 0Number of asset objects unloaded after import = 0

========================================================================
Received Import Request.
  Time since last request: 0.000502 seconds.
  path: Packages/com.unity.microsoft.gdk/Runtime/XBL/Presence/XblPresenceTitleRecord.cs
  artifactKey: Guid(1f5f8a2424a642e1aea022bbe6f920f9) Importer(2089858483,b0f066a214c2f5e87bad3c948f4d605d)
Start importing Packages/com.unity.microsoft.gdk/Runtime/XBL/Presence/XblPresenceTitleRecord.cs using Guid(1f5f8a2424a642e1aea022bbe6f920f9) Importer(2089858483,b0f066a214c2f5e87bad3c948f4d605d) (ScriptedImporter) -> (artifact id: '56d42feda226942667f59ba6c4abbd3d') in 0.0202764 seconds
Number of updated asset objects reloaded before import = 0Number of asset objects unloaded after import = 0

========================================================================
Received Import Request.
  Time since last request: 0.000080 seconds.
  path: Packages/com.unity.services.deployment/Editor/Shared
  artifactKey: Guid(0f3c2bbf2afabd243ad69f9ff4da0992) Importer(2089858483,b0f066a214c2f5e87bad3c948f4d605d)
Start importing Packages/com.unity.services.deployment/Editor/Shared using Guid(0f3c2bbf2afabd243ad69f9ff4da0992) Importer(2089858483,b0f066a214c2f5e87bad3c948f4d605d) (ScriptedImporter) -> (artifact id: '09ac513ebb24bbb98fefe6e325a3681b') in 0.0212059 seconds
Number of updated asset objects reloaded before import = 0Number of asset objects unloaded after import = 1

========================================================================
Received Import Request.
  Time since last request: 0.000407 seconds.
  path: Packages/com.unity.services.core/Editor/Core/Environments/Client/Configuration
  artifactKey: Guid(75e8d0760cfbb423989cc47bb74a9b16) Importer(2089858483,b0f066a214c2f5e87bad3c948f4d605d)
Start importing Packages/com.unity.services.core/Editor/Core/Environments/Client/Configuration using Guid(75e8d0760cfbb423989cc47bb74a9b16) Importer(2089858483,b0f066a214c2f5e87bad3c948f4d605d) (ScriptedImporter) -> (artifact id: '452ef654bc2fe1ead03f0e32889161e0') in 0.0354473 seconds
Number of updated asset objects reloaded before import = 0Number of asset objects unloaded after import = 1

========================================================================
Received Import Request.
  Time since last request: 0.000041 seconds.
  path: Packages/com.unity.purchasing/Runtime/Purchasing/Core/Purchasing/CartValidation/SingleQuantityCartValidator.cs
  artifactKey: Guid(32811bf9e8564966bf57bd7ca946787a) Importer(2089858483,b0f066a214c2f5e87bad3c948f4d605d)
Start importing Packages/com.unity.purchasing/Runtime/Purchasing/Core/Purchasing/CartValidation/SingleQuantityCartValidator.cs using Guid(32811bf9e8564966bf57bd7ca946787a) Importer(2089858483,b0f066a214c2f5e87bad3c948f4d605d) (ScriptedImporter) -> (artifact id: '9eb541c75a9de7e477d8d95e9cab989b') in 0.0286583 seconds
Number of updated asset objects reloaded before import = 0Number of asset objects unloaded after import = 0

========================================================================
Received Import Request.
  Time since last request: 0.000135 seconds.
  path: Packages/com.unity.microsoft.gdk/Editor/GdkAssemblyImporter.cs
  artifactKey: Guid(704e67be0e834aac9fc55d9992d46080) Importer(2089858483,b0f066a214c2f5e87bad3c948f4d605d)
Start importing Packages/com.unity.microsoft.gdk/Editor/GdkAssemblyImporter.cs using Guid(704e67be0e834aac9fc55d9992d46080) Importer(2089858483,b0f066a214c2f5e87bad3c948f4d605d) (ScriptedImporter) -> (artifact id: '7b5e3441edc42df1a7747e3f91b982d2') in 0.0198476 seconds
Number of updated asset objects reloaded before import = 0Number of asset objects unloaded after import = 0

========================================================================
Received Import Request.
  Time since last request: 0.000184 seconds.
  path: Packages/com.unity.purchasing/Runtime/Purchasing/Core/Purchasing/Interfaces/Callbacks/IOnEntitlementRevokedCallback.cs
  artifactKey: Guid(230ae2ec162a445e9a40144e760f53a4) Importer(2089858483,b0f066a214c2f5e87bad3c948f4d605d)
Start importing Packages/com.unity.purchasing/Runtime/Purchasing/Core/Purchasing/Interfaces/Callbacks/IOnEntitlementRevokedCallback.cs using Guid(230ae2ec162a445e9a40144e760f53a4) Importer(2089858483,b0f066a214c2f5e87bad3c948f4d605d) (ScriptedImporter) -> (artifact id: '43ff80418b3f39514326b7d22cbf1009') in 0.0310881 seconds
Number of updated asset objects reloaded before import = 0Number of asset objects unloaded after import = 0

========================================================================
Received Import Request.
  Time since last request: 0.000032 seconds.
  path: Packages/com.unity.services.deployment/Editor/PlayMode/DeployOnPlay.cs
  artifactKey: Guid(912e9ca0b74b24c4d8080372cd1be5f3) Importer(2089858483,b0f066a214c2f5e87bad3c948f4d605d)
Start importing Packages/com.unity.services.deployment/Editor/PlayMode/DeployOnPlay.cs using Guid(912e9ca0b74b24c4d8080372cd1be5f3) Importer(2089858483,b0f066a214c2f5e87bad3c948f4d605d) (ScriptedImporter) -> (artifact id: 'de6a30a27b64fa40d6d1e1c5084745f4') in 0.0204653 seconds
Number of updated asset objects reloaded before import = 0Number of asset objects unloaded after import = 0

========================================================================
Received Import Request.
  Time since last request: 0.000326 seconds.
  path: Packages/com.unity.services.core/Editor/Core/Environments/IEnvironmentValidator.cs
  artifactKey: Guid(e4f05d69764dc4f34987c49a70ec8d46) Importer(2089858483,b0f066a214c2f5e87bad3c948f4d605d)
Start importing Packages/com.unity.services.core/Editor/Core/Environments/IEnvironmentValidator.cs using Guid(e4f05d69764dc4f34987c49a70ec8d46) Importer(2089858483,b0f066a214c2f5e87bad3c948f4d605d) (ScriptedImporter) -> (artifact id: 'edc141bd5e1272dbf86e3fb72535781d') in 0.0159192 seconds
Number of updated asset objects reloaded before import = 0Number of asset objects unloaded after import = 0

========================================================================
Received Import Request.
  Time since last request: 0.000067 seconds.
  path: Packages/com.unity.services.deployment/Editor/Analytics/AnalyticsConstants.cs
  artifactKey: Guid(276121c7db6ef40aabfab2a96b8f3560) Importer(2089858483,b0f066a214c2f5e87bad3c948f4d605d)
Start importing Packages/com.unity.services.deployment/Editor/Analytics/AnalyticsConstants.cs using Guid(276121c7db6ef40aabfab2a96b8f3560) Importer(2089858483,b0f066a214c2f5e87bad3c948f4d605d) (ScriptedImporter) -> (artifact id: '517239b44315290c96c2d9ec7749a11c') in 0.0175104 seconds
Number of updated asset objects reloaded before import = 0Number of asset objects unloaded after import = 0

========================================================================
Received Import Request.
  Time since last request: 0.000067 seconds.
  path: Packages/com.unity.microsoft.gdk/Runtime/Interop/Converters.cs
  artifactKey: Guid(c2ab9321dac644ddacaf95df419fdd00) Importer(2089858483,b0f066a214c2f5e87bad3c948f4d605d)
Start importing Packages/com.unity.microsoft.gdk/Runtime/Interop/Converters.cs using Guid(c2ab9321dac644ddacaf95df419fdd00) Importer(2089858483,b0f066a214c2f5e87bad3c948f4d605d) (ScriptedImporter) -> (artifact id: '27ef34a6348bf23841abe913c8e1f312') in 0.0152847 seconds
Number of updated asset objects reloaded before import = 0Number of asset objects unloaded after import = 0

========================================================================
Received Import Request.
  Time since last request: 0.000066 seconds.
  path: Packages/com.unity.purchasing/Editor/WebRequest/Interface
  artifactKey: Guid(477f83eba225d4e81bc73eea9343d08a) Importer(2089858483,b0f066a214c2f5e87bad3c948f4d605d)
Start importing Packages/com.unity.purchasing/Editor/WebRequest/Interface using Guid(477f83eba225d4e81bc73eea9343d08a) Importer(2089858483,b0f066a214c2f5e87bad3c948f4d605d) (ScriptedImporter) -> (artifact id: '682b197010b3e3165c7c6210db6f02c5') in 0.0149592 seconds
Number of updated asset objects reloaded before import = 0Number of asset objects unloaded after import = 1

========================================================================
Received Import Request.
  Time since last request: 0.000038 seconds.
  path: Packages/com.unity.purchasing/Editor/Authoring/PurchasingAdminApi/Client/Model/ExistingCodaConfig.cs
  artifactKey: Guid(00ac730e4084342da867864d6233f431) Importer(2089858483,b0f066a214c2f5e87bad3c948f4d605d)
Start importing Packages/com.unity.purchasing/Editor/Authoring/PurchasingAdminApi/Client/Model/ExistingCodaConfig.cs using Guid(00ac730e4084342da867864d6233f431) Importer(2089858483,b0f066a214c2f5e87bad3c948f4d605d) (ScriptedImporter) -> (artifact id: '407c7697b73b6bc417659c0b47ea03f6') in 0.0142617 seconds
Number of updated asset objects reloaded before import = 0Number of asset objects unloaded after import = 0

========================================================================
Received Import Request.
  Time since last request: 0.000277 seconds.
  path: Packages/com.unity.purchasing/Editor/Authoring/Deployment/ICatalogDashboardUrlResolver.cs
  artifactKey: Guid(cd1dda56108ecc7419cfbad912b74fbe) Importer(2089858483,b0f066a214c2f5e87bad3c948f4d605d)
Start importing Packages/com.unity.purchasing/Editor/Authoring/Deployment/ICatalogDashboardUrlResolver.cs using Guid(cd1dda56108ecc7419cfbad912b74fbe) Importer(2089858483,b0f066a214c2f5e87bad3c948f4d605d) (ScriptedImporter) -> (artifact id: '6f94e03925807bb3d8b2a8b1a5322198') in 0.0174527 seconds
Number of updated asset objects reloaded before import = 0Number of asset objects unloaded after import = 0

========================================================================
Received Import Request.
  Time since last request: 0.000067 seconds.
  path: Packages/com.unity.purchasing/Runtime/Security/Asn1Processor/Asn1Util.cs
  artifactKey: Guid(d6b8caf7703494e0e901f2f15145ab69) Importer(2089858483,b0f066a214c2f5e87bad3c948f4d605d)
Start importing Packages/com.unity.purchasing/Runtime/Security/Asn1Processor/Asn1Util.cs using Guid(d6b8caf7703494e0e901f2f15145ab69) Importer(2089858483,b0f066a214c2f5e87bad3c948f4d605d) (ScriptedImporter) -> (artifact id: '68249d475b253e6b9893429cb7469c83') in 0.0189877 seconds
Number of updated asset objects reloaded before import = 0Number of asset objects unloaded after import = 0

========================================================================
Received Import Request.
  Time since last request: 0.000277 seconds.
  path: Packages/com.unity.purchasing/Editor/Shared/Infrastructure/Collections/CollectionExtensions.Gen.cs
  artifactKey: Guid(65077159df5145a795c8990cac5c84c8) Importer(2089858483,b0f066a214c2f5e87bad3c948f4d605d)
Start importing Packages/com.unity.purchasing/Editor/Shared/Infrastructure/Collections/CollectionExtensions.Gen.cs using Guid(65077159df5145a795c8990cac5c84c8) Importer(2089858483,b0f066a214c2f5e87bad3c948f4d605d) (ScriptedImporter) -> (artifact id: 'd94ee2e777ddfaed0a34eea7999148a2') in 0.0170581 seconds
Number of updated asset objects reloaded before import = 0Number of asset objects unloaded after import = 0

========================================================================
Received Import Request.
  Time since last request: 0.000039 seconds.
  path: Packages/com.unity.services.deployment.api/LICENSE.md
  artifactKey: Guid(2ee706535ad3924449a3b7824c468ab2) Importer(2089858483,b0f066a214c2f5e87bad3c948f4d605d)
Start importing Packages/com.unity.services.deployment.api/LICENSE.md using Guid(2ee706535ad3924449a3b7824c468ab2) Importer(2089858483,b0f066a214c2f5e87bad3c948f4d605d) (ScriptedImporter) -> (artifact id: '3ca22c7feb95a80a14ae8f07cb93cae7') in 0.0168974 seconds
Number of updated asset objects reloaded before import = 0Number of asset objects unloaded after import = 1

========================================================================
Received Import Request.
  Time since last request: 0.000037 seconds.
  path: Packages/com.unity.purchasing/Runtime/Stores/PaymentProvider/Launchers/AndroidCustomTabsLauncher.cs
  artifactKey: Guid(7da5166de70f4341ade60aad46e93bbf) Importer(2089858483,b0f066a214c2f5e87bad3c948f4d605d)
Start importing Packages/com.unity.purchasing/Runtime/Stores/PaymentProvider/Launchers/AndroidCustomTabsLauncher.cs using Guid(7da5166de70f4341ade60aad46e93bbf) Importer(2089858483,b0f066a214c2f5e87bad3c948f4d605d) (ScriptedImporter) -> (artifact id: '3db0babf52b7434b7313780283aa7bdc') in 0.0218184 seconds
Number of updated asset objects reloaded before import = 0Number of asset objects unloaded after import = 0

========================================================================
Received Import Request.
  Time since last request: 0.000115 seconds.
  path: Packages/com.unity.purchasing/Runtime/Purchasing/Stores/AppleAppStore
  artifactKey: Guid(fba47bd5bca370a459df4d17a6de23a7) Importer(2089858483,b0f066a214c2f5e87bad3c948f4d605d)
Start importing Packages/com.unity.purchasing/Runtime/Purchasing/Stores/AppleAppStore using Guid(fba47bd5bca370a459df4d17a6de23a7) Importer(2089858483,b0f066a214c2f5e87bad3c948f4d605d) (ScriptedImporter) -> (artifact id: '1018688db08502f2c7557c976fea2c84') in 0.0252322 seconds
Number of updated asset objects reloaded before import = 0Number of asset objects unloaded after import = 1

========================================================================
Received Import Request.
  Time since last request: 0.000024 seconds.
  path: Packages/com.unity.purchasing/Runtime/Purchasing/Core/Purchasing/Models/PaymentProvidersOrderInfo.cs
  artifactKey: Guid(de510883b5fa413590ac8024b41d0649) Importer(2089858483,b0f066a214c2f5e87bad3c948f4d605d)
Start importing Packages/com.unity.purchasing/Runtime/Purchasing/Core/Purchasing/Models/PaymentProvidersOrderInfo.cs using Guid(de510883b5fa413590ac8024b41d0649) Importer(2089858483,b0f066a214c2f5e87bad3c948f4d605d) (ScriptedImporter) -> (artifact id: 'b9a08d53c7bddc310e18c61e3e8587ae') in 0.0196567 seconds
Number of updated asset objects reloaded before import = 0Number of asset objects unloaded after import = 0

========================================================================
Received Import Request.
  Time since last request: 0.000062 seconds.
  path: Packages/com.unity.purchasing/Runtime/Utilities
  artifactKey: Guid(74103b91d3328034992e7f91ef0751a0) Importer(2089858483,b0f066a214c2f5e87bad3c948f4d605d)
Start importing Packages/com.unity.purchasing/Runtime/Utilities using Guid(74103b91d3328034992e7f91ef0751a0) Importer(2089858483,b0f066a214c2f5e87bad3c948f4d605d) (ScriptedImporter) -> (artifact id: '41cdde645c986d25f2f3daa42562abab') in 0.0214886 seconds
Number of updated asset objects reloaded before import = 0Number of asset objects unloaded after import = 1

========================================================================
Received Import Request.
  Time since last request: 0.000074 seconds.
  path: Packages/com.unity.services.deployment/Editor/Interface/UI/Events/RightClickedEvent.cs
  artifactKey: Guid(515735ec90ff0412e8c853c15d48fa58) Importer(2089858483,b0f066a214c2f5e87bad3c948f4d605d)
Start importing Packages/com.unity.services.deployment/Editor/Interface/UI/Events/RightClickedEvent.cs using Guid(515735ec90ff0412e8c853c15d48fa58) Importer(2089858483,b0f066a214c2f5e87bad3c948f4d605d) (ScriptedImporter) -> (artifact id: 'e1abafbee09c2715efa562a846c21fe0') in 0.0212261 seconds
Number of updated asset objects reloaded before import = 0Number of asset objects unloaded after import = 0

========================================================================
Received Import Request.
  Time since last request: 0.000143 seconds.
  path: Packages/com.unity.microsoft.gdk/Runtime/XBL/Social/XblSocial.cs
  artifactKey: Guid(7b53513b39ea44b2af6a03c8847f159a) Importer(2089858483,b0f066a214c2f5e87bad3c948f4d605d)
Start importing Packages/com.unity.microsoft.gdk/Runtime/XBL/Social/XblSocial.cs using Guid(7b53513b39ea44b2af6a03c8847f159a) Importer(2089858483,b0f066a214c2f5e87bad3c948f4d605d) (ScriptedImporter) -> (artifact id: '0ae87d44489264bac13546b1d8dc577b') in 0.0162606 seconds
Number of updated asset objects reloaded before import = 0Number of asset objects unloaded after import = 0

========================================================================
Received Import Request.
  Time since last request: 0.000170 seconds.
  path: Packages/com.unity.purchasing/Editor/Authoring/PurchasingAdminApi/Client/Model/CodaPayConfiguration.cs
  artifactKey: Guid(b7e8e50985e554349a4c55b7ba4ba58e) Importer(2089858483,b0f066a214c2f5e87bad3c948f4d605d)
Start importing Packages/com.unity.purchasing/Editor/Authoring/PurchasingAdminApi/Client/Model/CodaPayConfiguration.cs using Guid(b7e8e50985e554349a4c55b7ba4ba58e) Importer(2089858483,b0f066a214c2f5e87bad3c948f4d605d) (ScriptedImporter) -> (artifact id: '8b4c9c0dd7f019b4d6257f5df364e3cd') in 0.0162134 seconds
Number of updated asset objects reloaded before import = 0Number of asset objects unloaded after import = 0

========================================================================
Received Import Request.
  Time since last request: 0.000054 seconds.
  path: Packages/com.unity.purchasing/Runtime/UnityLiveContentAdapter/Client/Http/HttpClient.cs
  artifactKey: Guid(4a38a8759ebd4478eae9c865b05be43a) Importer(2089858483,b0f066a214c2f5e87bad3c948f4d605d)
Start importing Packages/com.unity.purchasing/Runtime/UnityLiveContentAdapter/Client/Http/HttpClient.cs using Guid(4a38a8759ebd4478eae9c865b05be43a) Importer(2089858483,b0f066a214c2f5e87bad3c948f4d605d) (ScriptedImporter) -> (artifact id: 'ff2e63c2c586a30161615a3d8fa4b49c') in 0.0158973 seconds
Number of updated asset objects reloaded before import = 0Number of asset objects unloaded after import = 0

========================================================================
Received Import Request.
  Time since last request: 0.000038 seconds.
  path: Packages/com.unity.services.deployment/Editor/Shared/Infrastructure/SystemEnvironment/SystemEnvironmentPathUtils.Gen.cs
  artifactKey: Guid(269171869d4274ee89d0bd3017d3c97f) Importer(2089858483,b0f066a214c2f5e87bad3c948f4d605d)
Start importing Packages/com.unity.services.deployment/Editor/Shared/Infrastructure/SystemEnvironment/SystemEnvironmentPathUtils.Gen.cs using Guid(269171869d4274ee89d0bd3017d3c97f) Importer(2089858483,b0f066a214c2f5e87bad3c948f4d605d) (ScriptedImporter) -> (artifact id: '3fb93650e77eef6f7fb113f2b2a67872') in 0.0187631 seconds
Number of updated asset objects reloaded before import = 0Number of asset objects unloaded after import = 0

========================================================================
Received Import Request.
  Time since last request: 0.000077 seconds.
  path: Packages/com.unity.purchasing/Editor/Authoring/LiveContentAdminApi/Client/Model/ResourceType.cs
  artifactKey: Guid(d4dc14d88f1674f1e9891ee62b81e9a2) Importer(2089858483,b0f066a214c2f5e87bad3c948f4d605d)
Start importing Packages/com.unity.purchasing/Editor/Authoring/LiveContentAdminApi/Client/Model/ResourceType.cs using Guid(d4dc14d88f1674f1e9891ee62b81e9a2) Importer(2089858483,b0f066a214c2f5e87bad3c948f4d605d) (ScriptedImporter) -> (artifact id: '93cbb60dad24ab173c62545ad3698603') in 0.0174699 seconds
Number of updated asset objects reloaded before import = 0Number of asset objects unloaded after import = 0

========================================================================
Received Import Request.
  Time since last request: 0.000073 seconds.
  path: Packages/com.unity.purchasing/Runtime/TransactionVerifier/Client/Http/IsolatedJsonConvert.cs
  artifactKey: Guid(016933e0736d8409da5102ec142ac8c7) Importer(2089858483,b0f066a214c2f5e87bad3c948f4d605d)
Start importing Packages/com.unity.purchasing/Runtime/TransactionVerifier/Client/Http/IsolatedJsonConvert.cs using Guid(016933e0736d8409da5102ec142ac8c7) Importer(2089858483,b0f066a214c2f5e87bad3c948f4d605d) (ScriptedImporter) -> (artifact id: '7f6ef2a097a3fc236b3fab46b7d1ff69') in 0.0161313 seconds
Number of updated asset objects reloaded before import = 0Number of asset objects unloaded after import = 0

========================================================================
Received Import Request.
  Time since last request: 0.000062 seconds.
  path: Packages/com.unity.purchasing/Runtime/UnityLiveContentAdapter/Client/Scheduler
  artifactKey: Guid(bf4da9fb06c594bb18f4ec0b8b4a319c) Importer(2089858483,b0f066a214c2f5e87bad3c948f4d605d)
Start importing Packages/com.unity.purchasing/Runtime/UnityLiveContentAdapter/Client/Scheduler using Guid(bf4da9fb06c594bb18f4ec0b8b4a319c) Importer(2089858483,b0f066a214c2f5e87bad3c948f4d605d) (ScriptedImporter) -> (artifact id: '28aa2977979b98fad236572b99af2f11') in 0.0165958 seconds
Number of updated asset objects reloaded before import = 0Number of asset objects unloaded after import = 1

========================================================================
Received Import Request.
  Time since last request: 0.000053 seconds.
  path: Packages/com.unity.purchasing/Editor/Analytics/Events/GenericEditorClickMenuItemEvent.cs
  artifactKey: Guid(03dddf3e71a4ac04c9afa4b7ebb8736b) Importer(2089858483,b0f066a214c2f5e87bad3c948f4d605d)
Start importing Packages/com.unity.purchasing/Editor/Analytics/Events/GenericEditorClickMenuItemEvent.cs using Guid(03dddf3e71a4ac04c9afa4b7ebb8736b) Importer(2089858483,b0f066a214c2f5e87bad3c948f4d605d) (ScriptedImporter) -> (artifact id: 'd1a73e585bf5855529916e5475f9b34e') in 0.0154106 seconds
Number of updated asset objects reloaded before import = 0Number of asset objects unloaded after import = 0

========================================================================
Received Import Request.
  Time since last request: 0.000055 seconds.
  path: Packages/com.unity.services.deployment/Editor/Shared/UI/DeploymentConfigInspectorFooter/Assets/DeploymentConfigInspectorFooterLight.uss
  artifactKey: Guid(e2e58464a9612594a9b28e54d1b2c87e) Importer(2089858483,b0f066a214c2f5e87bad3c948f4d605d)
Start importing Packages/com.unity.services.deployment/Editor/Shared/UI/DeploymentConfigInspectorFooter/Assets/DeploymentConfigInspectorFooterLight.uss using Guid(e2e58464a9612594a9b28e54d1b2c87e) Importer(2089858483,b0f066a214c2f5e87bad3c948f4d605d) (ScriptedImporter) -> (artifact id: 'fab5957109e531c515d18a7e0d75307c') in 0.0188719 seconds
Number of updated asset objects reloaded before import = 0Number of asset objects unloaded after import = 1

========================================================================
Received Import Request.
  Time since last request: 0.000025 seconds.
  path: Packages/com.unity.purchasing/Runtime/Purchasing/Core/Retries/RetryPolicies/AggregateRetryPolicy.cs
  artifactKey: Guid(ef784551289047b489249d6c6c310e40) Importer(2089858483,b0f066a214c2f5e87bad3c948f4d605d)
Start importing Packages/com.unity.purchasing/Runtime/Purchasing/Core/Retries/RetryPolicies/AggregateRetryPolicy.cs using Guid(ef784551289047b489249d6c6c310e40) Importer(2089858483,b0f066a214c2f5e87bad3c948f4d605d) (ScriptedImporter) -> (artifact id: '11aee251921d16ee7496ed4e39a87944') in 0.0153113 seconds
Number of updated asset objects reloaded before import = 0Number of asset objects unloaded after import = 0

========================================================================
Received Import Request.
  Time since last request: 0.000023 seconds.
  path: Packages/com.unity.purchasing/Runtime/Stores/Core
  artifactKey: Guid(71c10588ef09b6d4cac6db626c139875) Importer(2089858483,b0f066a214c2f5e87bad3c948f4d605d)
Start importing Packages/com.unity.purchasing/Runtime/Stores/Core using Guid(71c10588ef09b6d4cac6db626c139875) Importer(2089858483,b0f066a214c2f5e87bad3c948f4d605d) (ScriptedImporter) -> (artifact id: '923a3f43eb44121c88ddbab3a9aac8f6') in 0.0137643 seconds
Number of updated asset objects reloaded before import = 0Number of asset objects unloaded after import = 1

========================================================================
Received Import Request.
  Time since last request: 0.000178 seconds.
  path: Packages/com.unity.purchasing/Runtime/Purchasing/Insights/PaymentOption.cs
  artifactKey: Guid(461113ad35344fb3823c232f7cd041ee) Importer(2089858483,b0f066a214c2f5e87bad3c948f4d605d)
Start importing Packages/com.unity.purchasing/Runtime/Purchasing/Insights/PaymentOption.cs using Guid(461113ad35344fb3823c232f7cd041ee) Importer(2089858483,b0f066a214c2f5e87bad3c948f4d605d) (ScriptedImporter) -> (artifact id: '87fa5b20b8926063831cacb6f41d42ba') in 0.0166829 seconds
Number of updated asset objects reloaded before import = 0Number of asset objects unloaded after import = 0

========================================================================
Received Import Request.
  Time since last request: 0.000084 seconds.
  path: Packages/com.unity.purchasing/Runtime/Purchasing/Core/Store/Interfaces/IStoreWrapper.cs
  artifactKey: Guid(3ead4ed5e21b468cbd738f72e236056f) Importer(2089858483,b0f066a214c2f5e87bad3c948f4d605d)
Start importing Packages/com.unity.purchasing/Runtime/Purchasing/Core/Store/Interfaces/IStoreWrapper.cs using Guid(3ead4ed5e21b468cbd738f72e236056f) Importer(2089858483,b0f066a214c2f5e87bad3c948f4d605d) (ScriptedImporter) -> (artifact id: '886a6d21b5c3cbbdb598c7acbd8b78b7') in 0.0144999 seconds
Number of updated asset objects reloaded before import = 0Number of asset objects unloaded after import = 0

========================================================================
Received Import Request.
  Time since last request: 0.000029 seconds.
  path: Packages/com.unity.microsoft.gdk/Runtime/Interop/__GENERATED
  artifactKey: Guid(9f6a1cefdb7f46a3a0b73e6ec78a49a5) Importer(2089858483,b0f066a214c2f5e87bad3c948f4d605d)
Start importing Packages/com.unity.microsoft.gdk/Runtime/Interop/__GENERATED using Guid(9f6a1cefdb7f46a3a0b73e6ec78a49a5) Importer(2089858483,b0f066a214c2f5e87bad3c948f4d605d) (ScriptedImporter) -> (artifact id: '666e1b5c0e575e3d8337657546f371e9') in 0.0162867 seconds
Number of updated asset objects reloaded before import = 0Number of asset objects unloaded after import = 1

========================================================================
Received Import Request.
  Time since last request: 0.000025 seconds.
  path: Packages/com.unity.purchasing/Runtime/UnityPaymentProviders/ExternalPurchaseTokenType.cs
  artifactKey: Guid(8e9d7ef3e6c7440b821d009870a32353) Importer(2089858483,b0f066a214c2f5e87bad3c948f4d605d)
Start importing Packages/com.unity.purchasing/Runtime/UnityPaymentProviders/ExternalPurchaseTokenType.cs using Guid(8e9d7ef3e6c7440b821d009870a32353) Importer(2089858483,b0f066a214c2f5e87bad3c948f4d605d) (ScriptedImporter) -> (artifact id: '12114ca35caa02287ced0f6cbece6531') in 0.0166153 seconds
Number of updated asset objects reloaded before import = 0Number of asset objects unloaded after import = 0

========================================================================
Received Import Request.
  Time since last request: 0.000064 seconds.
  path: Packages/com.unity.services.deployment/Editor/Shared/DependencyInversion/Singleton.Gen.cs
  artifactKey: Guid(2b224d62cab274dc5b018515012e45b1) Importer(2089858483,b0f066a214c2f5e87bad3c948f4d605d)
Start importing Packages/com.unity.services.deployment/Editor/Shared/DependencyInversion/Singleton.Gen.cs using Guid(2b224d62cab274dc5b018515012e45b1) Importer(2089858483,b0f066a214c2f5e87bad3c948f4d605d) (ScriptedImporter) -> (artifact id: '11123114c555a0a87a24899f4e770346') in 0.0160735 seconds
Number of updated asset objects reloaded before import = 0Number of asset objects unloaded after import = 0

========================================================================
Received Import Request.
  Time since last request: 0.000066 seconds.
  path: Packages/com.unity.purchasing/Runtime/Stores/BaseStore
  artifactKey: Guid(510f8bdb18d344aea9f6af64c224ba84) Importer(2089858483,b0f066a214c2f5e87bad3c948f4d605d)
Start importing Packages/com.unity.purchasing/Runtime/Stores/BaseStore using Guid(510f8bdb18d344aea9f6af64c224ba84) Importer(2089858483,b0f066a214c2f5e87bad3c948f4d605d) (ScriptedImporter) -> (artifact id: 'f8bd582682b4ae5ee300b0f362fb8b22') in 0.0145501 seconds
Number of updated asset objects reloaded before import = 0Number of asset objects unloaded after import = 1

========================================================================
Received Import Request.
  Time since last request: 0.000065 seconds.
  path: Packages/com.unity.services.core/Runtime/Components/ServicesBehaviour.cs
  artifactKey: Guid(391e0967c80626143befc3cf1f52f5c6) Importer(2089858483,b0f066a214c2f5e87bad3c948f4d605d)
Start importing Packages/com.unity.services.core/Runtime/Components/ServicesBehaviour.cs using Guid(391e0967c80626143befc3cf1f52f5c6) Importer(2089858483,b0f066a214c2f5e87bad3c948f4d605d) (ScriptedImporter) -> (artifact id: '23aa5155c371ea5f1d09fcd8d13afca8') in 0.0128131 seconds
Number of updated asset objects reloaded before import = 0Number of asset objects unloaded after import = 0

========================================================================
Received Import Request.
  Time since last request: 0.000055 seconds.
  path: Packages/com.unity.purchasing/Runtime/Stores/Android/GooglePlay/AAR/Utils
  artifactKey: Guid(6665eb7ef1c5b436abaf0390be9c9a36) Importer(2089858483,b0f066a214c2f5e87bad3c948f4d605d)
Start importing Packages/com.unity.purchasing/Runtime/Stores/Android/GooglePlay/AAR/Utils using Guid(6665eb7ef1c5b436abaf0390be9c9a36) Importer(2089858483,b0f066a214c2f5e87bad3c948f4d605d) (ScriptedImporter) -> (artifact id: 'e5949fef3bfa58360b55b221ef82e56e') in 0.0134586 seconds
Number of updated asset objects reloaded before import = 0Number of asset objects unloaded after import = 1

========================================================================
Received Import Request.
  Time since last request: 0.000071 seconds.
  path: Packages/com.unity.services.deployment/Editor/IO/FileTracker.cs
  artifactKey: Guid(9382e57e414474049a30e47f548dba14) Importer(2089858483,b0f066a214c2f5e87bad3c948f4d605d)
Start importing Packages/com.unity.services.deployment/Editor/IO/FileTracker.cs using Guid(9382e57e414474049a30e47f548dba14) Importer(2089858483,b0f066a214c2f5e87bad3c948f4d605d) (ScriptedImporter) -> (artifact id: '3e0fa648a11802ce66671bf6a1eb5d0b') in 0.014845 seconds
Number of updated asset objects reloaded before import = 0Number of asset objects unloaded after import = 0

========================================================================
Received Import Request.
  Time since last request: 0.000065 seconds.
  path: Packages/com.unity.purchasing/Editor/Authoring/Core/Model/CatalogCsvDeploymentItem.cs
  artifactKey: Guid(dc20a553ff45d4a2a90b028006ad6dce) Importer(2089858483,b0f066a214c2f5e87bad3c948f4d605d)
Start importing Packages/com.unity.purchasing/Editor/Authoring/Core/Model/CatalogCsvDeploymentItem.cs using Guid(dc20a553ff45d4a2a90b028006ad6dce) Importer(2089858483,b0f066a214c2f5e87bad3c948f4d605d) (ScriptedImporter) -> (artifact id: 'e047d806d266f9c184eb4c5bd00e99dc') in 0.0142244 seconds
Number of updated asset objects reloaded before import = 0Number of asset objects unloaded after import = 0

========================================================================
Received Import Request.
  Time since last request: 0.000071 seconds.
  path: Packages/com.unity.purchasing/Runtime/Purchasing/Core/Store/Interfaces/IStoreServiceFactoryManagerInjectionPoint.cs
  artifactKey: Guid(2b36584e542c67242912dea54cb6ce74) Importer(2089858483,b0f066a214c2f5e87bad3c948f4d605d)
Start importing Packages/com.unity.purchasing/Runtime/Purchasing/Core/Store/Interfaces/IStoreServiceFactoryManagerInjectionPoint.cs using Guid(2b36584e542c67242912dea54cb6ce74) Importer(2089858483,b0f066a214c2f5e87bad3c948f4d605d) (ScriptedImporter) -> (artifact id: 'e423b635630207dfac5ab7200a9cb74d') in 0.0123907 seconds
Number of updated asset objects reloaded before import = 0Number of asset objects unloaded after import = 0

========================================================================
Received Import Request.
  Time since last request: 0.000064 seconds.
  path: Packages/com.unity.microsoft.gdk/Runtime/Interop/XBL/Social/XblSocialRelationshipChangedHandler.cs
  artifactKey: Guid(7c3a9833eb38489b93e428d4815793e9) Importer(2089858483,b0f066a214c2f5e87bad3c948f4d605d)
Start importing Packages/com.unity.microsoft.gdk/Runtime/Interop/XBL/Social/XblSocialRelationshipChangedHandler.cs using Guid(7c3a9833eb38489b93e428d4815793e9) Importer(2089858483,b0f066a214c2f5e87bad3c948f4d605d) (ScriptedImporter) -> (artifact id: '299cd3c5331400332189dc0d4fbeb3c1') in 0.0135297 seconds
Number of updated asset objects reloaded before import = 0Number of asset objects unloaded after import = 0

========================================================================
Received Import Request.
  Time since last request: 0.000051 seconds.
  path: Packages/com.unity.purchasing/Runtime/Purchasing/Core/Purchasing/CartValidation/StoreCartValidator.cs
  artifactKey: Guid(4971c678845345d49d6dac47c2404a39) Importer(2089858483,b0f066a214c2f5e87bad3c948f4d605d)
Start importing Packages/com.unity.purchasing/Runtime/Purchasing/Core/Purchasing/CartValidation/StoreCartValidator.cs using Guid(4971c678845345d49d6dac47c2404a39) Importer(2089858483,b0f066a214c2f5e87bad3c948f4d605d) (ScriptedImporter) -> (artifact id: 'd06b475f2719c13190a733ac010474a4') in 0.0117981 seconds
Number of updated asset objects reloaded before import = 0Number of asset objects unloaded after import = 0

========================================================================
Received Import Request.
  Time since last request: 0.000039 seconds.
  path: Packages/com.unity.services.core/Runtime/Networking/Unity.Services.Core.Networking.api
  artifactKey: Guid(0bc813267d884254f93e1477fe12263b) Importer(2089858483,b0f066a214c2f5e87bad3c948f4d605d)
Start importing Packages/com.unity.services.core/Runtime/Networking/Unity.Services.Core.Networking.api using Guid(0bc813267d884254f93e1477fe12263b) Importer(2089858483,b0f066a214c2f5e87bad3c948f4d605d) (ScriptedImporter) -> (artifact id: '22fc5575a041ca5f5f6faa80a00737ab') in 0.0123312 seconds
Number of updated asset objects reloaded before import = 0Number of asset objects unloaded after import = 1

========================================================================
Received Import Request.
  Time since last request: 0.000043 seconds.
  path: Packages/com.unity.purchasing/Runtime/Purchasing/Legacy/Interfaces
  artifactKey: Guid(3dfdac3b0e1e482b9a1f5f24e8d7a385) Importer(2089858483,b0f066a214c2f5e87bad3c948f4d605d)
Start importing Packages/com.unity.purchasing/Runtime/Purchasing/Legacy/Interfaces using Guid(3dfdac3b0e1e482b9a1f5f24e8d7a385) Importer(2089858483,b0f066a214c2f5e87bad3c948f4d605d) (ScriptedImporter) -> (artifact id: '56ba7476d533e8e186218f7defffacf8') in 0.0111549 seconds
Number of updated asset objects reloaded before import = 0Number of asset objects unloaded after import = 1

========================================================================
Received Import Request.
  Time since last request: 0.000019 seconds.
  path: Packages/com.unity.services.deployment/Editor/DeploymentDefinitions/EditorDeploymentDefinitionService.cs
  artifactKey: Guid(11ff6a97f6fcc482885256eb83d1ecf3) Importer(2089858483,b0f066a214c2f5e87bad3c948f4d605d)
Start importing Packages/com.unity.services.deployment/Editor/DeploymentDefinitions/EditorDeploymentDefinitionService.cs using Guid(11ff6a97f6fcc482885256eb83d1ecf3) Importer(2089858483,b0f066a214c2f5e87bad3c948f4d605d) (ScriptedImporter) -> (artifact id: '412db02d4df7b98c811ffdab35768bdd') in 0.0140407 seconds
Number of updated asset objects reloaded before import = 0Number of asset objects unloaded after import = 0

========================================================================
Received Import Request.
  Time since last request: 0.000056 seconds.
  path: Packages/com.unity.purchasing/Runtime/UnityPaymentProviders/Models
  artifactKey: Guid(ee5d764346e148de902c7c70d26a52fa) Importer(2089858483,b0f066a214c2f5e87bad3c948f4d605d)
Start importing Packages/com.unity.purchasing/Runtime/UnityPaymentProviders/Models using Guid(ee5d764346e148de902c7c70d26a52fa) Importer(2089858483,b0f066a214c2f5e87bad3c948f4d605d) (ScriptedImporter) -> (artifact id: 'fba76d915e59d9cee06ea02be90fc1a7') in 0.0133621 seconds
Number of updated asset objects reloaded before import = 0Number of asset objects unloaded after import = 1

========================================================================
Received Import Request.
  Time since last request: 0.000034 seconds.
  path: Packages/com.unity.services.deployment/Editor/Shared/DependencyInversion/Transient.Gen.cs
  artifactKey: Guid(1016b256bc2e94358a3820086d49d820) Importer(2089858483,b0f066a214c2f5e87bad3c948f4d605d)
Start importing Packages/com.unity.services.deployment/Editor/Shared/DependencyInversion/Transient.Gen.cs using Guid(1016b256bc2e94358a3820086d49d820) Importer(2089858483,b0f066a214c2f5e87bad3c948f4d605d) (ScriptedImporter) -> (artifact id: 'b2837413e18ec5a48c8704a6a6734149') in 0.0118564 seconds
Number of updated asset objects reloaded before import = 0Number of asset objects unloaded after import = 0

========================================================================
Received Import Request.
  Time since last request: 0.000082 seconds.
  path: Packages/com.unity.purchasing/Editor/Authoring/LiveContentAdminApi/Client/Model/BatchDeleteResponse.cs
  artifactKey: Guid(fe34c39cb185243f5ba691089a7ccf60) Importer(2089858483,b0f066a214c2f5e87bad3c948f4d605d)
Start importing Packages/com.unity.purchasing/Editor/Authoring/LiveContentAdminApi/Client/Model/BatchDeleteResponse.cs using Guid(fe34c39cb185243f5ba691089a7ccf60) Importer(2089858483,b0f066a214c2f5e87bad3c948f4d605d) (ScriptedImporter) -> (artifact id: '2e741b7e1b964feaba55f2f088083a09') in 0.0102758 seconds
Number of updated asset objects reloaded before import = 0Number of asset objects unloaded after import = 0

========================================================================
Received Import Request.
  Time since last request: 0.000054 seconds.
  path: Packages/com.unity.purchasing/Runtime/Purchasing/Stores/Android/AAR/FirebaseAnalyticsClient.cs
  artifactKey: Guid(84c82536c7d84facb1b19b50cc59eb96) Importer(2089858483,b0f066a214c2f5e87bad3c948f4d605d)
Start importing Packages/com.unity.purchasing/Runtime/Purchasing/Stores/Android/AAR/FirebaseAnalyticsClient.cs using Guid(84c82536c7d84facb1b19b50cc59eb96) Importer(2089858483,b0f066a214c2f5e87bad3c948f4d605d) (ScriptedImporter) -> (artifact id: '96a56c1c2dfb370742b369cdc747b12a') in 0.0113771 seconds
Number of updated asset objects reloaded before import = 0Number of asset objects unloaded after import = 0

========================================================================
Received Import Request.
  Time since last request: 0.000081 seconds.
  path: Packages/com.unity.ai.navigation/package.json
  artifactKey: Guid(fbee67e09f48e4652bfa085460c895c7) Importer(2089858483,b0f066a214c2f5e87bad3c948f4d605d)
Start importing Packages/com.unity.ai.navigation/package.json using Guid(fbee67e09f48e4652bfa085460c895c7) Importer(2089858483,b0f066a214c2f5e87bad3c948f4d605d) (ScriptedImporter) -> (artifact id: 'f968ed2163ae624c0f70dcb5be5a252a') in 0.0139907 seconds
Number of updated asset objects reloaded before import = 0Number of asset objects unloaded after import = 1

========================================================================
Received Import Request.
  Time since last request: 0.000021 seconds.
  path: Packages/com.unity.services.core/Runtime/Core.Internal/Components/Authentication/IEnvironmentId.cs
  artifactKey: Guid(ac86a2bfd37d6486e831ba1e932a6f66) Importer(2089858483,b0f066a214c2f5e87bad3c948f4d605d)
Start importing Packages/com.unity.services.core/Runtime/Core.Internal/Components/Authentication/IEnvironmentId.cs using Guid(ac86a2bfd37d6486e831ba1e932a6f66) Importer(2089858483,b0f066a214c2f5e87bad3c948f4d605d) (ScriptedImporter) -> (artifact id: 'fe7c09531499d57450c4d2a20809de17') in 0.0152825 seconds
Number of updated asset objects reloaded before import = 0Number of asset objects unloaded after import = 0

========================================================================
Received Import Request.
  Time since last request: 0.000072 seconds.
  path: Packages/com.unity.purchasing/Runtime/Purchasing/Telemetry/Diagnostics/TelemetryDiagnostics.cs
  artifactKey: Guid(a84a2636a2b84429b495cd03f0cc97cd) Importer(2089858483,b0f066a214c2f5e87bad3c948f4d605d)
Start importing Packages/com.unity.purchasing/Runtime/Purchasing/Telemetry/Diagnostics/TelemetryDiagnostics.cs using Guid(a84a2636a2b84429b495cd03f0cc97cd) Importer(2089858483,b0f066a214c2f5e87bad3c948f4d605d) (ScriptedImporter) -> (artifact id: '05a58a0b2f43d4af5c4f202b78728d49') in 0.0151574 seconds
Number of updated asset objects reloaded before import = 0Number of asset objects unloaded after import = 0

========================================================================
Received Import Request.
  Time since last request: 0.000028 seconds.
  path: Packages/com.unity.purchasing/Runtime/UnityPaymentProviders/Client/ErrorMitigation
  artifactKey: Guid(3a7a6e930ef644eca9a4aad5596e4330) Importer(2089858483,b0f066a214c2f5e87bad3c948f4d605d)
Start importing Packages/com.unity.purchasing/Runtime/UnityPaymentProviders/Client/ErrorMitigation using Guid(3a7a6e930ef644eca9a4aad5596e4330) Importer(2089858483,b0f066a214c2f5e87bad3c948f4d605d) (ScriptedImporter) -> (artifact id: '968665a31aaf4c49220bc9d754216fd6') in 0.0142851 seconds
Number of updated asset objects reloaded before import = 0Number of asset objects unloaded after import = 1

========================================================================
Received Import Request.
  Time since last request: 0.000052 seconds.
  path: Packages/com.unity.purchasing/Runtime/Purchasing/Extension/CatalogListings/ICatalogListingClient.cs
  artifactKey: Guid(6612b22915499460ea989c29ab0ddb1d) Importer(2089858483,b0f066a214c2f5e87bad3c948f4d605d)
Start importing Packages/com.unity.purchasing/Runtime/Purchasing/Extension/CatalogListings/ICatalogListingClient.cs using Guid(6612b22915499460ea989c29ab0ddb1d) Importer(2089858483,b0f066a214c2f5e87bad3c948f4d605d) (ScriptedImporter) -> (artifact id: 'bac2716efda5e64ed8e771a0f28cee89') in 0.0141823 seconds
Number of updated asset objects reloaded before import = 0Number of asset objects unloaded after import = 0

========================================================================
Received Import Request.
  Time since last request: 0.000054 seconds.
  path: Packages/com.unity.services.analytics/Runtime/Events/AcquisitionSourceEvent.cs
  artifactKey: Guid(7ab8d7fbc51f3f84c855d6756f4c9f03) Importer(2089858483,b0f066a214c2f5e87bad3c948f4d605d)
Start importing Packages/com.unity.services.analytics/Runtime/Events/AcquisitionSourceEvent.cs using Guid(7ab8d7fbc51f3f84c855d6756f4c9f03) Importer(2089858483,b0f066a214c2f5e87bad3c948f4d605d) (ScriptedImporter) -> (artifact id: '399f58a71409b60220e693cca49c12aa') in 0.0119981 seconds
Number of updated asset objects reloaded before import = 0Number of asset objects unloaded after import = 0

========================================================================
Received Import Request.
  Time since last request: 0.000066 seconds.
  path: Packages/com.unity.microsoft.gdk/Runtime/XBL/SocialManager/XblPreferredColor.cs
  artifactKey: Guid(923ed13e31f346d2b2af7e043cf8df8b) Importer(2089858483,b0f066a214c2f5e87bad3c948f4d605d)
Start importing Packages/com.unity.microsoft.gdk/Runtime/XBL/SocialManager/XblPreferredColor.cs using Guid(923ed13e31f346d2b2af7e043cf8df8b) Importer(2089858483,b0f066a214c2f5e87bad3c948f4d605d) (ScriptedImporter) -> (artifact id: '723cc928371558dfadde229a1b70627b') in 0.0119422 seconds
Number of updated asset objects reloaded before import = 0Number of asset objects unloaded after import = 0

========================================================================
Received Import Request.
  Time since last request: 0.000056 seconds.
  path: Packages/com.unity.purchasing/Runtime/TransactionVerifier/Client/ErrorMitigation/RetryPolicy.cs
  artifactKey: Guid(3f90e8d1064df4e3b9410986d821b2fd) Importer(2089858483,b0f066a214c2f5e87bad3c948f4d605d)
Start importing Packages/com.unity.purchasing/Runtime/TransactionVerifier/Client/ErrorMitigation/RetryPolicy.cs using Guid(3f90e8d1064df4e3b9410986d821b2fd) Importer(2089858483,b0f066a214c2f5e87bad3c948f4d605d) (ScriptedImporter) -> (artifact id: 'cf5a32ee7a2a7a5a0328b3a1f66b03ed') in 0.013543 seconds
Number of updated asset objects reloaded before import = 0Number of asset objects unloaded after import = 0

========================================================================
Received Import Request.
  Time since last request: 0.000225 seconds.
  path: Packages/com.unity.purchasing/Runtime/Purchasing/Core/Product/ExtensibleProductService.cs
  artifactKey: Guid(158fff7937e07904caa7992e304fc6d8) Importer(2089858483,b0f066a214c2f5e87bad3c948f4d605d)
Start importing Packages/com.unity.purchasing/Runtime/Purchasing/Core/Product/ExtensibleProductService.cs using Guid(158fff7937e07904caa7992e304fc6d8) Importer(2089858483,b0f066a214c2f5e87bad3c948f4d605d) (ScriptedImporter) -> (artifact id: '15fb3e97ccaab3578a0772fda08b071d') in 0.0140233 seconds
Number of updated asset objects reloaded before import = 0Number of asset objects unloaded after import = 0

========================================================================
Received Import Request.
  Time since last request: 0.000024 seconds.
  path: Packages/com.unity.purchasing/Editor/Shared/WebApi/Network/RetryPolicy.cs
  artifactKey: Guid(52b50a88b33c462ea21c267155468fc0) Importer(2089858483,b0f066a214c2f5e87bad3c948f4d605d)
Start importing Packages/com.unity.purchasing/Editor/Shared/WebApi/Network/RetryPolicy.cs using Guid(52b50a88b33c462ea21c267155468fc0) Importer(2089858483,b0f066a214c2f5e87bad3c948f4d605d) (ScriptedImporter) -> (artifact id: 'be2e41c23543e391b59cff98c0265ee8') in 0.0138328 seconds
Number of updated asset objects reloaded before import = 0Number of asset objects unloaded after import = 0

========================================================================
Received Import Request.
  Time since last request: 0.000040 seconds.
  path: Packages/com.unity.services.core/Editor/Core/EditorGameService/IEditorGameService.cs
  artifactKey: Guid(d5d66638474e546b1b5402eca60d7066) Importer(2089858483,b0f066a214c2f5e87bad3c948f4d605d)
Start importing Packages/com.unity.services.core/Editor/Core/EditorGameService/IEditorGameService.cs using Guid(d5d66638474e546b1b5402eca60d7066) Importer(2089858483,b0f066a214c2f5e87bad3c948f4d605d) (ScriptedImporter) -> (artifact id: 'b6a74e3b31134ab53005177d069d5756') in 0.0116841 seconds
Number of updated asset objects reloaded before import = 0Number of asset objects unloaded after import = 0

========================================================================
Received Import Request.
  Time since last request: 0.000066 seconds.
  path: Packages/com.unity.services.deployment.api/Editor/DeploymentWindowApi/DeploymentStatus.cs
  artifactKey: Guid(dbefa44324cbb104d8e782bdd72d6c80) Importer(2089858483,b0f066a214c2f5e87bad3c948f4d605d)
Start importing Packages/com.unity.services.deployment.api/Editor/DeploymentWindowApi/DeploymentStatus.cs using Guid(dbefa44324cbb104d8e782bdd72d6c80) Importer(2089858483,b0f066a214c2f5e87bad3c948f4d605d) (ScriptedImporter) -> (artifact id: 'c90d1e8cf14c5ec046dcb0b86043f73a') in 0.0123564 seconds
Number of updated asset objects reloaded before import = 0Number of asset objects unloaded after import = 0

========================================================================
Received Import Request.
  Time since last request: 0.000037 seconds.
  path: Packages/com.unity.purchasing/Runtime/Stores/BaseStore/MetricizedJsonStore.cs
  artifactKey: Guid(d20e9c28bb2b4b8bbd16889654c4617c) Importer(2089858483,b0f066a214c2f5e87bad3c948f4d605d)
Start importing Packages/com.unity.purchasing/Runtime/Stores/BaseStore/MetricizedJsonStore.cs using Guid(d20e9c28bb2b4b8bbd16889654c4617c) Importer(2089858483,b0f066a214c2f5e87bad3c948f4d605d) (ScriptedImporter) -> (artifact id: '26b2bf63d9f5864d5eeff3643a2d11f6') in 0.0145181 seconds
Number of updated asset objects reloaded before import = 0Number of asset objects unloaded after import = 0

========================================================================
Received Import Request.
  Time since last request: 0.000068 seconds.
  path: Packages/com.unity.purchasing/Editor/ServiceProjectSettings/Service/Networking/GoogleConfigurationWebRequests.cs
  artifactKey: Guid(611c457a7378a4b449440667e1fa48e2) Importer(2089858483,b0f066a214c2f5e87bad3c948f4d605d)
Start importing Packages/com.unity.purchasing/Editor/ServiceProjectSettings/Service/Networking/GoogleConfigurationWebRequests.cs using Guid(611c457a7378a4b449440667e1fa48e2) Importer(2089858483,b0f066a214c2f5e87bad3c948f4d605d) (ScriptedImporter) -> (artifact id: '5aa067e1483e3cf9b52947f78af49448') in 0.0126598 seconds
Number of updated asset objects reloaded before import = 0Number of asset objects unloaded after import = 0

========================================================================
Received Import Request.
  Time since last request: 0.000055 seconds.
  path: Packages/com.unity.purchasing/Runtime/Stores/Android/GooglePlay/AAR/Models/BillingClientBase.cs
  artifactKey: Guid(95247eba33544aed9a7a98503368491c) Importer(2089858483,b0f066a214c2f5e87bad3c948f4d605d)
Start importing Packages/com.unity.purchasing/Runtime/Stores/Android/GooglePlay/AAR/Models/BillingClientBase.cs using Guid(95247eba33544aed9a7a98503368491c) Importer(2089858483,b0f066a214c2f5e87bad3c948f4d605d) (ScriptedImporter) -> (artifact id: '0eb24acbe53a9e4422137521edcbdf22') in 0.0131447 seconds
Number of updated asset objects reloaded before import = 0Number of asset objects unloaded after import = 0

========================================================================
Received Import Request.
  Time since last request: 0.000063 seconds.
  path: Packages/com.unity.services.core/Runtime/Core.Internal/Components/Threading
  artifactKey: Guid(72cfb564f8b25174e87a90f7eb44ca04) Importer(2089858483,b0f066a214c2f5e87bad3c948f4d605d)
Start importing Packages/com.unity.services.core/Runtime/Core.Internal/Components/Threading using Guid(72cfb564f8b25174e87a90f7eb44ca04) Importer(2089858483,b0f066a214c2f5e87bad3c948f4d605d) (ScriptedImporter) -> (artifact id: 'cab591d6a27cc82d66c35c53e1fccbcb') in 0.0137485 seconds
Number of updated asset objects reloaded before import = 0Number of asset objects unloaded after import = 1

========================================================================
Received Import Request.
  Time since last request: 0.000051 seconds.
  path: Packages/com.unity.services.core/Editor/Core/Configuration/IConfigurationProvider.cs
  artifactKey: Guid(d3165b886c24cdf4aae413fa29476483) Importer(2089858483,b0f066a214c2f5e87bad3c948f4d605d)
Start importing Packages/com.unity.services.core/Editor/Core/Configuration/IConfigurationProvider.cs using Guid(d3165b886c24cdf4aae413fa29476483) Importer(2089858483,b0f066a214c2f5e87bad3c948f4d605d) (ScriptedImporter) -> (artifact id: '7c9f5729eb6ad7ea3849357548df153c') in 0.0155852 seconds
Number of updated asset objects reloaded before import = 0Number of asset objects unloaded after import = 0

========================================================================
Received Import Request.
  Time since last request: 0.000059 seconds.
  path: Packages/com.unity.services.core/Editor/Core/Environments/Client/Http/DeserializationSettings.cs
  artifactKey: Guid(b8d43fe3607e4416bbbbf8585a3869ae) Importer(2089858483,b0f066a214c2f5e87bad3c948f4d605d)
Start importing Packages/com.unity.services.core/Editor/Core/Environments/Client/Http/DeserializationSettings.cs using Guid(b8d43fe3607e4416bbbbf8585a3869ae) Importer(2089858483,b0f066a214c2f5e87bad3c948f4d605d) (ScriptedImporter) -> (artifact id: '1ee6f0affdb0ee7a168a7990e50bf946') in 0.0139851 seconds
Number of updated asset objects reloaded before import = 0Number of asset objects unloaded after import = 0

========================================================================
Received Import Request.
  Time since last request: 0.000068 seconds.
  path: Packages/com.unity.services.core/Runtime/Core.Internal/AsyncOperation/IAsyncOperation.cs
  artifactKey: Guid(fac66275348d245d490b160bcf2413c3) Importer(2089858483,b0f066a214c2f5e87bad3c948f4d605d)
Start importing Packages/com.unity.services.core/Runtime/Core.Internal/AsyncOperation/IAsyncOperation.cs using Guid(fac66275348d245d490b160bcf2413c3) Importer(2089858483,b0f066a214c2f5e87bad3c948f4d605d) (ScriptedImporter) -> (artifact id: '08e965926699cca73b574b226d0e3611') in 0.0128593 seconds
Number of updated asset objects reloaded before import = 0Number of asset objects unloaded after import = 0

========================================================================
Received Import Request.
  Time since last request: 0.000062 seconds.
  path: Packages/com.unity.purchasing/Runtime/UnityLiveContentAdapter/README.md
  artifactKey: Guid(30d1265dce3dd428785bd56651fff5b9) Importer(2089858483,b0f066a214c2f5e87bad3c948f4d605d)
Start importing Packages/com.unity.purchasing/Runtime/UnityLiveContentAdapter/README.md using Guid(30d1265dce3dd428785bd56651fff5b9) Importer(2089858483,b0f066a214c2f5e87bad3c948f4d605d) (ScriptedImporter) -> (artifact id: 'ac1d2cff69835aaab505f1cfaa292814') in 0.0127721 seconds
Number of updated asset objects reloaded before import = 0Number of asset objects unloaded after import = 1

========================================================================
Received Import Request.
  Time since last request: 0.000023 seconds.
  path: Packages/com.unity.microsoft.gdk/Runtime/XBL/Presence/XblPresenceBroadcastProvider.cs
  artifactKey: Guid(70165bc779064e80aaeb0cdbfbff2594) Importer(2089858483,b0f066a214c2f5e87bad3c948f4d605d)
Start importing Packages/com.unity.microsoft.gdk/Runtime/XBL/Presence/XblPresenceBroadcastProvider.cs using Guid(70165bc779064e80aaeb0cdbfbff2594) Importer(2089858483,b0f066a214c2f5e87bad3c948f4d605d) (ScriptedImporter) -> (artifact id: 'c5ea86edb8e5fd7b0271bee3ff871b78') in 0.0134338 seconds
Number of updated asset objects reloaded before import = 0Number of asset objects unloaded after import = 0

========================================================================
Received Import Request.
  Time since last request: 0.000076 seconds.
  path: Packages/com.unity.services.core/Runtime/Core/UnityServices.cs
  artifactKey: Guid(de65c849485d346e68c1186154a222ee) Importer(2089858483,b0f066a214c2f5e87bad3c948f4d605d)
Start importing Packages/com.unity.services.core/Runtime/Core/UnityServices.cs using Guid(de65c849485d346e68c1186154a222ee) Importer(2089858483,b0f066a214c2f5e87bad3c948f4d605d) (ScriptedImporter) -> (artifact id: '08d75f0dadbc7feed7c352b5d3cc5548') in 0.0126353 seconds
Number of updated asset objects reloaded before import = 0Number of asset objects unloaded after import = 0

========================================================================
Received Import Request.
  Time since last request: 0.000055 seconds.
  path: Packages/com.unity.purchasing/Editor/ServiceProjectSettings/PurchasingSettingsKeywords.cs
  artifactKey: Guid(c1155bf223700644a94537d5d3361255) Importer(2089858483,b0f066a214c2f5e87bad3c948f4d605d)
Start importing Packages/com.unity.purchasing/Editor/ServiceProjectSettings/PurchasingSettingsKeywords.cs using Guid(c1155bf223700644a94537d5d3361255) Importer(2089858483,b0f066a214c2f5e87bad3c948f4d605d) (ScriptedImporter) -> (artifact id: 'd759fe05fc3ecc1f03cfc0a775164947') in 0.0133763 seconds
Number of updated asset objects reloaded before import = 0Number of asset objects unloaded after import = 0

========================================================================
Received Import Request.
  Time since last request: 0.000069 seconds.
  path: Packages/com.unity.purchasing/Runtime/Stores/Android/GooglePlay/AAR/Listeners/BillingProgramReportingDetailsListener.cs
  artifactKey: Guid(5269121fc41343009a8644d6b34b5b9e) Importer(2089858483,b0f066a214c2f5e87bad3c948f4d605d)
Start importing Packages/com.unity.purchasing/Runtime/Stores/Android/GooglePlay/AAR/Listeners/BillingProgramReportingDetailsListener.cs using Guid(5269121fc41343009a8644d6b34b5b9e) Importer(2089858483,b0f066a214c2f5e87bad3c948f4d605d) (ScriptedImporter) -> (artifact id: '920198ef5d4378060b54caeddb176192') in 0.0132596 seconds
Number of updated asset objects reloaded before import = 0Number of asset objects unloaded after import = 0

========================================================================
Received Import Request.
  Time since last request: 0.000111 seconds.
  path: Packages/com.unity.purchasing/Runtime/Stores/Core/Purchasing/PurchaseServiceDependencyFactoryInjector.cs
  artifactKey: Guid(27402a3cb3f3e6548a71e35ebc2f05d8) Importer(2089858483,b0f066a214c2f5e87bad3c948f4d605d)
Start importing Packages/com.unity.purchasing/Runtime/Stores/Core/Purchasing/PurchaseServiceDependencyFactoryInjector.cs using Guid(27402a3cb3f3e6548a71e35ebc2f05d8) Importer(2089858483,b0f066a214c2f5e87bad3c948f4d605d) (ScriptedImporter) -> (artifact id: '2ef4e72e8e261fea899c1bbcc12b7786') in 0.0148598 seconds
Number of updated asset objects reloaded before import = 0Number of asset objects unloaded after import = 0

========================================================================
Received Import Request.
  Time since last request: 0.000078 seconds.
  path: Packages/com.unity.purchasing/Editor/Authoring/UI/CatalogItemAssetInspector.cs
  artifactKey: Guid(c5c37aeab195041aaa7b4269c90fe7eb) Importer(2089858483,b0f066a214c2f5e87bad3c948f4d605d)
Start importing Packages/com.unity.purchasing/Editor/Authoring/UI/CatalogItemAssetInspector.cs using Guid(c5c37aeab195041aaa7b4269c90fe7eb) Importer(2089858483,b0f066a214c2f5e87bad3c948f4d605d) (ScriptedImporter) -> (artifact id: 'edd8f04fa7fb4c4f6569ca14dd85a825') in 0.0140309 seconds
Number of updated asset objects reloaded before import = 0Number of asset objects unloaded after import = 0

========================================================================
Received Import Request.
  Time since last request: 0.000057 seconds.
  path: Packages/com.unity.services.analytics/ValidationConfig.json
  artifactKey: Guid(67c57ed36880e4816b2988a904b5783d) Importer(2089858483,b0f066a214c2f5e87bad3c948f4d605d)
Start importing Packages/com.unity.services.analytics/ValidationConfig.json using Guid(67c57ed36880e4816b2988a904b5783d) Importer(2089858483,b0f066a214c2f5e87bad3c948f4d605d) (ScriptedImporter) -> (artifact id: 'df95cc5b2c405d3e56d17c040365e645') in 0.0142642 seconds
Number of updated asset objects reloaded before import = 0Number of asset objects unloaded after import = 1

========================================================================
Received Import Request.
  Time since last request: 0.000046 seconds.
  path: Packages/com.unity.purchasing/Editor/Apple/AppleIncRootCertificate.cer
  artifactKey: Guid(cc7769ad10934b4fadcf648ad7165e8b) Importer(2089858483,b0f066a214c2f5e87bad3c948f4d605d)
Start importing Packages/com.unity.purchasing/Editor/Apple/AppleIncRootCertificate.cer using Guid(cc7769ad10934b4fadcf648ad7165e8b) Importer(2089858483,b0f066a214c2f5e87bad3c948f4d605d) (ScriptedImporter) -> (artifact id: '0b9da03d089e234be92529a4e24d2bf5') in 0.0129028 seconds
Number of updated asset objects reloaded before import = 0Number of asset objects unloaded after import = 1

========================================================================
Received Import Request.
  Time since last request: 0.000040 seconds.
  path: Packages/com.unity.services.deployment/Editor/Commands/ICommandManager.cs
  artifactKey: Guid(4bd894e491ff43e585d7dbea25de5a42) Importer(2089858483,b0f066a214c2f5e87bad3c948f4d605d)
Start importing Packages/com.unity.services.deployment/Editor/Commands/ICommandManager.cs using Guid(4bd894e491ff43e585d7dbea25de5a42) Importer(2089858483,b0f066a214c2f5e87bad3c948f4d605d) (ScriptedImporter) -> (artifact id: 'a363cac14df0096171ed1acfdd65ee1a') in 0.012133 seconds
Number of updated asset objects reloaded before import = 0Number of asset objects unloaded after import = 0

========================================================================
Received Import Request.
  Time since last request: 0.000072 seconds.
  path: Packages/com.unity.microsoft.gdk/Runtime/Interop/XBL/MultiplayerActivity/XblMultiplayerActivityInterop.cs
  artifactKey: Guid(7d9a2dc0b52e3fd4196d9c136befc1fd) Importer(2089858483,b0f066a214c2f5e87bad3c948f4d605d)
Start importing Packages/com.unity.microsoft.gdk/Runtime/Interop/XBL/MultiplayerActivity/XblMultiplayerActivityInterop.cs using Guid(7d9a2dc0b52e3fd4196d9c136befc1fd) Importer(2089858483,b0f066a214c2f5e87bad3c948f4d605d) (ScriptedImporter) -> (artifact id: '343a3fcf2eeae4216404607fa0623aaa') in 0.0130675 seconds
Number of updated asset objects reloaded before import = 0Number of asset objects unloaded after import = 0

========================================================================
Received Import Request.
  Time since last request: 0.000060 seconds.
  path: Packages/com.unity.services.deployment/Editor/Analytics/StaticAnalytics.cs
  artifactKey: Guid(0adb0fa522ae488c9b98cd72d29a3dab) Importer(2089858483,b0f066a214c2f5e87bad3c948f4d605d)
Start importing Packages/com.unity.services.deployment/Editor/Analytics/StaticAnalytics.cs using Guid(0adb0fa522ae488c9b98cd72d29a3dab) Importer(2089858483,b0f066a214c2f5e87bad3c948f4d605d) (ScriptedImporter) -> (artifact id: '7212346288113d1153bbff6101ccf3d0') in 0.0113426 seconds
Number of updated asset objects reloaded before import = 0Number of asset objects unloaded after import = 0

========================================================================
Received Import Request.
  Time since last request: 0.000064 seconds.
  path: Packages/com.unity.purchasing/Plugins/UnityPurchasing/iOS/SK2/Responses/PurchaseProductResponse.swift
  artifactKey: Guid(6b49c11d2323d46b99b620ce49b23228) Importer(2089858483,b0f066a214c2f5e87bad3c948f4d605d)
Start importing Packages/com.unity.purchasing/Plugins/UnityPurchasing/iOS/SK2/Responses/PurchaseProductResponse.swift using Guid(6b49c11d2323d46b99b620ce49b23228) Importer(2089858483,b0f066a214c2f5e87bad3c948f4d605d) (ScriptedImporter) -> (artifact id: '611433713d30bbf2aaa4f76e4176233a') in 0.0163186 seconds
Number of updated asset objects reloaded before import = 0Number of asset objects unloaded after import = 0

========================================================================
Received Import Request.
  Time since last request: 0.000053 seconds.
  path: Packages/com.unity.purchasing/Editor/Authoring/PurchasingAdminApi/Client/Model/ProjectEntityNotFoundErrorResponse.cs
  artifactKey: Guid(c8ca2c9be46164a719debccb63fba167) Importer(2089858483,b0f066a214c2f5e87bad3c948f4d605d)
Start importing Packages/com.unity.purchasing/Editor/Authoring/PurchasingAdminApi/Client/Model/ProjectEntityNotFoundErrorResponse.cs using Guid(c8ca2c9be46164a719debccb63fba167) Importer(2089858483,b0f066a214c2f5e87bad3c948f4d605d) (ScriptedImporter) -> (artifact id: 'efdd9fc11bb35b2e30544044fbfbbeab') in 0.0135416 seconds
Number of updated asset objects reloaded before import = 0Number of asset objects unloaded after import = 0

========================================================================
Received Import Request.
  Time since last request: 0.000065 seconds.
  path: Packages/com.unity.purchasing/Runtime/Purchasing/Core/Purchasing/Models/SubscriptionInfo.cs
  artifactKey: Guid(6a90197062494c8e89b3c8e3e3a0272e) Importer(2089858483,b0f066a214c2f5e87bad3c948f4d605d)
Start importing Packages/com.unity.purchasing/Runtime/Purchasing/Core/Purchasing/Models/SubscriptionInfo.cs using Guid(6a90197062494c8e89b3c8e3e3a0272e) Importer(2089858483,b0f066a214c2f5e87bad3c948f4d605d) (ScriptedImporter) -> (artifact id: 'd2c5bb93a70f8b9b920d912172dd4f32') in 0.0135542 seconds
Number of updated asset objects reloaded before import = 0Number of asset objects unloaded after import = 0

========================================================================
Received Import Request.
  Time since last request: 0.000063 seconds.
  path: Packages/com.unity.purchasing/Editor/Authoring/PurchasingAdminApi/Client/Model/CopyConfigurationRequest.cs
  artifactKey: Guid(4774c948f63734dbf92f2f214bf14730) Importer(2089858483,b0f066a214c2f5e87bad3c948f4d605d)
Start importing Packages/com.unity.purchasing/Editor/Authoring/PurchasingAdminApi/Client/Model/CopyConfigurationRequest.cs using Guid(4774c948f63734dbf92f2f214bf14730) Importer(2089858483,b0f066a214c2f5e87bad3c948f4d605d) (ScriptedImporter) -> (artifact id: '7e79ef4a019483887d21440b1013e0df') in 0.0131716 seconds
Number of updated asset objects reloaded before import = 0Number of asset objects unloaded after import = 0

========================================================================
Received Import Request.
  Time since last request: 0.000063 seconds.
  path: Packages/com.unity.microsoft.gdk/Runtime/Interop/XBL/Privacy/XblPermissionCheckResult.cs
  artifactKey: Guid(ab28180c96a0470d88f86e72a54fe31a) Importer(2089858483,b0f066a214c2f5e87bad3c948f4d605d)
Start importing Packages/com.unity.microsoft.gdk/Runtime/Interop/XBL/Privacy/XblPermissionCheckResult.cs using Guid(ab28180c96a0470d88f86e72a54fe31a) Importer(2089858483,b0f066a214c2f5e87bad3c948f4d605d) (ScriptedImporter) -> (artifact id: '57691b5a5d6b0951e5308c2ce93b2116') in 0.0130835 seconds
Number of updated asset objects reloaded before import = 0Number of asset objects unloaded after import = 0

========================================================================
Received Import Request.
  Time since last request: 0.000051 seconds.
  path: Packages/com.unity.microsoft.gdk/Runtime/Interop/XBL/MultiplayerActivity/XblMultiplayerActivityInfo.cs
  artifactKey: Guid(aa59401405591ae459b0f620652819b7) Importer(2089858483,b0f066a214c2f5e87bad3c948f4d605d)
Start importing Packages/com.unity.microsoft.gdk/Runtime/Interop/XBL/MultiplayerActivity/XblMultiplayerActivityInfo.cs using Guid(aa59401405591ae459b0f620652819b7) Importer(2089858483,b0f066a214c2f5e87bad3c948f4d605d) (ScriptedImporter) -> (artifact id: '98a706740a7215429a61da2870c12821') in 0.0123733 seconds
Number of updated asset objects reloaded before import = 0Number of asset objects unloaded after import = 0

========================================================================
Received Import Request.
  Time since last request: 0.000089 seconds.
  path: Packages/com.unity.microsoft.gdk/Editor/Unity.Microsoft.GDK.Editor.asmdef
  artifactKey: Guid(78d52374eaa8d4446a9ba3004a7d9221) Importer(2089858483,b0f066a214c2f5e87bad3c948f4d605d)
Start importing Packages/com.unity.microsoft.gdk/Editor/Unity.Microsoft.GDK.Editor.asmdef using Guid(78d52374eaa8d4446a9ba3004a7d9221) Importer(2089858483,b0f066a214c2f5e87bad3c948f4d605d) (ScriptedImporter) -> (artifact id: '123e1168a90aae3f2a38acb37a4114dc') in 0.013755 seconds
Number of updated asset objects reloaded before import = 0Number of asset objects unloaded after import = 1

========================================================================
Received Import Request.
  Time since last request: 0.000046 seconds.
  path: Packages/com.unity.purchasing/Plugins/UnityPurchasing/iOS/SK2/Responses/PurchaseProductStatus.swift
  artifactKey: Guid(de4f7ba8fc9444740a0c61b1a7e301c7) Importer(2089858483,b0f066a214c2f5e87bad3c948f4d605d)
Start importing Packages/com.unity.purchasing/Plugins/UnityPurchasing/iOS/SK2/Responses/PurchaseProductStatus.swift using Guid(de4f7ba8fc9444740a0c61b1a7e301c7) Importer(2089858483,b0f066a214c2f5e87bad3c948f4d605d) (ScriptedImporter) -> (artifact id: '9daf9d051a4751899df408cda45504be') in 0.0138055 seconds
Number of updated asset objects reloaded before import = 0Number of asset objects unloaded after import = 0

========================================================================
Received Import Request.
  Time since last request: 0.000077 seconds.
  path: Packages/com.unity.services.core/Editor/Core/Environments/Analytics/EnvironmentChangedParameters.cs
  artifactKey: Guid(6748c66af9df6c549ad80053d28e2c86) Importer(2089858483,b0f066a214c2f5e87bad3c948f4d605d)
Start importing Packages/com.unity.services.core/Editor/Core/Environments/Analytics/EnvironmentChangedParameters.cs using Guid(6748c66af9df6c549ad80053d28e2c86) Importer(2089858483,b0f066a214c2f5e87bad3c948f4d605d) (ScriptedImporter) -> (artifact id: 'e66fec03b862f1d88bcc2cf61799f2b1') in 0.0132345 seconds
Number of updated asset objects reloaded before import = 0Number of asset objects unloaded after import = 0

========================================================================
Received Import Request.
  Time since last request: 0.000077 seconds.
  path: Packages/com.unity.services.core/Editor/Core/Environments/Analytics/EnvironmentAnalyticEvent.cs
  artifactKey: Guid(90f56b0e19234c3d83a22db15b02d883) Importer(2089858483,b0f066a214c2f5e87bad3c948f4d605d)
Start importing Packages/com.unity.services.core/Editor/Core/Environments/Analytics/EnvironmentAnalyticEvent.cs using Guid(90f56b0e19234c3d83a22db15b02d883) Importer(2089858483,b0f066a214c2f5e87bad3c948f4d605d) (ScriptedImporter) -> (artifact id: '65348c04e8a7f8f45171774474257069') in 0.013674 seconds
Number of updated asset objects reloaded before import = 0Number of asset objects unloaded after import = 0

========================================================================
Received Import Request.
  Time since last request: 0.000050 seconds.
  path: Packages/com.unity.microsoft.gdk/Runtime/XBL/Multiplayer/XblMultiplayerInviteHandle.cs
  artifactKey: Guid(ad51e0ce58a624d498141f08712973b0) Importer(2089858483,b0f066a214c2f5e87bad3c948f4d605d)
Start importing Packages/com.unity.microsoft.gdk/Runtime/XBL/Multiplayer/XblMultiplayerInviteHandle.cs using Guid(ad51e0ce58a624d498141f08712973b0) Importer(2089858483,b0f066a214c2f5e87bad3c948f4d605d) (ScriptedImporter) -> (artifact id: '7edb5bdac957e267f74897ff79f6fcdf') in 0.0117783 seconds
Number of updated asset objects reloaded before import = 0Number of asset objects unloaded after import = 0

========================================================================
Received Import Request.
  Time since last request: 0.000067 seconds.
  path: Packages/com.unity.purchasing/Plugins/UnityPurchasing/iOS/SK2/DependencyInjector.swift
  artifactKey: Guid(ccbcf24ba5b6045d78ab62784b34872c) Importer(2089858483,b0f066a214c2f5e87bad3c948f4d605d)
Start importing Packages/com.unity.purchasing/Plugins/UnityPurchasing/iOS/SK2/DependencyInjector.swift using Guid(ccbcf24ba5b6045d78ab62784b34872c) Importer(2089858483,b0f066a214c2f5e87bad3c948f4d605d) (ScriptedImporter) -> (artifact id: '7bab4bfd0bd6ebf2adcee7422040d51c') in 0.0151584 seconds
Number of updated asset objects reloaded before import = 0Number of asset objects unloaded after import = 0

========================================================================
Received Import Request.
  Time since last request: 0.000047 seconds.
  path: Packages/com.unity.purchasing/Runtime/Codeless/CodelessIAPButton.cs
  artifactKey: Guid(7b79b5624d944058bd39aad2b90fb275) Importer(2089858483,b0f066a214c2f5e87bad3c948f4d605d)
Start importing Packages/com.unity.purchasing/Runtime/Codeless/CodelessIAPButton.cs using Guid(7b79b5624d944058bd39aad2b90fb275) Importer(2089858483,b0f066a214c2f5e87bad3c948f4d605d) (ScriptedImporter) -> (artifact id: 'd160516391e83c9a295b5449cfcd83c5') in 0.0148071 seconds
Number of updated asset objects reloaded before import = 0Number of asset objects unloaded after import = 0

========================================================================
Received Import Request.
  Time since last request: 0.000052 seconds.
  path: Packages/com.unity.services.core/Editor/Core/Networking
  artifactKey: Guid(61d38ecfef754e543bfc1d8db27e0e3d) Importer(2089858483,b0f066a214c2f5e87bad3c948f4d605d)
Start importing Packages/com.unity.services.core/Editor/Core/Networking using Guid(61d38ecfef754e543bfc1d8db27e0e3d) Importer(2089858483,b0f066a214c2f5e87bad3c948f4d605d) (ScriptedImporter) -> (artifact id: '1ca0e28b7ba777d6556fa99044a1273e') in 0.0149916 seconds
Number of updated asset objects reloaded before import = 0Number of asset objects unloaded after import = 1

========================================================================
Received Import Request.
  Time since last request: 0.000047 seconds.
  path: Packages/com.unity.services.core/Editor/Core/Environments/Client/Models/UnityEnvironmentV1.cs
  artifactKey: Guid(c80d0a42d5f7a42c1827c363108fade9) Importer(2089858483,b0f066a214c2f5e87bad3c948f4d605d)
Start importing Packages/com.unity.services.core/Editor/Core/Environments/Client/Models/UnityEnvironmentV1.cs using Guid(c80d0a42d5f7a42c1827c363108fade9) Importer(2089858483,b0f066a214c2f5e87bad3c948f4d605d) (ScriptedImporter) -> (artifact id: '49f71c8ef5324560a26e1c4b3e0e3a6d') in 0.0147619 seconds
Number of updated asset objects reloaded before import = 0Number of asset objects unloaded after import = 0

========================================================================
Received Import Request.
  Time since last request: 0.000046 seconds.
  path: Packages/com.unity.purchasing/Editor/Authoring/Import/UI/IConfigDrawer.cs
  artifactKey: Guid(d820361795f848d295ef0420b1ad411a) Importer(2089858483,b0f066a214c2f5e87bad3c948f4d605d)
Start importing Packages/com.unity.purchasing/Editor/Authoring/Import/UI/IConfigDrawer.cs using Guid(d820361795f848d295ef0420b1ad411a) Importer(2089858483,b0f066a214c2f5e87bad3c948f4d605d) (ScriptedImporter) -> (artifact id: '12a57e20f45a9011ff0aacb9c2fa0d79') in 0.016119 seconds
Number of updated asset objects reloaded before import = 0Number of asset objects unloaded after import = 0

========================================================================
Received Import Request.
  Time since last request: 0.000059 seconds.
  path: Packages/com.unity.purchasing/Runtime/Purchasing/Core/Product/UseCases
  artifactKey: Guid(405950658167055488ca075d5e0eb1e2) Importer(2089858483,b0f066a214c2f5e87bad3c948f4d605d)
Start importing Packages/com.unity.purchasing/Runtime/Purchasing/Core/Product/UseCases using Guid(405950658167055488ca075d5e0eb1e2) Importer(2089858483,b0f066a214c2f5e87bad3c948f4d605d) (ScriptedImporter) -> (artifact id: 'd30e17448d6da2462429252dfaeb7a0f') in 0.011842 seconds
Number of updated asset objects reloaded before import = 0Number of asset objects unloaded after import = 1

========================================================================
Received Import Request.
  Time since last request: 0.000039 seconds.
  path: Packages/com.unity.services.core/Runtime/Core.Internal/Components/Networking
  artifactKey: Guid(2cbeea08e009b4f1d8f8b2786d63ca25) Importer(2089858483,b0f066a214c2f5e87bad3c948f4d605d)
Start importing Packages/com.unity.services.core/Runtime/Core.Internal/Components/Networking using Guid(2cbeea08e009b4f1d8f8b2786d63ca25) Importer(2089858483,b0f066a214c2f5e87bad3c948f4d605d) (ScriptedImporter) -> (artifact id: 'f757cf6dcf92af097b7d41da85681972') in 0.0132611 seconds
Number of updated asset objects reloaded before import = 0Number of asset objects unloaded after import = 1

========================================================================
Received Import Request.
  Time since last request: 0.000038 seconds.
  path: Packages/com.unity.services.deployment/Editor/DeploymentDefinitions/UI/Assets/DeploymentDefinitionEditorUi.uss
  artifactKey: Guid(03db4b03402304daa81cdc94e91ed4d9) Importer(2089858483,b0f066a214c2f5e87bad3c948f4d605d)
Start importing Packages/com.unity.services.deployment/Editor/DeploymentDefinitions/UI/Assets/DeploymentDefinitionEditorUi.uss using Guid(03db4b03402304daa81cdc94e91ed4d9) Importer(2089858483,b0f066a214c2f5e87bad3c948f4d605d) (ScriptedImporter) -> (artifact id: 'b2e3fc31f88a6600c653c7791b384d46') in 0.0149702 seconds
Number of updated asset objects reloaded before import = 0Number of asset objects unloaded after import = 1

========================================================================
Received Import Request.
  Time since last request: 0.000052 seconds.
  path: Packages/com.unity.purchasing/Editor/Shared/DependencyInversion/IServiceFactory.Gen.cs
  artifactKey: Guid(296e2098d274491a9afebeaad11fd568) Importer(2089858483,b0f066a214c2f5e87bad3c948f4d605d)
Start importing Packages/com.unity.purchasing/Editor/Shared/DependencyInversion/IServiceFactory.Gen.cs using Guid(296e2098d274491a9afebeaad11fd568) Importer(2089858483,b0f066a214c2f5e87bad3c948f4d605d) (ScriptedImporter) -> (artifact id: '7d49a36546fca44b71051ff90ede315c') in 0.0137851 seconds
Number of updated asset objects reloaded before import = 0Number of asset objects unloaded after import = 0

========================================================================
Received Import Request.
  Time since last request: 0.000069 seconds.
  path: Packages/com.unity.purchasing/Editor/Shared/Analytics/ICommonAnalytics.Gen.cs
  artifactKey: Guid(88d0ef5132e74e63a65e83d5f39a10d7) Importer(2089858483,b0f066a214c2f5e87bad3c948f4d605d)
Start importing Packages/com.unity.purchasing/Editor/Shared/Analytics/ICommonAnalytics.Gen.cs using Guid(88d0ef5132e74e63a65e83d5f39a10d7) Importer(2089858483,b0f066a214c2f5e87bad3c948f4d605d) (ScriptedImporter) -> (artifact id: '3a0be23b37e6bc3bd98b39cc4c273567') in 0.0134345 seconds
Number of updated asset objects reloaded before import = 0Number of asset objects unloaded after import = 0

========================================================================
Received Import Request.
  Time since last request: 0.000072 seconds.
  path: Packages/com.unity.services.deployment/Editor/Interface/UI/Assets/DeploymentWindowStateTemplates/DeploymentWindow_NoPackagesInstalled.uxml
  artifactKey: Guid(1e7f35b3df57b4242975075ca2f3b1bb) Importer(2089858483,b0f066a214c2f5e87bad3c948f4d605d)
Start importing Packages/com.unity.services.deployment/Editor/Interface/UI/Assets/DeploymentWindowStateTemplates/DeploymentWindow_NoPackagesInstalled.uxml using Guid(1e7f35b3df57b4242975075ca2f3b1bb) Importer(2089858483,b0f066a214c2f5e87bad3c948f4d605d) (ScriptedImporter) -> (artifact id: '7530389848d2f384b497dbcae3fa3971') in 0.0168028 seconds
Number of updated asset objects reloaded before import = 0Number of asset objects unloaded after import = 3

========================================================================
Received Import Request.
  Time since last request: 0.000020 seconds.
  path: Packages/com.unity.purchasing/Runtime/UnityWebshops/README.md
  artifactKey: Guid(1f371287f7314602b4d24f61941c23a6) Importer(2089858483,b0f066a214c2f5e87bad3c948f4d605d)
Start importing Packages/com.unity.purchasing/Runtime/UnityWebshops/README.md using Guid(1f371287f7314602b4d24f61941c23a6) Importer(2089858483,b0f066a214c2f5e87bad3c948f4d605d) (ScriptedImporter) -> (artifact id: '2caeadaa360369466ab2dcbe45900bfa') in 0.0122178 seconds
Number of updated asset objects reloaded before import = 0Number of asset objects unloaded after import = 1

========================================================================
Received Import Request.
  Time since last request: 0.000053 seconds.
  path: Packages/com.unity.purchasing/Editor/Analytics/Events/GenericEditorGameServiceEvent.cs
  artifactKey: Guid(0c22f27117af5a34fbcf6f83a382cf23) Importer(2089858483,b0f066a214c2f5e87bad3c948f4d605d)
Start importing Packages/com.unity.purchasing/Editor/Analytics/Events/GenericEditorGameServiceEvent.cs using Guid(0c22f27117af5a34fbcf6f83a382cf23) Importer(2089858483,b0f066a214c2f5e87bad3c948f4d605d) (ScriptedImporter) -> (artifact id: '44440edf76f739159840d4f851578af4') in 0.0132416 seconds
Number of updated asset objects reloaded before import = 0Number of asset objects unloaded after import = 0

========================================================================
Received Import Request.
  Time since last request: 0.000041 seconds.
  path: Packages/com.unity.services.deployment/Editor/DeploymentDefinitions/IEditorDeploymentDefinitionService.cs
  artifactKey: Guid(78d142de2b8d4d25abdb4fedd172b725) Importer(2089858483,b0f066a214c2f5e87bad3c948f4d605d)
Start importing Packages/com.unity.services.deployment/Editor/DeploymentDefinitions/IEditorDeploymentDefinitionService.cs using Guid(78d142de2b8d4d25abdb4fedd172b725) Importer(2089858483,b0f066a214c2f5e87bad3c948f4d605d) (ScriptedImporter) -> (artifact id: '0978278c4476a293949938163747f66d') in 0.014852 seconds
Number of updated asset objects reloaded before import = 0Number of asset objects unloaded after import = 0

========================================================================
Received Import Request.
  Time since last request: 0.000063 seconds.
  path: Packages/com.unity.purchasing/Plugins/UnityPurchasing/Android
  artifactKey: Guid(ce48751bddc190e4a902e1e189249ec5) Importer(2089858483,b0f066a214c2f5e87bad3c948f4d605d)
Start importing Packages/com.unity.purchasing/Plugins/UnityPurchasing/Android using Guid(ce48751bddc190e4a902e1e189249ec5) Importer(2089858483,b0f066a214c2f5e87bad3c948f4d605d) (ScriptedImporter) -> (artifact id: '04efcb7fe64ceca784ba60efa9de01b3') in 0.0129134 seconds
Number of updated asset objects reloaded before import = 0Number of asset objects unloaded after import = 1

========================================================================
Received Import Request.
  Time since last request: 0.000040 seconds.
  path: Packages/com.unity.services.core/Runtime/Core/Initialization/ServicesCreationException.cs
  artifactKey: Guid(9358f5ecbf4c7c243b03db1b22f7c166) Importer(2089858483,b0f066a214c2f5e87bad3c948f4d605d)
Start importing Packages/com.unity.services.core/Runtime/Core/Initialization/ServicesCreationException.cs using Guid(9358f5ecbf4c7c243b03db1b22f7c166) Importer(2089858483,b0f066a214c2f5e87bad3c948f4d605d) (ScriptedImporter) -> (artifact id: 'aa742aead69091e435eea69609734ab5') in 0.0119664 seconds
Number of updated asset objects reloaded before import = 0Number of asset objects unloaded after import = 0

========================================================================
Received Import Request.
  Time since last request: 0.613840 seconds.
  path: Packages/com.unity.services.deployment/Editor/Shared/DependencyInversion/IServiceFactory.Gen.cs
  artifactKey: Guid(3d8d6a359e7d64ba4931da12da1ce7d7) Importer(2089858483,b0f066a214c2f5e87bad3c948f4d605d)
Start importing Packages/com.unity.services.deployment/Editor/Shared/DependencyInversion/IServiceFactory.Gen.cs using Guid(3d8d6a359e7d64ba4931da12da1ce7d7) Importer(2089858483,b0f066a214c2f5e87bad3c948f4d605d) (ScriptedImporter) -> (artifact id: 'aebfea408991260eb893bd3a7f6d6650') in 0.0164543 seconds
Number of updated asset objects reloaded before import = 0Number of asset objects unloaded after import = 0

========================================================================
Received Import Request.
  Time since last request: 0.000046 seconds.
  path: Packages/com.unity.services.analytics/Runtime/Runtime/AnalyticsContainer.cs
  artifactKey: Guid(1ef204e66468cc64eae43a16f3446994) Importer(2089858483,b0f066a214c2f5e87bad3c948f4d605d)
Start importing Packages/com.unity.services.analytics/Runtime/Runtime/AnalyticsContainer.cs using Guid(1ef204e66468cc64eae43a16f3446994) Importer(2089858483,b0f066a214c2f5e87bad3c948f4d605d) (ScriptedImporter) -> (artifact id: '24b6b73e20a7f559f6e4de0c40f3d424') in 0.0170684 seconds
Number of updated asset objects reloaded before import = 0Number of asset objects unloaded after import = 0

========================================================================
Received Import Request.
  Time since last request: 0.000074 seconds.
  path: Packages/com.unity.purchasing/Runtime/UnityWebshops/Client/Http/JsonObject.cs
  artifactKey: Guid(34cb7b1b167194173aa5bed53dc07dbc) Importer(2089858483,b0f066a214c2f5e87bad3c948f4d605d)
Start importing Packages/com.unity.purchasing/Runtime/UnityWebshops/Client/Http/JsonObject.cs using Guid(34cb7b1b167194173aa5bed53dc07dbc) Importer(2089858483,b0f066a214c2f5e87bad3c948f4d605d) (ScriptedImporter) -> (artifact id: '3a63ba91cea9448bc79c072711b1144f') in 0.01712 seconds
Number of updated asset objects reloaded before import = 0Number of asset objects unloaded after import = 0

========================================================================
Received Import Request.
  Time since last request: 0.000044 seconds.
  path: Packages/com.unity.microsoft.gdk/Runtime/XUserHandle.cs
  artifactKey: Guid(aa7d4eff154ba4a40aaad6f002c4373d) Importer(2089858483,b0f066a214c2f5e87bad3c948f4d605d)
Start importing Packages/com.unity.microsoft.gdk/Runtime/XUserHandle.cs using Guid(aa7d4eff154ba4a40aaad6f002c4373d) Importer(2089858483,b0f066a214c2f5e87bad3c948f4d605d) (ScriptedImporter) -> (artifact id: '215736f0de2d52029c7362d15fa09a6d') in 0.0170695 seconds
Number of updated asset objects reloaded before import = 0Number of asset objects unloaded after import = 0

========================================================================
Received Import Request.
  Time since last request: 0.000095 seconds.
  path: Packages/com.unity.microsoft.gdk/Runtime/XBL/TitleStorage
  artifactKey: Guid(dcdf02f344dd45749f01d6fde211a559) Importer(2089858483,b0f066a214c2f5e87bad3c948f4d605d)
Start importing Packages/com.unity.microsoft.gdk/Runtime/XBL/TitleStorage using Guid(dcdf02f344dd45749f01d6fde211a559) Importer(2089858483,b0f066a214c2f5e87bad3c948f4d605d) (ScriptedImporter) -> (artifact id: 'da4198965f196e498d453378443aebab') in 0.0158498 seconds
Number of updated asset objects reloaded before import = 0Number of asset objects unloaded after import = 1

========================================================================
Received Import Request.
  Time since last request: 0.000035 seconds.
  path: Packages/com.unity.purchasing/Runtime/Purchasing/Core/Purchasing/Models/OfferPaymentMode.cs
  artifactKey: Guid(063192fc1af84155ab5605f84e911944) Importer(2089858483,b0f066a214c2f5e87bad3c948f4d605d)
Start importing Packages/com.unity.purchasing/Runtime/Purchasing/Core/Purchasing/Models/OfferPaymentMode.cs using Guid(063192fc1af84155ab5605f84e911944) Importer(2089858483,b0f066a214c2f5e87bad3c948f4d605d) (ScriptedImporter) -> (artifact id: '97c684ebf9c5a9882eef81a544174207') in 0.0244047 seconds
Number of updated asset objects reloaded before import = 0Number of asset objects unloaded after import = 0

========================================================================
Received Import Request.
  Time since last request: 0.000029 seconds.
  path: Packages/com.unity.microsoft.gdk/Runtime/XBL/StringVerify
  artifactKey: Guid(b58e1fff2a654332b296a9accc3739a9) Importer(2089858483,b0f066a214c2f5e87bad3c948f4d605d)
Start importing Packages/com.unity.microsoft.gdk/Runtime/XBL/StringVerify using Guid(b58e1fff2a654332b296a9accc3739a9) Importer(2089858483,b0f066a214c2f5e87bad3c948f4d605d) (ScriptedImporter) -> (artifact id: '8a17cd24c5c62804c70fcabce55a6745') in 0.0245926 seconds
Number of updated asset objects reloaded before import = 0Number of asset objects unloaded after import = 1

========================================================================
Received Import Request.
  Time since last request: 0.000036 seconds.
  path: Packages/com.unity.purchasing/Runtime/Purchasing/Core/Store/AppleAppStore/Extensions/UseCases/SetAppAccountTokenUseCase.cs
  artifactKey: Guid(17c0b09b463e4662965001d03ae9a4da) Importer(2089858483,b0f066a214c2f5e87bad3c948f4d605d)
Start importing Packages/com.unity.purchasing/Runtime/Purchasing/Core/Store/AppleAppStore/Extensions/UseCases/SetAppAccountTokenUseCase.cs using Guid(17c0b09b463e4662965001d03ae9a4da) Importer(2089858483,b0f066a214c2f5e87bad3c948f4d605d) (ScriptedImporter) -> (artifact id: 'd29ac611ca84019a10534c0f7b4bebfd') in 0.0148251 seconds
Number of updated asset objects reloaded before import = 0Number of asset objects unloaded after import = 0

========================================================================
Received Import Request.
  Time since last request: 0.000025 seconds.
  path: Packages/com.unity.ai.navigation/EditorResources/Overlay/d_NavigationOverlay On.png
  artifactKey: Guid(5c5ac68c1bc4e104f9e987b9d1da4556) Importer(2089858483,b0f066a214c2f5e87bad3c948f4d605d)
Start importing Packages/com.unity.ai.navigation/EditorResources/Overlay/d_NavigationOverlay On.png using Guid(5c5ac68c1bc4e104f9e987b9d1da4556) Importer(2089858483,b0f066a214c2f5e87bad3c948f4d605d) (ScriptedImporter) -> (artifact id: 'dcf9bc879e0a7a1d529bed9b281eb96e') in 0.0279821 seconds
Number of updated asset objects reloaded before import = 0Number of asset objects unloaded after import = 1

========================================================================
Received Import Request.
  Time since last request: 0.000025 seconds.
  path: Packages/com.unity.microsoft.gdk/Editor/GdkApiPlaymodeStateListener.cs
  artifactKey: Guid(ae9d6b8aa2354c2a828cdee299fd7c96) Importer(2089858483,b0f066a214c2f5e87bad3c948f4d605d)
Start importing Packages/com.unity.microsoft.gdk/Editor/GdkApiPlaymodeStateListener.cs using Guid(ae9d6b8aa2354c2a828cdee299fd7c96) Importer(2089858483,b0f066a214c2f5e87bad3c948f4d605d) (ScriptedImporter) -> (artifact id: 'e1850398bee2eff1637ddcbde48109ef') in 0.0194255 seconds
Number of updated asset objects reloaded before import = 0Number of asset objects unloaded after import = 0

========================================================================
Received Import Request.
  Time since last request: 0.000023 seconds.
  path: Packages/com.unity.services.core/Editor/Core/Configuration/ProjectConfigurationBuilder.cs
  artifactKey: Guid(5db156bbd7dad0544bcc03b72725bedb) Importer(2089858483,b0f066a214c2f5e87bad3c948f4d605d)
Start importing Packages/com.unity.services.core/Editor/Core/Configuration/ProjectConfigurationBuilder.cs using Guid(5db156bbd7dad0544bcc03b72725bedb) Importer(2089858483,b0f066a214c2f5e87bad3c948f4d605d) (ScriptedImporter) -> (artifact id: 'c231990be7affd613f3769715b0dca99') in 0.0151541 seconds
Number of updated asset objects reloaded before import = 0Number of asset objects unloaded after import = 0

========================================================================
Received Import Request.
  Time since last request: 0.000056 seconds.
  path: Packages/com.unity.services.core/Editor/Core/Environments/EnvironmentNotFoundException.cs
  artifactKey: Guid(3524a8a1f3474e55b6fb404bb619253d) Importer(2089858483,b0f066a214c2f5e87bad3c948f4d605d)
Start importing Packages/com.unity.services.core/Editor/Core/Environments/EnvironmentNotFoundException.cs using Guid(3524a8a1f3474e55b6fb404bb619253d) Importer(2089858483,b0f066a214c2f5e87bad3c948f4d605d) (ScriptedImporter) -> (artifact id: 'd865148cd63564fe8de070e45283699b') in 0.0164432 seconds
Number of updated asset objects reloaded before import = 0Number of asset objects unloaded after import = 0

========================================================================
Received Import Request.
  Time since last request: 0.000020 seconds.
  path: Packages/com.unity.purchasing/Editor/Authoring/LiveContentAdminApi/Client/Model/FileWithStatePreviousFile.cs
  artifactKey: Guid(09d8b7b16ba045b791e4ff9e8d56db8e) Importer(2089858483,b0f066a214c2f5e87bad3c948f4d605d)
Start importing Packages/com.unity.purchasing/Editor/Authoring/LiveContentAdminApi/Client/Model/FileWithStatePreviousFile.cs using Guid(09d8b7b16ba045b791e4ff9e8d56db8e) Importer(2089858483,b0f066a214c2f5e87bad3c948f4d605d) (ScriptedImporter) -> (artifact id: 'd22c1ece1e3be13bf3c8c4962807e49b') in 0.0156312 seconds
Number of updated asset objects reloaded before import = 0Number of asset objects unloaded after import = 0

========================================================================
Received Import Request.
  Time since last request: 0.000049 seconds.
  path: Packages/com.unity.purchasing/Runtime/Purchasing/Utilities/DeepLinkService.cs
  artifactKey: Guid(f96071fa84366c843964095cecbc8771) Importer(2089858483,b0f066a214c2f5e87bad3c948f4d605d)
Start importing Packages/com.unity.purchasing/Runtime/Purchasing/Utilities/DeepLinkService.cs using Guid(f96071fa84366c843964095cecbc8771) Importer(2089858483,b0f066a214c2f5e87bad3c948f4d605d) (ScriptedImporter) -> (artifact id: '0cca0180d2ca4e0e3a39c8d04ab3f45f') in 0.0159259 seconds
Number of updated asset objects reloaded before import = 0Number of asset objects unloaded after import = 0

========================================================================
Received Import Request.
  Time since last request: 0.000099 seconds.
  path: Packages/com.unity.analytics/Tests/Editor/TutorialCompleteTests.cs
  artifactKey: Guid(b025f6f8a47be46418bcb0ed1050cfb4) Importer(2089858483,b0f066a214c2f5e87bad3c948f4d605d)
Start importing Packages/com.unity.analytics/Tests/Editor/TutorialCompleteTests.cs using Guid(b025f6f8a47be46418bcb0ed1050cfb4) Importer(2089858483,b0f066a214c2f5e87bad3c948f4d605d) (ScriptedImporter) -> (artifact id: '7e497bfbc30d09382a30122a7b131fbe') in 0.0154519 seconds
Number of updated asset objects reloaded before import = 0Number of asset objects unloaded after import = 0

========================================================================
Received Import Request.
  Time since last request: 0.000053 seconds.
  path: Packages/com.unity.services.core/Editor/Core/Linker/Models/XmlLinkedEvent.cs
  artifactKey: Guid(26f7b42820554484877d9119515d37e5) Importer(2089858483,b0f066a214c2f5e87bad3c948f4d605d)
Start importing Packages/com.unity.services.core/Editor/Core/Linker/Models/XmlLinkedEvent.cs using Guid(26f7b42820554484877d9119515d37e5) Importer(2089858483,b0f066a214c2f5e87bad3c948f4d605d) (ScriptedImporter) -> (artifact id: '7ecefdaf3345999af275022e1facd9ba') in 0.0197944 seconds
Number of updated asset objects reloaded before import = 0Number of asset objects unloaded after import = 0

========================================================================
Received Import Request.
  Time since last request: 0.000051 seconds.
  path: Packages/com.unity.services.deployment/Editor/Logging/Logger.cs
  artifactKey: Guid(dc608e1c734c497fab890839c97341c7) Importer(2089858483,b0f066a214c2f5e87bad3c948f4d605d)
Start importing Packages/com.unity.services.deployment/Editor/Logging/Logger.cs using Guid(dc608e1c734c497fab890839c97341c7) Importer(2089858483,b0f066a214c2f5e87bad3c948f4d605d) (ScriptedImporter) -> (artifact id: '48bd9742bcb1834f47f2818e36ef4b96') in 0.0149472 seconds
Number of updated asset objects reloaded before import = 0Number of asset objects unloaded after import = 0

========================================================================
Received Import Request.
  Time since last request: 0.000078 seconds.
  path: Packages/com.unity.purchasing/Runtime/Security/AssemblyInfo.cs
  artifactKey: Guid(6e9bc469440084509aad36c08f60fc79) Importer(2089858483,b0f066a214c2f5e87bad3c948f4d605d)
Start importing Packages/com.unity.purchasing/Runtime/Security/AssemblyInfo.cs using Guid(6e9bc469440084509aad36c08f60fc79) Importer(2089858483,b0f066a214c2f5e87bad3c948f4d605d) (ScriptedImporter) -> (artifact id: '898df8019bdc297dfc5bf97385862c37') in 0.0157312 seconds
Number of updated asset objects reloaded before import = 0Number of asset objects unloaded after import = 0

========================================================================
Received Import Request.
  Time since last request: 0.000090 seconds.
  path: Packages/com.unity.microsoft.gdk/Runtime/Interop/XLaunchInterop.cs
  artifactKey: Guid(8a62cef5142750b42ae167f0738bdbed) Importer(2089858483,b0f066a214c2f5e87bad3c948f4d605d)
Start importing Packages/com.unity.microsoft.gdk/Runtime/Interop/XLaunchInterop.cs using Guid(8a62cef5142750b42ae167f0738bdbed) Importer(2089858483,b0f066a214c2f5e87bad3c948f4d605d) (ScriptedImporter) -> (artifact id: '21218955048f2cd07a9fb9555d58e974') in 0.0161239 seconds
Number of updated asset objects reloaded before import = 0Number of asset objects unloaded after import = 0

========================================================================
Received Import Request.
  Time since last request: 0.000070 seconds.
  path: Packages/com.unity.purchasing/Runtime/Purchasing/Stores/AppleAppStore/AppleFetchProductsService.cs
  artifactKey: Guid(15894c8c211942a8b8a83263bed39101) Importer(2089858483,b0f066a214c2f5e87bad3c948f4d605d)
Start importing Packages/com.unity.purchasing/Runtime/Purchasing/Stores/AppleAppStore/AppleFetchProductsService.cs using Guid(15894c8c211942a8b8a83263bed39101) Importer(2089858483,b0f066a214c2f5e87bad3c948f4d605d) (ScriptedImporter) -> (artifact id: 'f64edb1dee35caa6e15bf64084b91eda') in 0.0169932 seconds
Number of updated asset objects reloaded before import = 0Number of asset objects unloaded after import = 0

========================================================================
Received Import Request.
  Time since last request: 0.000080 seconds.
  path: Packages/com.unity.microsoft.gdk/Runtime/XBL/MultiplayerManager/XblMultiplayerEventArgsHandle.cs
  artifactKey: Guid(d3b742e159b66024c8f5db6607192e21) Importer(2089858483,b0f066a214c2f5e87bad3c948f4d605d)
Start importing Packages/com.unity.microsoft.gdk/Runtime/XBL/MultiplayerManager/XblMultiplayerEventArgsHandle.cs using Guid(d3b742e159b66024c8f5db6607192e21) Importer(2089858483,b0f066a214c2f5e87bad3c948f4d605d) (ScriptedImporter) -> (artifact id: '752fd61be55fd836a6da7884cab941f9') in 0.0206414 seconds
Number of updated asset objects reloaded before import = 0Number of asset objects unloaded after import = 0

========================================================================
Received Import Request.
  Time since last request: 0.000042 seconds.
  path: Packages/com.unity.purchasing/Runtime/Purchasing/Legacy/Extensions/ExtensionProvider.cs
  artifactKey: Guid(1ce061d17abf4eb0ae1ee66611d0d0ba) Importer(2089858483,b0f066a214c2f5e87bad3c948f4d605d)
Start importing Packages/com.unity.purchasing/Runtime/Purchasing/Legacy/Extensions/ExtensionProvider.cs using Guid(1ce061d17abf4eb0ae1ee66611d0d0ba) Importer(2089858483,b0f066a214c2f5e87bad3c948f4d605d) (ScriptedImporter) -> (artifact id: '8815401746af7ac28fc5167967b5e4ea') in 0.0170355 seconds
Number of updated asset objects reloaded before import = 0Number of asset objects unloaded after import = 0

========================================================================
Received Import Request.
  Time since last request: 0.000037 seconds.
  path: Packages/com.unity.services.core/Editor/Core/Environments/EnvironmentsClientFactory.cs
  artifactKey: Guid(49dd7f58c2a2d454b8ce67251befef56) Importer(2089858483,b0f066a214c2f5e87bad3c948f4d605d)
Start importing Packages/com.unity.services.core/Editor/Core/Environments/EnvironmentsClientFactory.cs using Guid(49dd7f58c2a2d454b8ce67251befef56) Importer(2089858483,b0f066a214c2f5e87bad3c948f4d605d) (ScriptedImporter) -> (artifact id: 'b6791f01292fb1a4dd479ba3b29539f1') in 0.0128454 seconds
Number of updated asset objects reloaded before import = 0Number of asset objects unloaded after import = 0

========================================================================
Received Import Request.
  Time since last request: 0.000023 seconds.
  path: Packages/com.unity.microsoft.gdk/Runtime/Interop/XGameRuntimeFeatureInterop.cs
  artifactKey: Guid(60eae265d9aff304f8da48b049de431e) Importer(2089858483,b0f066a214c2f5e87bad3c948f4d605d)
Start importing Packages/com.unity.microsoft.gdk/Runtime/Interop/XGameRuntimeFeatureInterop.cs using Guid(60eae265d9aff304f8da48b049de431e) Importer(2089858483,b0f066a214c2f5e87bad3c948f4d605d) (ScriptedImporter) -> (artifact id: 'f2ee4255a18e9a8679025b2e975641f4') in 0.0165275 seconds
Number of updated asset objects reloaded before import = 0Number of asset objects unloaded after import = 0

========================================================================
Received Import Request.
  Time since last request: 0.000112 seconds.
  path: Packages/com.unity.purchasing/Runtime/Purchasing/Extension/ResolvedUSku.cs
  artifactKey: Guid(469a97227cf5d43818b9606fff219ece) Importer(2089858483,b0f066a214c2f5e87bad3c948f4d605d)
Start importing Packages/com.unity.purchasing/Runtime/Purchasing/Extension/ResolvedUSku.cs using Guid(469a97227cf5d43818b9606fff219ece) Importer(2089858483,b0f066a214c2f5e87bad3c948f4d605d) (ScriptedImporter) -> (artifact id: 'f0950b49ca3f92ca4aec0f66a90b9813') in 0.0153365 seconds
Number of updated asset objects reloaded before import = 0Number of asset objects unloaded after import = 0

========================================================================
Received Import Request.
  Time since last request: 0.000043 seconds.
  path: Packages/com.unity.microsoft.gdk/Runtime/Interop/XBL/MultiplayerActivity
  artifactKey: Guid(f607ea0dce1e48498470499badbebaa6) Importer(2089858483,b0f066a214c2f5e87bad3c948f4d605d)
Start importing Packages/com.unity.microsoft.gdk/Runtime/Interop/XBL/MultiplayerActivity using Guid(f607ea0dce1e48498470499badbebaa6) Importer(2089858483,b0f066a214c2f5e87bad3c948f4d605d) (ScriptedImporter) -> (artifact id: '71147890f0ae19d67e03044f5cce1a19') in 0.0137338 seconds
Number of updated asset objects reloaded before import = 0Number of asset objects unloaded after import = 1

========================================================================
Received Import Request.
  Time since last request: 0.000546 seconds.
  path: Packages/com.unity.purchasing/Runtime/UnityPaymentProviders/Client/Models/OrderRequestRedirectUrls.cs
  artifactKey: Guid(baddd49cd4d464d70a62ffbf05b311b4) Importer(2089858483,b0f066a214c2f5e87bad3c948f4d605d)
Start importing Packages/com.unity.purchasing/Runtime/UnityPaymentProviders/Client/Models/OrderRequestRedirectUrls.cs using Guid(baddd49cd4d464d70a62ffbf05b311b4) Importer(2089858483,b0f066a214c2f5e87bad3c948f4d605d) (ScriptedImporter) -> (artifact id: '306d13a2981bf7504f695918a0c2fd15') in 0.0150913 seconds
Number of updated asset objects reloaded before import = 0Number of asset objects unloaded after import = 0

========================================================================
Received Import Request.
  Time since last request: 0.000048 seconds.
  path: Packages/com.unity.microsoft.gdk/Runtime/XBL/MultiplayerManager/XblMultiplayerSessionReference.cs
  artifactKey: Guid(9b6ea10b943dd5a41a726d03d17124ed) Importer(2089858483,b0f066a214c2f5e87bad3c948f4d605d)
Start importing Packages/com.unity.microsoft.gdk/Runtime/XBL/MultiplayerManager/XblMultiplayerSessionReference.cs using Guid(9b6ea10b943dd5a41a726d03d17124ed) Importer(2089858483,b0f066a214c2f5e87bad3c948f4d605d) (ScriptedImporter) -> (artifact id: 'f176c226bebb7e41b73de7b51a2a09c2') in 0.0134808 seconds
Number of updated asset objects reloaded before import = 0Number of asset objects unloaded after import = 0

========================================================================
Received Import Request.
  Time since last request: 0.000067 seconds.
  path: Packages/com.unity.services.core/Editor/Core/UiHelpers
  artifactKey: Guid(751662d6c01144819a1d17e1333bb5a4) Importer(2089858483,b0f066a214c2f5e87bad3c948f4d605d)
Start importing Packages/com.unity.services.core/Editor/Core/UiHelpers using Guid(751662d6c01144819a1d17e1333bb5a4) Importer(2089858483,b0f066a214c2f5e87bad3c948f4d605d) (ScriptedImporter) -> (artifact id: '7009dd1b9cc3c9ae626247230bab598b') in 0.0150099 seconds
Number of updated asset objects reloaded before import = 0Number of asset objects unloaded after import = 1

========================================================================
Received Import Request.
  Time since last request: 0.000022 seconds.
  path: Packages/com.unity.microsoft.gdk/Runtime/Interop/XThreadInterop.cs
  artifactKey: Guid(f4a8c3d98886f144a8259db1f2fe1c49) Importer(2089858483,b0f066a214c2f5e87bad3c948f4d605d)
Start importing Packages/com.unity.microsoft.gdk/Runtime/Interop/XThreadInterop.cs using Guid(f4a8c3d98886f144a8259db1f2fe1c49) Importer(2089858483,b0f066a214c2f5e87bad3c948f4d605d) (ScriptedImporter) -> (artifact id: '905c6f64ab922839788cc5a81d0c038c') in 0.012911 seconds
Number of updated asset objects reloaded before import = 0Number of asset objects unloaded after import = 0

========================================================================
Received Import Request.
  Time since last request: 0.000076 seconds.
  path: Packages/com.unity.purchasing/Runtime/UnityLiveContentAdapter/Client/Scheduler/ThreadHelper.cs
  artifactKey: Guid(2dddc5f8337e647ee96b6faeff5d4119) Importer(2089858483,b0f066a214c2f5e87bad3c948f4d605d)
Start importing Packages/com.unity.purchasing/Runtime/UnityLiveContentAdapter/Client/Scheduler/ThreadHelper.cs using Guid(2dddc5f8337e647ee96b6faeff5d4119) Importer(2089858483,b0f066a214c2f5e87bad3c948f4d605d) (ScriptedImporter) -> (artifact id: 'ae46cb127e595ebb045ec1df3ca1ce47') in 0.0195674 seconds
Number of updated asset objects reloaded before import = 0Number of asset objects unloaded after import = 0

========================================================================
Received Import Request.
  Time since last request: 0.000028 seconds.
  path: Packages/com.unity.purchasing/Editor/Analytics/Helpers/GenericEditorButtonClickEventSenderHelpers.cs
  artifactKey: Guid(ce70fc6b35fcc4146aa97de3cb867b90) Importer(2089858483,b0f066a214c2f5e87bad3c948f4d605d)
Start importing Packages/com.unity.purchasing/Editor/Analytics/Helpers/GenericEditorButtonClickEventSenderHelpers.cs using Guid(ce70fc6b35fcc4146aa97de3cb867b90) Importer(2089858483,b0f066a214c2f5e87bad3c948f4d605d) (ScriptedImporter) -> (artifact id: '96140bc29f096882c184d0f67ba8f999') in 0.0222169 seconds
Number of updated asset objects reloaded before import = 0Number of asset objects unloaded after import = 0

========================================================================
Received Import Request.
  Time since last request: 0.000040 seconds.
  path: Packages/com.unity.analytics/Tests/Editor/PushNotificationEnableTests.cs
  artifactKey: Guid(a10564aae782c458cbf1de024f4870f7) Importer(2089858483,b0f066a214c2f5e87bad3c948f4d605d)
Start importing Packages/com.unity.analytics/Tests/Editor/PushNotificationEnableTests.cs using Guid(a10564aae782c458cbf1de024f4870f7) Importer(2089858483,b0f066a214c2f5e87bad3c948f4d605d) (ScriptedImporter) -> (artifact id: 'ba8768f30f37d3671964fedde12fc3f7') in 0.0189907 seconds
Number of updated asset objects reloaded before import = 0Number of asset objects unloaded after import = 0

========================================================================
Received Import Request.
  Time since last request: 0.000025 seconds.
  path: Packages/com.unity.purchasing/Runtime/UnityWebshops/Client/Http/IDeserializable.cs
  artifactKey: Guid(2433878de7cf54d7f828a819588b9c38) Importer(2089858483,b0f066a214c2f5e87bad3c948f4d605d)
Start importing Packages/com.unity.purchasing/Runtime/UnityWebshops/Client/Http/IDeserializable.cs using Guid(2433878de7cf54d7f828a819588b9c38) Importer(2089858483,b0f066a214c2f5e87bad3c948f4d605d) (ScriptedImporter) -> (artifact id: '0a0b77fdae3389b606c41c37cdd70dfc') in 0.0148756 seconds
Number of updated asset objects reloaded before import = 0Number of asset objects unloaded after import = 0

========================================================================
Received Import Request.
  Time since last request: 0.000043 seconds.
  path: Packages/com.unity.purchasing/Runtime/Purchasing/Core/Purchasing/AppleAppStore/Extensions/UseCases
  artifactKey: Guid(8d6a6de3bd855fe4fa285daeb8919bd0) Importer(2089858483,b0f066a214c2f5e87bad3c948f4d605d)
Start importing Packages/com.unity.purchasing/Runtime/Purchasing/Core/Purchasing/AppleAppStore/Extensions/UseCases using Guid(8d6a6de3bd855fe4fa285daeb8919bd0) Importer(2089858483,b0f066a214c2f5e87bad3c948f4d605d) (ScriptedImporter) -> (artifact id: 'fb62609406986137d8c403487e8ae090') in 0.0170959 seconds
Number of updated asset objects reloaded before import = 0Number of asset objects unloaded after import = 1

========================================================================
Received Import Request.
  Time since last request: 0.000193 seconds.
  path: Packages/com.unity.purchasing/Runtime/Purchasing/Utilities/Interfaces/ICurrencyFormatter.cs
  artifactKey: Guid(3ff954e63871845148b17cc99ee725a4) Importer(2089858483,b0f066a214c2f5e87bad3c948f4d605d)
Start importing Packages/com.unity.purchasing/Runtime/Purchasing/Utilities/Interfaces/ICurrencyFormatter.cs using Guid(3ff954e63871845148b17cc99ee725a4) Importer(2089858483,b0f066a214c2f5e87bad3c948f4d605d) (ScriptedImporter) -> (artifact id: 'ccb90ef53c0fbecfb522a1539f9e2689') in 0.0170422 seconds
Number of updated asset objects reloaded before import = 0Number of asset objects unloaded after import = 0

========================================================================
Received Import Request.
  Time since last request: 0.000066 seconds.
  path: Packages/com.unity.services.deployment/Core/Unity.Services.Deployment.Core.api
  artifactKey: Guid(97f1b0a368f0a4079873b2e0dfc5e9c6) Importer(2089858483,b0f066a214c2f5e87bad3c948f4d605d)
Start importing Packages/com.unity.services.deployment/Core/Unity.Services.Deployment.Core.api using Guid(97f1b0a368f0a4079873b2e0dfc5e9c6) Importer(2089858483,b0f066a214c2f5e87bad3c948f4d605d) (ScriptedImporter) -> (artifact id: '34569182391f45a809bf05cdbcecf60f') in 0.0143678 seconds
Number of updated asset objects reloaded before import = 0Number of asset objects unloaded after import = 1

========================================================================
Received Import Request.
  Time since last request: 0.000044 seconds.
  path: Packages/com.unity.purchasing/Runtime/Purchasing/Core/Purchasing/AppleAppStore/Extensions/UseCases/Interfaces/IRefreshAppReceiptUseCase.cs
  artifactKey: Guid(6f184bf217554130870dd5feadb68683) Importer(2089858483,b0f066a214c2f5e87bad3c948f4d605d)
Start importing Packages/com.unity.purchasing/Runtime/Purchasing/Core/Purchasing/AppleAppStore/Extensions/UseCases/Interfaces/IRefreshAppReceiptUseCase.cs using Guid(6f184bf217554130870dd5feadb68683) Importer(2089858483,b0f066a214c2f5e87bad3c948f4d605d) (ScriptedImporter) -> (artifact id: '47a101b8efc9e8fe9843aff8632b9fb9') in 0.0177731 seconds
Number of updated asset objects reloaded before import = 0Number of asset objects unloaded after import = 0

========================================================================
Received Import Request.
  Time since last request: 0.000067 seconds.
  path: Packages/com.unity.purchasing/Editor/Authoring/Model/RoutingAsset.cs
  artifactKey: Guid(89e32005b6074212b37f74efbcf46549) Importer(2089858483,b0f066a214c2f5e87bad3c948f4d605d)
Start importing Packages/com.unity.purchasing/Editor/Authoring/Model/RoutingAsset.cs using Guid(89e32005b6074212b37f74efbcf46549) Importer(2089858483,b0f066a214c2f5e87bad3c948f4d605d) (ScriptedImporter) -> (artifact id: '8e9daee304a6d2fb76caf39a0329d16e') in 0.0173669 seconds
Number of updated asset objects reloaded before import = 0Number of asset objects unloaded after import = 0

========================================================================
Received Import Request.
  Time since last request: 0.000073 seconds.
  path: Packages/com.unity.purchasing/Editor/Shared/DependencyInversion/ConstructorNotFoundException.Gen.cs
  artifactKey: Guid(a7a9a426ba374902b8781325da056527) Importer(2089858483,b0f066a214c2f5e87bad3c948f4d605d)
Start importing Packages/com.unity.purchasing/Editor/Shared/DependencyInversion/ConstructorNotFoundException.Gen.cs using Guid(a7a9a426ba374902b8781325da056527) Importer(2089858483,b0f066a214c2f5e87bad3c948f4d605d) (ScriptedImporter) -> (artifact id: '8a340f308d8286a9d089d2b6270ca250') in 0.0152037 seconds
Number of updated asset objects reloaded before import = 0Number of asset objects unloaded after import = 0

========================================================================
Received Import Request.
  Time since last request: 0.000061 seconds.
  path: Packages/com.unity.xr.legacyinputhelpers/Tests/Editor/SeedXRInputBindings/SeedXRInputBindingsTests.cs
  artifactKey: Guid(0bcb0a0c70d1bbe419964a5935a83745) Importer(2089858483,b0f066a214c2f5e87bad3c948f4d605d)
Start importing Packages/com.unity.xr.legacyinputhelpers/Tests/Editor/SeedXRInputBindings/SeedXRInputBindingsTests.cs using Guid(0bcb0a0c70d1bbe419964a5935a83745) Importer(2089858483,b0f066a214c2f5e87bad3c948f4d605d) (ScriptedImporter) -> (artifact id: '81dbc4f6789e79e533e35a3ab4f7f5f4') in 0.0141584 seconds
Number of updated asset objects reloaded before import = 0Number of asset objects unloaded after import = 0

========================================================================
Received Import Request.
  Time since last request: 0.000096 seconds.
  path: Packages/com.unity.microsoft.gdk/Runtime/XBL/Presence/XblPresenceDetailLevel.cs
  artifactKey: Guid(cfe1499f76ab4bad86b677839ed7c1dd) Importer(2089858483,b0f066a214c2f5e87bad3c948f4d605d)
Start importing Packages/com.unity.microsoft.gdk/Runtime/XBL/Presence/XblPresenceDetailLevel.cs using Guid(cfe1499f76ab4bad86b677839ed7c1dd) Importer(2089858483,b0f066a214c2f5e87bad3c948f4d605d) (ScriptedImporter) -> (artifact id: 'e722565f04272872354a39a0474b58db') in 0.0165582 seconds
Number of updated asset objects reloaded before import = 0Number of asset objects unloaded after import = 0

========================================================================
Received Import Request.
  Time since last request: 0.000073 seconds.
  path: Packages/com.unity.purchasing/Editor/ServiceProjectSettings/Service
  artifactKey: Guid(481dcda7219c74cc7aed86094a505a0f) Importer(2089858483,b0f066a214c2f5e87bad3c948f4d605d)
Start importing Packages/com.unity.purchasing/Editor/ServiceProjectSettings/Service using Guid(481dcda7219c74cc7aed86094a505a0f) Importer(2089858483,b0f066a214c2f5e87bad3c948f4d605d) (ScriptedImporter) -> (artifact id: '4f3d437a79a7b8ec404513b07de7f790') in 0.0151197 seconds
Number of updated asset objects reloaded before import = 0Number of asset objects unloaded after import = 1

========================================================================
Received Import Request.
  Time since last request: 0.000020 seconds.
  path: Packages/com.unity.microsoft.gdk/Runtime/Interop/NativeTypeNameAttribute.cs
  artifactKey: Guid(897fc3d83758462b8fb02a0a13cb8625) Importer(2089858483,b0f066a214c2f5e87bad3c948f4d605d)
Start importing Packages/com.unity.microsoft.gdk/Runtime/Interop/NativeTypeNameAttribute.cs using Guid(897fc3d83758462b8fb02a0a13cb8625) Importer(2089858483,b0f066a214c2f5e87bad3c948f4d605d) (ScriptedImporter) -> (artifact id: '92eb58239f53caa8c0ab8a3667758d98') in 0.0137756 seconds
Number of updated asset objects reloaded before import = 0Number of asset objects unloaded after import = 0

========================================================================
Received Import Request.
  Time since last request: 0.000026 seconds.
  path: Packages/com.unity.xr.legacyinputhelpers/Tests/Runtime/TrackedPoseDriver
  artifactKey: Guid(b515c4e6a4ca71643b0e830024fe733f) Importer(2089858483,b0f066a214c2f5e87bad3c948f4d605d)
Start importing Packages/com.unity.xr.legacyinputhelpers/Tests/Runtime/TrackedPoseDriver using Guid(b515c4e6a4ca71643b0e830024fe733f) Importer(2089858483,b0f066a214c2f5e87bad3c948f4d605d) (ScriptedImporter) -> (artifact id: '094d9fe6150928e335854ace8b05bc8d') in 0.0152548 seconds
Number of updated asset objects reloaded before import = 0Number of asset objects unloaded after import = 1

========================================================================
Received Import Request.
  Time since last request: 0.000066 seconds.
  path: Packages/com.unity.services.core/Editor/Core/Utils
  artifactKey: Guid(2834b4ceb01eed449ad34cbd5f6d13cb) Importer(2089858483,b0f066a214c2f5e87bad3c948f4d605d)
Start importing Packages/com.unity.services.core/Editor/Core/Utils using Guid(2834b4ceb01eed449ad34cbd5f6d13cb) Importer(2089858483,b0f066a214c2f5e87bad3c948f4d605d) (ScriptedImporter) -> (artifact id: 'eff47728969b12bdebe568af5fd45e6c') in 0.0137775 seconds
Number of updated asset objects reloaded before import = 0Number of asset objects unloaded after import = 1

========================================================================
Received Import Request.
  Time since last request: 0.000022 seconds.
  path: Packages/com.unity.microsoft.gdk/Runtime/Interop/__GENERATED/XBL/RealTimeActivity/RealTimeActivity.cs
  artifactKey: Guid(264be262fba043f19b4aeef9988865cc) Importer(2089858483,b0f066a214c2f5e87bad3c948f4d605d)
Start importing Packages/com.unity.microsoft.gdk/Runtime/Interop/__GENERATED/XBL/RealTimeActivity/RealTimeActivity.cs using Guid(264be262fba043f19b4aeef9988865cc) Importer(2089858483,b0f066a214c2f5e87bad3c948f4d605d) (ScriptedImporter) -> (artifact id: '7999e5f32ba525eedc7ff60b4747b812') in 0.0162094 seconds
Number of updated asset objects reloaded before import = 0Number of asset objects unloaded after import = 0

========================================================================
Received Import Request.
  Time since last request: 0.000052 seconds.
  path: Packages/com.unity.services.core/Editor/Core/Environments/Client/Models/UnityUserGuestProjectV1.cs
  artifactKey: Guid(cad53c020288c4aa5b499ccdbf6c3226) Importer(2089858483,b0f066a214c2f5e87bad3c948f4d605d)
Start importing Packages/com.unity.services.core/Editor/Core/Environments/Client/Models/UnityUserGuestProjectV1.cs using Guid(cad53c020288c4aa5b499ccdbf6c3226) Importer(2089858483,b0f066a214c2f5e87bad3c948f4d605d) (ScriptedImporter) -> (artifact id: 'ca45ce96aa3e427e2623d7e5e825e298') in 0.0154067 seconds
Number of updated asset objects reloaded before import = 0Number of asset objects unloaded after import = 0

========================================================================
Received Import Request.
  Time since last request: 0.000022 seconds.
  path: Packages/com.unity.purchasing/Runtime/Purchasing/PurchaseFailureDescription.cs
  artifactKey: Guid(caf8ab45c7b7448192ee7883413a675d) Importer(2089858483,b0f066a214c2f5e87bad3c948f4d605d)
Start importing Packages/com.unity.purchasing/Runtime/Purchasing/PurchaseFailureDescription.cs using Guid(caf8ab45c7b7448192ee7883413a675d) Importer(2089858483,b0f066a214c2f5e87bad3c948f4d605d) (ScriptedImporter) -> (artifact id: '995c74205d906602723256d8d79fe4c5') in 0.0178145 seconds
Number of updated asset objects reloaded before import = 0Number of asset objects unloaded after import = 0

========================================================================
Received Import Request.
  Time since last request: 0.000053 seconds.
  path: Packages/com.unity.purchasing/Editor/IAPGeneratedCredentials.cs.template
  artifactKey: Guid(5d137f890d26642219841a7f08fff0fb) Importer(2089858483,b0f066a214c2f5e87bad3c948f4d605d)
Start importing Packages/com.unity.purchasing/Editor/IAPGeneratedCredentials.cs.template using Guid(5d137f890d26642219841a7f08fff0fb) Importer(2089858483,b0f066a214c2f5e87bad3c948f4d605d) (ScriptedImporter) -> (artifact id: 'f667e9ca99f87ec0bdc5bbe9b3ba0b9a') in 0.0194945 seconds
Number of updated asset objects reloaded before import = 0Number of asset objects unloaded after import = 1

========================================================================
Received Import Request.
  Time since last request: 0.000026 seconds.
  path: Packages/com.unity.services.core/Runtime
  artifactKey: Guid(49cc1478f193eaf42b317e31da46effa) Importer(2089858483,b0f066a214c2f5e87bad3c948f4d605d)
Start importing Packages/com.unity.services.core/Runtime using Guid(49cc1478f193eaf42b317e31da46effa) Importer(2089858483,b0f066a214c2f5e87bad3c948f4d605d) (ScriptedImporter) -> (artifact id: '5e9be9f32ee8b1bc7302dcd62f1b7967') in 0.0184742 seconds
Number of updated asset objects reloaded before import = 0Number of asset objects unloaded after import = 1

========================================================================
Received Import Request.
  Time since last request: 0.000023 seconds.
  path: Packages/com.unity.purchasing/Runtime/Purchasing/Extension/Interfaces/IBaseCatalogProvider.cs
  artifactKey: Guid(980c1a07355543ad97d20b61ef0a51ff) Importer(2089858483,b0f066a214c2f5e87bad3c948f4d605d)
Start importing Packages/com.unity.purchasing/Runtime/Purchasing/Extension/Interfaces/IBaseCatalogProvider.cs using Guid(980c1a07355543ad97d20b61ef0a51ff) Importer(2089858483,b0f066a214c2f5e87bad3c948f4d605d) (ScriptedImporter) -> (artifact id: '715e0d60f3a4d41db47ede3790905e37') in 0.0165443 seconds
Number of updated asset objects reloaded before import = 0Number of asset objects unloaded after import = 0

========================================================================
Received Import Request.
  Time since last request: 0.000063 seconds.
  path: Packages/com.unity.services.deployment/Editor/DeploymentDefinitions/UI/Assets/DeploymentDefinitionEditorUi.uxml
  artifactKey: Guid(b0765eb6c649b43c58d39fb0b50d8a2c) Importer(2089858483,b0f066a214c2f5e87bad3c948f4d605d)
Start importing Packages/com.unity.services.deployment/Editor/DeploymentDefinitions/UI/Assets/DeploymentDefinitionEditorUi.uxml using Guid(b0765eb6c649b43c58d39fb0b50d8a2c) Importer(2089858483,b0f066a214c2f5e87bad3c948f4d605d) (ScriptedImporter) -> (artifact id: '06e5d7cdd07250666c06bcaca17b1672') in 0.0265196 seconds
Number of updated asset objects reloaded before import = 0Number of asset objects unloaded after import = 3

========================================================================
Received Import Request.
  Time since last request: 0.000022 seconds.
  path: Packages/com.unity.purchasing/Runtime/UnityWebshops/Client/ErrorMitigation/RetryPolicyConfig.cs
  artifactKey: Guid(6bd961563b16c4fbd8050ce307334562) Importer(2089858483,b0f066a214c2f5e87bad3c948f4d605d)
Start importing Packages/com.unity.purchasing/Runtime/UnityWebshops/Client/ErrorMitigation/RetryPolicyConfig.cs using Guid(6bd961563b16c4fbd8050ce307334562) Importer(2089858483,b0f066a214c2f5e87bad3c948f4d605d) (ScriptedImporter) -> (artifact id: 'e2a70d51cdac86fc8ceb6bcf9f1df91d') in 0.0156172 seconds
Number of updated asset objects reloaded before import = 0Number of asset objects unloaded after import = 0

========================================================================
Received Import Request.
  Time since last request: 0.000044 seconds.
  path: Packages/com.unity.purchasing/Editor/Authoring/Core/IO/CatalogCsvParser.cs
  artifactKey: Guid(484b1e02232214c60a9b819dd20e3b6e) Importer(2089858483,b0f066a214c2f5e87bad3c948f4d605d)
Start importing Packages/com.unity.purchasing/Editor/Authoring/Core/IO/CatalogCsvParser.cs using Guid(484b1e02232214c60a9b819dd20e3b6e) Importer(2089858483,b0f066a214c2f5e87bad3c948f4d605d) (ScriptedImporter) -> (artifact id: '99517cc16608d91708be6a33e9fc8cf6') in 0.0128507 seconds
Number of updated asset objects reloaded before import = 0Number of asset objects unloaded after import = 0

========================================================================
Received Import Request.
  Time since last request: 0.000055 seconds.
  path: Packages/com.unity.xr.legacyinputhelpers/Runtime/TrackedPoseDriver/AssemblyInfo.cs
  artifactKey: Guid(4a77633e6daf24a45994d8aae1b52268) Importer(2089858483,b0f066a214c2f5e87bad3c948f4d605d)
Start importing Packages/com.unity.xr.legacyinputhelpers/Runtime/TrackedPoseDriver/AssemblyInfo.cs using Guid(4a77633e6daf24a45994d8aae1b52268) Importer(2089858483,b0f066a214c2f5e87bad3c948f4d605d) (ScriptedImporter) -> (artifact id: '55fc57fbee24d5eef5e5b9c38a180a2d') in 0.0167011 seconds
Number of updated asset objects reloaded before import = 0Number of asset objects unloaded after import = 0

========================================================================
Received Import Request.
  Time since last request: 0.000040 seconds.
  path: Packages/com.unity.purchasing/Runtime/Purchasing/Core/Purchasing/CartValidation/MultipleConsumableQuantityCartValidator.cs
  artifactKey: Guid(f2a2790925c7466ca2dbaf7143e53c27) Importer(2089858483,b0f066a214c2f5e87bad3c948f4d605d)
Start importing Packages/com.unity.purchasing/Runtime/Purchasing/Core/Purchasing/CartValidation/MultipleConsumableQuantityCartValidator.cs using Guid(f2a2790925c7466ca2dbaf7143e53c27) Importer(2089858483,b0f066a214c2f5e87bad3c948f4d605d) (ScriptedImporter) -> (artifact id: 'ad183209e4f304fccb86d8d75c94bcc5') in 0.0153539 seconds
Number of updated asset objects reloaded before import = 0Number of asset objects unloaded after import = 0

========================================================================
Received Import Request.
  Time since last request: 0.000037 seconds.
  path: Packages/com.unity.services.core/Editor/Core/Environments/Config
  artifactKey: Guid(a91c61f0884c4fdc917bfed03fdbe325) Importer(2089858483,b0f066a214c2f5e87bad3c948f4d605d)
Start importing Packages/com.unity.services.core/Editor/Core/Environments/Config using Guid(a91c61f0884c4fdc917bfed03fdbe325) Importer(2089858483,b0f066a214c2f5e87bad3c948f4d605d) (ScriptedImporter) -> (artifact id: '90cedba5970f0745ecb3a6dc445a9a29') in 0.0139503 seconds
Number of updated asset objects reloaded before import = 0Number of asset objects unloaded after import = 1

========================================================================
Received Import Request.
  Time since last request: 0.000059 seconds.
  path: Packages/com.unity.purchasing/Runtime/Purchasing/Core/Purchasing/Interfaces/IPurchaseService.cs
  artifactKey: Guid(35c9432e39048b64f82e59f42c9e9c00) Importer(2089858483,b0f066a214c2f5e87bad3c948f4d605d)
Start importing Packages/com.unity.purchasing/Runtime/Purchasing/Core/Purchasing/Interfaces/IPurchaseService.cs using Guid(35c9432e39048b64f82e59f42c9e9c00) Importer(2089858483,b0f066a214c2f5e87bad3c948f4d605d) (ScriptedImporter) -> (artifact id: '9fe3de462081337aeca2aeca13b4465b') in 0.0136584 seconds
Number of updated asset objects reloaded before import = 0Number of asset objects unloaded after import = 0

========================================================================
Received Import Request.
  Time since last request: 0.000054 seconds.
  path: Packages/com.unity.services.deployment/Editor/DeploymentDefinitions/UI/CreateDeploymentDefinitionMenu.cs
  artifactKey: Guid(d76a24bd3e53848a793d84736f8a37ae) Importer(2089858483,b0f066a214c2f5e87bad3c948f4d605d)
Start importing Packages/com.unity.services.deployment/Editor/DeploymentDefinitions/UI/CreateDeploymentDefinitionMenu.cs using Guid(d76a24bd3e53848a793d84736f8a37ae) Importer(2089858483,b0f066a214c2f5e87bad3c948f4d605d) (ScriptedImporter) -> (artifact id: '250ab5be6a2113106d7b7ef2a9e7cfdd') in 0.0160584 seconds
Number of updated asset objects reloaded before import = 0Number of asset objects unloaded after import = 0

========================================================================
Received Import Request.
  Time since last request: 0.000052 seconds.
  path: Packages/com.unity.microsoft.gdk/Runtime/XBL/Http
  artifactKey: Guid(be9e66a3812e45e0abd69bfa05c35de2) Importer(2089858483,b0f066a214c2f5e87bad3c948f4d605d)
Start importing Packages/com.unity.microsoft.gdk/Runtime/XBL/Http using Guid(be9e66a3812e45e0abd69bfa05c35de2) Importer(2089858483,b0f066a214c2f5e87bad3c948f4d605d) (ScriptedImporter) -> (artifact id: '3490a199b94716369b8b2a8fee5d5dfc') in 0.0150309 seconds
Number of updated asset objects reloaded before import = 0Number of asset objects unloaded after import = 1

========================================================================
Received Import Request.
  Time since last request: 0.000042 seconds.
  path: Packages/com.unity.purchasing/Runtime/Purchasing/Core/Purchasing/Interfaces/ICart.cs
  artifactKey: Guid(9efd2877225c46d8802268cd4ba0bbf1) Importer(2089858483,b0f066a214c2f5e87bad3c948f4d605d)
Start importing Packages/com.unity.purchasing/Runtime/Purchasing/Core/Purchasing/Interfaces/ICart.cs using Guid(9efd2877225c46d8802268cd4ba0bbf1) Importer(2089858483,b0f066a214c2f5e87bad3c948f4d605d) (ScriptedImporter) -> (artifact id: '4d9a0d39e8b817c8a917e15fbb685858') in 0.0154083 seconds
Number of updated asset objects reloaded before import = 0Number of asset objects unloaded after import = 0

========================================================================
Received Import Request.
  Time since last request: 0.000059 seconds.
  path: Packages/com.unity.purchasing/Runtime/Stores/Android/GooglePlay/AAR/GooglePurchaseService.cs
  artifactKey: Guid(31701289561e54e629512bd110968d29) Importer(2089858483,b0f066a214c2f5e87bad3c948f4d605d)
Start importing Packages/com.unity.purchasing/Runtime/Stores/Android/GooglePlay/AAR/GooglePurchaseService.cs using Guid(31701289561e54e629512bd110968d29) Importer(2089858483,b0f066a214c2f5e87bad3c948f4d605d) (ScriptedImporter) -> (artifact id: '05b81baf02e2c89b9ae9a167d2a5087a') in 0.014307 seconds
Number of updated asset objects reloaded before import = 0Number of asset objects unloaded after import = 0

========================================================================
Received Import Request.
  Time since last request: 0.000024 seconds.
  path: Packages/com.unity.microsoft.gdk/Runtime/XBL/TitleManagedStats/XblTitleManagedStatistic.cs
  artifactKey: Guid(512d5db8ffb8430da8d0a363c849aa88) Importer(2089858483,b0f066a214c2f5e87bad3c948f4d605d)
Start importing Packages/com.unity.microsoft.gdk/Runtime/XBL/TitleManagedStats/XblTitleManagedStatistic.cs using Guid(512d5db8ffb8430da8d0a363c849aa88) Importer(2089858483,b0f066a214c2f5e87bad3c948f4d605d) (ScriptedImporter) -> (artifact id: 'bff0e9596eda0a2669ed6f7ea7451c46') in 0.0146814 seconds
Number of updated asset objects reloaded before import = 0Number of asset objects unloaded after import = 0

========================================================================
Received Import Request.
  Time since last request: 0.000093 seconds.
  path: Packages/com.unity.purchasing/Runtime/UnityWebshops/Client/Apis
  artifactKey: Guid(53f32471bebef4e529a7169aa8b187c9) Importer(2089858483,b0f066a214c2f5e87bad3c948f4d605d)
Start importing Packages/com.unity.purchasing/Runtime/UnityWebshops/Client/Apis using Guid(53f32471bebef4e529a7169aa8b187c9) Importer(2089858483,b0f066a214c2f5e87bad3c948f4d605d) (ScriptedImporter) -> (artifact id: '38c3404a5da42b435f515b2730a0933c') in 0.0133487 seconds
Number of updated asset objects reloaded before import = 0Number of asset objects unloaded after import = 1

========================================================================
Received Import Request.
  Time since last request: 0.000049 seconds.
  path: Packages/com.unity.purchasing/Plugins/UnityPurchasing/iOS/UnityStoreKitPlugin.swift
  artifactKey: Guid(c36ebf0b259424ec9bd2e335609d4fd8) Importer(2089858483,b0f066a214c2f5e87bad3c948f4d605d)
Start importing Packages/com.unity.purchasing/Plugins/UnityPurchasing/iOS/UnityStoreKitPlugin.swift using Guid(c36ebf0b259424ec9bd2e335609d4fd8) Importer(2089858483,b0f066a214c2f5e87bad3c948f4d605d) (ScriptedImporter) -> (artifact id: 'fc8554e476daee8a98fc26d893b88e5b') in 0.0144119 seconds
Number of updated asset objects reloaded before import = 0Number of asset objects unloaded after import = 0

========================================================================
Received Import Request.
  Time since last request: 0.000056 seconds.
  path: Packages/com.unity.purchasing/Runtime/UnityWebshops/Client/Configuration
  artifactKey: Guid(d2d0aa461be1746c6ac0ca27ce98899b) Importer(2089858483,b0f066a214c2f5e87bad3c948f4d605d)
Start importing Packages/com.unity.purchasing/Runtime/UnityWebshops/Client/Configuration using Guid(d2d0aa461be1746c6ac0ca27ce98899b) Importer(2089858483,b0f066a214c2f5e87bad3c948f4d605d) (ScriptedImporter) -> (artifact id: '8734c90184c55daa4fd03e9dcb4cc680') in 0.0140388 seconds
Number of updated asset objects reloaded before import = 0Number of asset objects unloaded after import = 1

========================================================================
Received Import Request.
  Time since last request: 0.000032 seconds.
  path: Packages/com.unity.purchasing/Runtime/UnityPaymentProviders/configuration.yaml
  artifactKey: Guid(5bfdce4f6e7c43f59d7250748d08d638) Importer(2089858483,b0f066a214c2f5e87bad3c948f4d605d)
Start importing Packages/com.unity.purchasing/Runtime/UnityPaymentProviders/configuration.yaml using Guid(5bfdce4f6e7c43f59d7250748d08d638) Importer(2089858483,b0f066a214c2f5e87bad3c948f4d605d) (ScriptedImporter) -> (artifact id: '966662ad8e4a0288d9689bd11f8096a6') in 0.0215823 seconds
Number of updated asset objects reloaded before import = 0Number of asset objects unloaded after import = 1

========================================================================
Received Import Request.
  Time since last request: 0.000079 seconds.
  path: Packages/com.unity.services.deployment/Editor/Shared/AssemblyInfo.cs
  artifactKey: Guid(be83ec8c2ebf415d8f5d2e91604e8636) Importer(2089858483,b0f066a214c2f5e87bad3c948f4d605d)
Start importing Packages/com.unity.services.deployment/Editor/Shared/AssemblyInfo.cs using Guid(be83ec8c2ebf415d8f5d2e91604e8636) Importer(2089858483,b0f066a214c2f5e87bad3c948f4d605d) (ScriptedImporter) -> (artifact id: '9c2cdf6461d652256de65767a4fc1a2d') in 0.0139422 seconds
Number of updated asset objects reloaded before import = 0Number of asset objects unloaded after import = 0

========================================================================
Received Import Request.
  Time since last request: 0.000083 seconds.
  path: Packages/com.unity.services.core/Editor/Core/Status/StatusView.cs
  artifactKey: Guid(c392fb07e4dd95f468fa7bef48577e18) Importer(2089858483,b0f066a214c2f5e87bad3c948f4d605d)
Start importing Packages/com.unity.services.core/Editor/Core/Status/StatusView.cs using Guid(c392fb07e4dd95f468fa7bef48577e18) Importer(2089858483,b0f066a214c2f5e87bad3c948f4d605d) (ScriptedImporter) -> (artifact id: '48db290f981569ed98650feced701c16') in 0.0158218 seconds
Number of updated asset objects reloaded before import = 0Number of asset objects unloaded after import = 0

========================================================================
Received Import Request.
  Time since last request: 0.000081 seconds.
  path: Packages/com.unity.purchasing/Runtime/Purchasing/Core/Store/AppleAppStore/Interfaces/IAppleTransactionSubscriptionInfo.cs
  artifactKey: Guid(2f85ee4856d44b3eb66c6ea04ea8f38f) Importer(2089858483,b0f066a214c2f5e87bad3c948f4d605d)
Start importing Packages/com.unity.purchasing/Runtime/Purchasing/Core/Store/AppleAppStore/Interfaces/IAppleTransactionSubscriptionInfo.cs using Guid(2f85ee4856d44b3eb66c6ea04ea8f38f) Importer(2089858483,b0f066a214c2f5e87bad3c948f4d605d) (ScriptedImporter) -> (artifact id: '8d5dd1fdadd82fbbd1f224295b35499e') in 0.0136503 seconds
Number of updated asset objects reloaded before import = 0Number of asset objects unloaded after import = 0

========================================================================
Received Import Request.
  Time since last request: 0.000036 seconds.
  path: Packages/com.unity.purchasing/Editor/Authoring/LiveContentAdminApi/Client/Model/ClientFile.cs
  artifactKey: Guid(43b31b4716988403181120218b29dd10) Importer(2089858483,b0f066a214c2f5e87bad3c948f4d605d)
Start importing Packages/com.unity.purchasing/Editor/Authoring/LiveContentAdminApi/Client/Model/ClientFile.cs using Guid(43b31b4716988403181120218b29dd10) Importer(2089858483,b0f066a214c2f5e87bad3c948f4d605d) (ScriptedImporter) -> (artifact id: 'eb097573be126cd1176f7d4e12faf5b0') in 0.0119969 seconds
Number of updated asset objects reloaded before import = 0Number of asset objects unloaded after import = 0

========================================================================
Received Import Request.
  Time since last request: 0.000046 seconds.
  path: Packages/com.unity.purchasing/Runtime/Stores/Core/Product
  artifactKey: Guid(8a95543315051ef4180136bcba038748) Importer(2089858483,b0f066a214c2f5e87bad3c948f4d605d)
Start importing Packages/com.unity.purchasing/Runtime/Stores/Core/Product using Guid(8a95543315051ef4180136bcba038748) Importer(2089858483,b0f066a214c2f5e87bad3c948f4d605d) (ScriptedImporter) -> (artifact id: 'f84291edbb7929a482f8bf3dc5c9a000') in 0.0134392 seconds
Number of updated asset objects reloaded before import = 0Number of asset objects unloaded after import = 1

========================================================================
Received Import Request.
  Time since last request: 0.000056 seconds.
  path: Packages/com.unity.services.analytics/Runtime/Events/AdImpression/AdPlacementType.cs
  artifactKey: Guid(732176235f824e20977f423c16f4947f) Importer(2089858483,b0f066a214c2f5e87bad3c948f4d605d)
Start importing Packages/com.unity.services.analytics/Runtime/Events/AdImpression/AdPlacementType.cs using Guid(732176235f824e20977f423c16f4947f) Importer(2089858483,b0f066a214c2f5e87bad3c948f4d605d) (ScriptedImporter) -> (artifact id: 'ff5d19d082cf1589b5c2ade0ed856a62') in 0.0152288 seconds
Number of updated asset objects reloaded before import = 0Number of asset objects unloaded after import = 0

========================================================================
Received Import Request.
  Time since last request: 0.000081 seconds.
  path: Packages/com.unity.services.core/Runtime/Threading/AssemblyInfo.cs
  artifactKey: Guid(b8e559f165188eb45956491215ec4108) Importer(2089858483,b0f066a214c2f5e87bad3c948f4d605d)
Start importing Packages/com.unity.services.core/Runtime/Threading/AssemblyInfo.cs using Guid(b8e559f165188eb45956491215ec4108) Importer(2089858483,b0f066a214c2f5e87bad3c948f4d605d) (ScriptedImporter) -> (artifact id: '5293fe6afce641771edf9b2134d98a7d') in 0.0149781 seconds
Number of updated asset objects reloaded before import = 0Number of asset objects unloaded after import = 0

========================================================================
Received Import Request.
  Time since last request: 0.000025 seconds.
  path: Packages/com.unity.purchasing/Runtime/Purchasing/Legacy/Interfaces/IDetailedStoreListener.cs
  artifactKey: Guid(0853c878f8034457bf55ba4635a30d4b) Importer(2089858483,b0f066a214c2f5e87bad3c948f4d605d)
Start importing Packages/com.unity.purchasing/Runtime/Purchasing/Legacy/Interfaces/IDetailedStoreListener.cs using Guid(0853c878f8034457bf55ba4635a30d4b) Importer(2089858483,b0f066a214c2f5e87bad3c948f4d605d) (ScriptedImporter) -> (artifact id: '75ae4d3df4199a888accb959a2500934') in 0.0153673 seconds
Number of updated asset objects reloaded before import = 0Number of asset objects unloaded after import = 0

========================================================================
Received Import Request.
  Time since last request: 0.000024 seconds.
  path: Packages/com.unity.purchasing/Runtime/Purchasing/Core/Purchasing/Interfaces/CartValidation
  artifactKey: Guid(71153157da084173b5974ef772afdbad) Importer(2089858483,b0f066a214c2f5e87bad3c948f4d605d)
Start importing Packages/com.unity.purchasing/Runtime/Purchasing/Core/Purchasing/Interfaces/CartValidation using Guid(71153157da084173b5974ef772afdbad) Importer(2089858483,b0f066a214c2f5e87bad3c948f4d605d) (ScriptedImporter) -> (artifact id: '95b400bf4005604e359305b9aedf3b7d') in 0.0136792 seconds
Number of updated asset objects reloaded before import = 0Number of asset objects unloaded after import = 1

========================================================================
Received Import Request.
  Time since last request: 0.000048 seconds.
  path: Packages/com.unity.purchasing/Runtime/Purchasing/Stores/Android/AAR/IGoogleAdvertisingIdClient.cs
  artifactKey: Guid(87eac468a663a4bedad54137ba152266) Importer(2089858483,b0f066a214c2f5e87bad3c948f4d605d)
Start importing Packages/com.unity.purchasing/Runtime/Purchasing/Stores/Android/AAR/IGoogleAdvertisingIdClient.cs using Guid(87eac468a663a4bedad54137ba152266) Importer(2089858483,b0f066a214c2f5e87bad3c948f4d605d) (ScriptedImporter) -> (artifact id: '64ef8f69fd85f232975203671652f107') in 0.0144421 seconds
Number of updated asset objects reloaded before import = 0Number of asset objects unloaded after import = 0

========================================================================
Received Import Request.
  Time since last request: 0.000049 seconds.
  path: Packages/com.unity.purchasing/Runtime/Purchasing/Telemetry/Metrics/TelemetryMetricsInstanceWrapper.cs
  artifactKey: Guid(757df1bf595d4524a56504167404cbd1) Importer(2089858483,b0f066a214c2f5e87bad3c948f4d605d)
Start importing Packages/com.unity.purchasing/Runtime/Purchasing/Telemetry/Metrics/TelemetryMetricsInstanceWrapper.cs using Guid(757df1bf595d4524a56504167404cbd1) Importer(2089858483,b0f066a214c2f5e87bad3c948f4d605d) (ScriptedImporter) -> (artifact id: '7db7d447ca7e974880c9b3f4e0d43a66') in 0.015352 seconds
Number of updated asset objects reloaded before import = 0Number of asset objects unloaded after import = 0

========================================================================
Received Import Request.
  Time since last request: 0.000046 seconds.
  path: Packages/com.unity.purchasing/Runtime/Purchasing/PaymentOption/Resources/com.unity.purchasing
  artifactKey: Guid(0cda8e114f504334b43e4b70fbffa2e5) Importer(2089858483,b0f066a214c2f5e87bad3c948f4d605d)
Start importing Packages/com.unity.purchasing/Runtime/Purchasing/PaymentOption/Resources/com.unity.purchasing using Guid(0cda8e114f504334b43e4b70fbffa2e5) Importer(2089858483,b0f066a214c2f5e87bad3c948f4d605d) (ScriptedImporter) -> (artifact id: 'f59aab2f2422bf19970cf8ddb28bedf1') in 0.0151894 seconds
Number of updated asset objects reloaded before import = 0Number of asset objects unloaded after import = 1

========================================================================
Received Import Request.
  Time since last request: 0.000027 seconds.
  path: Packages/com.unity.purchasing/Runtime/UnityLiveContentAdapter/Client/Http/BaseApiClient.cs
  artifactKey: Guid(d2bb023efcd054880b5396243e8306c6) Importer(2089858483,b0f066a214c2f5e87bad3c948f4d605d)
Start importing Packages/com.unity.purchasing/Runtime/UnityLiveContentAdapter/Client/Http/BaseApiClient.cs using Guid(d2bb023efcd054880b5396243e8306c6) Importer(2089858483,b0f066a214c2f5e87bad3c948f4d605d) (ScriptedImporter) -> (artifact id: 'a29c6abb001767332c0c18807181e368') in 0.0143412 seconds
Number of updated asset objects reloaded before import = 0Number of asset objects unloaded after import = 0

========================================================================
Received Import Request.
  Time since last request: 0.000080 seconds.
  path: Packages/com.unity.purchasing/Runtime/Purchasing/Core/Purchasing/Models/Interfaces/IPaymentProvidersOrderInfo.cs
  artifactKey: Guid(24ff12852b0f4b22bc0aade26eba7b31) Importer(2089858483,b0f066a214c2f5e87bad3c948f4d605d)
Start importing Packages/com.unity.purchasing/Runtime/Purchasing/Core/Purchasing/Models/Interfaces/IPaymentProvidersOrderInfo.cs using Guid(24ff12852b0f4b22bc0aade26eba7b31) Importer(2089858483,b0f066a214c2f5e87bad3c948f4d605d) (ScriptedImporter) -> (artifact id: 'a7c02a5f5371ed4edb4312e407ab2986') in 0.0156691 seconds
Number of updated asset objects reloaded before import = 0Number of asset objects unloaded after import = 0

========================================================================
Received Import Request.
  Time since last request: 0.000071 seconds.
  path: Packages/com.unity.services.deployment/Editor/Interface/UI/Assets/Icons/d_Deployment@2x.png
  artifactKey: Guid(a8fca4b84ad59467aabe85db3ec98238) Importer(2089858483,b0f066a214c2f5e87bad3c948f4d605d)
Start importing Packages/com.unity.services.deployment/Editor/Interface/UI/Assets/Icons/d_Deployment@2x.png using Guid(a8fca4b84ad59467aabe85db3ec98238) Importer(2089858483,b0f066a214c2f5e87bad3c948f4d605d) (ScriptedImporter) -> (artifact id: '34d4727865c689fd5bd943cef9f979e6') in 0.0270595 seconds
Number of updated asset objects reloaded before import = 0Number of asset objects unloaded after import = 1

========================================================================
Received Import Request.
  Time since last request: 0.000024 seconds.
  path: Packages/com.unity.purchasing/Runtime/Purchasing/Insights/ImpressionIdContext.cs
  artifactKey: Guid(7e029df21cd24d88bc5fa3a8e68d8865) Importer(2089858483,b0f066a214c2f5e87bad3c948f4d605d)
Start importing Packages/com.unity.purchasing/Runtime/Purchasing/Insights/ImpressionIdContext.cs using Guid(7e029df21cd24d88bc5fa3a8e68d8865) Importer(2089858483,b0f066a214c2f5e87bad3c948f4d605d) (ScriptedImporter) -> (artifact id: '331528a7826e39bf0fd561fdad52a800') in 0.0146878 seconds
Number of updated asset objects reloaded before import = 0Number of asset objects unloaded after import = 0

========================================================================
Received Import Request.
  Time since last request: 0.000069 seconds.
  path: Packages/com.unity.microsoft.gdk/Runtime/XBL/UserStatistics/XblUserStatistics.cs
  artifactKey: Guid(c98751a382ef4ea099f00be2006b9a20) Importer(2089858483,b0f066a214c2f5e87bad3c948f4d605d)
Start importing Packages/com.unity.microsoft.gdk/Runtime/XBL/UserStatistics/XblUserStatistics.cs using Guid(c98751a382ef4ea099f00be2006b9a20) Importer(2089858483,b0f066a214c2f5e87bad3c948f4d605d) (ScriptedImporter) -> (artifact id: 'aced7b035cdcab6e329cb015afafc2c0') in 0.0126624 seconds
Number of updated asset objects reloaded before import = 0Number of asset objects unloaded after import = 0

========================================================================
Received Import Request.
  Time since last request: 0.000056 seconds.
  path: Packages/com.unity.purchasing/Runtime/UnityLiveContentAdapter
  artifactKey: Guid(c6f2627449d5b4369ad3401672d6437c) Importer(2089858483,b0f066a214c2f5e87bad3c948f4d605d)
Start importing Packages/com.unity.purchasing/Runtime/UnityLiveContentAdapter using Guid(c6f2627449d5b4369ad3401672d6437c) Importer(2089858483,b0f066a214c2f5e87bad3c948f4d605d) (ScriptedImporter) -> (artifact id: '78ea360a145bbee42224c39cc63f00b3') in 0.0125668 seconds
Number of updated asset objects reloaded before import = 0Number of asset objects unloaded after import = 1

========================================================================
Received Import Request.
  Time since last request: 0.000034 seconds.
  path: Packages/com.unity.microsoft.gdk/Runtime/Interop/XBL/Matchmaking/XblCreateMatchTicketResponse.cs
  artifactKey: Guid(c98f309cad51422589cea1a863ec4b8e) Importer(2089858483,b0f066a214c2f5e87bad3c948f4d605d)
Start importing Packages/com.unity.microsoft.gdk/Runtime/Interop/XBL/Matchmaking/XblCreateMatchTicketResponse.cs using Guid(c98f309cad51422589cea1a863ec4b8e) Importer(2089858483,b0f066a214c2f5e87bad3c948f4d605d) (ScriptedImporter) -> (artifact id: '752442391d9574651e62a2a9ee1a2335') in 0.01396 seconds
Number of updated asset objects reloaded before import = 0Number of asset objects unloaded after import = 0

========================================================================
Received Import Request.
  Time since last request: 0.000126 seconds.
  path: Packages/com.unity.purchasing/Editor/Authoring/LiveContentAdminApi/Client/Model/ConfigBatchUpdateResponse.cs
  artifactKey: Guid(04e74532a0a44bb8ba42815407477cea) Importer(2089858483,b0f066a214c2f5e87bad3c948f4d605d)
Start importing Packages/com.unity.purchasing/Editor/Authoring/LiveContentAdminApi/Client/Model/ConfigBatchUpdateResponse.cs using Guid(04e74532a0a44bb8ba42815407477cea) Importer(2089858483,b0f066a214c2f5e87bad3c948f4d605d) (ScriptedImporter) -> (artifact id: '50d021d8c83316c680a1df1bc03e88ca') in 0.015498 seconds
Number of updated asset objects reloaded before import = 0Number of asset objects unloaded after import = 0

========================================================================
Received Import Request.
  Time since last request: 0.000042 seconds.
  path: Packages/com.unity.microsoft.gdk/Runtime/Interop/XAppCaptureInterop.cs
  artifactKey: Guid(ea45d67faefb08a4b99668b2e2baef3d) Importer(2089858483,b0f066a214c2f5e87bad3c948f4d605d)
Start importing Packages/com.unity.microsoft.gdk/Runtime/Interop/XAppCaptureInterop.cs using Guid(ea45d67faefb08a4b99668b2e2baef3d) Importer(2089858483,b0f066a214c2f5e87bad3c948f4d605d) (ScriptedImporter) -> (artifact id: '211fa84294314e42ccfc6813db4bfdec') in 0.0141344 seconds
Number of updated asset objects reloaded before import = 0Number of asset objects unloaded after import = 0

========================================================================
Received Import Request.
  Time since last request: 0.000056 seconds.
  path: Packages/com.unity.services.core/Runtime/Threading
  artifactKey: Guid(38cb7d99c39611041a637804ce507e95) Importer(2089858483,b0f066a214c2f5e87bad3c948f4d605d)
Start importing Packages/com.unity.services.core/Runtime/Threading using Guid(38cb7d99c39611041a637804ce507e95) Importer(2089858483,b0f066a214c2f5e87bad3c948f4d605d) (ScriptedImporter) -> (artifact id: '343fac81849b85c098ef1e505f1105e4') in 0.013095 seconds
Number of updated asset objects reloaded before import = 0Number of asset objects unloaded after import = 1

========================================================================
Received Import Request.
  Time since last request: 0.000024 seconds.
  path: Packages/com.unity.purchasing/Editor/Authoring/AssemblyInfo.cs
  artifactKey: Guid(af2aa86e59fd402e8fd4e2270fce4724) Importer(2089858483,b0f066a214c2f5e87bad3c948f4d605d)
Start importing Packages/com.unity.purchasing/Editor/Authoring/AssemblyInfo.cs using Guid(af2aa86e59fd402e8fd4e2270fce4724) Importer(2089858483,b0f066a214c2f5e87bad3c948f4d605d) (ScriptedImporter) -> (artifact id: '0f6b5816e8ba5c433d5f0a40c9ed2f2d') in 0.0144454 seconds
Number of updated asset objects reloaded before import = 0Number of asset objects unloaded after import = 0

========================================================================
Received Import Request.
  Time since last request: 0.000102 seconds.
  path: Packages/com.unity.purchasing/Runtime/Stores/AppleAppStore/ExternalPurchase/ExternalPurchaseNoticeType.cs
  artifactKey: Guid(7f40fcbe8dc541999dcd5c1acfd58724) Importer(2089858483,b0f066a214c2f5e87bad3c948f4d605d)
Start importing Packages/com.unity.purchasing/Runtime/Stores/AppleAppStore/ExternalPurchase/ExternalPurchaseNoticeType.cs using Guid(7f40fcbe8dc541999dcd5c1acfd58724) Importer(2089858483,b0f066a214c2f5e87bad3c948f4d605d) (ScriptedImporter) -> (artifact id: '6bc17d5f645caa632bb857ac733ea0bb') in 0.0154795 seconds
Number of updated asset objects reloaded before import = 0Number of asset objects unloaded after import = 0

========================================================================
Received Import Request.
  Time since last request: 0.000048 seconds.
  path: Packages/com.unity.purchasing/Runtime/UnityPaymentProviders/Interfaces/IPaymentProviderService.cs
  artifactKey: Guid(1a1d43f191c494cf09ec367c5c48a124) Importer(2089858483,b0f066a214c2f5e87bad3c948f4d605d)
Start importing Packages/com.unity.purchasing/Runtime/UnityPaymentProviders/Interfaces/IPaymentProviderService.cs using Guid(1a1d43f191c494cf09ec367c5c48a124) Importer(2089858483,b0f066a214c2f5e87bad3c948f4d605d) (ScriptedImporter) -> (artifact id: '9f428cb19258d966656d9a527a96730f') in 0.01787 seconds
Number of updated asset objects reloaded before import = 0Number of asset objects unloaded after import = 0

========================================================================
Received Import Request.
  Time since last request: 0.000109 seconds.
  path: Packages/com.unity.purchasing/Plugins/UnityPurchasing/iOS/SK2/Models/ProductDefinition.swift
  artifactKey: Guid(cbd64bd198075414d9647df77a2d83ae) Importer(2089858483,b0f066a214c2f5e87bad3c948f4d605d)
Start importing Packages/com.unity.purchasing/Plugins/UnityPurchasing/iOS/SK2/Models/ProductDefinition.swift using Guid(cbd64bd198075414d9647df77a2d83ae) Importer(2089858483,b0f066a214c2f5e87bad3c948f4d605d) (ScriptedImporter) -> (artifact id: '18b97f4a3efbbd7ed1bbcec654410ffb') in 0.0213183 seconds
Number of updated asset objects reloaded before import = 0Number of asset objects unloaded after import = 0

========================================================================
Received Import Request.
  Time since last request: 0.000103 seconds.
  path: Packages/com.unity.purchasing/Editor/ServiceProjectSettings/UI/UXML/AISkills.uxml
  artifactKey: Guid(23ea7c93fc95eb544a69252c0e6311a8) Importer(2089858483,b0f066a214c2f5e87bad3c948f4d605d)
Start importing Packages/com.unity.purchasing/Editor/ServiceProjectSettings/UI/UXML/AISkills.uxml using Guid(23ea7c93fc95eb544a69252c0e6311a8) Importer(2089858483,b0f066a214c2f5e87bad3c948f4d605d) (ScriptedImporter) -> (artifact id: '9dfc96cd1eab92b0077ad43dd60436bb') in 0.0277072 seconds
Number of updated asset objects reloaded before import = 0Number of asset objects unloaded after import = 2

========================================================================
Received Import Request.
  Time since last request: 0.000023 seconds.
  path: Packages/com.unity.services.core/Editor/Core/Scheduler
  artifactKey: Guid(0eb58e505d1d7a64dbb77f197ea72ebe) Importer(2089858483,b0f066a214c2f5e87bad3c948f4d605d)
Start importing Packages/com.unity.services.core/Editor/Core/Scheduler using Guid(0eb58e505d1d7a64dbb77f197ea72ebe) Importer(2089858483,b0f066a214c2f5e87bad3c948f4d605d) (ScriptedImporter) -> (artifact id: 'f46a183f956735ac603d31ceb7d577f0') in 0.0176352 seconds
Number of updated asset objects reloaded before import = 0Number of asset objects unloaded after import = 1

========================================================================
Received Import Request.
  Time since last request: 0.000042 seconds.
  path: Packages/com.unity.purchasing/Editor/Authoring/PurchasingAdminApi/Client/Model/PaymentProviderConfigurationResponse.cs
  artifactKey: Guid(a835066dc41514de882f6058a9c353b4) Importer(2089858483,b0f066a214c2f5e87bad3c948f4d605d)
Start importing Packages/com.unity.purchasing/Editor/Authoring/PurchasingAdminApi/Client/Model/PaymentProviderConfigurationResponse.cs using Guid(a835066dc41514de882f6058a9c353b4) Importer(2089858483,b0f066a214c2f5e87bad3c948f4d605d) (ScriptedImporter) -> (artifact id: '69d254386b17a00cb6b0a1d8df14b258') in 0.0171054 seconds
Number of updated asset objects reloaded before import = 0Number of asset objects unloaded after import = 0

========================================================================
Received Import Request.
  Time since last request: 0.000079 seconds.
  path: Packages/com.unity.microsoft.gdk/Runtime/XBL/Events
  artifactKey: Guid(bd20a96a11984a35bfeecce41127a49a) Importer(2089858483,b0f066a214c2f5e87bad3c948f4d605d)
Start importing Packages/com.unity.microsoft.gdk/Runtime/XBL/Events using Guid(bd20a96a11984a35bfeecce41127a49a) Importer(2089858483,b0f066a214c2f5e87bad3c948f4d605d) (ScriptedImporter) -> (artifact id: '66bc251b0c1ca459af2d7ff593b0946c') in 0.0186372 seconds
Number of updated asset objects reloaded before import = 0Number of asset objects unloaded after import = 1

========================================================================
Received Import Request.
  Time since last request: 0.000032 seconds.
  path: Packages/com.unity.services.deployment/Editor/DeploymentDefinitions/UI/Assets
  artifactKey: Guid(cc922b237ffa64923bc8fefd5f4f7f25) Importer(2089858483,b0f066a214c2f5e87bad3c948f4d605d)
Start importing Packages/com.unity.services.deployment/Editor/DeploymentDefinitions/UI/Assets using Guid(cc922b237ffa64923bc8fefd5f4f7f25) Importer(2089858483,b0f066a214c2f5e87bad3c948f4d605d) (ScriptedImporter) -> (artifact id: 'b192b33b3bb703dc9b4524856b8b81bd') in 0.0166061 seconds
Number of updated asset objects reloaded before import = 0Number of asset objects unloaded after import = 1

========================================================================
Received Import Request.
  Time since last request: 0.000079 seconds.
  path: Packages/com.unity.microsoft.gdk/Runtime/XBL/AchievementsManager/XblAchievementsManagerEventType.cs
  artifactKey: Guid(a875d09096c365a4da7e5a84fa9f2bbc) Importer(2089858483,b0f066a214c2f5e87bad3c948f4d605d)
Start importing Packages/com.unity.microsoft.gdk/Runtime/XBL/AchievementsManager/XblAchievementsManagerEventType.cs using Guid(a875d09096c365a4da7e5a84fa9f2bbc) Importer(2089858483,b0f066a214c2f5e87bad3c948f4d605d) (ScriptedImporter) -> (artifact id: 'a14dafdc4260ff7bd9295a6369d2eb83') in 0.0187169 seconds
Number of updated asset objects reloaded before import = 0Number of asset objects unloaded after import = 0

========================================================================
Received Import Request.
  Time since last request: 0.000032 seconds.
  path: Packages/com.unity.purchasing/Editor/Shared/EditorUtils
  artifactKey: Guid(4723aa2c9bbc4cd9b925babfd472f949) Importer(2089858483,b0f066a214c2f5e87bad3c948f4d605d)
Start importing Packages/com.unity.purchasing/Editor/Shared/EditorUtils using Guid(4723aa2c9bbc4cd9b925babfd472f949) Importer(2089858483,b0f066a214c2f5e87bad3c948f4d605d) (ScriptedImporter) -> (artifact id: '3566dc763393ce91d53c9a1eb071d22a') in 0.0173872 seconds
Number of updated asset objects reloaded before import = 0Number of asset objects unloaded after import = 1

========================================================================
Received Import Request.
  Time since last request: 0.000036 seconds.
  path: Packages/com.unity.purchasing/Runtime/Purchasing/Stores/Android/GooglePlay/AAR/Interfaces/IGooglePurchase.cs
  artifactKey: Guid(318df9a589f34bacbd78ba634263ed15) Importer(2089858483,b0f066a214c2f5e87bad3c948f4d605d)
Start importing Packages/com.unity.purchasing/Runtime/Purchasing/Stores/Android/GooglePlay/AAR/Interfaces/IGooglePurchase.cs using Guid(318df9a589f34bacbd78ba634263ed15) Importer(2089858483,b0f066a214c2f5e87bad3c948f4d605d) (ScriptedImporter) -> (artifact id: '0a4fa8902155f828205c64a60f69d449') in 0.0190005 seconds
Number of updated asset objects reloaded before import = 0Number of asset objects unloaded after import = 0

========================================================================
Received Import Request.
  Time since last request: 0.000044 seconds.
  path: Packages/com.unity.services.deployment/LICENSE.md
  artifactKey: Guid(d2e0555db1eb748748be38a279b58d44) Importer(2089858483,b0f066a214c2f5e87bad3c948f4d605d)
Start importing Packages/com.unity.services.deployment/LICENSE.md using Guid(d2e0555db1eb748748be38a279b58d44) Importer(2089858483,b0f066a214c2f5e87bad3c948f4d605d) (ScriptedImporter) -> (artifact id: '7ea21dafa20e8f23fe31a83a970575d4') in 0.0194628 seconds
Number of updated asset objects reloaded before import = 0Number of asset objects unloaded after import = 1

========================================================================
Received Import Request.
  Time since last request: 0.000021 seconds.
  path: Packages/com.unity.purchasing/Runtime/Purchasing/Core/Product/Android/JavaBridge.cs
  artifactKey: Guid(763032f541f3454f911f13ee390be891) Importer(2089858483,b0f066a214c2f5e87bad3c948f4d605d)
Start importing Packages/com.unity.purchasing/Runtime/Purchasing/Core/Product/Android/JavaBridge.cs using Guid(763032f541f3454f911f13ee390be891) Importer(2089858483,b0f066a214c2f5e87bad3c948f4d605d) (ScriptedImporter) -> (artifact id: '88a925671c79b8900c3840b708522533') in 0.0182591 seconds
Number of updated asset objects reloaded before import = 0Number of asset objects unloaded after import = 0

========================================================================
Received Import Request.
  Time since last request: 0.000116 seconds.
  path: Packages/com.unity.services.core/Runtime/Scheduler/AssemblyInfo.cs
  artifactKey: Guid(dbc247fa3550140d3983e118699f3f18) Importer(2089858483,b0f066a214c2f5e87bad3c948f4d605d)
Start importing Packages/com.unity.services.core/Runtime/Scheduler/AssemblyInfo.cs using Guid(dbc247fa3550140d3983e118699f3f18) Importer(2089858483,b0f066a214c2f5e87bad3c948f4d605d) (ScriptedImporter) -> (artifact id: 'cf435219a7a3c02c71665e315cf38678') in 0.0189437 seconds
Number of updated asset objects reloaded before import = 0Number of asset objects unloaded after import = 0

========================================================================
Received Import Request.
  Time since last request: 0.000139 seconds.
  path: Packages/com.unity.services.core/Editor/Core/Environments/Client/Models/IdentityIOneOf.cs
  artifactKey: Guid(f4753c82e9efa4528a60bf86e36dddeb) Importer(2089858483,b0f066a214c2f5e87bad3c948f4d605d)
Start importing Packages/com.unity.services.core/Editor/Core/Environments/Client/Models/IdentityIOneOf.cs using Guid(f4753c82e9efa4528a60bf86e36dddeb) Importer(2089858483,b0f066a214c2f5e87bad3c948f4d605d) (ScriptedImporter) -> (artifact id: 'fba54e196e23484616827ee2e4a5a003') in 0.0165977 seconds
Number of updated asset objects reloaded before import = 0Number of asset objects unloaded after import = 0

========================================================================
Received Import Request.
  Time since last request: 0.000077 seconds.
  path: Packages/com.unity.microsoft.gdk/Runtime/XBL/Presence/XblPresenceDeviceType.cs
  artifactKey: Guid(be4a048ead4c452db18e60f97a5868a0) Importer(2089858483,b0f066a214c2f5e87bad3c948f4d605d)
Start importing Packages/com.unity.microsoft.gdk/Runtime/XBL/Presence/XblPresenceDeviceType.cs using Guid(be4a048ead4c452db18e60f97a5868a0) Importer(2089858483,b0f066a214c2f5e87bad3c948f4d605d) (ScriptedImporter) -> (artifact id: '39bdadc058f639a9f6ee64bf31f0b325') in 0.017214 seconds
Number of updated asset objects reloaded before import = 0Number of asset objects unloaded after import = 0

========================================================================
Received Import Request.
  Time since last request: 0.000056 seconds.
  path: Packages/com.unity.analytics/Tests/Editor/UserSignupTests.cs
  artifactKey: Guid(8b0f0c8689876421c90e7b60f096325a) Importer(2089858483,b0f066a214c2f5e87bad3c948f4d605d)
Start importing Packages/com.unity.analytics/Tests/Editor/UserSignupTests.cs using Guid(8b0f0c8689876421c90e7b60f096325a) Importer(2089858483,b0f066a214c2f5e87bad3c948f4d605d) (ScriptedImporter) -> (artifact id: 'd0ca0f68aff60e14384a490bf3b0869c') in 0.0181593 seconds
Number of updated asset objects reloaded before import = 0Number of asset objects unloaded after import = 0

========================================================================
Received Import Request.
  Time since last request: 0.000098 seconds.
  path: Packages/com.unity.purchasing/Runtime/UnityWebshops/Models/WebshopLinkData.cs
  artifactKey: Guid(a080a129b57bb41979be9a4582e08973) Importer(2089858483,b0f066a214c2f5e87bad3c948f4d605d)
Start importing Packages/com.unity.purchasing/Runtime/UnityWebshops/Models/WebshopLinkData.cs using Guid(a080a129b57bb41979be9a4582e08973) Importer(2089858483,b0f066a214c2f5e87bad3c948f4d605d) (ScriptedImporter) -> (artifact id: '1854e70e85adc408ebde04e0d8d1ad48') in 0.0185884 seconds
Number of updated asset objects reloaded before import = 0Number of asset objects unloaded after import = 0

========================================================================
Received Import Request.
  Time since last request: 0.000081 seconds.
  path: Packages/com.unity.purchasing/Runtime/Stores/Analytics/Utilitiles/TransactionFailedEventHelper.cs
  artifactKey: Guid(460dc0a6beaec8742b6a2c4666c7e469) Importer(2089858483,b0f066a214c2f5e87bad3c948f4d605d)
Start importing Packages/com.unity.purchasing/Runtime/Stores/Analytics/Utilitiles/TransactionFailedEventHelper.cs using Guid(460dc0a6beaec8742b6a2c4666c7e469) Importer(2089858483,b0f066a214c2f5e87bad3c948f4d605d) (ScriptedImporter) -> (artifact id: 'eb14dc065b0f79c9c1aa210b8224d113') in 0.0198521 seconds
Number of updated asset objects reloaded before import = 0Number of asset objects unloaded after import = 0

========================================================================
Received Import Request.
  Time since last request: 0.000063 seconds.
  path: Packages/com.unity.services.core/Editor/Core/Environments/Client/Scheduler/ThreadHelper.cs
  artifactKey: Guid(142dc26b3b00c43c9b5fdfde8e313179) Importer(2089858483,b0f066a214c2f5e87bad3c948f4d605d)
Start importing Packages/com.unity.services.core/Editor/Core/Environments/Client/Scheduler/ThreadHelper.cs using Guid(142dc26b3b00c43c9b5fdfde8e313179) Importer(2089858483,b0f066a214c2f5e87bad3c948f4d605d) (ScriptedImporter) -> (artifact id: '9740dc4ab112f01471e93d9f4c235960') in 0.0172746 seconds
Number of updated asset objects reloaded before import = 0Number of asset objects unloaded after import = 0

========================================================================
Received Import Request.
  Time since last request: 0.000084 seconds.
  path: Packages/com.unity.purchasing/Runtime/Stores/Data/Insights/Models/DeviceInfo.cs
  artifactKey: Guid(1a50ede7242840eebf675a43e07b63fd) Importer(2089858483,b0f066a214c2f5e87bad3c948f4d605d)
Start importing Packages/com.unity.purchasing/Runtime/Stores/Data/Insights/Models/DeviceInfo.cs using Guid(1a50ede7242840eebf675a43e07b63fd) Importer(2089858483,b0f066a214c2f5e87bad3c948f4d605d) (ScriptedImporter) -> (artifact id: '0023c8b5768076d0551ba2b2ad055c0d') in 0.0146218 seconds
Number of updated asset objects reloaded before import = 0Number of asset objects unloaded after import = 0

========================================================================
Received Import Request.
  Time since last request: 0.000050 seconds.
  path: Packages/com.unity.purchasing/Editor/Authoring/Core/Service/ILiveContentApiTransport.cs
  artifactKey: Guid(1b51e0605d7b945b8b4ff12e7fbbfb43) Importer(2089858483,b0f066a214c2f5e87bad3c948f4d605d)
Start importing Packages/com.unity.purchasing/Editor/Authoring/Core/Service/ILiveContentApiTransport.cs using Guid(1b51e0605d7b945b8b4ff12e7fbbfb43) Importer(2089858483,b0f066a214c2f5e87bad3c948f4d605d) (ScriptedImporter) -> (artifact id: '08a2e0b39a20a425dbf88af2d9ad63cb') in 0.0142753 seconds
Number of updated asset objects reloaded before import = 0Number of asset objects unloaded after import = 0

========================================================================
Received Import Request.
  Time since last request: 0.000696 seconds.
  path: Packages/com.unity.purchasing/Runtime/TransactionVerifier/Client/Apis/GoogleApi.cs
  artifactKey: Guid(549fefbf712e6415ca21df84fe760a3f) Importer(2089858483,b0f066a214c2f5e87bad3c948f4d605d)
Start importing Packages/com.unity.purchasing/Runtime/TransactionVerifier/Client/Apis/GoogleApi.cs using Guid(549fefbf712e6415ca21df84fe760a3f) Importer(2089858483,b0f066a214c2f5e87bad3c948f4d605d) (ScriptedImporter) -> (artifact id: '7f471c644d38c0370d74bdca556da53c') in 0.0191109 seconds
Number of updated asset objects reloaded before import = 0Number of asset objects unloaded after import = 0

========================================================================
Received Import Request.
  Time since last request: 0.102907 seconds.
  path: Packages/com.unity.purchasing/Runtime/UnityPaymentProviders/Models/CatalogProductData.cs
  artifactKey: Guid(8373112621494876aff1de21abe8eb1b) Importer(2089858483,b0f066a214c2f5e87bad3c948f4d605d)
Start importing Packages/com.unity.purchasing/Runtime/UnityPaymentProviders/Models/CatalogProductData.cs using Guid(8373112621494876aff1de21abe8eb1b) Importer(2089858483,b0f066a214c2f5e87bad3c948f4d605d) (ScriptedImporter) -> (artifact id: '64e7e0d2fa33f20707698d869d0cb02f') in 0.021245 seconds
Number of updated asset objects reloaded before import = 0Number of asset objects unloaded after import = 0

========================================================================
Received Import Request.
  Time since last request: 0.000026 seconds.
  path: Packages/com.unity.purchasing/Runtime/UnityLiveContentAdapter/Models/CloudProjectAuthenticationException.cs
  artifactKey: Guid(0961e89feb2d046a1a91ff8a13fc0fbc) Importer(2089858483,b0f066a214c2f5e87bad3c948f4d605d)
Start importing Packages/com.unity.purchasing/Runtime/UnityLiveContentAdapter/Models/CloudProjectAuthenticationException.cs using Guid(0961e89feb2d046a1a91ff8a13fc0fbc) Importer(2089858483,b0f066a214c2f5e87bad3c948f4d605d) (ScriptedImporter) -> (artifact id: '5e7a738ce45999728668bd2e5647a969') in 0.0197968 seconds
Number of updated asset objects reloaded before import = 0Number of asset objects unloaded after import = 0

========================================================================
Received Import Request.
  Time since last request: 0.000130 seconds.
  path: Packages/com.unity.services.deployment/Editor/DeploymentDefinitions/DeploymentDefinition.cs
  artifactKey: Guid(4f35038c5bc6c4c4ea7fab7e029662be) Importer(2089858483,b0f066a214c2f5e87bad3c948f4d605d)
Start importing Packages/com.unity.services.deployment/Editor/DeploymentDefinitions/DeploymentDefinition.cs using Guid(4f35038c5bc6c4c4ea7fab7e029662be) Importer(2089858483,b0f066a214c2f5e87bad3c948f4d605d) (ScriptedImporter) -> (artifact id: '6aad4224d14d2d51132c43fdbe7650e9') in 0.0195232 seconds
Number of updated asset objects reloaded before import = 0Number of asset objects unloaded after import = 0

========================================================================
Received Import Request.
  Time since last request: 0.000068 seconds.
  path: Packages/com.unity.microsoft.gdk/Runtime/XBL/MultiplayerActivity/XblMultiplayerActivityJoinRestriction.cs
  artifactKey: Guid(5bccb184c2dd5be4a95975494f6d7bd3) Importer(2089858483,b0f066a214c2f5e87bad3c948f4d605d)
Start importing Packages/com.unity.microsoft.gdk/Runtime/XBL/MultiplayerActivity/XblMultiplayerActivityJoinRestriction.cs using Guid(5bccb184c2dd5be4a95975494f6d7bd3) Importer(2089858483,b0f066a214c2f5e87bad3c948f4d605d) (ScriptedImporter) -> (artifact id: '7c96ac890e23349a9109daf15654669c') in 0.0177706 seconds
Number of updated asset objects reloaded before import = 0Number of asset objects unloaded after import = 0

========================================================================
Received Import Request.
  Time since last request: 0.000266 seconds.
  path: Packages/com.unity.purchasing/Runtime/TransactionVerifier/Client/Http/HttpException.cs
  artifactKey: Guid(88c116a0ba1e3455cbd05735c4c30711) Importer(2089858483,b0f066a214c2f5e87bad3c948f4d605d)
Start importing Packages/com.unity.purchasing/Runtime/TransactionVerifier/Client/Http/HttpException.cs using Guid(88c116a0ba1e3455cbd05735c4c30711) Importer(2089858483,b0f066a214c2f5e87bad3c948f4d605d) (ScriptedImporter) -> (artifact id: '67a66ecda0bb03e9dfdc212d7e13101d') in 0.0185822 seconds
Number of updated asset objects reloaded before import = 0Number of asset objects unloaded after import = 0

========================================================================
Received Import Request.
  Time since last request: 0.000210 seconds.
  path: Packages/com.unity.services.core/Runtime/Telemetry/Diagnotstics/DisabledDiagnostics.cs
  artifactKey: Guid(30648dc766559254d8ef3209219478ab) Importer(2089858483,b0f066a214c2f5e87bad3c948f4d605d)
Start importing Packages/com.unity.services.core/Runtime/Telemetry/Diagnotstics/DisabledDiagnostics.cs using Guid(30648dc766559254d8ef3209219478ab) Importer(2089858483,b0f066a214c2f5e87bad3c948f4d605d) (ScriptedImporter) -> (artifact id: 'cb9012d3628c216e8648ba838bf80a5f') in 0.0220017 seconds
Number of updated asset objects reloaded before import = 0Number of asset objects unloaded after import = 0

========================================================================
Received Import Request.
  Time since last request: 0.000057 seconds.
  path: Packages/com.unity.services.core/Runtime/Core.Internal/AsyncOperation/AsyncOperation.cs
  artifactKey: Guid(1978478d5dedf4c0bbc8a8ac97566699) Importer(2089858483,b0f066a214c2f5e87bad3c948f4d605d)
Start importing Packages/com.unity.services.core/Runtime/Core.Internal/AsyncOperation/AsyncOperation.cs using Guid(1978478d5dedf4c0bbc8a8ac97566699) Importer(2089858483,b0f066a214c2f5e87bad3c948f4d605d) (ScriptedImporter) -> (artifact id: '667163c4e4865fb2d717ba4e78c6ad9c') in 0.0154846 seconds
Number of updated asset objects reloaded before import = 0Number of asset objects unloaded after import = 0

========================================================================
Received Import Request.
  Time since last request: 0.000112 seconds.
  path: Packages/com.unity.microsoft.gdk/ValidationConfig.json
  artifactKey: Guid(17d542a57aed83c4b8906f8f5a8b007c) Importer(2089858483,b0f066a214c2f5e87bad3c948f4d605d)
Start importing Packages/com.unity.microsoft.gdk/ValidationConfig.json using Guid(17d542a57aed83c4b8906f8f5a8b007c) Importer(2089858483,b0f066a214c2f5e87bad3c948f4d605d) (ScriptedImporter) -> (artifact id: '80f0df527e688478b9709208b3b1d645') in 0.0163381 seconds
Number of updated asset objects reloaded before import = 0Number of asset objects unloaded after import = 1

========================================================================
Received Import Request.
  Time since last request: 0.000028 seconds.
  path: Packages/com.unity.services.core/Editor/Core/EditorGameService/Analytics
  artifactKey: Guid(b315fd610cdac4a2c9761c472c2813b2) Importer(2089858483,b0f066a214c2f5e87bad3c948f4d605d)
Start importing Packages/com.unity.services.core/Editor/Core/EditorGameService/Analytics using Guid(b315fd610cdac4a2c9761c472c2813b2) Importer(2089858483,b0f066a214c2f5e87bad3c948f4d605d) (ScriptedImporter) -> (artifact id: 'f15634700abce45e17e2c6db2684e49c') in 0.0166225 seconds
Number of updated asset objects reloaded before import = 0Number of asset objects unloaded after import = 1

========================================================================
Received Import Request.
  Time since last request: 0.000039 seconds.
  path: Packages/com.unity.services.core/Runtime/Networking/AssemblyInfo.cs
  artifactKey: Guid(18566762fc26b7949ab81cd5526fd740) Importer(2089858483,b0f066a214c2f5e87bad3c948f4d605d)
Start importing Packages/com.unity.services.core/Runtime/Networking/AssemblyInfo.cs using Guid(18566762fc26b7949ab81cd5526fd740) Importer(2089858483,b0f066a214c2f5e87bad3c948f4d605d) (ScriptedImporter) -> (artifact id: 'd4ab9047c617e61d50538c3f6920c2f5') in 0.0208961 seconds
Number of updated asset objects reloaded before import = 0Number of asset objects unloaded after import = 0

========================================================================
Received Import Request.
  Time since last request: 0.000049 seconds.
  path: Packages/com.unity.purchasing/Runtime/Purchasing/Core/Exceptions/StoreCreationException.cs
  artifactKey: Guid(4c40554e4c14d4b48b31f4d09feec86f) Importer(2089858483,b0f066a214c2f5e87bad3c948f4d605d)
Start importing Packages/com.unity.purchasing/Runtime/Purchasing/Core/Exceptions/StoreCreationException.cs using Guid(4c40554e4c14d4b48b31f4d09feec86f) Importer(2089858483,b0f066a214c2f5e87bad3c948f4d605d) (ScriptedImporter) -> (artifact id: '5b0f1fa5d6b8d7ea92a18bdbb6dd6fba') in 0.0174495 seconds
Number of updated asset objects reloaded before import = 0Number of asset objects unloaded after import = 0

========================================================================
Received Import Request.
  Time since last request: 0.000091 seconds.
  path: Packages/com.unity.services.deployment.api/Editor/DeploymentWindowApi/AssetState.cs
  artifactKey: Guid(3233e2629b3e493190041b7c83f7601f) Importer(2089858483,b0f066a214c2f5e87bad3c948f4d605d)
Start importing Packages/com.unity.services.deployment.api/Editor/DeploymentWindowApi/AssetState.cs using Guid(3233e2629b3e493190041b7c83f7601f) Importer(2089858483,b0f066a214c2f5e87bad3c948f4d605d) (ScriptedImporter) -> (artifact id: '5127ef775851e7ed765b80bc3fdc7381') in 0.0174584 seconds
Number of updated asset objects reloaded before import = 0Number of asset objects unloaded after import = 0

========================================================================
Received Import Request.
  Time since last request: 0.000091 seconds.
  path: Packages/com.unity.ai.navigation/Runtime
  artifactKey: Guid(ce67aa87f613246dda63a54a59c6399e) Importer(2089858483,b0f066a214c2f5e87bad3c948f4d605d)
Start importing Packages/com.unity.ai.navigation/Runtime using Guid(ce67aa87f613246dda63a54a59c6399e) Importer(2089858483,b0f066a214c2f5e87bad3c948f4d605d) (ScriptedImporter) -> (artifact id: '6f83b83833f504a09429918705be8623') in 0.018689 seconds
Number of updated asset objects reloaded before import = 0Number of asset objects unloaded after import = 1

========================================================================
Received Import Request.
  Time since last request: 0.000025 seconds.
  path: Packages/com.unity.microsoft.gdk/Runtime/XBL/MultiplayerManager/XblMultiplayerMetrics.cs
  artifactKey: Guid(9ce551ea607ca1e4e9a3bbc9874e11d3) Importer(2089858483,b0f066a214c2f5e87bad3c948f4d605d)
Start importing Packages/com.unity.microsoft.gdk/Runtime/XBL/MultiplayerManager/XblMultiplayerMetrics.cs using Guid(9ce551ea607ca1e4e9a3bbc9874e11d3) Importer(2089858483,b0f066a214c2f5e87bad3c948f4d605d) (ScriptedImporter) -> (artifact id: '528105b020e20b00a8511d0c402d7251') in 0.019175 seconds
Number of updated asset objects reloaded before import = 0Number of asset objects unloaded after import = 0

========================================================================
Received Import Request.
  Time since last request: 0.000167 seconds.
  path: Packages/com.unity.purchasing/Runtime/Purchasing
  artifactKey: Guid(46617530da3e4b61aed5ec7e0ab8901b) Importer(2089858483,b0f066a214c2f5e87bad3c948f4d605d)
Start importing Packages/com.unity.purchasing/Runtime/Purchasing using Guid(46617530da3e4b61aed5ec7e0ab8901b) Importer(2089858483,b0f066a214c2f5e87bad3c948f4d605d) (ScriptedImporter) -> (artifact id: 'ca96116d93b8fe20c1fbfed9b8e00dc5') in 0.0171739 seconds
Number of updated asset objects reloaded before import = 0Number of asset objects unloaded after import = 1

========================================================================
Received Import Request.
  Time since last request: 0.000059 seconds.
  path: Packages/com.unity.purchasing/Runtime/SecurityStub/Unity.Purchasing.SecurityStub.asmdef
  artifactKey: Guid(d0bf1e9f644394e1de13e6ae02458b07) Importer(2089858483,b0f066a214c2f5e87bad3c948f4d605d)
Start importing Packages/com.unity.purchasing/Runtime/SecurityStub/Unity.Purchasing.SecurityStub.asmdef using Guid(d0bf1e9f644394e1de13e6ae02458b07) Importer(2089858483,b0f066a214c2f5e87bad3c948f4d605d) (ScriptedImporter) -> (artifact id: 'd46c1fd7f6bf0a1da16353716e2a51e3') in 0.0199292 seconds
Number of updated asset objects reloaded before import = 0Number of asset objects unloaded after import = 1

========================================================================
Received Import Request.
  Time since last request: 0.000087 seconds.
  path: Packages/com.unity.services.core/Editor/Core/Utils/FileSystem/FileSystem.cs
  artifactKey: Guid(85397440c8b947aabfac8225f2d98312) Importer(2089858483,b0f066a214c2f5e87bad3c948f4d605d)
Start importing Packages/com.unity.services.core/Editor/Core/Utils/FileSystem/FileSystem.cs using Guid(85397440c8b947aabfac8225f2d98312) Importer(2089858483,b0f066a214c2f5e87bad3c948f4d605d) (ScriptedImporter) -> (artifact id: 'b2d0c64754c8af361fc2aba37035da5d') in 0.0183365 seconds
Number of updated asset objects reloaded before import = 0Number of asset objects unloaded after import = 0

========================================================================
Received Import Request.
  Time since last request: 0.000062 seconds.
  path: Packages/com.unity.purchasing/Runtime/TransactionVerifier/Client/Models/VerifyAppleTransactionRequest.cs
  artifactKey: Guid(640aed1689a294e7f832fc9f231f27d2) Importer(2089858483,b0f066a214c2f5e87bad3c948f4d605d)
Start importing Packages/com.unity.purchasing/Runtime/TransactionVerifier/Client/Models/VerifyAppleTransactionRequest.cs using Guid(640aed1689a294e7f832fc9f231f27d2) Importer(2089858483,b0f066a214c2f5e87bad3c948f4d605d) (ScriptedImporter) -> (artifact id: '696595a2109738c6cfc44841aa0f69e0') in 0.0182957 seconds
Number of updated asset objects reloaded before import = 0Number of asset objects unloaded after import = 0

========================================================================
Received Import Request.
  Time since last request: 0.000100 seconds.
  path: Packages/com.unity.microsoft.gdk/Runtime/Interop/XBL/Multiplayer/XblMultiplayerSessionQueryResult.cs
  artifactKey: Guid(312f20abb7493a8469e53726b2bdbd2f) Importer(2089858483,b0f066a214c2f5e87bad3c948f4d605d)
Start importing Packages/com.unity.microsoft.gdk/Runtime/Interop/XBL/Multiplayer/XblMultiplayerSessionQueryResult.cs using Guid(312f20abb7493a8469e53726b2bdbd2f) Importer(2089858483,b0f066a214c2f5e87bad3c948f4d605d) (ScriptedImporter) -> (artifact id: 'b04d16339544e11ac89da5dae76fd330') in 0.0145908 seconds
Number of updated asset objects reloaded before import = 0Number of asset objects unloaded after import = 0

========================================================================
Received Import Request.
  Time since last request: 0.000061 seconds.
  path: Packages/com.unity.purchasing/Runtime/UnityLiveContentAdapter/Interfaces/ILiveContentAdapterService.cs
  artifactKey: Guid(0fa12083202cd449ca3ae4ec6cb52eec) Importer(2089858483,b0f066a214c2f5e87bad3c948f4d605d)
Start importing Packages/com.unity.purchasing/Runtime/UnityLiveContentAdapter/Interfaces/ILiveContentAdapterService.cs using Guid(0fa12083202cd449ca3ae4ec6cb52eec) Importer(2089858483,b0f066a214c2f5e87bad3c948f4d605d) (ScriptedImporter) -> (artifact id: 'd01bf5c0a12b04bef1d82379bb0354d9') in 0.0173702 seconds
Number of updated asset objects reloaded before import = 0Number of asset objects unloaded after import = 0

========================================================================
Received Import Request.
  Time since last request: 0.000063 seconds.
  path: Packages/com.unity.purchasing/Runtime/Purchasing/CoreServices/Interfaces
  artifactKey: Guid(83b14ff67c40407fb8772d37e2961a3d) Importer(2089858483,b0f066a214c2f5e87bad3c948f4d605d)
Start importing Packages/com.unity.purchasing/Runtime/Purchasing/CoreServices/Interfaces using Guid(83b14ff67c40407fb8772d37e2961a3d) Importer(2089858483,b0f066a214c2f5e87bad3c948f4d605d) (ScriptedImporter) -> (artifact id: 'e81ca43e52983f8eaf6191146263b2bc') in 0.0160347 seconds
Number of updated asset objects reloaded before import = 0Number of asset objects unloaded after import = 1

========================================================================
Received Import Request.
  Time since last request: 0.000028 seconds.
  path: Packages/com.unity.services.core/Runtime/Configuration/Utils/StreamingAssetsUtils.cs
  artifactKey: Guid(3fefd9c9a0e33734aba3b2fc03b44585) Importer(2089858483,b0f066a214c2f5e87bad3c948f4d605d)
Start importing Packages/com.unity.services.core/Runtime/Configuration/Utils/StreamingAssetsUtils.cs using Guid(3fefd9c9a0e33734aba3b2fc03b44585) Importer(2089858483,b0f066a214c2f5e87bad3c948f4d605d) (ScriptedImporter) -> (artifact id: 'ca002424365ef971a331d38933f1572a') in 0.0224497 seconds
Number of updated asset objects reloaded before import = 0Number of asset objects unloaded after import = 0

========================================================================
Received Import Request.
  Time since last request: 0.000093 seconds.
  path: Packages/com.unity.purchasing/Editor/Authoring/Import/Google
  artifactKey: Guid(b83843ea031c04b91beea6aa835af66f) Importer(2089858483,b0f066a214c2f5e87bad3c948f4d605d)
Start importing Packages/com.unity.purchasing/Editor/Authoring/Import/Google using Guid(b83843ea031c04b91beea6aa835af66f) Importer(2089858483,b0f066a214c2f5e87bad3c948f4d605d) (ScriptedImporter) -> (artifact id: 'd270bc5655e2a6babc8e2eb0eb4a4f3c') in 0.0153172 seconds
Number of updated asset objects reloaded before import = 0Number of asset objects unloaded after import = 1

========================================================================
Received Import Request.
  Time since last request: 0.000040 seconds.
  path: Packages/com.unity.purchasing/Editor/Shared/EditorUtils/ApplyRevertChangeTracker.Gen.cs
  artifactKey: Guid(c654947eb7f144cabef99f78e8086033) Importer(2089858483,b0f066a214c2f5e87bad3c948f4d605d)
Start importing Packages/com.unity.purchasing/Editor/Shared/EditorUtils/ApplyRevertChangeTracker.Gen.cs using Guid(c654947eb7f144cabef99f78e8086033) Importer(2089858483,b0f066a214c2f5e87bad3c948f4d605d) (ScriptedImporter) -> (artifact id: '1794d61ce2aa8cd79914206f3b308f05') in 0.018983 seconds
Number of updated asset objects reloaded before import = 0Number of asset objects unloaded after import = 0

========================================================================
Received Import Request.
  Time since last request: 0.000027 seconds.
  path: Packages/com.unity.services.deployment/Editor/Interface/UI/Assets/Icons/Deployment.png
  artifactKey: Guid(b0bd3d6c41993426e9b7ab2763372de5) Importer(2089858483,b0f066a214c2f5e87bad3c948f4d605d)
Start importing Packages/com.unity.services.deployment/Editor/Interface/UI/Assets/Icons/Deployment.png using Guid(b0bd3d6c41993426e9b7ab2763372de5) Importer(2089858483,b0f066a214c2f5e87bad3c948f4d605d) (ScriptedImporter) -> (artifact id: 'd7c6aca8b0db2e4c276bd29ae6a3c50e') in 0.0254425 seconds
Number of updated asset objects reloaded before import = 0Number of asset objects unloaded after import = 1

========================================================================
Received Import Request.
  Time since last request: 0.000022 seconds.
  path: Packages/com.unity.purchasing/Editor/Authoring/PurchasingAdminApi/Client/Model/PaymentProviderConfigurationResponseShopConfigurations.cs
  artifactKey: Guid(03504aeee1e1e47578fe90440870a10e) Importer(2089858483,b0f066a214c2f5e87bad3c948f4d605d)
Start importing Packages/com.unity.purchasing/Editor/Authoring/PurchasingAdminApi/Client/Model/PaymentProviderConfigurationResponseShopConfigurations.cs using Guid(03504aeee1e1e47578fe90440870a10e) Importer(2089858483,b0f066a214c2f5e87bad3c948f4d605d) (ScriptedImporter) -> (artifact id: '4cc01e5782215d988c85390dd0a4f184') in 0.016691 seconds
Number of updated asset objects reloaded before import = 0Number of asset objects unloaded after import = 0

========================================================================
Received Import Request.
  Time since last request: 0.000062 seconds.
  path: Packages/com.unity.purchasing/Editor/Authoring/Core/Model/Enums/StoreId.cs
  artifactKey: Guid(cee5b7aa65c604d47b34e39828eba60a) Importer(2089858483,b0f066a214c2f5e87bad3c948f4d605d)
Start importing Packages/com.unity.purchasing/Editor/Authoring/Core/Model/Enums/StoreId.cs using Guid(cee5b7aa65c604d47b34e39828eba60a) Importer(2089858483,b0f066a214c2f5e87bad3c948f4d605d) (ScriptedImporter) -> (artifact id: 'b1be73e5e62ac7fa9994471755a3d92a') in 0.0151196 seconds
Number of updated asset objects reloaded before import = 0Number of asset objects unloaded after import = 0

========================================================================
Received Import Request.
  Time since last request: 0.000064 seconds.
  path: Packages/com.unity.xr.legacyinputhelpers/Runtime/CameraOffset.cs
  artifactKey: Guid(a2483b9bd782f9449a5972b61b7d51a9) Importer(2089858483,b0f066a214c2f5e87bad3c948f4d605d)
Start importing Packages/com.unity.xr.legacyinputhelpers/Runtime/CameraOffset.cs using Guid(a2483b9bd782f9449a5972b61b7d51a9) Importer(2089858483,b0f066a214c2f5e87bad3c948f4d605d) (ScriptedImporter) -> (artifact id: '3ee1db66f175b133b09c2fe0f8d45bdc') in 0.0159337 seconds
Number of updated asset objects reloaded before import = 0Number of asset objects unloaded after import = 0

========================================================================
Received Import Request.
  Time since last request: 0.000076 seconds.
  path: Packages/com.unity.microsoft.gdk/Runtime/XBL/Http/HCTraceLevel.cs
  artifactKey: Guid(b510726526634354825f382add5469ea) Importer(2089858483,b0f066a214c2f5e87bad3c948f4d605d)
Start importing Packages/com.unity.microsoft.gdk/Runtime/XBL/Http/HCTraceLevel.cs using Guid(b510726526634354825f382add5469ea) Importer(2089858483,b0f066a214c2f5e87bad3c948f4d605d) (ScriptedImporter) -> (artifact id: 'c7d3cc67bd521b885e3dd6436c02ee39') in 0.0160682 seconds
Number of updated asset objects reloaded before import = 0Number of asset objects unloaded after import = 0

========================================================================
Received Import Request.
  Time since last request: 0.000051 seconds.
  path: Packages/com.unity.services.deployment/Editor/Interface/UI/Assets/DeploymentToolbar.uxml
  artifactKey: Guid(262df024cd1a496d913d4ea6ed1cf439) Importer(2089858483,b0f066a214c2f5e87bad3c948f4d605d)
Start importing Packages/com.unity.services.deployment/Editor/Interface/UI/Assets/DeploymentToolbar.uxml using Guid(262df024cd1a496d913d4ea6ed1cf439) Importer(2089858483,b0f066a214c2f5e87bad3c948f4d605d) (ScriptedImporter) -> (artifact id: '485d8821c0d88dfe4010dd4a10b2494b') in 0.0299501 seconds
Number of updated asset objects reloaded before import = 0Number of asset objects unloaded after import = 3

========================================================================
Received Import Request.
  Time since last request: 0.000025 seconds.
  path: Packages/com.unity.microsoft.gdk/Runtime/XBL/Events/XblEvents.cs
  artifactKey: Guid(aaa9cc7d3e784f7dac5cdc6a9251eb0e) Importer(2089858483,b0f066a214c2f5e87bad3c948f4d605d)
Start importing Packages/com.unity.microsoft.gdk/Runtime/XBL/Events/XblEvents.cs using Guid(aaa9cc7d3e784f7dac5cdc6a9251eb0e) Importer(2089858483,b0f066a214c2f5e87bad3c948f4d605d) (ScriptedImporter) -> (artifact id: 'dc94a82d29eca77fb1d54e06285e72db') in 0.0191742 seconds
Number of updated asset objects reloaded before import = 0Number of asset objects unloaded after import = 0

========================================================================
Received Import Request.
  Time since last request: 0.000048 seconds.
  path: Packages/com.unity.purchasing/Runtime/Purchasing/Legacy/ConfigurationBuilder.cs
  artifactKey: Guid(ec5bb1e92a964dbcb29b5a332c336316) Importer(2089858483,b0f066a214c2f5e87bad3c948f4d605d)
Start importing Packages/com.unity.purchasing/Runtime/Purchasing/Legacy/ConfigurationBuilder.cs using Guid(ec5bb1e92a964dbcb29b5a332c336316) Importer(2089858483,b0f066a214c2f5e87bad3c948f4d605d) (ScriptedImporter) -> (artifact id: 'af4aac4474b806a34ac9b6ce89570e01') in 0.0187002 seconds
Number of updated asset objects reloaded before import = 0Number of asset objects unloaded after import = 0

========================================================================
Received Import Request.
  Time since last request: 0.000066 seconds.
  path: Packages/com.unity.purchasing/Editor/Shared/WebApi/ApiErrorType.cs
  artifactKey: Guid(0530cbc8cdb4496b8fbbb5f85faed415) Importer(2089858483,b0f066a214c2f5e87bad3c948f4d605d)
Start importing Packages/com.unity.purchasing/Editor/Shared/WebApi/ApiErrorType.cs using Guid(0530cbc8cdb4496b8fbbb5f85faed415) Importer(2089858483,b0f066a214c2f5e87bad3c948f4d605d) (ScriptedImporter) -> (artifact id: '8868b533869619046354fc8577760642') in 0.0157588 seconds
Number of updated asset objects reloaded before import = 0Number of asset objects unloaded after import = 0

========================================================================
Received Import Request.
  Time since last request: 0.000098 seconds.
  path: Packages/com.unity.services.deployment/Core/Glob/GlobOptions.Gen.cs
  artifactKey: Guid(294fe08f4285d4b41938139222ede014) Importer(2089858483,b0f066a214c2f5e87bad3c948f4d605d)
Start importing Packages/com.unity.services.deployment/Core/Glob/GlobOptions.Gen.cs using Guid(294fe08f4285d4b41938139222ede014) Importer(2089858483,b0f066a214c2f5e87bad3c948f4d605d) (ScriptedImporter) -> (artifact id: 'faad5bbe8d26bcba847a5784c0a3a7ab') in 0.0178216 seconds
Number of updated asset objects reloaded before import = 0Number of asset objects unloaded after import = 0

========================================================================
Received Import Request.
  Time since last request: 0.000052 seconds.
  path: Packages/com.unity.ai.navigation/EditorResources/Overlay/d_NavigationOverlay@128.png
  artifactKey: Guid(80899a9fbe3d3364eac2c5924c0a28cf) Importer(2089858483,b0f066a214c2f5e87bad3c948f4d605d)
Start importing Packages/com.unity.ai.navigation/EditorResources/Overlay/d_NavigationOverlay@128.png using Guid(80899a9fbe3d3364eac2c5924c0a28cf) Importer(2089858483,b0f066a214c2f5e87bad3c948f4d605d) (ScriptedImporter) -> (artifact id: '65877aeb109e1e561acaeef885f18827') in 0.0281602 seconds
Number of updated asset objects reloaded before import = 0Number of asset objects unloaded after import = 1

========================================================================
Received Import Request.
  Time since last request: 0.000020 seconds.
  path: Packages/com.unity.purchasing/Editor/Authoring/Model/CatalogItemAsset.cs
  artifactKey: Guid(4ea7e8530d4e42044b5a9c6fcbdff2ea) Importer(2089858483,b0f066a214c2f5e87bad3c948f4d605d)
Start importing Packages/com.unity.purchasing/Editor/Authoring/Model/CatalogItemAsset.cs using Guid(4ea7e8530d4e42044b5a9c6fcbdff2ea) Importer(2089858483,b0f066a214c2f5e87bad3c948f4d605d) (ScriptedImporter) -> (artifact id: '003866c43d1b75eb5b4f4d83a68e3128') in 0.0169523 seconds
Number of updated asset objects reloaded before import = 0Number of asset objects unloaded after import = 0

========================================================================
Received Import Request.
  Time since last request: 0.000092 seconds.
  path: Packages/com.unity.purchasing/Editor/Shared/UI
  artifactKey: Guid(32c47466d1d4431287c830ee90903a34) Importer(2089858483,b0f066a214c2f5e87bad3c948f4d605d)
Start importing Packages/com.unity.purchasing/Editor/Shared/UI using Guid(32c47466d1d4431287c830ee90903a34) Importer(2089858483,b0f066a214c2f5e87bad3c948f4d605d) (ScriptedImporter) -> (artifact id: '95af1b02069beeeba98954940b221b23') in 0.0188674 seconds
Number of updated asset objects reloaded before import = 0Number of asset objects unloaded after import = 1

========================================================================
Received Import Request.
  Time since last request: 0.000057 seconds.
  path: Packages/com.unity.xr.legacyinputhelpers/Runtime/ArmModels/TransitionArmModel.cs
  artifactKey: Guid(93492893b74ab764b83d940916a59b03) Importer(2089858483,b0f066a214c2f5e87bad3c948f4d605d)
Start importing Packages/com.unity.xr.legacyinputhelpers/Runtime/ArmModels/TransitionArmModel.cs using Guid(93492893b74ab764b83d940916a59b03) Importer(2089858483,b0f066a214c2f5e87bad3c948f4d605d) (ScriptedImporter) -> (artifact id: '884a861fc4e478bcdc7a8874276556d0') in 0.0165012 seconds
Number of updated asset objects reloaded before import = 0Number of asset objects unloaded after import = 0

========================================================================
Received Import Request.
  Time since last request: 0.000067 seconds.
  path: Packages/com.unity.services.core/Runtime/Core/ServiceObserver.cs
  artifactKey: Guid(c241d201fc37df94f88d16af9c8a1a05) Importer(2089858483,b0f066a214c2f5e87bad3c948f4d605d)
Start importing Packages/com.unity.services.core/Runtime/Core/ServiceObserver.cs using Guid(c241d201fc37df94f88d16af9c8a1a05) Importer(2089858483,b0f066a214c2f5e87bad3c948f4d605d) (ScriptedImporter) -> (artifact id: '322f3978818d2ee7363d798b0833e006') in 0.0151459 seconds
Number of updated asset objects reloaded before import = 0Number of asset objects unloaded after import = 0

========================================================================
Received Import Request.
  Time since last request: 0.000040 seconds.
  path: Packages/com.unity.purchasing/Runtime/UnityWebshops/Client/Http/DeserializationException.cs
  artifactKey: Guid(679793ef1dfc041189207ffea245eee7) Importer(2089858483,b0f066a214c2f5e87bad3c948f4d605d)
Start importing Packages/com.unity.purchasing/Runtime/UnityWebshops/Client/Http/DeserializationException.cs using Guid(679793ef1dfc041189207ffea245eee7) Importer(2089858483,b0f066a214c2f5e87bad3c948f4d605d) (ScriptedImporter) -> (artifact id: 'b363693cd99c0872f20d6b8ac239d923') in 0.0173957 seconds
Number of updated asset objects reloaded before import = 0Number of asset objects unloaded after import = 0

========================================================================
Received Import Request.
  Time since last request: 0.000044 seconds.
  path: Packages/com.unity.services.deployment/Editor/Shared/Assets/ObservableAssets.Gen.cs
  artifactKey: Guid(13092f28ed8b74e52bb4b799b6edabb0) Importer(2089858483,b0f066a214c2f5e87bad3c948f4d605d)
Start importing Packages/com.unity.services.deployment/Editor/Shared/Assets/ObservableAssets.Gen.cs using Guid(13092f28ed8b74e52bb4b799b6edabb0) Importer(2089858483,b0f066a214c2f5e87bad3c948f4d605d) (ScriptedImporter) -> (artifact id: 'fe9c7fe20eaad90471e9d82f3f05167d') in 0.0180448 seconds
Number of updated asset objects reloaded before import = 0Number of asset objects unloaded after import = 0

========================================================================
Received Import Request.
  Time since last request: 0.000052 seconds.
  path: Packages/com.unity.services.deployment/Third Party Notices.md
  artifactKey: Guid(9d5775d64b99e4d9a801316ed968f63b) Importer(2089858483,b0f066a214c2f5e87bad3c948f4d605d)
Start importing Packages/com.unity.services.deployment/Third Party Notices.md using Guid(9d5775d64b99e4d9a801316ed968f63b) Importer(2089858483,b0f066a214c2f5e87bad3c948f4d605d) (ScriptedImporter) -> (artifact id: '36d7a639f5ff6881f997d55606685ea4') in 0.0176128 seconds
Number of updated asset objects reloaded before import = 0Number of asset objects unloaded after import = 1

========================================================================
Received Import Request.
  Time since last request: 0.000045 seconds.
  path: Packages/com.unity.purchasing/AiAssistantSkills/in-app-purchases/references/convert-adapty.md
  artifactKey: Guid(715ef88ffc840264692a212e7c7429ed) Importer(2089858483,b0f066a214c2f5e87bad3c948f4d605d)
Start importing Packages/com.unity.purchasing/AiAssistantSkills/in-app-purchases/references/convert-adapty.md using Guid(715ef88ffc840264692a212e7c7429ed) Importer(2089858483,b0f066a214c2f5e87bad3c948f4d605d) (ScriptedImporter) -> (artifact id: 'a02427f2725a71b79670c67f5c38daa6') in 0.0161204 seconds
Number of updated asset objects reloaded before import = 0Number of asset objects unloaded after import = 1

========================================================================
Received Import Request.
  Time since last request: 0.000073 seconds.
  path: Packages/com.unity.purchasing/Runtime/Purchasing/Analytics/Interfaces/IAnalyticsAdapter.cs
  artifactKey: Guid(8822bcc6c9f94378acf292c0f5e8bc99) Importer(2089858483,b0f066a214c2f5e87bad3c948f4d605d)
Start importing Packages/com.unity.purchasing/Runtime/Purchasing/Analytics/Interfaces/IAnalyticsAdapter.cs using Guid(8822bcc6c9f94378acf292c0f5e8bc99) Importer(2089858483,b0f066a214c2f5e87bad3c948f4d605d) (ScriptedImporter) -> (artifact id: '7672f45d7a3720ab48d57d337e581d1d') in 0.0182541 seconds
Number of updated asset objects reloaded before import = 0Number of asset objects unloaded after import = 0

========================================================================
Received Import Request.
  Time since last request: 0.000038 seconds.
  path: Packages/com.unity.services.core/Runtime/Core.Internal/Components/Analytics/IAnalyticsStandardEventComponent.cs
  artifactKey: Guid(79f5e8ab40570a441903ba249e0ca18f) Importer(2089858483,b0f066a214c2f5e87bad3c948f4d605d)
Start importing Packages/com.unity.services.core/Runtime/Core.Internal/Components/Analytics/IAnalyticsStandardEventComponent.cs using Guid(79f5e8ab40570a441903ba249e0ca18f) Importer(2089858483,b0f066a214c2f5e87bad3c948f4d605d) (ScriptedImporter) -> (artifact id: 'bb6af31a3a9faee4ecc9822782517570') in 0.0159889 seconds
Number of updated asset objects reloaded before import = 0Number of asset objects unloaded after import = 0

========================================================================
Received Import Request.
  Time since last request: 0.000056 seconds.
  path: Packages/com.unity.purchasing/AiAssistantSkills
  artifactKey: Guid(7569aad906dea4c2395ef9469a51f225) Importer(2089858483,b0f066a214c2f5e87bad3c948f4d605d)
Start importing Packages/com.unity.purchasing/AiAssistantSkills using Guid(7569aad906dea4c2395ef9469a51f225) Importer(2089858483,b0f066a214c2f5e87bad3c948f4d605d) (ScriptedImporter) -> (artifact id: '85cdcdb0c2ca1e7af404b0116ba29620') in 0.0165683 seconds
Number of updated asset objects reloaded before import = 0Number of asset objects unloaded after import = 1

========================================================================
Received Import Request.
  Time since last request: 0.000023 seconds.
  path: Packages/com.unity.services.analytics/Runtime/IdentityManager.cs
  artifactKey: Guid(73472d503b956934e8cb9fe1c76afa1a) Importer(2089858483,b0f066a214c2f5e87bad3c948f4d605d)
Start importing Packages/com.unity.services.analytics/Runtime/IdentityManager.cs using Guid(73472d503b956934e8cb9fe1c76afa1a) Importer(2089858483,b0f066a214c2f5e87bad3c948f4d605d) (ScriptedImporter) -> (artifact id: '79590e585036ad16c1baa0f641aafcfc') in 0.0164682 seconds
Number of updated asset objects reloaded before import = 0Number of asset objects unloaded after import = 0

========================================================================
Received Import Request.
  Time since last request: 0.000067 seconds.
  path: Packages/com.unity.purchasing/Runtime/UnityWebshops/Interfaces/IWebshopClientWrapper.cs
  artifactKey: Guid(1112b134fdec4f259749ac60797223e2) Importer(2089858483,b0f066a214c2f5e87bad3c948f4d605d)
Start importing Packages/com.unity.purchasing/Runtime/UnityWebshops/Interfaces/IWebshopClientWrapper.cs using Guid(1112b134fdec4f259749ac60797223e2) Importer(2089858483,b0f066a214c2f5e87bad3c948f4d605d) (ScriptedImporter) -> (artifact id: '3638d0e859d1ea93f2906bbb59130378') in 0.0135357 seconds
Number of updated asset objects reloaded before import = 0Number of asset objects unloaded after import = 0

========================================================================
Received Import Request.
  Time since last request: 0.000054 seconds.
  path: Packages/com.unity.purchasing/Runtime/Stores/XboxStore/CloudServices/IXboxPurchaseValidatorService.cs
  artifactKey: Guid(b84502f4fbe55604588391c7675a46fd) Importer(2089858483,b0f066a214c2f5e87bad3c948f4d605d)
Start importing Packages/com.unity.purchasing/Runtime/Stores/XboxStore/CloudServices/IXboxPurchaseValidatorService.cs using Guid(b84502f4fbe55604588391c7675a46fd) Importer(2089858483,b0f066a214c2f5e87bad3c948f4d605d) (ScriptedImporter) -> (artifact id: '3c9f7c88df40a57aae5f6dd13be52742') in 0.0144088 seconds
Number of updated asset objects reloaded before import = 0Number of asset objects unloaded after import = 0

========================================================================
Received Import Request.
  Time since last request: 0.000038 seconds.
  path: Packages/com.unity.services.core/Editor/Core/Environments/EnvironmentsApiInternal.cs
  artifactKey: Guid(729d559312e6e4c9a8fcf4ef80a668dd) Importer(2089858483,b0f066a214c2f5e87bad3c948f4d605d)
Start importing Packages/com.unity.services.core/Editor/Core/Environments/EnvironmentsApiInternal.cs using Guid(729d559312e6e4c9a8fcf4ef80a668dd) Importer(2089858483,b0f066a214c2f5e87bad3c948f4d605d) (ScriptedImporter) -> (artifact id: 'b478317f0c01a1502446df2afb4ff150') in 0.0123075 seconds
Number of updated asset objects reloaded before import = 0Number of asset objects unloaded after import = 0

========================================================================
Received Import Request.
  Time since last request: 0.000025 seconds.
  path: Packages/com.unity.purchasing/Editor/Authoring/LiveContentAdminApi/LiveContentAdminApiHeaderConfigurator.cs
  artifactKey: Guid(b794a61992284b0e882ed675086ca4d5) Importer(2089858483,b0f066a214c2f5e87bad3c948f4d605d)
Start importing Packages/com.unity.purchasing/Editor/Authoring/LiveContentAdminApi/LiveContentAdminApiHeaderConfigurator.cs using Guid(b794a61992284b0e882ed675086ca4d5) Importer(2089858483,b0f066a214c2f5e87bad3c948f4d605d) (ScriptedImporter) -> (artifact id: '8dd92953ad0c5c3d4088c42d8187eeba') in 0.0135756 seconds
Number of updated asset objects reloaded before import = 0Number of asset objects unloaded after import = 0

========================================================================
Received Import Request.
  Time since last request: 0.000052 seconds.
  path: Packages/com.unity.purchasing/Runtime/Purchasing/Core/Retries/RetryPolicies/MaximumNumberOfAttemptsRetryPolicy.cs
  artifactKey: Guid(2e1d09c29a274ee7a855599e5c92f194) Importer(2089858483,b0f066a214c2f5e87bad3c948f4d605d)
Start importing Packages/com.unity.purchasing/Runtime/Purchasing/Core/Retries/RetryPolicies/MaximumNumberOfAttemptsRetryPolicy.cs using Guid(2e1d09c29a274ee7a855599e5c92f194) Importer(2089858483,b0f066a214c2f5e87bad3c948f4d605d) (ScriptedImporter) -> (artifact id: 'f4ee088ec0bc21354ebc95d9acc53786') in 0.0175818 seconds
Number of updated asset objects reloaded before import = 0Number of asset objects unloaded after import = 0

========================================================================
Received Import Request.
  Time since last request: 0.000077 seconds.
  path: Packages/com.unity.services.analytics/Runtime/Events/Transaction/TransactionCurrencyConverter.cs
  artifactKey: Guid(ae02bae935a2429ab536d9bc2a11e74d) Importer(2089858483,b0f066a214c2f5e87bad3c948f4d605d)
Start importing Packages/com.unity.services.analytics/Runtime/Events/Transaction/TransactionCurrencyConverter.cs using Guid(ae02bae935a2429ab536d9bc2a11e74d) Importer(2089858483,b0f066a214c2f5e87bad3c948f4d605d) (ScriptedImporter) -> (artifact id: 'c94fdb2e10529b60a31c65a90c82a637') in 0.0157268 seconds
Number of updated asset objects reloaded before import = 0Number of asset objects unloaded after import = 0

========================================================================
Received Import Request.
  Time since last request: 0.000070 seconds.
  path: Packages/com.unity.purchasing/Runtime/Purchasing/Core/Product/AppleAppStore/Extensions/UseCases/GetProductDetailsUseCase.cs
  artifactKey: Guid(8402ac65b4b9427f93eda0c77db179f9) Importer(2089858483,b0f066a214c2f5e87bad3c948f4d605d)
Start importing Packages/com.unity.purchasing/Runtime/Purchasing/Core/Product/AppleAppStore/Extensions/UseCases/GetProductDetailsUseCase.cs using Guid(8402ac65b4b9427f93eda0c77db179f9) Importer(2089858483,b0f066a214c2f5e87bad3c948f4d605d) (ScriptedImporter) -> (artifact id: 'ebcb03c49f5882390ca3b23a241260bb') in 0.0164805 seconds
Number of updated asset objects reloaded before import = 0Number of asset objects unloaded after import = 0

========================================================================
Received Import Request.
  Time since last request: 0.000053 seconds.
  path: Packages/com.unity.services.deployment/Editor/Interface/UI/StatusPanel.cs
  artifactKey: Guid(e99c64c494bff4446bf44e5e8e233c0c) Importer(2089858483,b0f066a214c2f5e87bad3c948f4d605d)
Start importing Packages/com.unity.services.deployment/Editor/Interface/UI/StatusPanel.cs using Guid(e99c64c494bff4446bf44e5e8e233c0c) Importer(2089858483,b0f066a214c2f5e87bad3c948f4d605d) (ScriptedImporter) -> (artifact id: '27c66e284902edc307b15098d17f556c') in 0.0141203 seconds
Number of updated asset objects reloaded before import = 0Number of asset objects unloaded after import = 0

========================================================================
Received Import Request.
  Time since last request: 0.000073 seconds.
  path: Packages/com.unity.purchasing/Runtime/Purchasing/Core/Store/Exceptions
  artifactKey: Guid(89fe7636052844b892c0ec03417e13f3) Importer(2089858483,b0f066a214c2f5e87bad3c948f4d605d)
Start importing Packages/com.unity.purchasing/Runtime/Purchasing/Core/Store/Exceptions using Guid(89fe7636052844b892c0ec03417e13f3) Importer(2089858483,b0f066a214c2f5e87bad3c948f4d605d) (ScriptedImporter) -> (artifact id: 'b9ccf3162b880a948a0559e312e44524') in 0.0129878 seconds
Number of updated asset objects reloaded before import = 0Number of asset objects unloaded after import = 1

========================================================================
Received Import Request.
  Time since last request: 0.000054 seconds.
  path: Packages/com.unity.microsoft.gdk/Runtime/XBL/MultiplayerActivity/MultiplayerActivity.cs
  artifactKey: Guid(1247ee945d3d16247885aa46ca299f66) Importer(2089858483,b0f066a214c2f5e87bad3c948f4d605d)
Start importing Packages/com.unity.microsoft.gdk/Runtime/XBL/MultiplayerActivity/MultiplayerActivity.cs using Guid(1247ee945d3d16247885aa46ca299f66) Importer(2089858483,b0f066a214c2f5e87bad3c948f4d605d) (ScriptedImporter) -> (artifact id: '0fb69170afe6678035f15232fcf08427') in 0.0140744 seconds
Number of updated asset objects reloaded before import = 0Number of asset objects unloaded after import = 0

========================================================================
Received Import Request.
  Time since last request: 0.000060 seconds.
  path: Packages/com.unity.purchasing/Runtime/Purchasing/Insights/IPurchaseFulfilledPayload.cs
  artifactKey: Guid(303e39344a03b4e0f9781f52a0c7567f) Importer(2089858483,b0f066a214c2f5e87bad3c948f4d605d)
Start importing Packages/com.unity.purchasing/Runtime/Purchasing/Insights/IPurchaseFulfilledPayload.cs using Guid(303e39344a03b4e0f9781f52a0c7567f) Importer(2089858483,b0f066a214c2f5e87bad3c948f4d605d) (ScriptedImporter) -> (artifact id: '567d99eb613696d24e9b3a47292c3ab2') in 0.0127829 seconds
Number of updated asset objects reloaded before import = 0Number of asset objects unloaded after import = 0

========================================================================
Received Import Request.
  Time since last request: 0.000069 seconds.
  path: Packages/com.unity.purchasing/Runtime/Purchasing/Core/Store/AppleAppStore/Extensions/UseCases/CanMakePaymentsUseCase.cs
  artifactKey: Guid(a9c94811acb64fd0bec3526daeacfe43) Importer(2089858483,b0f066a214c2f5e87bad3c948f4d605d)
Start importing Packages/com.unity.purchasing/Runtime/Purchasing/Core/Store/AppleAppStore/Extensions/UseCases/CanMakePaymentsUseCase.cs using Guid(a9c94811acb64fd0bec3526daeacfe43) Importer(2089858483,b0f066a214c2f5e87bad3c948f4d605d) (ScriptedImporter) -> (artifact id: '1c67cb067629940973a2cfcf72436ff0') in 0.0111706 seconds
Number of updated asset objects reloaded before import = 0Number of asset objects unloaded after import = 0

========================================================================
Received Import Request.
  Time since last request: 0.000086 seconds.
  path: Packages/com.unity.services.core/Editor/Core/Environments/Save/EnvironmentSaveSystem.cs
  artifactKey: Guid(b7909be5df0d42b5858fe576acdb19e4) Importer(2089858483,b0f066a214c2f5e87bad3c948f4d605d)
Start importing Packages/com.unity.services.core/Editor/Core/Environments/Save/EnvironmentSaveSystem.cs using Guid(b7909be5df0d42b5858fe576acdb19e4) Importer(2089858483,b0f066a214c2f5e87bad3c948f4d605d) (ScriptedImporter) -> (artifact id: '72e7a402c5ee9611b8910766e2b4ace1') in 0.014353 seconds
Number of updated asset objects reloaded before import = 0Number of asset objects unloaded after import = 0

========================================================================
Received Import Request.
  Time since last request: 0.000024 seconds.
  path: Packages/com.unity.purchasing/Editor/ServiceProjectSettings/UI/Views/PlatformsAndStoresEnabledServiceSettingsBlock.cs
  artifactKey: Guid(a36ac87c5ef664ba6aee599aa8de49ec) Importer(2089858483,b0f066a214c2f5e87bad3c948f4d605d)
Start importing Packages/com.unity.purchasing/Editor/ServiceProjectSettings/UI/Views/PlatformsAndStoresEnabledServiceSettingsBlock.cs using Guid(a36ac87c5ef664ba6aee599aa8de49ec) Importer(2089858483,b0f066a214c2f5e87bad3c948f4d605d) (ScriptedImporter) -> (artifact id: 'cafc4d3361491ed8a5df71dc6d712bdb') in 0.0144219 seconds
Number of updated asset objects reloaded before import = 0Number of asset objects unloaded after import = 0

========================================================================
Received Import Request.
  Time since last request: 0.000037 seconds.
  path: Packages/com.unity.purchasing/Editor/Authoring/Deployment/CatalogOpenDashboardCommand.cs
  artifactKey: Guid(5e7d602368b1bd143a915cfb2d868d7c) Importer(2089858483,b0f066a214c2f5e87bad3c948f4d605d)
Start importing Packages/com.unity.purchasing/Editor/Authoring/Deployment/CatalogOpenDashboardCommand.cs using Guid(5e7d602368b1bd143a915cfb2d868d7c) Importer(2089858483,b0f066a214c2f5e87bad3c948f4d605d) (ScriptedImporter) -> (artifact id: 'c180e8222b760f4bc4e0b7f2f7b1f427') in 0.0127313 seconds
Number of updated asset objects reloaded before import = 0Number of asset objects unloaded after import = 0

========================================================================
Received Import Request.
  Time since last request: 0.000063 seconds.
  path: Packages/com.unity.microsoft.gdk/Runtime/XBL/MultiplayerActivity/XblMultiplayerActivityPlatform.cs
  artifactKey: Guid(b41b874e99bf85344a77e7265c5c1ce5) Importer(2089858483,b0f066a214c2f5e87bad3c948f4d605d)
Start importing Packages/com.unity.microsoft.gdk/Runtime/XBL/MultiplayerActivity/XblMultiplayerActivityPlatform.cs using Guid(b41b874e99bf85344a77e7265c5c1ce5) Importer(2089858483,b0f066a214c2f5e87bad3c948f4d605d) (ScriptedImporter) -> (artifact id: '162ae8f5729f34bb7da34fce3c18fde4') in 0.0124033 seconds
Number of updated asset objects reloaded before import = 0Number of asset objects unloaded after import = 0

========================================================================
Received Import Request.
  Time since last request: 0.000053 seconds.
  path: Packages/com.unity.purchasing/Runtime/UnityPaymentProviders/PaymentProviderClientWrapper.cs
  artifactKey: Guid(d2477a18f9264f8cab9735e4aed31a9a) Importer(2089858483,b0f066a214c2f5e87bad3c948f4d605d)
Start importing Packages/com.unity.purchasing/Runtime/UnityPaymentProviders/PaymentProviderClientWrapper.cs using Guid(d2477a18f9264f8cab9735e4aed31a9a) Importer(2089858483,b0f066a214c2f5e87bad3c948f4d605d) (ScriptedImporter) -> (artifact id: '99de994533375999f05f192e56f1ea11') in 0.0121203 seconds
Number of updated asset objects reloaded before import = 0Number of asset objects unloaded after import = 0

========================================================================
Received Import Request.
  Time since last request: 0.000044 seconds.
  path: Packages/com.unity.purchasing/Editor/Authoring/Import/ICatalogFetcher.cs
  artifactKey: Guid(bab72736a17a48cc99e88491e5aac737) Importer(2089858483,b0f066a214c2f5e87bad3c948f4d605d)
Start importing Packages/com.unity.purchasing/Editor/Authoring/Import/ICatalogFetcher.cs using Guid(bab72736a17a48cc99e88491e5aac737) Importer(2089858483,b0f066a214c2f5e87bad3c948f4d605d) (ScriptedImporter) -> (artifact id: '7f00ba995971ae52b34b88ddcc16216a') in 0.0136525 seconds
Number of updated asset objects reloaded before import = 0Number of asset objects unloaded after import = 0

========================================================================
Received Import Request.
  Time since last request: 0.000056 seconds.
  path: Packages/com.unity.purchasing/Runtime/Stores/Android/GooglePlay/AAR/Models/LinkType.cs
  artifactKey: Guid(a6d7c2163c0d46459979e452cde7a593) Importer(2089858483,b0f066a214c2f5e87bad3c948f4d605d)
Start importing Packages/com.unity.purchasing/Runtime/Stores/Android/GooglePlay/AAR/Models/LinkType.cs using Guid(a6d7c2163c0d46459979e452cde7a593) Importer(2089858483,b0f066a214c2f5e87bad3c948f4d605d) (ScriptedImporter) -> (artifact id: '631909a7b81bb5b482fdda054582a3af') in 0.0185751 seconds
Number of updated asset objects reloaded before import = 0Number of asset objects unloaded after import = 0

========================================================================
Received Import Request.
  Time since last request: 0.000057 seconds.
  path: Packages/com.unity.microsoft.gdk/Runtime/XBL/Multiplayer/XblMultiplayerSessionSessionProperties.cs
  artifactKey: Guid(2b26cad686976014980f5744852affac) Importer(2089858483,b0f066a214c2f5e87bad3c948f4d605d)
Start importing Packages/com.unity.microsoft.gdk/Runtime/XBL/Multiplayer/XblMultiplayerSessionSessionProperties.cs using Guid(2b26cad686976014980f5744852affac) Importer(2089858483,b0f066a214c2f5e87bad3c948f4d605d) (ScriptedImporter) -> (artifact id: '290a4e45e8b22b3a2f54908278dfee05') in 0.0247692 seconds
Number of updated asset objects reloaded before import = 0Number of asset objects unloaded after import = 0

========================================================================
Received Import Request.
  Time since last request: 0.000038 seconds.
  path: Packages/com.unity.services.deployment/Editor/Shared/DependencyInversion
  artifactKey: Guid(1521a1deef69441638bd7aa4f51d540b) Importer(2089858483,b0f066a214c2f5e87bad3c948f4d605d)
Start importing Packages/com.unity.services.deployment/Editor/Shared/DependencyInversion using Guid(1521a1deef69441638bd7aa4f51d540b) Importer(2089858483,b0f066a214c2f5e87bad3c948f4d605d) (ScriptedImporter) -> (artifact id: '1820dd09d86fd6deecb0e03d6dbabf41') in 0.0179903 seconds
Number of updated asset objects reloaded before import = 0Number of asset objects unloaded after import = 1

========================================================================
Received Import Request.
  Time since last request: 0.000025 seconds.
  path: Packages/com.unity.purchasing/Editor/ServiceProjectSettings/UI/Views/Obfuscator
  artifactKey: Guid(c03173fa4ced85e42b863e680e5bf56d) Importer(2089858483,b0f066a214c2f5e87bad3c948f4d605d)
Start importing Packages/com.unity.purchasing/Editor/ServiceProjectSettings/UI/Views/Obfuscator using Guid(c03173fa4ced85e42b863e680e5bf56d) Importer(2089858483,b0f066a214c2f5e87bad3c948f4d605d) (ScriptedImporter) -> (artifact id: 'ade45b93468e5c21565b29fa42d67b08') in 0.0171469 seconds
Number of updated asset objects reloaded before import = 0Number of asset objects unloaded after import = 1

========================================================================
Received Import Request.
  Time since last request: 0.000026 seconds.
  path: Packages/com.unity.purchasing/Runtime/Purchasing/Core/Store/PaymentProviders/PaymentProvidersExtendedService.cs
  artifactKey: Guid(07ce6b734a274113ad207200e5e9b43d) Importer(2089858483,b0f066a214c2f5e87bad3c948f4d605d)
Start importing Packages/com.unity.purchasing/Runtime/Purchasing/Core/Store/PaymentProviders/PaymentProvidersExtendedService.cs using Guid(07ce6b734a274113ad207200e5e9b43d) Importer(2089858483,b0f066a214c2f5e87bad3c948f4d605d) (ScriptedImporter) -> (artifact id: 'e113d58617d4696d46d517fed975d4d9') in 0.0214768 seconds
Number of updated asset objects reloaded before import = 0Number of asset objects unloaded after import = 0

========================================================================
Received Import Request.
  Time since last request: 0.000040 seconds.
  path: Packages/com.unity.purchasing/Runtime/UnityLiveContentAdapter/Unity.Purchasing.LiveContentAdapterService.asmdef
  artifactKey: Guid(afffaf446492f400194f3a56a7479a7b) Importer(2089858483,b0f066a214c2f5e87bad3c948f4d605d)
Start importing Packages/com.unity.purchasing/Runtime/UnityLiveContentAdapter/Unity.Purchasing.LiveContentAdapterService.asmdef using Guid(afffaf446492f400194f3a56a7479a7b) Importer(2089858483,b0f066a214c2f5e87bad3c948f4d605d) (ScriptedImporter) -> (artifact id: 'a2f9b53e34e61c46c6c92b7239a7836c') in 0.0261094 seconds
Number of updated asset objects reloaded before import = 0Number of asset objects unloaded after import = 1

========================================================================
Received Import Request.
  Time since last request: 0.000155 seconds.
  path: Packages/com.unity.services.core/Runtime/Core.Internal/Registry/CoreRegistration.cs
  artifactKey: Guid(5d7656ad1edbc49f9b3f548ae90f3fdb) Importer(2089858483,b0f066a214c2f5e87bad3c948f4d605d)
Start importing Packages/com.unity.services.core/Runtime/Core.Internal/Registry/CoreRegistration.cs using Guid(5d7656ad1edbc49f9b3f548ae90f3fdb) Importer(2089858483,b0f066a214c2f5e87bad3c948f4d605d) (ScriptedImporter) -> (artifact id: 'ccd590a195e8318c3cfea62981559260') in 0.0451828 seconds
Number of updated asset objects reloaded before import = 0Number of asset objects unloaded after import = 0

========================================================================
Received Import Request.
  Time since last request: 0.000030 seconds.
  path: Packages/com.unity.services.deployment/Core/Model
  artifactKey: Guid(8bb47605fe164b7b92a37372c2caa6ab) Importer(2089858483,b0f066a214c2f5e87bad3c948f4d605d)
Start importing Packages/com.unity.services.deployment/Core/Model using Guid(8bb47605fe164b7b92a37372c2caa6ab) Importer(2089858483,b0f066a214c2f5e87bad3c948f4d605d) (ScriptedImporter) -> (artifact id: '0f29d3f52ea986b91dcaf40b159c0dfc') in 0.0271049 seconds
Number of updated asset objects reloaded before import = 0Number of asset objects unloaded after import = 1

========================================================================
Received Import Request.
  Time since last request: 0.000416 seconds.
  path: Packages/com.unity.purchasing/Editor/Authoring/LiveContentAdminApi/Client/Model/FileVariant.cs
  artifactKey: Guid(90bf4313c93745d2b6b7425f2cb27b8b) Importer(2089858483,b0f066a214c2f5e87bad3c948f4d605d)
Start importing Packages/com.unity.purchasing/Editor/Authoring/LiveContentAdminApi/Client/Model/FileVariant.cs using Guid(90bf4313c93745d2b6b7425f2cb27b8b) Importer(2089858483,b0f066a214c2f5e87bad3c948f4d605d) (ScriptedImporter) -> (artifact id: 'a1b0f74b4daf168da48ec559bb11cb9e') in 0.0298639 seconds
Number of updated asset objects reloaded before import = 0Number of asset objects unloaded after import = 0

========================================================================
Received Import Request.
  Time since last request: 0.000067 seconds.
  path: Packages/com.unity.purchasing/Editor/Analytics/Entity/EventUINames.cs
  artifactKey: Guid(1037b56ad85b27b479513bc4cc3e4312) Importer(2089858483,b0f066a214c2f5e87bad3c948f4d605d)
Start importing Packages/com.unity.purchasing/Editor/Analytics/Entity/EventUINames.cs using Guid(1037b56ad85b27b479513bc4cc3e4312) Importer(2089858483,b0f066a214c2f5e87bad3c948f4d605d) (ScriptedImporter) -> (artifact id: '64c9dae58ec44c4042ee18413182778d') in 0.0214222 seconds
Number of updated asset objects reloaded before import = 0Number of asset objects unloaded after import = 0

========================================================================
Received Import Request.
  Time since last request: 0.000105 seconds.
  path: Packages/com.unity.services.core/Runtime/Core.Internal/Components/Authentication/IAccessTokenObserver.cs
  artifactKey: Guid(2f481941f5248bb48813e8ee2a593582) Importer(2089858483,b0f066a214c2f5e87bad3c948f4d605d)
Start importing Packages/com.unity.services.core/Runtime/Core.Internal/Components/Authentication/IAccessTokenObserver.cs using Guid(2f481941f5248bb48813e8ee2a593582) Importer(2089858483,b0f066a214c2f5e87bad3c948f4d605d) (ScriptedImporter) -> (artifact id: '9d69fb4360811b5fc98eafcf35ad2389') in 0.0211076 seconds
Number of updated asset objects reloaded before import = 0Number of asset objects unloaded after import = 0

========================================================================
Received Import Request.
  Time since last request: 0.000692 seconds.
  path: Packages/com.unity.microsoft.gdk/Editor/GdkApiDebug.cs
  artifactKey: Guid(686e0fddc2ef4d5291991afb506f109c) Importer(2089858483,b0f066a214c2f5e87bad3c948f4d605d)
Start importing Packages/com.unity.microsoft.gdk/Editor/GdkApiDebug.cs using Guid(686e0fddc2ef4d5291991afb506f109c) Importer(2089858483,b0f066a214c2f5e87bad3c948f4d605d) (ScriptedImporter) -> (artifact id: 'bcc6f824370f031ab247df0a0b3b8d04') in 0.0316353 seconds
Number of updated asset objects reloaded before import = 0Number of asset objects unloaded after import = 0

========================================================================
Received Import Request.
  Time since last request: 0.000305 seconds.
  path: Packages/com.unity.services.analytics/LICENSE.md
  artifactKey: Guid(7d4fad7b206144b2997ef69de1ba61b1) Importer(2089858483,b0f066a214c2f5e87bad3c948f4d605d)
Start importing Packages/com.unity.services.analytics/LICENSE.md using Guid(7d4fad7b206144b2997ef69de1ba61b1) Importer(2089858483,b0f066a214c2f5e87bad3c948f4d605d) (ScriptedImporter) -> (artifact id: 'b55542c292ea6f3ac6c967d8d7cd97d4') in 0.02124 seconds
Number of updated asset objects reloaded before import = 0Number of asset objects unloaded after import = 1

========================================================================
Received Import Request.
  Time since last request: 0.000127 seconds.
  path: Packages/com.unity.services.deployment/Editor/Interface/UI/Events/DeployAllClicked.cs
  artifactKey: Guid(b6fa33f2487b4b8fbbffc16f4ed90c7a) Importer(2089858483,b0f066a214c2f5e87bad3c948f4d605d)
Start importing Packages/com.unity.services.deployment/Editor/Interface/UI/Events/DeployAllClicked.cs using Guid(b6fa33f2487b4b8fbbffc16f4ed90c7a) Importer(2089858483,b0f066a214c2f5e87bad3c948f4d605d) (ScriptedImporter) -> (artifact id: 'fe588d38f6ce75ebf770698967a02e0b') in 0.0241694 seconds
Number of updated asset objects reloaded before import = 0Number of asset objects unloaded after import = 0

========================================================================
Received Import Request.
  Time since last request: 0.000049 seconds.
  path: Packages/com.unity.purchasing/Runtime/Purchasing/Core/Purchasing/Models/GoogleOrderInfo.cs
  artifactKey: Guid(4fbb0175b13d41b48d9c9752542c52e3) Importer(2089858483,b0f066a214c2f5e87bad3c948f4d605d)
Start importing Packages/com.unity.purchasing/Runtime/Purchasing/Core/Purchasing/Models/GoogleOrderInfo.cs using Guid(4fbb0175b13d41b48d9c9752542c52e3) Importer(2089858483,b0f066a214c2f5e87bad3c948f4d605d) (ScriptedImporter) -> (artifact id: '24e2de688162e013823b1b655e7791c7') in 0.0190135 seconds
Number of updated asset objects reloaded before import = 0Number of asset objects unloaded after import = 0

========================================================================
Received Import Request.
  Time since last request: 0.000027 seconds.
  path: Packages/com.unity.services.deployment/Editor/Shared/UI/CollectionBinding.Gen.cs
  artifactKey: Guid(f75606248f4064f2785b7a78ab8bc4a4) Importer(2089858483,b0f066a214c2f5e87bad3c948f4d605d)
Start importing Packages/com.unity.services.deployment/Editor/Shared/UI/CollectionBinding.Gen.cs using Guid(f75606248f4064f2785b7a78ab8bc4a4) Importer(2089858483,b0f066a214c2f5e87bad3c948f4d605d) (ScriptedImporter) -> (artifact id: '4bde6c8b88ff3f6829412dba57f9f6f2') in 0.0188666 seconds
Number of updated asset objects reloaded before import = 0Number of asset objects unloaded after import = 0

========================================================================
Received Import Request.
  Time since last request: 0.000052 seconds.
  path: Packages/com.unity.services.deployment/Editor/Commands/InteropCommandProvider.cs
  artifactKey: Guid(5e8eaf5db28c4dd4801fe06cd5ff65ad) Importer(2089858483,b0f066a214c2f5e87bad3c948f4d605d)
Start importing Packages/com.unity.services.deployment/Editor/Commands/InteropCommandProvider.cs using Guid(5e8eaf5db28c4dd4801fe06cd5ff65ad) Importer(2089858483,b0f066a214c2f5e87bad3c948f4d605d) (ScriptedImporter) -> (artifact id: '222741f5267e214616a021e46a1f0ad5') in 0.0188362 seconds
Number of updated asset objects reloaded before import = 0Number of asset objects unloaded after import = 0

========================================================================
Received Import Request.
  Time since last request: 0.000041 seconds.
  path: Packages/com.unity.purchasing/Editor/CodelessIAPButtonEditor.cs
  artifactKey: Guid(09c1cfc6428747bc82020d7e1f9d1292) Importer(2089858483,b0f066a214c2f5e87bad3c948f4d605d)
Start importing Packages/com.unity.purchasing/Editor/CodelessIAPButtonEditor.cs using Guid(09c1cfc6428747bc82020d7e1f9d1292) Importer(2089858483,b0f066a214c2f5e87bad3c948f4d605d) (ScriptedImporter) -> (artifact id: '922788f8db1f613d1fe66be9b314f825') in 0.0173698 seconds
Number of updated asset objects reloaded before import = 0Number of asset objects unloaded after import = 0

========================================================================
Received Import Request.
  Time since last request: 0.000027 seconds.
  path: Packages/com.unity.services.core/Runtime/Core.Internal/Components/Configuration/IProjectConfiguration.cs
  artifactKey: Guid(83e41efdede654a89b901da7b70ff0b2) Importer(2089858483,b0f066a214c2f5e87bad3c948f4d605d)
Start importing Packages/com.unity.services.core/Runtime/Core.Internal/Components/Configuration/IProjectConfiguration.cs using Guid(83e41efdede654a89b901da7b70ff0b2) Importer(2089858483,b0f066a214c2f5e87bad3c948f4d605d) (ScriptedImporter) -> (artifact id: 'f57684b0692150563cfcbd849b09ab45') in 0.0198491 seconds
Number of updated asset objects reloaded before import = 0Number of asset objects unloaded after import = 0

========================================================================
Received Import Request.
  Time since last request: 0.000203 seconds.
  path: Packages/com.unity.services.core/Editor/Core/Environments/Client/Http/IsolatedJsonConvert.cs
  artifactKey: Guid(20244f31f40f9c112bccd177c8634b4e) Importer(2089858483,b0f066a214c2f5e87bad3c948f4d605d)
Start importing Packages/com.unity.services.core/Editor/Core/Environments/Client/Http/IsolatedJsonConvert.cs using Guid(20244f31f40f9c112bccd177c8634b4e) Importer(2089858483,b0f066a214c2f5e87bad3c948f4d605d) (ScriptedImporter) -> (artifact id: '09ae1718340d93fdca2c5bbc9e47c335') in 0.0181361 seconds
Number of updated asset objects reloaded before import = 0Number of asset objects unloaded after import = 0

========================================================================
Received Import Request.
  Time since last request: 0.000052 seconds.
  path: Packages/com.unity.microsoft.gdk/Runtime/XBL/SocialManager/XblPresenceFilter.cs
  artifactKey: Guid(165fd835a6a746e29d22b86f9b3ea8eb) Importer(2089858483,b0f066a214c2f5e87bad3c948f4d605d)
Start importing Packages/com.unity.microsoft.gdk/Runtime/XBL/SocialManager/XblPresenceFilter.cs using Guid(165fd835a6a746e29d22b86f9b3ea8eb) Importer(2089858483,b0f066a214c2f5e87bad3c948f4d605d) (ScriptedImporter) -> (artifact id: '0cb2ce147743ace38e8cb7a0c1eaefa9') in 0.0192064 seconds
Number of updated asset objects reloaded before import = 0Number of asset objects unloaded after import = 0

========================================================================
Received Import Request.
  Time since last request: 0.000068 seconds.
  path: Packages/com.unity.services.deployment/Editor/Interface/UI/Views/NotSignedInView.cs
  artifactKey: Guid(eb2eb07967f98b7469512e428fa41fc2) Importer(2089858483,b0f066a214c2f5e87bad3c948f4d605d)
Start importing Packages/com.unity.services.deployment/Editor/Interface/UI/Views/NotSignedInView.cs using Guid(eb2eb07967f98b7469512e428fa41fc2) Importer(2089858483,b0f066a214c2f5e87bad3c948f4d605d) (ScriptedImporter) -> (artifact id: '9e5f177fdf6e0fd858ec7ae9c8cc8f90') in 0.0205156 seconds
Number of updated asset objects reloaded before import = 0Number of asset objects unloaded after import = 0

========================================================================
Received Import Request.
  Time since last request: 0.000057 seconds.
  path: Packages/com.unity.services.core/Editor/Core/Environments/UI/Assets
  artifactKey: Guid(5db9d1747e5834b66b20ddca88e326d2) Importer(2089858483,b0f066a214c2f5e87bad3c948f4d605d)
Start importing Packages/com.unity.services.core/Editor/Core/Environments/UI/Assets using Guid(5db9d1747e5834b66b20ddca88e326d2) Importer(2089858483,b0f066a214c2f5e87bad3c948f4d605d) (ScriptedImporter) -> (artifact id: '5ff830bd51805965e5aeb6958cfd0d54') in 0.0164467 seconds
Number of updated asset objects reloaded before import = 0Number of asset objects unloaded after import = 1

========================================================================
Received Import Request.
  Time since last request: 0.000024 seconds.
  path: Packages/com.unity.purchasing/Runtime/Purchasing/Core/Purchasing/PaymentProviders/Extensions/PaymentProvidersExtendedPurchaseService.cs
  artifactKey: Guid(16f7d27671e844b48bc27fcb5dcfa9eb) Importer(2089858483,b0f066a214c2f5e87bad3c948f4d605d)
Start importing Packages/com.unity.purchasing/Runtime/Purchasing/Core/Purchasing/PaymentProviders/Extensions/PaymentProvidersExtendedPurchaseService.cs using Guid(16f7d27671e844b48bc27fcb5dcfa9eb) Importer(2089858483,b0f066a214c2f5e87bad3c948f4d605d) (ScriptedImporter) -> (artifact id: 'bd7f39cd6c995f2bf1b3dffa2f9ee2eb') in 0.017491 seconds
Number of updated asset objects reloaded before import = 0Number of asset objects unloaded after import = 0

========================================================================
Received Import Request.
  Time since last request: 0.000119 seconds.
  path: Packages/com.unity.services.core/Runtime/Core.Internal/Utils/UnityWebRequestUtils.cs
  artifactKey: Guid(7b2d71598ace32a4a91c01c72a1bbede) Importer(2089858483,b0f066a214c2f5e87bad3c948f4d605d)
Start importing Packages/com.unity.services.core/Runtime/Core.Internal/Utils/UnityWebRequestUtils.cs using Guid(7b2d71598ace32a4a91c01c72a1bbede) Importer(2089858483,b0f066a214c2f5e87bad3c948f4d605d) (ScriptedImporter) -> (artifact id: '7b5219031e8c865a0c1e64e2ac707764') in 0.0157075 seconds
Number of updated asset objects reloaded before import = 0Number of asset objects unloaded after import = 0

========================================================================
Received Import Request.
  Time since last request: 0.000069 seconds.
  path: Packages/com.unity.microsoft.gdk/Runtime/Interop/XBL/SocialManager
  artifactKey: Guid(a22a0b709673481e9632050b44ae9f92) Importer(2089858483,b0f066a214c2f5e87bad3c948f4d605d)
Start importing Packages/com.unity.microsoft.gdk/Runtime/Interop/XBL/SocialManager using Guid(a22a0b709673481e9632050b44ae9f92) Importer(2089858483,b0f066a214c2f5e87bad3c948f4d605d) (ScriptedImporter) -> (artifact id: 'd9b136bcac971405711134d24f625f36') in 0.0279209 seconds
Number of updated asset objects reloaded before import = 0Number of asset objects unloaded after import = 1

========================================================================
Received Import Request.
  Time since last request: 0.000515 seconds.
  path: Packages/com.unity.services.core/Runtime/Networking/Unity.Services.Core.Networking.asmdef
  artifactKey: Guid(4fc462806a32aa245a7b28367381bf24) Importer(2089858483,b0f066a214c2f5e87bad3c948f4d605d)
Start importing Packages/com.unity.services.core/Runtime/Networking/Unity.Services.Core.Networking.asmdef using Guid(4fc462806a32aa245a7b28367381bf24) Importer(2089858483,b0f066a214c2f5e87bad3c948f4d605d) (ScriptedImporter) -> (artifact id: '724986c06f83489f5d6022a10f667a5a') in 0.0418656 seconds
Number of updated asset objects reloaded before import = 0Number of asset objects unloaded after import = 1

========================================================================
Received Import Request.
  Time since last request: 0.002376 seconds.
  path: Packages/com.unity.purchasing/Editor/Authoring/UI/DeploymentConfigInspectorFooter/Assets/DeploymentConfigInspectorFooter.uxml
  artifactKey: Guid(dc8fff88ed5f45443b730278faab33c3) Importer(2089858483,b0f066a214c2f5e87bad3c948f4d605d)
Start importing Packages/com.unity.purchasing/Editor/Authoring/UI/DeploymentConfigInspectorFooter/Assets/DeploymentConfigInspectorFooter.uxml using Guid(dc8fff88ed5f45443b730278faab33c3) Importer(2089858483,b0f066a214c2f5e87bad3c948f4d605d) (ScriptedImporter) -> (artifact id: '509b4ff76ef372375a14cc7dd3969aba') in 0.0511902 seconds
Number of updated asset objects reloaded before import = 0Number of asset objects unloaded after import = 2

========================================================================
Received Import Request.
  Time since last request: 0.000202 seconds.
  path: Packages/com.unity.purchasing/Runtime/Purchasing/Core/Store/Android/GooglePlay/Extensions/Interfaces
  artifactKey: Guid(e9e714caf61544d47a00ec1e7d78833f) Importer(2089858483,b0f066a214c2f5e87bad3c948f4d605d)
Start importing Packages/com.unity.purchasing/Runtime/Purchasing/Core/Store/Android/GooglePlay/Extensions/Interfaces using Guid(e9e714caf61544d47a00ec1e7d78833f) Importer(2089858483,b0f066a214c2f5e87bad3c948f4d605d) (ScriptedImporter) -> (artifact id: '465baf244ad4a73f8a2716962b2a03dd') in 0.0193374 seconds
Number of updated asset objects reloaded before import = 0Number of asset objects unloaded after import = 1

========================================================================
Received Import Request.
  Time since last request: 0.000154 seconds.
  path: Packages/com.unity.purchasing/Runtime/Purchasing/PaymentOption/Resources/com.unity.purchasing/Brands/Webshop.png
  artifactKey: Guid(fed1ba06f53f4dab991477d48e1d670a) Importer(2089858483,b0f066a214c2f5e87bad3c948f4d605d)
Start importing Packages/com.unity.purchasing/Runtime/Purchasing/PaymentOption/Resources/com.unity.purchasing/Brands/Webshop.png using Guid(fed1ba06f53f4dab991477d48e1d670a) Importer(2089858483,b0f066a214c2f5e87bad3c948f4d605d) (ScriptedImporter) -> (artifact id: '7c88248c0d8b5c880f6929b7565d6102') in 0.0480136 seconds
Number of updated asset objects reloaded before import = 0Number of asset objects unloaded after import = 3

========================================================================
Received Import Request.
  Time since last request: 0.000178 seconds.
  path: Packages/com.unity.services.core/Runtime/Core.Internal/Components/Networking/HttpRequest.cs
  artifactKey: Guid(dfc2b9b5d2fe14b188e5ac23c3580d9e) Importer(2089858483,b0f066a214c2f5e87bad3c948f4d605d)
Start importing Packages/com.unity.services.core/Runtime/Core.Internal/Components/Networking/HttpRequest.cs using Guid(dfc2b9b5d2fe14b188e5ac23c3580d9e) Importer(2089858483,b0f066a214c2f5e87bad3c948f4d605d) (ScriptedImporter) -> (artifact id: 'f85d28844fa1d781b1f810c1edc7b10a') in 0.0300928 seconds
Number of updated asset objects reloaded before import = 0Number of asset objects unloaded after import = 0

========================================================================
Received Import Request.
  Time since last request: 0.000455 seconds.
  path: Packages/com.unity.purchasing/Runtime/Purchasing/Core/Purchasing/Interfaces/UseCases/IFetchPurchasesUseCase.cs
  artifactKey: Guid(78aecc78b264be445a7e0aeeed528046) Importer(2089858483,b0f066a214c2f5e87bad3c948f4d605d)
Start importing Packages/com.unity.purchasing/Runtime/Purchasing/Core/Purchasing/Interfaces/UseCases/IFetchPurchasesUseCase.cs using Guid(78aecc78b264be445a7e0aeeed528046) Importer(2089858483,b0f066a214c2f5e87bad3c948f4d605d) (ScriptedImporter) -> (artifact id: '2da80cf8ed30c4d68c67a969592ca7a9') in 0.0243322 seconds
Number of updated asset objects reloaded before import = 0Number of asset objects unloaded after import = 0

========================================================================
Received Import Request.
  Time since last request: 0.000025 seconds.
  path: Packages/com.unity.xr.legacyinputhelpers/LICENSE.md
  artifactKey: Guid(215aa718ae432a2458439d4959fc9471) Importer(2089858483,b0f066a214c2f5e87bad3c948f4d605d)
Start importing Packages/com.unity.xr.legacyinputhelpers/LICENSE.md using Guid(215aa718ae432a2458439d4959fc9471) Importer(2089858483,b0f066a214c2f5e87bad3c948f4d605d) (ScriptedImporter) -> (artifact id: '9196f090ec85306b7b62db9c4eef9b3f') in 0.0628873 seconds
Number of updated asset objects reloaded before import = 0Number of asset objects unloaded after import = 1

========================================================================
Received Import Request.
  Time since last request: 0.000083 seconds.
  path: Packages/com.unity.purchasing/Editor/Authoring/UI/RoutingInspectorConfig.cs
  artifactKey: Guid(d3736ba726204345a8f210bce0ad0860) Importer(2089858483,b0f066a214c2f5e87bad3c948f4d605d)
Start importing Packages/com.unity.purchasing/Editor/Authoring/UI/RoutingInspectorConfig.cs using Guid(d3736ba726204345a8f210bce0ad0860) Importer(2089858483,b0f066a214c2f5e87bad3c948f4d605d) (ScriptedImporter) -> (artifact id: '8423f2d56361ef8b32a14f0d65ca03d9') in 0.0449503 seconds
Number of updated asset objects reloaded before import = 0Number of asset objects unloaded after import = 0

========================================================================
Received Import Request.
  Time since last request: 0.000045 seconds.
  path: Packages/com.unity.purchasing/Runtime/Stores/FakeStore/UIFakeStore.cs
  artifactKey: Guid(b44cf663591b40ad9f7c180c4fcb66c6) Importer(2089858483,b0f066a214c2f5e87bad3c948f4d605d)
Start importing Packages/com.unity.purchasing/Runtime/Stores/FakeStore/UIFakeStore.cs using Guid(b44cf663591b40ad9f7c180c4fcb66c6) Importer(2089858483,b0f066a214c2f5e87bad3c948f4d605d) (ScriptedImporter) -> (artifact id: '07a0deb83138ca33d76eca2d7440ef2f') in 0.0259684 seconds
Number of updated asset objects reloaded before import = 0Number of asset objects unloaded after import = 0

========================================================================
Received Import Request.
  Time since last request: 0.000570 seconds.
  path: Packages/com.unity.services.core/Runtime/Registration/AssemblyInfo.cs
  artifactKey: Guid(834428b9fdb274dc191d5db44eb23a2f) Importer(2089858483,b0f066a214c2f5e87bad3c948f4d605d)
Start importing Packages/com.unity.services.core/Runtime/Registration/AssemblyInfo.cs using Guid(834428b9fdb274dc191d5db44eb23a2f) Importer(2089858483,b0f066a214c2f5e87bad3c948f4d605d) (ScriptedImporter) -> (artifact id: '071708df1e7920c2f6e56b0a5a576841') in 0.0194007 seconds
Number of updated asset objects reloaded before import = 0Number of asset objects unloaded after import = 0

========================================================================
Received Import Request.
  Time since last request: 0.000072 seconds.
  path: Packages/com.unity.microsoft.gdk/Runtime/XBL/Achievements/XblAchievementTitleAssociation.cs
  artifactKey: Guid(e7bdcfe95fa443e98a6e6e87271da9f0) Importer(2089858483,b0f066a214c2f5e87bad3c948f4d605d)
Start importing Packages/com.unity.microsoft.gdk/Runtime/XBL/Achievements/XblAchievementTitleAssociation.cs using Guid(e7bdcfe95fa443e98a6e6e87271da9f0) Importer(2089858483,b0f066a214c2f5e87bad3c948f4d605d) (ScriptedImporter) -> (artifact id: '3a04e5009f9b0d0b257914fe1dd821ae') in 0.0259429 seconds
Number of updated asset objects reloaded before import = 0Number of asset objects unloaded after import = 0

========================================================================
Received Import Request.
  Time since last request: 0.000029 seconds.
  path: Packages/com.unity.services.core/Editor/Core/Shared/Infrastructure/Collections/IReadOnlyObservable.Gen.cs
  artifactKey: Guid(c218729aa5dad49caa485d37679f0313) Importer(2089858483,b0f066a214c2f5e87bad3c948f4d605d)
Start importing Packages/com.unity.services.core/Editor/Core/Shared/Infrastructure/Collections/IReadOnlyObservable.Gen.cs using Guid(c218729aa5dad49caa485d37679f0313) Importer(2089858483,b0f066a214c2f5e87bad3c948f4d605d) (ScriptedImporter) -> (artifact id: '6be11263aefc0cadeb5c9a720bb38648') in 0.0219051 seconds
Number of updated asset objects reloaded before import = 0Number of asset objects unloaded after import = 0

========================================================================
Received Import Request.
  Time since last request: 0.000433 seconds.
  path: Packages/com.unity.purchasing/Editor/Obfuscation/Service/ObfuscationMigration.cs
  artifactKey: Guid(a400ecd42f0faf642a015818f10428e0) Importer(2089858483,b0f066a214c2f5e87bad3c948f4d605d)
Start importing Packages/com.unity.purchasing/Editor/Obfuscation/Service/ObfuscationMigration.cs using Guid(a400ecd42f0faf642a015818f10428e0) Importer(2089858483,b0f066a214c2f5e87bad3c948f4d605d) (ScriptedImporter) -> (artifact id: '65fab57f9868b2337a95a227daa91b49') in 0.0201816 seconds
Number of updated asset objects reloaded before import = 0Number of asset objects unloaded after import = 0

========================================================================
Received Import Request.
  Time since last request: 0.000029 seconds.
  path: Packages/com.unity.purchasing/Runtime/Purchasing/Stores/BaseStore/Exceptions/FetchProductsException.cs
  artifactKey: Guid(2deb7537c671403583f60b90bb58b81b) Importer(2089858483,b0f066a214c2f5e87bad3c948f4d605d)
Start importing Packages/com.unity.purchasing/Runtime/Purchasing/Stores/BaseStore/Exceptions/FetchProductsException.cs using Guid(2deb7537c671403583f60b90bb58b81b) Importer(2089858483,b0f066a214c2f5e87bad3c948f4d605d) (ScriptedImporter) -> (artifact id: '5b56abee1b16b64f809c9e2f9d96d73d') in 0.017513 seconds
Number of updated asset objects reloaded before import = 0Number of asset objects unloaded after import = 0

========================================================================
Received Import Request.
  Time since last request: 0.000063 seconds.
  path: Packages/com.unity.services.deployment/Editor/Commands/DeploymentCommandManager.cs
  artifactKey: Guid(c0361505a8464b1c8848a1892e57526b) Importer(2089858483,b0f066a214c2f5e87bad3c948f4d605d)
Start importing Packages/com.unity.services.deployment/Editor/Commands/DeploymentCommandManager.cs using Guid(c0361505a8464b1c8848a1892e57526b) Importer(2089858483,b0f066a214c2f5e87bad3c948f4d605d) (ScriptedImporter) -> (artifact id: '0c36bbce7269438f99baa889c7a26909') in 0.0154241 seconds
Number of updated asset objects reloaded before import = 0Number of asset objects unloaded after import = 0

========================================================================
Received Import Request.
  Time since last request: 0.000025 seconds.
  path: Packages/com.unity.services.core/Runtime/Core.Internal/Unity.Services.Core.Internal.asmdef
  artifactKey: Guid(f82009cf854e040a18ebb38251781c58) Importer(2089858483,b0f066a214c2f5e87bad3c948f4d605d)
Start importing Packages/com.unity.services.core/Runtime/Core.Internal/Unity.Services.Core.Internal.asmdef using Guid(f82009cf854e040a18ebb38251781c58) Importer(2089858483,b0f066a214c2f5e87bad3c948f4d605d) (ScriptedImporter) -> (artifact id: '063bf6de20b0f30b3c9808e0d37b4aa3') in 0.0184966 seconds
Number of updated asset objects reloaded before import = 0Number of asset objects unloaded after import = 1

========================================================================
Received Import Request.
  Time since last request: 0.000051 seconds.
  path: Packages/com.unity.services.deployment/Editor/Interface/SelectInProjectWindowCommand.cs
  artifactKey: Guid(47898703d44a43fca84c35b96bd4c376) Importer(2089858483,b0f066a214c2f5e87bad3c948f4d605d)
Start importing Packages/com.unity.services.deployment/Editor/Interface/SelectInProjectWindowCommand.cs using Guid(47898703d44a43fca84c35b96bd4c376) Importer(2089858483,b0f066a214c2f5e87bad3c948f4d605d) (ScriptedImporter) -> (artifact id: 'a81f3f1330daee54af3c0d15fda46895') in 0.0152846 seconds
Number of updated asset objects reloaded before import = 0Number of asset objects unloaded after import = 0

========================================================================
Received Import Request.
  Time since last request: 0.000088 seconds.
  path: Packages/com.unity.purchasing/Editor/Shared/Logging
  artifactKey: Guid(5f29cd2ee3464ef89613b4b163c710d8) Importer(2089858483,b0f066a214c2f5e87bad3c948f4d605d)
Start importing Packages/com.unity.purchasing/Editor/Shared/Logging using Guid(5f29cd2ee3464ef89613b4b163c710d8) Importer(2089858483,b0f066a214c2f5e87bad3c948f4d605d) (ScriptedImporter) -> (artifact id: '38fbd3c7df61f896b1ed96611e7acd81') in 0.0140159 seconds
Number of updated asset objects reloaded before import = 0Number of asset objects unloaded after import = 1

========================================================================
Received Import Request.
  Time since last request: 0.000044 seconds.
  path: Packages/com.unity.purchasing/Editor/Authoring/Logging
  artifactKey: Guid(20762f20770467745a2bd3ed398522cd) Importer(2089858483,b0f066a214c2f5e87bad3c948f4d605d)
Start importing Packages/com.unity.purchasing/Editor/Authoring/Logging using Guid(20762f20770467745a2bd3ed398522cd) Importer(2089858483,b0f066a214c2f5e87bad3c948f4d605d) (ScriptedImporter) -> (artifact id: '2538268ae4e8c844cdb9383d2478d334') in 0.0130095 seconds
Number of updated asset objects reloaded before import = 0Number of asset objects unloaded after import = 1

========================================================================
Received Import Request.
  Time since last request: 0.000035 seconds.
  path: Packages/com.unity.purchasing/Runtime/Purchasing/Core/Store/PaymentProviders/Extensions/CheckoutPresentationMode.cs
  artifactKey: Guid(1abc9e8a78454706a2c218d9bb0215fc) Importer(2089858483,b0f066a214c2f5e87bad3c948f4d605d)
Start importing Packages/com.unity.purchasing/Runtime/Purchasing/Core/Store/PaymentProviders/Extensions/CheckoutPresentationMode.cs using Guid(1abc9e8a78454706a2c218d9bb0215fc) Importer(2089858483,b0f066a214c2f5e87bad3c948f4d605d) (ScriptedImporter) -> (artifact id: '9040b73024109d58446f6d99ba861af9') in 0.014411 seconds
Number of updated asset objects reloaded before import = 0Number of asset objects unloaded after import = 0

========================================================================
Received Import Request.
  Time since last request: 0.000051 seconds.
  path: Packages/com.unity.services.deployment/Editor/Shared/Analytics/CommonAnalytics.Gen.cs
  artifactKey: Guid(6fd93fde0a57f4627a229e44d6e9e170) Importer(2089858483,b0f066a214c2f5e87bad3c948f4d605d)
Start importing Packages/com.unity.services.deployment/Editor/Shared/Analytics/CommonAnalytics.Gen.cs using Guid(6fd93fde0a57f4627a229e44d6e9e170) Importer(2089858483,b0f066a214c2f5e87bad3c948f4d605d) (ScriptedImporter) -> (artifact id: 'e3d7d5aeb7ec293e7255a8dfdca426af') in 0.0194627 seconds
Number of updated asset objects reloaded before import = 0Number of asset objects unloaded after import = 0

========================================================================
Received Import Request.
  Time since last request: 0.000071 seconds.
  path: Packages/com.unity.purchasing/AiAssistantSkills/in-app-purchases/references/pre-check.md
  artifactKey: Guid(f509510b762b39c478257fe3748bfe0d) Importer(2089858483,b0f066a214c2f5e87bad3c948f4d605d)
Start importing Packages/com.unity.purchasing/AiAssistantSkills/in-app-purchases/references/pre-check.md using Guid(f509510b762b39c478257fe3748bfe0d) Importer(2089858483,b0f066a214c2f5e87bad3c948f4d605d) (ScriptedImporter) -> (artifact id: 'e417d46af33ddb18505bde84055db209') in 0.016247 seconds
Number of updated asset objects reloaded before import = 0Number of asset objects unloaded after import = 1

========================================================================
Received Import Request.
  Time since last request: 0.000050 seconds.
  path: Packages/com.unity.services.deployment/Editor/Model
  artifactKey: Guid(bbedfb1b82a34424826bbfed865bd3ab) Importer(2089858483,b0f066a214c2f5e87bad3c948f4d605d)
Start importing Packages/com.unity.services.deployment/Editor/Model using Guid(bbedfb1b82a34424826bbfed865bd3ab) Importer(2089858483,b0f066a214c2f5e87bad3c948f4d605d) (ScriptedImporter) -> (artifact id: 'c6943ea9bce95a63c139e8593c42c5ba') in 0.0119836 seconds
Number of updated asset objects reloaded before import = 0Number of asset objects unloaded after import = 1

========================================================================
Received Import Request.
  Time since last request: 0.000046 seconds.
  path: Packages/com.unity.purchasing/Runtime/Codeless/CodelessIAPStoreListener.cs
  artifactKey: Guid(b680ba53a40e747f7beb812d4646c7b3) Importer(2089858483,b0f066a214c2f5e87bad3c948f4d605d)
Start importing Packages/com.unity.purchasing/Runtime/Codeless/CodelessIAPStoreListener.cs using Guid(b680ba53a40e747f7beb812d4646c7b3) Importer(2089858483,b0f066a214c2f5e87bad3c948f4d605d) (ScriptedImporter) -> (artifact id: '9aecde01b154638cd1c13c2a96bf12f5') in 0.0151839 seconds
Number of updated asset objects reloaded before import = 0Number of asset objects unloaded after import = 0

========================================================================
Received Import Request.
  Time since last request: 0.000065 seconds.
  path: Packages/com.unity.purchasing/Editor/Authoring/Deployment
  artifactKey: Guid(532c19a7d120ec24c8ba38e60cc0a739) Importer(2089858483,b0f066a214c2f5e87bad3c948f4d605d)
Start importing Packages/com.unity.purchasing/Editor/Authoring/Deployment using Guid(532c19a7d120ec24c8ba38e60cc0a739) Importer(2089858483,b0f066a214c2f5e87bad3c948f4d605d) (ScriptedImporter) -> (artifact id: 'b6461d0d859df99a2e08581f46161dbb') in 0.0143672 seconds
Number of updated asset objects reloaded before import = 0Number of asset objects unloaded after import = 1

========================================================================
Received Import Request.
  Time since last request: 0.000043 seconds.
  path: Packages/com.unity.purchasing/Runtime/Stores/FakeStore/DialogRequest.cs
  artifactKey: Guid(5c9c401096e54ba45bf829401b1cccc4) Importer(2089858483,b0f066a214c2f5e87bad3c948f4d605d)
Start importing Packages/com.unity.purchasing/Runtime/Stores/FakeStore/DialogRequest.cs using Guid(5c9c401096e54ba45bf829401b1cccc4) Importer(2089858483,b0f066a214c2f5e87bad3c948f4d605d) (ScriptedImporter) -> (artifact id: '7ea5c51905875cc281da1cf929564b39') in 0.0150464 seconds
Number of updated asset objects reloaded before import = 0Number of asset objects unloaded after import = 0

========================================================================
Received Import Request.
  Time since last request: 0.000063 seconds.
  path: Packages/com.unity.purchasing/Runtime/UnityPaymentProviders/Client/Models/BasicErrorResponse.cs
  artifactKey: Guid(a2c70ddf435724d79ba83e7016e25019) Importer(2089858483,b0f066a214c2f5e87bad3c948f4d605d)
Start importing Packages/com.unity.purchasing/Runtime/UnityPaymentProviders/Client/Models/BasicErrorResponse.cs using Guid(a2c70ddf435724d79ba83e7016e25019) Importer(2089858483,b0f066a214c2f5e87bad3c948f4d605d) (ScriptedImporter) -> (artifact id: 'cdf4b2e1c6d298cda8a1caf7786323d3') in 0.0165362 seconds
Number of updated asset objects reloaded before import = 0Number of asset objects unloaded after import = 0

========================================================================
Received Import Request.
  Time since last request: 0.000077 seconds.
  path: Packages/com.unity.purchasing/Runtime/Purchasing/Core/Purchasing/Android/GooglePlay/Interfaces
  artifactKey: Guid(43e40a456f5b3cf429d0e3f4822cad55) Importer(2089858483,b0f066a214c2f5e87bad3c948f4d605d)
Start importing Packages/com.unity.purchasing/Runtime/Purchasing/Core/Purchasing/Android/GooglePlay/Interfaces using Guid(43e40a456f5b3cf429d0e3f4822cad55) Importer(2089858483,b0f066a214c2f5e87bad3c948f4d605d) (ScriptedImporter) -> (artifact id: 'ad1b7256d927a51f2f5ba7cb0d7d2ccd') in 0.0135721 seconds
Number of updated asset objects reloaded before import = 0Number of asset objects unloaded after import = 1

========================================================================
Received Import Request.
  Time since last request: 0.000022 seconds.
  path: Packages/com.unity.purchasing/Runtime/Purchasing/Stores/AppleAppStore/AppleProductMetadata.cs
  artifactKey: Guid(3f0adb41640b403cb2531cc76ebca447) Importer(2089858483,b0f066a214c2f5e87bad3c948f4d605d)
Start importing Packages/com.unity.purchasing/Runtime/Purchasing/Stores/AppleAppStore/AppleProductMetadata.cs using Guid(3f0adb41640b403cb2531cc76ebca447) Importer(2089858483,b0f066a214c2f5e87bad3c948f4d605d) (ScriptedImporter) -> (artifact id: 'de69366a8505091cda4e1879147bf404') in 0.017783 seconds
Number of updated asset objects reloaded before import = 0Number of asset objects unloaded after import = 0

========================================================================
Received Import Request.
  Time since last request: 0.000061 seconds.
  path: Packages/com.unity.services.core/Editor/Core/Environments/Client/Http/AsyncOpRetry.cs
  artifactKey: Guid(6b6d4104c62dc4ae3b7b14e88665cc74) Importer(2089858483,b0f066a214c2f5e87bad3c948f4d605d)
Start importing Packages/com.unity.services.core/Editor/Core/Environments/Client/Http/AsyncOpRetry.cs using Guid(6b6d4104c62dc4ae3b7b14e88665cc74) Importer(2089858483,b0f066a214c2f5e87bad3c948f4d605d) (ScriptedImporter) -> (artifact id: 'f98f5c4e1f1abeebb5c4d93a04664617') in 0.0153713 seconds
Number of updated asset objects reloaded before import = 0Number of asset objects unloaded after import = 0

========================================================================
Received Import Request.
  Time since last request: 0.000063 seconds.
  path: Packages/com.unity.purchasing/Runtime/Codeless/Unity.Purchasing.Codeless.asmdef
  artifactKey: Guid(059c931883a8a274690376c0592ea9a0) Importer(2089858483,b0f066a214c2f5e87bad3c948f4d605d)
Start importing Packages/com.unity.purchasing/Runtime/Codeless/Unity.Purchasing.Codeless.asmdef using Guid(059c931883a8a274690376c0592ea9a0) Importer(2089858483,b0f066a214c2f5e87bad3c948f4d605d) (ScriptedImporter) -> (artifact id: '440edbcd36dc9a08b8333cea81eff7f2') in 0.0136413 seconds
Number of updated asset objects reloaded before import = 0Number of asset objects unloaded after import = 1

========================================================================
Received Import Request.
  Time since last request: 0.000025 seconds.
  path: Packages/com.unity.services.core/Runtime/Core.Internal/AsyncOperation/AsyncOperationBase.cs
  artifactKey: Guid(db331124c2ee348219007881f953471b) Importer(2089858483,b0f066a214c2f5e87bad3c948f4d605d)
Start importing Packages/com.unity.services.core/Runtime/Core.Internal/AsyncOperation/AsyncOperationBase.cs using Guid(db331124c2ee348219007881f953471b) Importer(2089858483,b0f066a214c2f5e87bad3c948f4d605d) (ScriptedImporter) -> (artifact id: 'afd420eb68ab9754afc3c48c7f217b0b') in 0.0142225 seconds
Number of updated asset objects reloaded before import = 0Number of asset objects unloaded after import = 0

========================================================================
Received Import Request.
  Time since last request: 0.000061 seconds.
  path: Packages/com.unity.purchasing/Runtime/SecurityStub
  artifactKey: Guid(05049ad23f2ac4792ba959ca42fc3ae7) Importer(2089858483,b0f066a214c2f5e87bad3c948f4d605d)
Start importing Packages/com.unity.purchasing/Runtime/SecurityStub using Guid(05049ad23f2ac4792ba959ca42fc3ae7) Importer(2089858483,b0f066a214c2f5e87bad3c948f4d605d) (ScriptedImporter) -> (artifact id: 'fb156d0e04667a4f5b04735798efd0c3') in 0.0142641 seconds
Number of updated asset objects reloaded before import = 0Number of asset objects unloaded after import = 1

========================================================================
Received Import Request.
  Time since last request: 0.000031 seconds.
  path: Packages/com.unity.purchasing/Runtime/Purchasing/Core/Purchasing/Android/GooglePlay/Extensions/UseCases/GooglePlayRestoreTransactionUseCase.cs
  artifactKey: Guid(71da314468bb1534599b7af8a71d404f) Importer(2089858483,b0f066a214c2f5e87bad3c948f4d605d)
Start importing Packages/com.unity.purchasing/Runtime/Purchasing/Core/Purchasing/Android/GooglePlay/Extensions/UseCases/GooglePlayRestoreTransactionUseCase.cs using Guid(71da314468bb1534599b7af8a71d404f) Importer(2089858483,b0f066a214c2f5e87bad3c948f4d605d) (ScriptedImporter) -> (artifact id: 'c08a2395ffa1b39a80185c5136359e99') in 0.0147339 seconds
Number of updated asset objects reloaded before import = 0Number of asset objects unloaded after import = 0

========================================================================
Received Import Request.
  Time since last request: 0.000077 seconds.
  path: Packages/com.unity.purchasing/Runtime/Stores/Android/GooglePlay/AAR/Models/GooglePurchaseStateEnum.cs
  artifactKey: Guid(767067582a751431f87b20f33cad0c54) Importer(2089858483,b0f066a214c2f5e87bad3c948f4d605d)
Start importing Packages/com.unity.purchasing/Runtime/Stores/Android/GooglePlay/AAR/Models/GooglePurchaseStateEnum.cs using Guid(767067582a751431f87b20f33cad0c54) Importer(2089858483,b0f066a214c2f5e87bad3c948f4d605d) (ScriptedImporter) -> (artifact id: '388f79fa58ac1c1e987cdf5292c96547') in 0.0128597 seconds
Number of updated asset objects reloaded before import = 0Number of asset objects unloaded after import = 0

========================================================================
Received Import Request.
  Time since last request: 0.000080 seconds.
  path: Packages/com.unity.purchasing/Runtime/Utilities/VersionCheck.cs
  artifactKey: Guid(8a8d95c1910743acbbcf0d5376d3877f) Importer(2089858483,b0f066a214c2f5e87bad3c948f4d605d)
Start importing Packages/com.unity.purchasing/Runtime/Utilities/VersionCheck.cs using Guid(8a8d95c1910743acbbcf0d5376d3877f) Importer(2089858483,b0f066a214c2f5e87bad3c948f4d605d) (ScriptedImporter) -> (artifact id: '8e3e742a6811cf0e9972da12d3b78ec3') in 0.0147195 seconds
Number of updated asset objects reloaded before import = 0Number of asset objects unloaded after import = 0

========================================================================
Received Import Request.
  Time since last request: 0.000078 seconds.
  path: Packages/com.unity.purchasing/Editor/UnityPurchasingEditor.cs
  artifactKey: Guid(b2f105680c384664b2421da07ed8bd1b) Importer(2089858483,b0f066a214c2f5e87bad3c948f4d605d)
Start importing Packages/com.unity.purchasing/Editor/UnityPurchasingEditor.cs using Guid(b2f105680c384664b2421da07ed8bd1b) Importer(2089858483,b0f066a214c2f5e87bad3c948f4d605d) (ScriptedImporter) -> (artifact id: '48bcac891a2a520619b278b502655a85') in 0.0149212 seconds
Number of updated asset objects reloaded before import = 0Number of asset objects unloaded after import = 0

========================================================================
Received Import Request.
  Time since last request: 0.000079 seconds.
  path: Packages/com.unity.purchasing/Editor/Authoring/Core/IO/CatalogCsvLoader.cs
  artifactKey: Guid(6755ef688a934b9dabc78e484f7920b5) Importer(2089858483,b0f066a214c2f5e87bad3c948f4d605d)
Start importing Packages/com.unity.purchasing/Editor/Authoring/Core/IO/CatalogCsvLoader.cs using Guid(6755ef688a934b9dabc78e484f7920b5) Importer(2089858483,b0f066a214c2f5e87bad3c948f4d605d) (ScriptedImporter) -> (artifact id: '3d659e7107be14021e47a57c1ea61965') in 0.0172684 seconds
Number of updated asset objects reloaded before import = 0Number of asset objects unloaded after import = 0

========================================================================
Received Import Request.
  Time since last request: 0.000070 seconds.
  path: Packages/com.unity.analytics/Unity.Analytics.Tracker.dll
  artifactKey: Guid(220224b43fc464c28bc0e8de8f54a432) Importer(2089858483,b0f066a214c2f5e87bad3c948f4d605d)
Start importing Packages/com.unity.analytics/Unity.Analytics.Tracker.dll using Guid(220224b43fc464c28bc0e8de8f54a432) Importer(2089858483,b0f066a214c2f5e87bad3c948f4d605d) (ScriptedImporter) -> (artifact id: '273b29fdaa902e6827511c2a4a94a1da') in 0.0169482 seconds
Number of updated asset objects reloaded before import = 0Number of asset objects unloaded after import = 0

========================================================================
Received Import Request.
  Time since last request: 0.000072 seconds.
  path: Packages/com.unity.purchasing/Runtime/UnityWebshops/Interfaces/IWebshopService.cs
  artifactKey: Guid(206d21fef3dc48e1b046475737966c74) Importer(2089858483,b0f066a214c2f5e87bad3c948f4d605d)
Start importing Packages/com.unity.purchasing/Runtime/UnityWebshops/Interfaces/IWebshopService.cs using Guid(206d21fef3dc48e1b046475737966c74) Importer(2089858483,b0f066a214c2f5e87bad3c948f4d605d) (ScriptedImporter) -> (artifact id: '2f51b539d5a5d26e1dccca884edb1cda') in 0.0139675 seconds
Number of updated asset objects reloaded before import = 0Number of asset objects unloaded after import = 0

========================================================================
Received Import Request.
  Time since last request: 0.000059 seconds.
  path: Packages/com.unity.purchasing/AiAssistantSkills/in-app-purchases/references/codeless-catalog.md
  artifactKey: Guid(f4d9975cf3db68048a1fd0d6de6de55d) Importer(2089858483,b0f066a214c2f5e87bad3c948f4d605d)
Start importing Packages/com.unity.purchasing/AiAssistantSkills/in-app-purchases/references/codeless-catalog.md using Guid(f4d9975cf3db68048a1fd0d6de6de55d) Importer(2089858483,b0f066a214c2f5e87bad3c948f4d605d) (ScriptedImporter) -> (artifact id: '885ce5b8f12861819f30f9ca34389cb2') in 0.012377 seconds
Number of updated asset objects reloaded before import = 0Number of asset objects unloaded after import = 1

========================================================================
Received Import Request.
  Time since last request: 0.000035 seconds.
  path: Packages/com.unity.ai.navigation/Editor/ConversionSystem/SystemConvertersEditor.cs
  artifactKey: Guid(030df50ef7a3d40deaa58109d30100c4) Importer(2089858483,b0f066a214c2f5e87bad3c948f4d605d)
Start importing Packages/com.unity.ai.navigation/Editor/ConversionSystem/SystemConvertersEditor.cs using Guid(030df50ef7a3d40deaa58109d30100c4) Importer(2089858483,b0f066a214c2f5e87bad3c948f4d605d) (ScriptedImporter) -> (artifact id: '69331ad4c84daae0b8b3a1b5c6ca3f9b') in 0.0139762 seconds
Number of updated asset objects reloaded before import = 0Number of asset objects unloaded after import = 0

========================================================================
Received Import Request.
  Time since last request: 0.000048 seconds.
  path: Packages/com.unity.purchasing/Plugins/UnityPurchasing/Android/IAPResolver/AndroidDependencies.cs
  artifactKey: Guid(e9f7c66d8773a4128baf4275163f81e5) Importer(2089858483,b0f066a214c2f5e87bad3c948f4d605d)
Start importing Packages/com.unity.purchasing/Plugins/UnityPurchasing/Android/IAPResolver/AndroidDependencies.cs using Guid(e9f7c66d8773a4128baf4275163f81e5) Importer(2089858483,b0f066a214c2f5e87bad3c948f4d605d) (ScriptedImporter) -> (artifact id: '1fa223c394888fd9d8606d83bb8dfa54') in 0.0124898 seconds
Number of updated asset objects reloaded before import = 0Number of asset objects unloaded after import = 0

========================================================================
Received Import Request.
  Time since last request: 0.000056 seconds.
  path: Packages/com.unity.services.core/Runtime/Scheduler
  artifactKey: Guid(86260b9e5f4704f4c8d27269599cf8e0) Importer(2089858483,b0f066a214c2f5e87bad3c948f4d605d)
Start importing Packages/com.unity.services.core/Runtime/Scheduler using Guid(86260b9e5f4704f4c8d27269599cf8e0) Importer(2089858483,b0f066a214c2f5e87bad3c948f4d605d) (ScriptedImporter) -> (artifact id: 'e39cca66036974ff19677d21b0f36b6e') in 0.0138478 seconds
Number of updated asset objects reloaded before import = 0Number of asset objects unloaded after import = 1

========================================================================
Received Import Request.
  Time since last request: 0.000022 seconds.
  path: Packages/com.unity.services.core/Editor/Core/Environments/EnvironmentInfo.cs
  artifactKey: Guid(84b711f26486f4eb1a670f170ad94638) Importer(2089858483,b0f066a214c2f5e87bad3c948f4d605d)
Start importing Packages/com.unity.services.core/Editor/Core/Environments/EnvironmentInfo.cs using Guid(84b711f26486f4eb1a670f170ad94638) Importer(2089858483,b0f066a214c2f5e87bad3c948f4d605d) (ScriptedImporter) -> (artifact id: '4a059f24aff2691a72e655a4ddd7dded') in 0.0163291 seconds
Number of updated asset objects reloaded before import = 0Number of asset objects unloaded after import = 0

========================================================================
Received Import Request.
  Time since last request: 0.000068 seconds.
  path: Packages/com.unity.purchasing/Editor/Authoring/PurchasingAdminApi
  artifactKey: Guid(13db07351d43b42f2b3d0a7d547e122a) Importer(2089858483,b0f066a214c2f5e87bad3c948f4d605d)
Start importing Packages/com.unity.purchasing/Editor/Authoring/PurchasingAdminApi using Guid(13db07351d43b42f2b3d0a7d547e122a) Importer(2089858483,b0f066a214c2f5e87bad3c948f4d605d) (ScriptedImporter) -> (artifact id: 'e0d25dc40e49883997b2c7ad79854ea1') in 0.031875 seconds
Number of updated asset objects reloaded before import = 0Number of asset objects unloaded after import = 1

========================================================================
Received Import Request.
  Time since last request: 0.000039 seconds.
  path: Packages/com.unity.ai.navigation/Runtime/NavMeshModifierVolume.cs
  artifactKey: Guid(35e95dc5ff2b64380880dd7ac5922847) Importer(2089858483,b0f066a214c2f5e87bad3c948f4d605d)
Start importing Packages/com.unity.ai.navigation/Runtime/NavMeshModifierVolume.cs using Guid(35e95dc5ff2b64380880dd7ac5922847) Importer(2089858483,b0f066a214c2f5e87bad3c948f4d605d) (ScriptedImporter) -> (artifact id: '56fd1a56e1b9455a5b8af1b75c113d53') in 0.0232421 seconds
Number of updated asset objects reloaded before import = 0Number of asset objects unloaded after import = 1

========================================================================
Received Import Request.
  Time since last request: 0.000021 seconds.
  path: Packages/com.unity.purchasing/Runtime/Security/Asn1Processor/IAsn1Node.cs
  artifactKey: Guid(a309c873815e10c41905142c2b38c2ea) Importer(2089858483,b0f066a214c2f5e87bad3c948f4d605d)
Start importing Packages/com.unity.purchasing/Runtime/Security/Asn1Processor/IAsn1Node.cs using Guid(a309c873815e10c41905142c2b38c2ea) Importer(2089858483,b0f066a214c2f5e87bad3c948f4d605d) (ScriptedImporter) -> (artifact id: 'b4cb196a3356bb24bf65c952800f2a9b') in 0.0181996 seconds
Number of updated asset objects reloaded before import = 0Number of asset objects unloaded after import = 0

========================================================================
Received Import Request.
  Time since last request: 0.000967 seconds.
  path: Packages/com.unity.purchasing/Runtime/TransactionVerifier/Client/Models/RefundAppleTransactionRequest.cs
  artifactKey: Guid(5ca36b0629d9b495db89be1725664f67) Importer(2089858483,b0f066a214c2f5e87bad3c948f4d605d)
Start importing Packages/com.unity.purchasing/Runtime/TransactionVerifier/Client/Models/RefundAppleTransactionRequest.cs using Guid(5ca36b0629d9b495db89be1725664f67) Importer(2089858483,b0f066a214c2f5e87bad3c948f4d605d) (ScriptedImporter) -> (artifact id: 'd11bbec79417ffead0518c21b966dc75') in 0.0174102 seconds
Number of updated asset objects reloaded before import = 0Number of asset objects unloaded after import = 0

========================================================================
Received Import Request.
  Time since last request: 0.000201 seconds.
  path: Packages/com.unity.purchasing/Runtime/Purchasing/Utilities/Interfaces
  artifactKey: Guid(ba9346bd1650a4468bcf8b052f4af2af) Importer(2089858483,b0f066a214c2f5e87bad3c948f4d605d)
Start importing Packages/com.unity.purchasing/Runtime/Purchasing/Utilities/Interfaces using Guid(ba9346bd1650a4468bcf8b052f4af2af) Importer(2089858483,b0f066a214c2f5e87bad3c948f4d605d) (ScriptedImporter) -> (artifact id: '7a3fd0e05be3b519bc19fa69d80acb53') in 0.0175672 seconds
Number of updated asset objects reloaded before import = 0Number of asset objects unloaded after import = 1

========================================================================
Received Import Request.
  Time since last request: 0.000051 seconds.
  path: Packages/com.unity.purchasing/Runtime/Purchasing/Core/Purchasing/Android/GooglePlay/Interfaces/UseCases
  artifactKey: Guid(ed0d0e571f4de75458bf8bf7c3841496) Importer(2089858483,b0f066a214c2f5e87bad3c948f4d605d)
Start importing Packages/com.unity.purchasing/Runtime/Purchasing/Core/Purchasing/Android/GooglePlay/Interfaces/UseCases using Guid(ed0d0e571f4de75458bf8bf7c3841496) Importer(2089858483,b0f066a214c2f5e87bad3c948f4d605d) (ScriptedImporter) -> (artifact id: '26b095fcae7421c5ab4ba8f50bf5b9c8') in 0.0165369 seconds
Number of updated asset objects reloaded before import = 0Number of asset objects unloaded after import = 1

========================================================================
Received Import Request.
  Time since last request: 0.000024 seconds.
  path: Packages/com.unity.purchasing/Editor/Authoring/PurchasingAdminApi/Client/Model/TargetingRequest.cs
  artifactKey: Guid(030fc5e805ba147a7801cb78b9d70b58) Importer(2089858483,b0f066a214c2f5e87bad3c948f4d605d)
Start importing Packages/com.unity.purchasing/Editor/Authoring/PurchasingAdminApi/Client/Model/TargetingRequest.cs using Guid(030fc5e805ba147a7801cb78b9d70b58) Importer(2089858483,b0f066a214c2f5e87bad3c948f4d605d) (ScriptedImporter) -> (artifact id: '83a806afa8cd789671d373a707e69540') in 0.018271 seconds
Number of updated asset objects reloaded before import = 0Number of asset objects unloaded after import = 0

========================================================================
Received Import Request.
  Time since last request: 0.000046 seconds.
  path: Packages/com.unity.purchasing/Runtime/Purchasing/Core/Store/Android/GooglePlay/GooglePlayStoreExtendedService.cs
  artifactKey: Guid(dd2e56cdf37140d18c96d0defa90a1f8) Importer(2089858483,b0f066a214c2f5e87bad3c948f4d605d)
Start importing Packages/com.unity.purchasing/Runtime/Purchasing/Core/Store/Android/GooglePlay/GooglePlayStoreExtendedService.cs using Guid(dd2e56cdf37140d18c96d0defa90a1f8) Importer(2089858483,b0f066a214c2f5e87bad3c948f4d605d) (ScriptedImporter) -> (artifact id: 'f3f749d69d7b695fa922c8d826e4cbb6') in 0.0182871 seconds
Number of updated asset objects reloaded before import = 0Number of asset objects unloaded after import = 0

========================================================================
Received Import Request.
  Time since last request: 0.000105 seconds.
  path: Packages/com.unity.purchasing/Editor/Authoring/Core/Model/CatalogEntryDeploymentItem.cs
  artifactKey: Guid(57e95c55b8cf8e84c920cd0666f213b9) Importer(2089858483,b0f066a214c2f5e87bad3c948f4d605d)
Start importing Packages/com.unity.purchasing/Editor/Authoring/Core/Model/CatalogEntryDeploymentItem.cs using Guid(57e95c55b8cf8e84c920cd0666f213b9) Importer(2089858483,b0f066a214c2f5e87bad3c948f4d605d) (ScriptedImporter) -> (artifact id: 'fce9413bd42c10603d61b3fa55d432e4') in 0.0152382 seconds
Number of updated asset objects reloaded before import = 0Number of asset objects unloaded after import = 0

========================================================================
Received Import Request.
  Time since last request: 0.000070 seconds.
  path: Packages/com.unity.purchasing/Runtime/Purchasing/Core/Purchasing/Interfaces/Callbacks
  artifactKey: Guid(7381f780ba6c36c409f588dbe6663155) Importer(2089858483,b0f066a214c2f5e87bad3c948f4d605d)
Start importing Packages/com.unity.purchasing/Runtime/Purchasing/Core/Purchasing/Interfaces/Callbacks using Guid(7381f780ba6c36c409f588dbe6663155) Importer(2089858483,b0f066a214c2f5e87bad3c948f4d605d) (ScriptedImporter) -> (artifact id: '133de10246c174f6acd46a4e9f4754e2') in 0.0142963 seconds
Number of updated asset objects reloaded before import = 0Number of asset objects unloaded after import = 1

========================================================================
Received Import Request.
  Time since last request: 0.000099 seconds.
  path: Packages/com.unity.purchasing/Runtime/Purchasing/Core/Product/Android/ScriptingUnityCallback.cs
  artifactKey: Guid(e5cd6461dccb4dd7ae9fcf7b8f72dc7d) Importer(2089858483,b0f066a214c2f5e87bad3c948f4d605d)
Start importing Packages/com.unity.purchasing/Runtime/Purchasing/Core/Product/Android/ScriptingUnityCallback.cs using Guid(e5cd6461dccb4dd7ae9fcf7b8f72dc7d) Importer(2089858483,b0f066a214c2f5e87bad3c948f4d605d) (ScriptedImporter) -> (artifact id: '73ed55bfbcc878d2e683405a7dc2190f') in 0.0168283 seconds
Number of updated asset objects reloaded before import = 0Number of asset objects unloaded after import = 0

========================================================================
Received Import Request.
  Time since last request: 0.000056 seconds.
  path: Packages/com.unity.services.deployment/Editor/Shared/Analytics/AnalyticsTimer.Gen.cs
  artifactKey: Guid(0b757addff28c42e4ae32952880dc379) Importer(2089858483,b0f066a214c2f5e87bad3c948f4d605d)
Start importing Packages/com.unity.services.deployment/Editor/Shared/Analytics/AnalyticsTimer.Gen.cs using Guid(0b757addff28c42e4ae32952880dc379) Importer(2089858483,b0f066a214c2f5e87bad3c948f4d605d) (ScriptedImporter) -> (artifact id: '5dee42df982cf45e62d97077eff794c9') in 0.0149577 seconds
Number of updated asset objects reloaded before import = 0Number of asset objects unloaded after import = 0

========================================================================
Received Import Request.
  Time since last request: 0.000042 seconds.
  path: Packages/com.unity.microsoft.gdk/Runtime/XBL/Social/XblSocialRelationship.cs
  artifactKey: Guid(38354f1ae1f231a40a96d25a9aecef2e) Importer(2089858483,b0f066a214c2f5e87bad3c948f4d605d)
Start importing Packages/com.unity.microsoft.gdk/Runtime/XBL/Social/XblSocialRelationship.cs using Guid(38354f1ae1f231a40a96d25a9aecef2e) Importer(2089858483,b0f066a214c2f5e87bad3c948f4d605d) (ScriptedImporter) -> (artifact id: 'e4a4497ea0ab5ba19319b2e642a192a5') in 0.0136375 seconds
Number of updated asset objects reloaded before import = 0Number of asset objects unloaded after import = 0

========================================================================
Received Import Request.
  Time since last request: 0.000037 seconds.
  path: Packages/com.unity.services.deployment/Editor/Interface/UI/Inspector/DeploymentItemEditorLookup.cs
  artifactKey: Guid(a7b0ff69ba994bd089f4f5aefd168547) Importer(2089858483,b0f066a214c2f5e87bad3c948f4d605d)
Start importing Packages/com.unity.services.deployment/Editor/Interface/UI/Inspector/DeploymentItemEditorLookup.cs using Guid(a7b0ff69ba994bd089f4f5aefd168547) Importer(2089858483,b0f066a214c2f5e87bad3c948f4d605d) (ScriptedImporter) -> (artifact id: '11fa83a04a1463147d1f9ff5c6011df0') in 0.0146557 seconds
Number of updated asset objects reloaded before import = 0Number of asset objects unloaded after import = 0

========================================================================
Received Import Request.
  Time since last request: 0.000072 seconds.
  path: Packages/com.unity.purchasing/Editor/Authoring/RoutingAdminApi
  artifactKey: Guid(86100f6e049c43c8817f38a7b87a2a6d) Importer(2089858483,b0f066a214c2f5e87bad3c948f4d605d)
Start importing Packages/com.unity.purchasing/Editor/Authoring/RoutingAdminApi using Guid(86100f6e049c43c8817f38a7b87a2a6d) Importer(2089858483,b0f066a214c2f5e87bad3c948f4d605d) (ScriptedImporter) -> (artifact id: '2d5c0067458049ac38d3a6572b363fb7') in 0.0142543 seconds
Number of updated asset objects reloaded before import = 0Number of asset objects unloaded after import = 1

========================================================================
Received Import Request.
  Time since last request: 0.000050 seconds.
  path: Packages/com.unity.purchasing/Runtime/Stores/Android/GooglePlay/BillingClientFactory.cs
  artifactKey: Guid(1f43ff5e8b5f490a945170dde83a28df) Importer(2089858483,b0f066a214c2f5e87bad3c948f4d605d)
Start importing Packages/com.unity.purchasing/Runtime/Stores/Android/GooglePlay/BillingClientFactory.cs using Guid(1f43ff5e8b5f490a945170dde83a28df) Importer(2089858483,b0f066a214c2f5e87bad3c948f4d605d) (ScriptedImporter) -> (artifact id: '4a9516e615947941fb3aa5f1781e2486') in 0.0181875 seconds
Number of updated asset objects reloaded before import = 0Number of asset objects unloaded after import = 0

========================================================================
Received Import Request.
  Time since last request: 0.000086 seconds.
  path: Packages/com.unity.ai.navigation/EditorResources/Overlay/d_NavigationOverlay On@2x.png
  artifactKey: Guid(a206ff0ddc681e642a2e62fc57a7d51c) Importer(2089858483,b0f066a214c2f5e87bad3c948f4d605d)
Start importing Packages/com.unity.ai.navigation/EditorResources/Overlay/d_NavigationOverlay On@2x.png using Guid(a206ff0ddc681e642a2e62fc57a7d51c) Importer(2089858483,b0f066a214c2f5e87bad3c948f4d605d) (ScriptedImporter) -> (artifact id: 'e53880f8940514e4edda1db73ce49f22') in 0.023923 seconds
Number of updated asset objects reloaded before import = 0Number of asset objects unloaded after import = 1

========================================================================
Received Import Request.
  Time since last request: 0.000248 seconds.
  path: Packages/com.unity.purchasing/Runtime/UnityLiveContentAdapter/Client/Http/JsonObject.cs
  artifactKey: Guid(e585cbaa63f8641ec92900f17e65a68b) Importer(2089858483,b0f066a214c2f5e87bad3c948f4d605d)
Start importing Packages/com.unity.purchasing/Runtime/UnityLiveContentAdapter/Client/Http/JsonObject.cs using Guid(e585cbaa63f8641ec92900f17e65a68b) Importer(2089858483,b0f066a214c2f5e87bad3c948f4d605d) (ScriptedImporter) -> (artifact id: '1d6cf0a703268efde79386362a1b0783') in 0.0173936 seconds
Number of updated asset objects reloaded before import = 0Number of asset objects unloaded after import = 0

========================================================================
Received Import Request.
  Time since last request: 0.000651 seconds.
  path: Packages/com.unity.microsoft.gdk/Runtime/Interop/XBL/MultiplayerManager/XblGuid.cs
  artifactKey: Guid(481ded5c39227ff429ee254e615408b8) Importer(2089858483,b0f066a214c2f5e87bad3c948f4d605d)
Start importing Packages/com.unity.microsoft.gdk/Runtime/Interop/XBL/MultiplayerManager/XblGuid.cs using Guid(481ded5c39227ff429ee254e615408b8) Importer(2089858483,b0f066a214c2f5e87bad3c948f4d605d) (ScriptedImporter) -> (artifact id: '6c378812f3a1adb35a4fafd5dddf56c4') in 0.0230731 seconds
Number of updated asset objects reloaded before import = 0Number of asset objects unloaded after import = 0

========================================================================
Received Import Request.
  Time since last request: 0.001675 seconds.
  path: Packages/com.unity.purchasing/Runtime/Stores/Android/GooglePlay/AAR/Interfaces/IGoogleLastKnownProductService.cs
  artifactKey: Guid(6674632fa5e448248a41a42a29462f35) Importer(2089858483,b0f066a214c2f5e87bad3c948f4d605d)
Start importing Packages/com.unity.purchasing/Runtime/Stores/Android/GooglePlay/AAR/Interfaces/IGoogleLastKnownProductService.cs using Guid(6674632fa5e448248a41a42a29462f35) Importer(2089858483,b0f066a214c2f5e87bad3c948f4d605d) (ScriptedImporter) -> (artifact id: 'ba84a9f772f1952d8a66de2e3e2e9353') in 0.0178577 seconds
Number of updated asset objects reloaded before import = 0Number of asset objects unloaded after import = 0

========================================================================
Received Import Request.
  Time since last request: 0.000127 seconds.
  path: Packages/com.unity.purchasing/Runtime/Purchasing/Legacy/Extensions/Interfaces/IAppleExtensions.cs
  artifactKey: Guid(17266b6fb51f243a48124bcd21012eb3) Importer(2089858483,b0f066a214c2f5e87bad3c948f4d605d)
Start importing Packages/com.unity.purchasing/Runtime/Purchasing/Legacy/Extensions/Interfaces/IAppleExtensions.cs using Guid(17266b6fb51f243a48124bcd21012eb3) Importer(2089858483,b0f066a214c2f5e87bad3c948f4d605d) (ScriptedImporter) -> (artifact id: '93af3cfacf2b595e090deaba1cdc4902') in 0.016756 seconds
Number of updated asset objects reloaded before import = 0Number of asset objects unloaded after import = 0

========================================================================
Received Import Request.
  Time since last request: 0.000072 seconds.
  path: Packages/com.unity.services.core/Runtime/Core/IService.cs
  artifactKey: Guid(eaca1461750224243bbf46b2e8741f64) Importer(2089858483,b0f066a214c2f5e87bad3c948f4d605d)
Start importing Packages/com.unity.services.core/Runtime/Core/IService.cs using Guid(eaca1461750224243bbf46b2e8741f64) Importer(2089858483,b0f066a214c2f5e87bad3c948f4d605d) (ScriptedImporter) -> (artifact id: '46a26d62b0e35f762d59f55228b41407') in 0.0164794 seconds
Number of updated asset objects reloaded before import = 0Number of asset objects unloaded after import = 0

========================================================================
Received Import Request.
  Time since last request: 0.000093 seconds.
  path: Packages/com.unity.purchasing/Runtime/Apple/iOSStoreBindings.cs
  artifactKey: Guid(360e792a2fac4d2dbf1793c1f98567a7) Importer(2089858483,b0f066a214c2f5e87bad3c948f4d605d)
Start importing Packages/com.unity.purchasing/Runtime/Apple/iOSStoreBindings.cs using Guid(360e792a2fac4d2dbf1793c1f98567a7) Importer(2089858483,b0f066a214c2f5e87bad3c948f4d605d) (ScriptedImporter) -> (artifact id: '71252b512dda66b0902d786eea5c0592') in 0.0422225 seconds
Number of updated asset objects reloaded before import = 0Number of asset objects unloaded after import = 0

========================================================================
Received Import Request.
  Time since last request: 0.000312 seconds.
  path: Packages/com.unity.microsoft.gdk/Runtime/Interop/XBL/Presence/XblPresenceRecordHandle.cs
  artifactKey: Guid(be5fb759efec429f8fd39cb893d1f686) Importer(2089858483,b0f066a214c2f5e87bad3c948f4d605d)
Start importing Packages/com.unity.microsoft.gdk/Runtime/Interop/XBL/Presence/XblPresenceRecordHandle.cs using Guid(be5fb759efec429f8fd39cb893d1f686) Importer(2089858483,b0f066a214c2f5e87bad3c948f4d605d) (ScriptedImporter) -> (artifact id: '41f2e0d7f2fa33a01aee0e8dd3faf587') in 0.039691 seconds
Number of updated asset objects reloaded before import = 0Number of asset objects unloaded after import = 0

========================================================================
Received Import Request.
  Time since last request: 0.000230 seconds.
  path: Packages/com.unity.services.core/Runtime/Core.Internal/Components/Wire/IChannelTokenProvider.cs
  artifactKey: Guid(cb20682ba56fb47f285cd16dd1291270) Importer(2089858483,b0f066a214c2f5e87bad3c948f4d605d)
Start importing Packages/com.unity.services.core/Runtime/Core.Internal/Components/Wire/IChannelTokenProvider.cs using Guid(cb20682ba56fb47f285cd16dd1291270) Importer(2089858483,b0f066a214c2f5e87bad3c948f4d605d) (ScriptedImporter) -> (artifact id: 'd3f246bd40b6cce1233f523afb46c454') in 0.0149322 seconds
Number of updated asset objects reloaded before import = 0Number of asset objects unloaded after import = 0

========================================================================
Received Import Request.
  Time since last request: 0.000098 seconds.
  path: Packages/com.unity.services.core/Runtime/Core.Internal/AsyncOperation/IAsyncOperationAwaiter.cs
  artifactKey: Guid(c6da497a894c04c6d9b6a738042ec6a0) Importer(2089858483,b0f066a214c2f5e87bad3c948f4d605d)
Start importing Packages/com.unity.services.core/Runtime/Core.Internal/AsyncOperation/IAsyncOperationAwaiter.cs using Guid(c6da497a894c04c6d9b6a738042ec6a0) Importer(2089858483,b0f066a214c2f5e87bad3c948f4d605d) (ScriptedImporter) -> (artifact id: 'da9ee20e4170bbcc1e2fa304b686e734') in 0.0196854 seconds
Number of updated asset objects reloaded before import = 0Number of asset objects unloaded after import = 0

========================================================================
Received Import Request.
  Time since last request: 0.000111 seconds.
  path: Packages/com.unity.microsoft.gdk/Runtime/Interop/XBL/Achievements/XblAchievementReward.cs
  artifactKey: Guid(7fd3beb38d2e4f649eac8516bdc8ec8e) Importer(2089858483,b0f066a214c2f5e87bad3c948f4d605d)
Start importing Packages/com.unity.microsoft.gdk/Runtime/Interop/XBL/Achievements/XblAchievementReward.cs using Guid(7fd3beb38d2e4f649eac8516bdc8ec8e) Importer(2089858483,b0f066a214c2f5e87bad3c948f4d605d) (ScriptedImporter) -> (artifact id: 'b1b7b456fb9b126114327eb2a45e7531') in 0.0178242 seconds
Number of updated asset objects reloaded before import = 0Number of asset objects unloaded after import = 0

========================================================================
Received Import Request.
  Time since last request: 0.000045 seconds.
  path: Packages/com.unity.microsoft.gdk/Tests/PlayModeTests/EmptyTest.cs
  artifactKey: Guid(c904364c030c6554cb5fdb19937bc2aa) Importer(2089858483,b0f066a214c2f5e87bad3c948f4d605d)
Start importing Packages/com.unity.microsoft.gdk/Tests/PlayModeTests/EmptyTest.cs using Guid(c904364c030c6554cb5fdb19937bc2aa) Importer(2089858483,b0f066a214c2f5e87bad3c948f4d605d) (ScriptedImporter) -> (artifact id: '2729d68ebccf947fd0bc5de4257b76dd') in 0.0177262 seconds
Number of updated asset objects reloaded before import = 0Number of asset objects unloaded after import = 0

========================================================================
Received Import Request.
  Time since last request: 0.000467 seconds.
  path: Packages/com.unity.ai.navigation/Gizmos/NavMeshLink Icon.png
  artifactKey: Guid(92f4afa3e25264f5b964937ccea49ff2) Importer(2089858483,b0f066a214c2f5e87bad3c948f4d605d)
Start importing Packages/com.unity.ai.navigation/Gizmos/NavMeshLink Icon.png using Guid(92f4afa3e25264f5b964937ccea49ff2) Importer(2089858483,b0f066a214c2f5e87bad3c948f4d605d) (ScriptedImporter) -> (artifact id: 'e46544bb9c4b90b8344cf5e625f3a862') in 0.0264022 seconds
Number of updated asset objects reloaded before import = 0Number of asset objects unloaded after import = 1

========================================================================
Received Import Request.
  Time since last request: 0.000022 seconds.
  path: Packages/com.unity.services.core/Editor/Core/Unity.Services.Core.Editor.api
  artifactKey: Guid(24b38a646859243c4a35b882459da8a9) Importer(2089858483,b0f066a214c2f5e87bad3c948f4d605d)
Start importing Packages/com.unity.services.core/Editor/Core/Unity.Services.Core.Editor.api using Guid(24b38a646859243c4a35b882459da8a9) Importer(2089858483,b0f066a214c2f5e87bad3c948f4d605d) (ScriptedImporter) -> (artifact id: '65e3cd38740d3f9a6c870fca2fec51c6') in 0.0127991 seconds
Number of updated asset objects reloaded before import = 0Number of asset objects unloaded after import = 1

========================================================================
Received Import Request.
  Time since last request: 0.000056 seconds.
  path: Packages/com.unity.purchasing/Runtime/Purchasing/Core/Store/UseCases/StoreConnectUseCaseFactory.cs
  artifactKey: Guid(562ab88fa7dd46358ea9b245c4abff6b) Importer(2089858483,b0f066a214c2f5e87bad3c948f4d605d)
Start importing Packages/com.unity.purchasing/Runtime/Purchasing/Core/Store/UseCases/StoreConnectUseCaseFactory.cs using Guid(562ab88fa7dd46358ea9b245c4abff6b) Importer(2089858483,b0f066a214c2f5e87bad3c948f4d605d) (ScriptedImporter) -> (artifact id: 'cb08ff8c5855d026a24fe63915250691') in 0.0149245 seconds
Number of updated asset objects reloaded before import = 0Number of asset objects unloaded after import = 0

========================================================================
Received Import Request.
  Time since last request: 0.000052 seconds.
  path: Packages/com.unity.microsoft.gdk.discovery/CHANGELOG.md
  artifactKey: Guid(05faea5b3af7083449fd423d398216b1) Importer(2089858483,b0f066a214c2f5e87bad3c948f4d605d)
Start importing Packages/com.unity.microsoft.gdk.discovery/CHANGELOG.md using Guid(05faea5b3af7083449fd423d398216b1) Importer(2089858483,b0f066a214c2f5e87bad3c948f4d605d) (ScriptedImporter) -> (artifact id: 'eae577a3cecdacca13c43c67877fd90d') in 0.0156738 seconds
Number of updated asset objects reloaded before import = 0Number of asset objects unloaded after import = 1

========================================================================
Received Import Request.
  Time since last request: 0.000034 seconds.
  path: Packages/com.unity.ai.navigation/Editor/NavMeshAssetManager.cs
  artifactKey: Guid(178d8366aa1616849b91b66285c51454) Importer(2089858483,b0f066a214c2f5e87bad3c948f4d605d)
Start importing Packages/com.unity.ai.navigation/Editor/NavMeshAssetManager.cs using Guid(178d8366aa1616849b91b66285c51454) Importer(2089858483,b0f066a214c2f5e87bad3c948f4d605d) (ScriptedImporter) -> (artifact id: '8f94842695bdd30ce820e3496d6492ea') in 0.0135219 seconds
Number of updated asset objects reloaded before import = 0Number of asset objects unloaded after import = 0

========================================================================
Received Import Request.
  Time since last request: 0.000058 seconds.
  path: Packages/com.unity.purchasing/Runtime/UnityLiveContentAdapter/Client/Apis/ClientApi.cs
  artifactKey: Guid(510090a4c782e46218cfe7fc08f52547) Importer(2089858483,b0f066a214c2f5e87bad3c948f4d605d)
Start importing Packages/com.unity.purchasing/Runtime/UnityLiveContentAdapter/Client/Apis/ClientApi.cs using Guid(510090a4c782e46218cfe7fc08f52547) Importer(2089858483,b0f066a214c2f5e87bad3c948f4d605d) (ScriptedImporter) -> (artifact id: '43ce76c60f9c62ba893c75bb2e955e56') in 0.0124879 seconds
Number of updated asset objects reloaded before import = 0Number of asset objects unloaded after import = 0

========================================================================
Received Import Request.
  Time since last request: 0.000092 seconds.
  path: Packages/com.unity.purchasing/Runtime/Stores/AppleAppStore
  artifactKey: Guid(c7f07f9ea27d411c8f104bb5d4e3964f) Importer(2089858483,b0f066a214c2f5e87bad3c948f4d605d)
Start importing Packages/com.unity.purchasing/Runtime/Stores/AppleAppStore using Guid(c7f07f9ea27d411c8f104bb5d4e3964f) Importer(2089858483,b0f066a214c2f5e87bad3c948f4d605d) (ScriptedImporter) -> (artifact id: '1476536450b44f7d7344550fa1483b39') in 0.0112277 seconds
Number of updated asset objects reloaded before import = 0Number of asset objects unloaded after import = 1

========================================================================
Received Import Request.
  Time since last request: 0.000022 seconds.
  path: Packages/com.unity.services.deployment/Editor/Interface/UI/AuthoringWindow.cs
  artifactKey: Guid(7d827a9bb9b7f4cec8efb07a80e287c6) Importer(2089858483,b0f066a214c2f5e87bad3c948f4d605d)
Start importing Packages/com.unity.services.deployment/Editor/Interface/UI/AuthoringWindow.cs using Guid(7d827a9bb9b7f4cec8efb07a80e287c6) Importer(2089858483,b0f066a214c2f5e87bad3c948f4d605d) (ScriptedImporter) -> (artifact id: '6306f820d53a698dee09e434d86fd9e6') in 0.0137059 seconds
Number of updated asset objects reloaded before import = 0Number of asset objects unloaded after import = 0

========================================================================
Received Import Request.
  Time since last request: 0.000046 seconds.
  path: Packages/com.unity.services.core/Runtime/Core.Internal/Registry/DependencyTree.cs
  artifactKey: Guid(9077f672dce4c48b6ba1b81bc1037196) Importer(2089858483,b0f066a214c2f5e87bad3c948f4d605d)
Start importing Packages/com.unity.services.core/Runtime/Core.Internal/Registry/DependencyTree.cs using Guid(9077f672dce4c48b6ba1b81bc1037196) Importer(2089858483,b0f066a214c2f5e87bad3c948f4d605d) (ScriptedImporter) -> (artifact id: '0e29a61d86e93466457d8f5c90a3a386') in 0.0148633 seconds
Number of updated asset objects reloaded before import = 0Number of asset objects unloaded after import = 0

========================================================================
Received Import Request.
  Time since last request: 0.000048 seconds.
  path: Packages/com.unity.microsoft.gdk/Runtime/XBL/Presence/XblPresenceQueryFilters.cs
  artifactKey: Guid(b4d5d76798a049e58e60885874d9956f) Importer(2089858483,b0f066a214c2f5e87bad3c948f4d605d)
Start importing Packages/com.unity.microsoft.gdk/Runtime/XBL/Presence/XblPresenceQueryFilters.cs using Guid(b4d5d76798a049e58e60885874d9956f) Importer(2089858483,b0f066a214c2f5e87bad3c948f4d605d) (ScriptedImporter) -> (artifact id: 'c58a250c9914f7e5b82bf227c39e3ef0') in 0.0126165 seconds
Number of updated asset objects reloaded before import = 0Number of asset objects unloaded after import = 0

========================================================================
Received Import Request.
  Time since last request: 0.000048 seconds.
  path: Packages/com.unity.purchasing/Editor/AppleXMLProductCatalogExporter.cs
  artifactKey: Guid(3b1bb76fde184b2eaec85b0c20e9a9dc) Importer(2089858483,b0f066a214c2f5e87bad3c948f4d605d)
Start importing Packages/com.unity.purchasing/Editor/AppleXMLProductCatalogExporter.cs using Guid(3b1bb76fde184b2eaec85b0c20e9a9dc) Importer(2089858483,b0f066a214c2f5e87bad3c948f4d605d) (ScriptedImporter) -> (artifact id: 'f40d9b92a71d23762191262a3ba1408a') in 0.011686 seconds
Number of updated asset objects reloaded before import = 0Number of asset objects unloaded after import = 0

========================================================================
Received Import Request.
  Time since last request: 0.000058 seconds.
  path: Packages/com.unity.purchasing/Runtime/Purchasing/Core/Product/Models/ProductFetchFailureReason.cs
  artifactKey: Guid(2294e432368960c4aa143d6642473076) Importer(2089858483,b0f066a214c2f5e87bad3c948f4d605d)
Start importing Packages/com.unity.purchasing/Runtime/Purchasing/Core/Product/Models/ProductFetchFailureReason.cs using Guid(2294e432368960c4aa143d6642473076) Importer(2089858483,b0f066a214c2f5e87bad3c948f4d605d) (ScriptedImporter) -> (artifact id: 'b268faa6b29b1f038bac79126db4f938') in 0.0127211 seconds
Number of updated asset objects reloaded before import = 0Number of asset objects unloaded after import = 0

========================================================================
Received Import Request.
  Time since last request: 0.000060 seconds.
  path: Packages/com.unity.purchasing/Editor/ServiceProjectSettings/UI/Views/AISkillsSettingsBlock.cs
  artifactKey: Guid(cb2f41a09a4d1274c8c0e830eba45357) Importer(2089858483,b0f066a214c2f5e87bad3c948f4d605d)
Start importing Packages/com.unity.purchasing/Editor/ServiceProjectSettings/UI/Views/AISkillsSettingsBlock.cs using Guid(cb2f41a09a4d1274c8c0e830eba45357) Importer(2089858483,b0f066a214c2f5e87bad3c948f4d605d) (ScriptedImporter) -> (artifact id: '821a57264ffeb39e4276ae74b12f0e9d') in 0.0128073 seconds
Number of updated asset objects reloaded before import = 0Number of asset objects unloaded after import = 0

========================================================================
Received Import Request.
  Time since last request: 0.000071 seconds.
  path: Packages/com.unity.purchasing/Runtime/Purchasing/Core/Product/AppleAppStore/Extensions/Interfaces
  artifactKey: Guid(ff00e62aeba442cb84b1ff8b826f1a3d) Importer(2089858483,b0f066a214c2f5e87bad3c948f4d605d)
Start importing Packages/com.unity.purchasing/Runtime/Purchasing/Core/Product/AppleAppStore/Extensions/Interfaces using Guid(ff00e62aeba442cb84b1ff8b826f1a3d) Importer(2089858483,b0f066a214c2f5e87bad3c948f4d605d) (ScriptedImporter) -> (artifact id: '38d893e77c3cdd422112d678d2503e46') in 0.0120443 seconds
Number of updated asset objects reloaded before import = 0Number of asset objects unloaded after import = 1

========================================================================
Received Import Request.
  Time since last request: 0.000041 seconds.
  path: Packages/com.unity.purchasing/Runtime/UnityLiveContentAdapter/LiveContentAdapterServiceProvider.cs
  artifactKey: Guid(e5927d919f3394e53a90f023b4afa105) Importer(2089858483,b0f066a214c2f5e87bad3c948f4d605d)
Start importing Packages/com.unity.purchasing/Runtime/UnityLiveContentAdapter/LiveContentAdapterServiceProvider.cs using Guid(e5927d919f3394e53a90f023b4afa105) Importer(2089858483,b0f066a214c2f5e87bad3c948f4d605d) (ScriptedImporter) -> (artifact id: '57423001e09f176fc39349b21a3adf33') in 0.0134006 seconds
Number of updated asset objects reloaded before import = 0Number of asset objects unloaded after import = 0

========================================================================
Received Import Request.
  Time since last request: 0.000043 seconds.
  path: Packages/com.unity.ai.navigation/Editor/NavigationOverlay.cs
  artifactKey: Guid(c660403886dc4a449f55327665b10bbb) Importer(2089858483,b0f066a214c2f5e87bad3c948f4d605d)
Start importing Packages/com.unity.ai.navigation/Editor/NavigationOverlay.cs using Guid(c660403886dc4a449f55327665b10bbb) Importer(2089858483,b0f066a214c2f5e87bad3c948f4d605d) (ScriptedImporter) -> (artifact id: 'baccf43f2625f1c7c4e9997fa6ebc47c') in 0.0135368 seconds
Number of updated asset objects reloaded before import = 0Number of asset objects unloaded after import = 0

========================================================================
Received Import Request.
  Time since last request: 0.000022 seconds.
  path: Packages/com.unity.services.deployment/Core/Glob/Parser.Gen.cs
  artifactKey: Guid(f67ab73feefdc4c4b817a2c745a11b6b) Importer(2089858483,b0f066a214c2f5e87bad3c948f4d605d)
Start importing Packages/com.unity.services.deployment/Core/Glob/Parser.Gen.cs using Guid(f67ab73feefdc4c4b817a2c745a11b6b) Importer(2089858483,b0f066a214c2f5e87bad3c948f4d605d) (ScriptedImporter) -> (artifact id: 'cbeb3176132ef08087bb78aae44d8e94') in 0.0145191 seconds
Number of updated asset objects reloaded before import = 0Number of asset objects unloaded after import = 0

========================================================================
Received Import Request.
  Time since last request: 0.000071 seconds.
  path: Packages/com.unity.purchasing/Runtime/Purchasing/Core/StoreController.cs
  artifactKey: Guid(276cfbea3b984a62b0cbdca778cd154c) Importer(2089858483,b0f066a214c2f5e87bad3c948f4d605d)
Start importing Packages/com.unity.purchasing/Runtime/Purchasing/Core/StoreController.cs using Guid(276cfbea3b984a62b0cbdca778cd154c) Importer(2089858483,b0f066a214c2f5e87bad3c948f4d605d) (ScriptedImporter) -> (artifact id: '5004c13144daf7c1e4f2f9c4866a8257') in 0.0130402 seconds
Number of updated asset objects reloaded before import = 0Number of asset objects unloaded after import = 0

========================================================================
Received Import Request.
  Time since last request: 0.000071 seconds.
  path: Packages/com.unity.purchasing/Runtime/Purchasing/Core/Purchasing/Models
  artifactKey: Guid(2851c13b4a72edb48bf5b6e1aca593e1) Importer(2089858483,b0f066a214c2f5e87bad3c948f4d605d)
Start importing Packages/com.unity.purchasing/Runtime/Purchasing/Core/Purchasing/Models using Guid(2851c13b4a72edb48bf5b6e1aca593e1) Importer(2089858483,b0f066a214c2f5e87bad3c948f4d605d) (ScriptedImporter) -> (artifact id: 'ade0ee7f0aa6c18d831f29d568594651') in 0.0132105 seconds
Number of updated asset objects reloaded before import = 0Number of asset objects unloaded after import = 1

========================================================================
Received Import Request.
  Time since last request: 0.000023 seconds.
  path: Packages/com.unity.microsoft.gdk/Runtime/Interop/UInt64Ref.cs
  artifactKey: Guid(e9dae79ec32b4d1a95630e4848cb7867) Importer(2089858483,b0f066a214c2f5e87bad3c948f4d605d)
Start importing Packages/com.unity.microsoft.gdk/Runtime/Interop/UInt64Ref.cs using Guid(e9dae79ec32b4d1a95630e4848cb7867) Importer(2089858483,b0f066a214c2f5e87bad3c948f4d605d) (ScriptedImporter) -> (artifact id: 'a24e84676881d15fec7601c3b762dcb5') in 0.0138815 seconds
Number of updated asset objects reloaded before import = 0Number of asset objects unloaded after import = 0

========================================================================
Received Import Request.
  Time since last request: 0.000078 seconds.
  path: Packages/com.unity.purchasing/Runtime/Purchasing/Core/Purchasing/CartValidation/DistinctProductsCartValidator.cs
  artifactKey: Guid(69586e6eeaf3473684c319134c545460) Importer(2089858483,b0f066a214c2f5e87bad3c948f4d605d)
Start importing Packages/com.unity.purchasing/Runtime/Purchasing/Core/Purchasing/CartValidation/DistinctProductsCartValidator.cs using Guid(69586e6eeaf3473684c319134c545460) Importer(2089858483,b0f066a214c2f5e87bad3c948f4d605d) (ScriptedImporter) -> (artifact id: 'ee3f685e5a49c36c91b05f820b642a24') in 0.0170432 seconds
Number of updated asset objects reloaded before import = 0Number of asset objects unloaded after import = 0

========================================================================
Received Import Request.
  Time since last request: 0.000063 seconds.
  path: Packages/com.unity.services.deployment/Editor/Commands/CommandUtils.cs
  artifactKey: Guid(e6fa9da83c5543f886609e744c83d337) Importer(2089858483,b0f066a214c2f5e87bad3c948f4d605d)
Start importing Packages/com.unity.services.deployment/Editor/Commands/CommandUtils.cs using Guid(e6fa9da83c5543f886609e744c83d337) Importer(2089858483,b0f066a214c2f5e87bad3c948f4d605d) (ScriptedImporter) -> (artifact id: '8d96f6d75149d6d9fb5e72021cbfd798') in 0.0156473 seconds
Number of updated asset objects reloaded before import = 0Number of asset objects unloaded after import = 0

========================================================================
Received Import Request.
  Time since last request: 0.000082 seconds.
  path: Packages/com.unity.microsoft.gdk/Runtime/Interop/__GENERATED/XBL/XboxLiveContext
  artifactKey: Guid(deaecb1bd5b84eb58bf48442f0d7aa67) Importer(2089858483,b0f066a214c2f5e87bad3c948f4d605d)
Start importing Packages/com.unity.microsoft.gdk/Runtime/Interop/__GENERATED/XBL/XboxLiveContext using Guid(deaecb1bd5b84eb58bf48442f0d7aa67) Importer(2089858483,b0f066a214c2f5e87bad3c948f4d605d) (ScriptedImporter) -> (artifact id: '53b0da9e6d7af2b9a3a9246114df6032') in 0.016091 seconds
Number of updated asset objects reloaded before import = 0Number of asset objects unloaded after import = 1

========================================================================
Received Import Request.
  Time since last request: 0.000023 seconds.
  path: Packages/com.unity.purchasing/Runtime/Purchasing/CoreServices/Interfaces/IUnityServicesInitializationChecker.cs
  artifactKey: Guid(234f58cbe0c0452c9fdfe8644391aa5e) Importer(2089858483,b0f066a214c2f5e87bad3c948f4d605d)
Start importing Packages/com.unity.purchasing/Runtime/Purchasing/CoreServices/Interfaces/IUnityServicesInitializationChecker.cs using Guid(234f58cbe0c0452c9fdfe8644391aa5e) Importer(2089858483,b0f066a214c2f5e87bad3c948f4d605d) (ScriptedImporter) -> (artifact id: 'cbd711660c8e6046ee4d3fc64fab23a2') in 0.0160227 seconds
Number of updated asset objects reloaded before import = 0Number of asset objects unloaded after import = 0

========================================================================
Received Import Request.
  Time since last request: 0.000151 seconds.
  path: Packages/com.unity.purchasing/Runtime/TransactionVerifier/Client/Models/VerifyGoogleTransactionRequest.cs
  artifactKey: Guid(94ea6db52d1204c8caf97c0429da3a63) Importer(2089858483,b0f066a214c2f5e87bad3c948f4d605d)
Start importing Packages/com.unity.purchasing/Runtime/TransactionVerifier/Client/Models/VerifyGoogleTransactionRequest.cs using Guid(94ea6db52d1204c8caf97c0429da3a63) Importer(2089858483,b0f066a214c2f5e87bad3c948f4d605d) (ScriptedImporter) -> (artifact id: '2ccdb0bfc79a6de91d249586647d9b24') in 0.0162446 seconds
Number of updated asset objects reloaded before import = 0Number of asset objects unloaded after import = 0

========================================================================
Received Import Request.
  Time since last request: 0.000091 seconds.
  path: Packages/com.unity.services.core/Editor/Core/Status/StatusInitializer.cs
  artifactKey: Guid(f240a8865faf4b84bb04a91809f52b73) Importer(2089858483,b0f066a214c2f5e87bad3c948f4d605d)
Start importing Packages/com.unity.services.core/Editor/Core/Status/StatusInitializer.cs using Guid(f240a8865faf4b84bb04a91809f52b73) Importer(2089858483,b0f066a214c2f5e87bad3c948f4d605d) (ScriptedImporter) -> (artifact id: '501d8faa342ba95c66535c7d4a7c275a') in 0.021373 seconds
Number of updated asset objects reloaded before import = 0Number of asset objects unloaded after import = 0

========================================================================
Received Import Request.
  Time since last request: 0.000043 seconds.
  path: Packages/com.unity.purchasing/Runtime/Stores/Android/GooglePlay/AAR/Interfaces/IGoogleCachedQueryProductDetailsService.cs
  artifactKey: Guid(b0fdb4a3754f2db459745c9f14ad938a) Importer(2089858483,b0f066a214c2f5e87bad3c948f4d605d)
Start importing Packages/com.unity.purchasing/Runtime/Stores/Android/GooglePlay/AAR/Interfaces/IGoogleCachedQueryProductDetailsService.cs using Guid(b0fdb4a3754f2db459745c9f14ad938a) Importer(2089858483,b0f066a214c2f5e87bad3c948f4d605d) (ScriptedImporter) -> (artifact id: '44463b96da4994710492d04386e2c051') in 0.0170389 seconds
Number of updated asset objects reloaded before import = 0Number of asset objects unloaded after import = 0

========================================================================
Received Import Request.
  Time since last request: 0.000078 seconds.
  path: Packages/com.unity.services.deployment/Core
  artifactKey: Guid(e469eabb0caf044a596d822b69a09edf) Importer(2089858483,b0f066a214c2f5e87bad3c948f4d605d)
Start importing Packages/com.unity.services.deployment/Core using Guid(e469eabb0caf044a596d822b69a09edf) Importer(2089858483,b0f066a214c2f5e87bad3c948f4d605d) (ScriptedImporter) -> (artifact id: 'ddf63d3bca90f3ff3cd7ee259010bffd') in 0.0140743 seconds
Number of updated asset objects reloaded before import = 0Number of asset objects unloaded after import = 1

========================================================================
Received Import Request.
  Time since last request: 0.000069 seconds.
  path: Packages/com.unity.purchasing/Plugins/UnityPurchasing/Android/IAPResolver/IAPAndroidDependencies.cs
  artifactKey: Guid(723367a3f7573456184217d397ff6e64) Importer(2089858483,b0f066a214c2f5e87bad3c948f4d605d)
Start importing Packages/com.unity.purchasing/Plugins/UnityPurchasing/Android/IAPResolver/IAPAndroidDependencies.cs using Guid(723367a3f7573456184217d397ff6e64) Importer(2089858483,b0f066a214c2f5e87bad3c948f4d605d) (ScriptedImporter) -> (artifact id: 'f4bb11b2335018fa74df166ecd362098') in 0.0144071 seconds
Number of updated asset objects reloaded before import = 0Number of asset objects unloaded after import = 0

========================================================================
Received Import Request.
  Time since last request: 0.000062 seconds.
  path: Packages/com.unity.services.core/Editor/Core/Linker/LinkFileGenerator.cs
  artifactKey: Guid(7b798cd2df6049ce80e73f3bfce6a4e6) Importer(2089858483,b0f066a214c2f5e87bad3c948f4d605d)
Start importing Packages/com.unity.services.core/Editor/Core/Linker/LinkFileGenerator.cs using Guid(7b798cd2df6049ce80e73f3bfce6a4e6) Importer(2089858483,b0f066a214c2f5e87bad3c948f4d605d) (ScriptedImporter) -> (artifact id: 'b147290b321f90a9ccc128e9d514941f') in 0.0160893 seconds
Number of updated asset objects reloaded before import = 0Number of asset objects unloaded after import = 0

========================================================================
Received Import Request.
  Time since last request: 0.000085 seconds.
  path: Packages/com.unity.purchasing/Runtime/UnityPaymentProviders/Client/Models/InitiatePaymentProviderOrder400ResponseOneOf.cs
  artifactKey: Guid(ca050e70ddf7a483485af50b60c60d09) Importer(2089858483,b0f066a214c2f5e87bad3c948f4d605d)
Start importing Packages/com.unity.purchasing/Runtime/UnityPaymentProviders/Client/Models/InitiatePaymentProviderOrder400ResponseOneOf.cs using Guid(ca050e70ddf7a483485af50b60c60d09) Importer(2089858483,b0f066a214c2f5e87bad3c948f4d605d) (ScriptedImporter) -> (artifact id: '4b638c25270de78695cd625725949a25') in 0.0139971 seconds
Number of updated asset objects reloaded before import = 0Number of asset objects unloaded after import = 0

========================================================================
Received Import Request.
  Time since last request: 0.000063 seconds.
  path: Packages/com.unity.services.core/Editor/Core/ProjectBindRedirect/USS/ProjectBindRedirectProjectSettings.uss
  artifactKey: Guid(859a95323373144b7a6b438edfc6ee56) Importer(2089858483,b0f066a214c2f5e87bad3c948f4d605d)
Start importing Packages/com.unity.services.core/Editor/Core/ProjectBindRedirect/USS/ProjectBindRedirectProjectSettings.uss using Guid(859a95323373144b7a6b438edfc6ee56) Importer(2089858483,b0f066a214c2f5e87bad3c948f4d605d) (ScriptedImporter) -> (artifact id: '7507f6fc66799f4327634c2ead073e81') in 0.0141252 seconds
Number of updated asset objects reloaded before import = 0Number of asset objects unloaded after import = 1

========================================================================
Received Import Request.
  Time since last request: 0.000022 seconds.
  path: Packages/com.unity.purchasing/Editor/Authoring/Model/Extensions/EnumExtensions.cs
  artifactKey: Guid(75a9beaaeede44352acf0a303e08b594) Importer(2089858483,b0f066a214c2f5e87bad3c948f4d605d)
Start importing Packages/com.unity.purchasing/Editor/Authoring/Model/Extensions/EnumExtensions.cs using Guid(75a9beaaeede44352acf0a303e08b594) Importer(2089858483,b0f066a214c2f5e87bad3c948f4d605d) (ScriptedImporter) -> (artifact id: '84aeb38c77b29cb545d1f3853c2b878d') in 0.0118742 seconds
Number of updated asset objects reloaded before import = 0Number of asset objects unloaded after import = 0

========================================================================
Received Import Request.
  Time since last request: 0.000061 seconds.
  path: Packages/com.unity.services.core/Editor/Core/EditorGameService/ServiceFlagEndpoint.cs
  artifactKey: Guid(7be8bf62aa4ad41f4888e0eda994a5bd) Importer(2089858483,b0f066a214c2f5e87bad3c948f4d605d)
Start importing Packages/com.unity.services.core/Editor/Core/EditorGameService/ServiceFlagEndpoint.cs using Guid(7be8bf62aa4ad41f4888e0eda994a5bd) Importer(2089858483,b0f066a214c2f5e87bad3c948f4d605d) (ScriptedImporter) -> (artifact id: '8d723545d316c0c64eea0a757d1755e1') in 0.0201534 seconds
Number of updated asset objects reloaded before import = 0Number of asset objects unloaded after import = 0

========================================================================
Received Import Request.
  Time since last request: 0.000530 seconds.
  path: Packages/com.unity.purchasing/Runtime/Utilities/TransactionHistory/Interfaces/ITransactionLog.cs
  artifactKey: Guid(1115ac27f58e463daf82017b7741610e) Importer(2089858483,b0f066a214c2f5e87bad3c948f4d605d)
Start importing Packages/com.unity.purchasing/Runtime/Utilities/TransactionHistory/Interfaces/ITransactionLog.cs using Guid(1115ac27f58e463daf82017b7741610e) Importer(2089858483,b0f066a214c2f5e87bad3c948f4d605d) (ScriptedImporter) -> (artifact id: '9e8907337ae549e76eb88d5da10acf1c') in 0.0184093 seconds
Number of updated asset objects reloaded before import = 0Number of asset objects unloaded after import = 0

========================================================================
Received Import Request.
  Time since last request: 0.000057 seconds.
  path: Packages/com.unity.microsoft.gdk/Runtime/XBL/Achievements/XblAchievementProgression.cs
  artifactKey: Guid(8ed7208e2c0540e8bccbe860c01b237f) Importer(2089858483,b0f066a214c2f5e87bad3c948f4d605d)
Start importing Packages/com.unity.microsoft.gdk/Runtime/XBL/Achievements/XblAchievementProgression.cs using Guid(8ed7208e2c0540e8bccbe860c01b237f) Importer(2089858483,b0f066a214c2f5e87bad3c948f4d605d) (ScriptedImporter) -> (artifact id: 'b89bb2026beb435a7480b81f174b298f') in 0.0160665 seconds
Number of updated asset objects reloaded before import = 0Number of asset objects unloaded after import = 0

========================================================================
Received Import Request.
  Time since last request: 0.000063 seconds.
  path: Packages/com.unity.purchasing/Runtime/Purchasing/Stores/Android/GooglePlay/GooglePlayReplacementMode.cs
  artifactKey: Guid(21c9f925d89ad42a4b429c5fb7fab314) Importer(2089858483,b0f066a214c2f5e87bad3c948f4d605d)
Start importing Packages/com.unity.purchasing/Runtime/Purchasing/Stores/Android/GooglePlay/GooglePlayReplacementMode.cs using Guid(21c9f925d89ad42a4b429c5fb7fab314) Importer(2089858483,b0f066a214c2f5e87bad3c948f4d605d) (ScriptedImporter) -> (artifact id: '39d468bbd7bf18222916ff954002a3b5') in 0.0161187 seconds
Number of updated asset objects reloaded before import = 0Number of asset objects unloaded after import = 0

========================================================================
Received Import Request.
  Time since last request: 0.000745 seconds.
  path: Packages/com.unity.microsoft.gdk/Runtime/Interop/XBL/TitleStorage/XblTitleStorageBlobMetadataResultHandle.cs
  artifactKey: Guid(471d6f1338ae4805a0aa2ba2ac582a85) Importer(2089858483,b0f066a214c2f5e87bad3c948f4d605d)
Start importing Packages/com.unity.microsoft.gdk/Runtime/Interop/XBL/TitleStorage/XblTitleStorageBlobMetadataResultHandle.cs using Guid(471d6f1338ae4805a0aa2ba2ac582a85) Importer(2089858483,b0f066a214c2f5e87bad3c948f4d605d) (ScriptedImporter) -> (artifact id: '4fdf2ba550ab5e3ac1a029a681b60448') in 0.013589 seconds
Number of updated asset objects reloaded before import = 0Number of asset objects unloaded after import = 0

========================================================================
Received Import Request.
  Time since last request: 0.000037 seconds.
  path: Packages/com.unity.microsoft.gdk/Runtime/XBL/Profile/XblProfile.cs
  artifactKey: Guid(9cf10b4954ee445ab5ed1f6863e4bee1) Importer(2089858483,b0f066a214c2f5e87bad3c948f4d605d)
Start importing Packages/com.unity.microsoft.gdk/Runtime/XBL/Profile/XblProfile.cs using Guid(9cf10b4954ee445ab5ed1f6863e4bee1) Importer(2089858483,b0f066a214c2f5e87bad3c948f4d605d) (ScriptedImporter) -> (artifact id: '70f412d183a20ecaa413dba5e2d55c23') in 0.0197273 seconds
Number of updated asset objects reloaded before import = 0Number of asset objects unloaded after import = 0

========================================================================
Received Import Request.
  Time since last request: 0.000062 seconds.
  path: Packages/com.unity.services.analytics/Editor/Tools/StateActive.png
  artifactKey: Guid(3983e976e5d79f84d83ac4ee6f01f384) Importer(2089858483,b0f066a214c2f5e87bad3c948f4d605d)
Start importing Packages/com.unity.services.analytics/Editor/Tools/StateActive.png using Guid(3983e976e5d79f84d83ac4ee6f01f384) Importer(2089858483,b0f066a214c2f5e87bad3c948f4d605d) (ScriptedImporter) -> (artifact id: '1882c88f83e05a6c23d11b449eec1c54') in 0.0245212 seconds
Number of updated asset objects reloaded before import = 0Number of asset objects unloaded after import = 1

========================================================================
Received Import Request.
  Time since last request: 0.000062 seconds.
  path: Packages/com.unity.services.core/Editor/Core/CloudEnvironment/ICloudEnvironmentConfigurationProvider.cs
  artifactKey: Guid(1065b9b06c7f48d19ccb803b018c4f25) Importer(2089858483,b0f066a214c2f5e87bad3c948f4d605d)
Start importing Packages/com.unity.services.core/Editor/Core/CloudEnvironment/ICloudEnvironmentConfigurationProvider.cs using Guid(1065b9b06c7f48d19ccb803b018c4f25) Importer(2089858483,b0f066a214c2f5e87bad3c948f4d605d) (ScriptedImporter) -> (artifact id: '7b54aba43a6c3b158cd62363f7859647') in 0.0158804 seconds
Number of updated asset objects reloaded before import = 0Number of asset objects unloaded after import = 0

========================================================================
Received Import Request.
  Time since last request: 0.000029 seconds.
  path: Packages/com.unity.purchasing/Editor/Authoring/Core/Service/ILiveContentConfigClient.cs
  artifactKey: Guid(4772ff27aed352c4d8fa73f80d67540e) Importer(2089858483,b0f066a214c2f5e87bad3c948f4d605d)
Start importing Packages/com.unity.purchasing/Editor/Authoring/Core/Service/ILiveContentConfigClient.cs using Guid(4772ff27aed352c4d8fa73f80d67540e) Importer(2089858483,b0f066a214c2f5e87bad3c948f4d605d) (ScriptedImporter) -> (artifact id: 'eb0eaf75e1080a230e1ecc9d4178cc47') in 0.0166375 seconds
Number of updated asset objects reloaded before import = 0Number of asset objects unloaded after import = 0

========================================================================
Received Import Request.
  Time since last request: 0.000108 seconds.
  path: Packages/com.unity.purchasing/Runtime/Purchasing/Stores/StoreSpecificPurchaseErrorCode.cs
  artifactKey: Guid(0fc7c23a0ba44aedbbe141540a496059) Importer(2089858483,b0f066a214c2f5e87bad3c948f4d605d)
Start importing Packages/com.unity.purchasing/Runtime/Purchasing/Stores/StoreSpecificPurchaseErrorCode.cs using Guid(0fc7c23a0ba44aedbbe141540a496059) Importer(2089858483,b0f066a214c2f5e87bad3c948f4d605d) (ScriptedImporter) -> (artifact id: 'e4c3ad29256bdf7f80a72ae5f10d306e') in 0.0163973 seconds
Number of updated asset objects reloaded before import = 0Number of asset objects unloaded after import = 0

========================================================================
Received Import Request.
  Time since last request: 0.000067 seconds.
  path: Packages/com.unity.purchasing/Editor/ServiceProjectSettings/UI/Views/GooglePlayConfigurationSettingsBlock.cs
  artifactKey: Guid(2ba0daf91a2b6a24181a10ad33450cb6) Importer(2089858483,b0f066a214c2f5e87bad3c948f4d605d)
Start importing Packages/com.unity.purchasing/Editor/ServiceProjectSettings/UI/Views/GooglePlayConfigurationSettingsBlock.cs using Guid(2ba0daf91a2b6a24181a10ad33450cb6) Importer(2089858483,b0f066a214c2f5e87bad3c948f4d605d) (ScriptedImporter) -> (artifact id: '49250c1b80cdafeae66276df45ce482f') in 0.0166113 seconds
Number of updated asset objects reloaded before import = 0Number of asset objects unloaded after import = 0

========================================================================
Received Import Request.
  Time since last request: 0.000074 seconds.
  path: Packages/com.unity.microsoft.gdk/Runtime/ExtensionLibraries
  artifactKey: Guid(ff1977b96439452998a12543b4325749) Importer(2089858483,b0f066a214c2f5e87bad3c948f4d605d)
Start importing Packages/com.unity.microsoft.gdk/Runtime/ExtensionLibraries using Guid(ff1977b96439452998a12543b4325749) Importer(2089858483,b0f066a214c2f5e87bad3c948f4d605d) (ScriptedImporter) -> (artifact id: 'ac040084d5bb00fd05272b0c7991b82d') in 0.0141769 seconds
Number of updated asset objects reloaded before import = 0Number of asset objects unloaded after import = 1

========================================================================
Received Import Request.
  Time since last request: 0.000037 seconds.
  path: Packages/com.unity.purchasing/Runtime/UnityPaymentProviders/Client/Http/BaseApiClient.cs
  artifactKey: Guid(ef1633908814b49bda847902072c696b) Importer(2089858483,b0f066a214c2f5e87bad3c948f4d605d)
Start importing Packages/com.unity.purchasing/Runtime/UnityPaymentProviders/Client/Http/BaseApiClient.cs using Guid(ef1633908814b49bda847902072c696b) Importer(2089858483,b0f066a214c2f5e87bad3c948f4d605d) (ScriptedImporter) -> (artifact id: '83b0a76754f49f63f1095431b5a00521') in 0.0135841 seconds
Number of updated asset objects reloaded before import = 0Number of asset objects unloaded after import = 0

========================================================================
Received Import Request.
  Time since last request: 0.000037 seconds.
  path: Packages/com.unity.services.core/Runtime/Configuration/IConfigurationLoader.cs
  artifactKey: Guid(329750b2a7303a4469bcbd1fa0b517a2) Importer(2089858483,b0f066a214c2f5e87bad3c948f4d605d)
Start importing Packages/com.unity.services.core/Runtime/Configuration/IConfigurationLoader.cs using Guid(329750b2a7303a4469bcbd1fa0b517a2) Importer(2089858483,b0f066a214c2f5e87bad3c948f4d605d) (ScriptedImporter) -> (artifact id: '74335448dec183f35dae7b99f5d3a0c1') in 0.0146495 seconds
Number of updated asset objects reloaded before import = 0Number of asset objects unloaded after import = 0

========================================================================
Received Import Request.
  Time since last request: 0.000023 seconds.
  path: Packages/com.unity.purchasing/Runtime/Purchasing/Stores/Android/GooglePlay/AAR/Interfaces/IBillingClientBase.cs
  artifactKey: Guid(36be43cb8fef4bfc8ce334a011640f40) Importer(2089858483,b0f066a214c2f5e87bad3c948f4d605d)
Start importing Packages/com.unity.purchasing/Runtime/Purchasing/Stores/Android/GooglePlay/AAR/Interfaces/IBillingClientBase.cs using Guid(36be43cb8fef4bfc8ce334a011640f40) Importer(2089858483,b0f066a214c2f5e87bad3c948f4d605d) (ScriptedImporter) -> (artifact id: 'aca5f4786473ec7207a0e066e7949350') in 0.0149951 seconds
Number of updated asset objects reloaded before import = 0Number of asset objects unloaded after import = 0

========================================================================
Received Import Request.
  Time since last request: 0.000050 seconds.
  path: Packages/com.unity.services.core/Runtime/Core.Internal/Components/Vivox
  artifactKey: Guid(36565a93e739cba4d8afed38abe79811) Importer(2089858483,b0f066a214c2f5e87bad3c948f4d605d)
Start importing Packages/com.unity.services.core/Runtime/Core.Internal/Components/Vivox using Guid(36565a93e739cba4d8afed38abe79811) Importer(2089858483,b0f066a214c2f5e87bad3c948f4d605d) (ScriptedImporter) -> (artifact id: 'f8ec2e4369ade2e1231c244b52fe591f') in 0.0136493 seconds
Number of updated asset objects reloaded before import = 0Number of asset objects unloaded after import = 1

========================================================================
Received Import Request.
  Time since last request: 0.000046 seconds.
  path: Packages/com.unity.services.analytics/Runtime/Events/Transaction/TransactionType.cs
  artifactKey: Guid(bf63a635a92a419e9443fda13afbfe4c) Importer(2089858483,b0f066a214c2f5e87bad3c948f4d605d)
Start importing Packages/com.unity.services.analytics/Runtime/Events/Transaction/TransactionType.cs using Guid(bf63a635a92a419e9443fda13afbfe4c) Importer(2089858483,b0f066a214c2f5e87bad3c948f4d605d) (ScriptedImporter) -> (artifact id: '97660719dabbb5ce4d45d4f10f4d4fc7') in 0.0127818 seconds
Number of updated asset objects reloaded before import = 0Number of asset objects unloaded after import = 0

========================================================================
Received Import Request.
  Time since last request: 0.000069 seconds.
  path: Packages/com.unity.services.analytics/Runtime/Runtime
  artifactKey: Guid(5c40f95476b194be99baf273f6ea5afc) Importer(2089858483,b0f066a214c2f5e87bad3c948f4d605d)
Start importing Packages/com.unity.services.analytics/Runtime/Runtime using Guid(5c40f95476b194be99baf273f6ea5afc) Importer(2089858483,b0f066a214c2f5e87bad3c948f4d605d) (ScriptedImporter) -> (artifact id: '043de225fbd75c058d717e0dfc640477') in 0.011692 seconds
Number of updated asset objects reloaded before import = 0Number of asset objects unloaded after import = 1

========================================================================
Received Import Request.
  Time since last request: 0.000040 seconds.
  path: Packages/com.unity.purchasing/Runtime/AppleStub
  artifactKey: Guid(537dc85ed32d4d288e291a956fb9034d) Importer(2089858483,b0f066a214c2f5e87bad3c948f4d605d)
Start importing Packages/com.unity.purchasing/Runtime/AppleStub using Guid(537dc85ed32d4d288e291a956fb9034d) Importer(2089858483,b0f066a214c2f5e87bad3c948f4d605d) (ScriptedImporter) -> (artifact id: '25f4aeb101d8bd364345411203410394') in 0.0133458 seconds
Number of updated asset objects reloaded before import = 0Number of asset objects unloaded after import = 1

========================================================================
Received Import Request.
  Time since last request: 0.000017 seconds.
  path: Packages/com.unity.purchasing/Runtime/Stores/Android/GooglePlay/AAR/GooglePlayCheckEntitlementUseCase.cs
  artifactKey: Guid(ce73f1611d8f398479cae734fe89f4e7) Importer(2089858483,b0f066a214c2f5e87bad3c948f4d605d)
Start importing Packages/com.unity.purchasing/Runtime/Stores/Android/GooglePlay/AAR/GooglePlayCheckEntitlementUseCase.cs using Guid(ce73f1611d8f398479cae734fe89f4e7) Importer(2089858483,b0f066a214c2f5e87bad3c948f4d605d) (ScriptedImporter) -> (artifact id: '11889fb28f327312737d01010011bb19') in 0.0112739 seconds
Number of updated asset objects reloaded before import = 0Number of asset objects unloaded after import = 0

========================================================================
Received Import Request.
  Time since last request: 0.000048 seconds.
  path: Packages/com.unity.analytics/Tests/Editor/IAPTransactionTests.cs
  artifactKey: Guid(8b4a8234f532f4b34aba0ab70400d90d) Importer(2089858483,b0f066a214c2f5e87bad3c948f4d605d)
Start importing Packages/com.unity.analytics/Tests/Editor/IAPTransactionTests.cs using Guid(8b4a8234f532f4b34aba0ab70400d90d) Importer(2089858483,b0f066a214c2f5e87bad3c948f4d605d) (ScriptedImporter) -> (artifact id: '86b8b28ed5786a873bcf1702b43f7ca9') in 0.0136168 seconds
Number of updated asset objects reloaded before import = 0Number of asset objects unloaded after import = 0

========================================================================
Received Import Request.
  Time since last request: 0.000044 seconds.
  path: Packages/com.unity.services.deployment/Core/Glob/AST/Segment.Gen.cs
  artifactKey: Guid(2abc6b388f5854099a00c5b818e57848) Importer(2089858483,b0f066a214c2f5e87bad3c948f4d605d)
Start importing Packages/com.unity.services.deployment/Core/Glob/AST/Segment.Gen.cs using Guid(2abc6b388f5854099a00c5b818e57848) Importer(2089858483,b0f066a214c2f5e87bad3c948f4d605d) (ScriptedImporter) -> (artifact id: '559e558f2c2002fcee02c626201fc706') in 0.0138561 seconds
Number of updated asset objects reloaded before import = 0Number of asset objects unloaded after import = 0

========================================================================
Received Import Request.
  Time since last request: 0.000045 seconds.
  path: Packages/com.unity.purchasing/Editor/Authoring/Core/Validations/MinimumPriceValidation.cs
  artifactKey: Guid(e342bb003c3bc49179bc24b9d2c45f0a) Importer(2089858483,b0f066a214c2f5e87bad3c948f4d605d)
Start importing Packages/com.unity.purchasing/Editor/Authoring/Core/Validations/MinimumPriceValidation.cs using Guid(e342bb003c3bc49179bc24b9d2c45f0a) Importer(2089858483,b0f066a214c2f5e87bad3c948f4d605d) (ScriptedImporter) -> (artifact id: 'ded76d01701f3ea70c7730e59b820651') in 0.0134758 seconds
Number of updated asset objects reloaded before import = 0Number of asset objects unloaded after import = 0

========================================================================
Received Import Request.
  Time since last request: 0.000058 seconds.
  path: Packages/com.unity.purchasing/Editor/Authoring/LiveContentAdminApi/Client/Api/ClientApi.cs
  artifactKey: Guid(48806ebe0c0548baa5d333cbc4697b9e) Importer(2089858483,b0f066a214c2f5e87bad3c948f4d605d)
Start importing Packages/com.unity.purchasing/Editor/Authoring/LiveContentAdminApi/Client/Api/ClientApi.cs using Guid(48806ebe0c0548baa5d333cbc4697b9e) Importer(2089858483,b0f066a214c2f5e87bad3c948f4d605d) (ScriptedImporter) -> (artifact id: '47119e636f3ea4dc8ec53c68a0dce9f2') in 0.0139117 seconds
Number of updated asset objects reloaded before import = 0Number of asset objects unloaded after import = 0

========================================================================
Received Import Request.
  Time since last request: 0.000078 seconds.
  path: Packages/com.unity.services.core/LICENSE.md
  artifactKey: Guid(0d41728ad423e904cb4aa8ee699c4e42) Importer(2089858483,b0f066a214c2f5e87bad3c948f4d605d)
Start importing Packages/com.unity.services.core/LICENSE.md using Guid(0d41728ad423e904cb4aa8ee699c4e42) Importer(2089858483,b0f066a214c2f5e87bad3c948f4d605d) (ScriptedImporter) -> (artifact id: '9da7cd5cba00de9bc5d90a47985bbc7e') in 0.0136215 seconds
Number of updated asset objects reloaded before import = 0Number of asset objects unloaded after import = 1

========================================================================
Received Import Request.
  Time since last request: 0.000021 seconds.
  path: Packages/com.unity.purchasing/Runtime/Utilities/IAPObsoleteMessages.cs
  artifactKey: Guid(f57d1a6aa6e6453c9dff8251d89f14c3) Importer(2089858483,b0f066a214c2f5e87bad3c948f4d605d)
Start importing Packages/com.unity.purchasing/Runtime/Utilities/IAPObsoleteMessages.cs using Guid(f57d1a6aa6e6453c9dff8251d89f14c3) Importer(2089858483,b0f066a214c2f5e87bad3c948f4d605d) (ScriptedImporter) -> (artifact id: '9d3bd5081f9bde41fa463e11af4c7377') in 0.0138617 seconds
Number of updated asset objects reloaded before import = 0Number of asset objects unloaded after import = 0

========================================================================
Received Import Request.
  Time since last request: 0.000040 seconds.
  path: Packages/com.unity.microsoft.gdk/Runtime/Interop/XBL/AchievementsManager/XblAchievementsManagerResultHandle.cs
  artifactKey: Guid(36525005130c520488890045cb0109af) Importer(2089858483,b0f066a214c2f5e87bad3c948f4d605d)
Start importing Packages/com.unity.microsoft.gdk/Runtime/Interop/XBL/AchievementsManager/XblAchievementsManagerResultHandle.cs using Guid(36525005130c520488890045cb0109af) Importer(2089858483,b0f066a214c2f5e87bad3c948f4d605d) (ScriptedImporter) -> (artifact id: 'ac6f0733918e21b0f1bcf38fe0c28bf5') in 0.0165537 seconds
Number of updated asset objects reloaded before import = 0Number of asset objects unloaded after import = 0

========================================================================
Received Import Request.
  Time since last request: 0.000053 seconds.
  path: Packages/com.unity.purchasing/Runtime/Purchasing/Core/Product/AppleAppStore/Extensions/UseCases/FetchStorePromotionOrderUseCase.cs
  artifactKey: Guid(2e22fe07ef284d898097bb30e80a8075) Importer(2089858483,b0f066a214c2f5e87bad3c948f4d605d)
Start importing Packages/com.unity.purchasing/Runtime/Purchasing/Core/Product/AppleAppStore/Extensions/UseCases/FetchStorePromotionOrderUseCase.cs using Guid(2e22fe07ef284d898097bb30e80a8075) Importer(2089858483,b0f066a214c2f5e87bad3c948f4d605d) (ScriptedImporter) -> (artifact id: 'd93b29dbe57253641469022dfd4edbb2') in 0.0148933 seconds
Number of updated asset objects reloaded before import = 0Number of asset objects unloaded after import = 0

========================================================================
Received Import Request.
  Time since last request: 0.000066 seconds.
  path: Packages/com.unity.purchasing/Runtime/Purchasing/Core/Product/AppleAppStore/AppleStoreExtendedProductService.cs
  artifactKey: Guid(db1a39738a0e4023986e184440598d05) Importer(2089858483,b0f066a214c2f5e87bad3c948f4d605d)
Start importing Packages/com.unity.purchasing/Runtime/Purchasing/Core/Product/AppleAppStore/AppleStoreExtendedProductService.cs using Guid(db1a39738a0e4023986e184440598d05) Importer(2089858483,b0f066a214c2f5e87bad3c948f4d605d) (ScriptedImporter) -> (artifact id: '82cd2ff4955443992385bb27b7dd1294') in 0.0143187 seconds
Number of updated asset objects reloaded before import = 0Number of asset objects unloaded after import = 0

========================================================================
Received Import Request.
  Time since last request: 0.000025 seconds.
  path: Packages/com.unity.purchasing/Runtime/Purchasing/Core/Product/Models/ProductFetchRequest.cs
  artifactKey: Guid(6f857148eb91f1247a693875415ff19e) Importer(2089858483,b0f066a214c2f5e87bad3c948f4d605d)
Start importing Packages/com.unity.purchasing/Runtime/Purchasing/Core/Product/Models/ProductFetchRequest.cs using Guid(6f857148eb91f1247a693875415ff19e) Importer(2089858483,b0f066a214c2f5e87bad3c948f4d605d) (ScriptedImporter) -> (artifact id: 'df739d5a85e024578898f31156ba9517') in 0.0135785 seconds
Number of updated asset objects reloaded before import = 0Number of asset objects unloaded after import = 0

========================================================================
Received Import Request.
  Time since last request: 0.000027 seconds.
  path: Packages/com.unity.microsoft.gdk/Runtime/XBL/Leaderboards/XblLeaderboardSortOrder.cs
  artifactKey: Guid(5f789e45bfb94606828933aab0252f1b) Importer(2089858483,b0f066a214c2f5e87bad3c948f4d605d)
Start importing Packages/com.unity.microsoft.gdk/Runtime/XBL/Leaderboards/XblLeaderboardSortOrder.cs using Guid(5f789e45bfb94606828933aab0252f1b) Importer(2089858483,b0f066a214c2f5e87bad3c948f4d605d) (ScriptedImporter) -> (artifact id: 'fe3cb903d96625a9b18ed3bf7e800736') in 0.0126439 seconds
Number of updated asset objects reloaded before import = 0Number of asset objects unloaded after import = 0

========================================================================
Received Import Request.
  Time since last request: 0.000066 seconds.
  path: Packages/com.unity.services.core/Editor/Core/UiHelpers/UXML/ExceptionVisual.uxml
  artifactKey: Guid(9021ecdbba26e420baa115f09cb56091) Importer(2089858483,b0f066a214c2f5e87bad3c948f4d605d)
Start importing Packages/com.unity.services.core/Editor/Core/UiHelpers/UXML/ExceptionVisual.uxml using Guid(9021ecdbba26e420baa115f09cb56091) Importer(2089858483,b0f066a214c2f5e87bad3c948f4d605d) (ScriptedImporter) -> (artifact id: '38198c946aa3c45baf72e713f875fac3') in 0.0194501 seconds
Number of updated asset objects reloaded before import = 0Number of asset objects unloaded after import = 2

========================================================================
Received Import Request.
  Time since last request: 0.000023 seconds.
  path: Packages/com.unity.microsoft.gdk/Runtime/XBL/MultiplayerActivity/XblMultiplayerActivityEncounterType.cs
  artifactKey: Guid(8d4ea7cf5627d934292b305ad5f0a15f) Importer(2089858483,b0f066a214c2f5e87bad3c948f4d605d)
Start importing Packages/com.unity.microsoft.gdk/Runtime/XBL/MultiplayerActivity/XblMultiplayerActivityEncounterType.cs using Guid(8d4ea7cf5627d934292b305ad5f0a15f) Importer(2089858483,b0f066a214c2f5e87bad3c948f4d605d) (ScriptedImporter) -> (artifact id: '86ec8cbf2fe7d51059f8e459a6733777') in 0.0116955 seconds
Number of updated asset objects reloaded before import = 0Number of asset objects unloaded after import = 0

========================================================================
Received Import Request.
  Time since last request: 0.000058 seconds.
  path: Packages/com.unity.services.deployment/Editor/Shared/DependencyInversion/ServiceCollection.Gen.cs
  artifactKey: Guid(a707a8bdbfe8b4b09b9bf983fb992482) Importer(2089858483,b0f066a214c2f5e87bad3c948f4d605d)
Start importing Packages/com.unity.services.deployment/Editor/Shared/DependencyInversion/ServiceCollection.Gen.cs using Guid(a707a8bdbfe8b4b09b9bf983fb992482) Importer(2089858483,b0f066a214c2f5e87bad3c948f4d605d) (ScriptedImporter) -> (artifact id: '7eb74877db644493cacd6cdd1b36cdb1') in 0.0141526 seconds
Number of updated asset objects reloaded before import = 0Number of asset objects unloaded after import = 0

========================================================================
Received Import Request.
  Time since last request: 0.000088 seconds.
  path: Packages/com.unity.services.analytics/Editor/CoreStatsIntegration.cs
  artifactKey: Guid(aac04fc7ee044a298356e8b3de284554) Importer(2089858483,b0f066a214c2f5e87bad3c948f4d605d)
Start importing Packages/com.unity.services.analytics/Editor/CoreStatsIntegration.cs using Guid(aac04fc7ee044a298356e8b3de284554) Importer(2089858483,b0f066a214c2f5e87bad3c948f4d605d) (ScriptedImporter) -> (artifact id: '36359bff1fc9e8a47105b9c2b7558cbc') in 0.0149168 seconds
Number of updated asset objects reloaded before import = 0Number of asset objects unloaded after import = 0

========================================================================
Received Import Request.
  Time since last request: 0.000092 seconds.
  path: Packages/com.unity.services.core/Runtime/Configuration/ConfigurationCollectionHelper.cs
  artifactKey: Guid(8403e32bfcb112444bcc3a7f9ea043d1) Importer(2089858483,b0f066a214c2f5e87bad3c948f4d605d)
Start importing Packages/com.unity.services.core/Runtime/Configuration/ConfigurationCollectionHelper.cs using Guid(8403e32bfcb112444bcc3a7f9ea043d1) Importer(2089858483,b0f066a214c2f5e87bad3c948f4d605d) (ScriptedImporter) -> (artifact id: '9a9f93ca2175bd44856aba0e191a9ab0') in 0.0133768 seconds
Number of updated asset objects reloaded before import = 0Number of asset objects unloaded after import = 0

========================================================================
Received Import Request.
  Time since last request: 0.000119 seconds.
  path: Packages/com.unity.microsoft.gdk/Runtime/Interop/XBL/XblErrorsInterop.cs
  artifactKey: Guid(7d6b0e88c8e34868b886a6a8e19289e4) Importer(2089858483,b0f066a214c2f5e87bad3c948f4d605d)
Start importing Packages/com.unity.microsoft.gdk/Runtime/Interop/XBL/XblErrorsInterop.cs using Guid(7d6b0e88c8e34868b886a6a8e19289e4) Importer(2089858483,b0f066a214c2f5e87bad3c948f4d605d) (ScriptedImporter) -> (artifact id: '23e6b53437555e6b297864c0d4bf42bb') in 0.0128573 seconds
Number of updated asset objects reloaded before import = 0Number of asset objects unloaded after import = 0

========================================================================
Received Import Request.
  Time since last request: 0.000068 seconds.
  path: Packages/com.unity.purchasing/Runtime/Purchasing/Legacy/PurchaseFailedEventArgs.cs
  artifactKey: Guid(3bebba25b8084f07bcbd77702677dd6c) Importer(2089858483,b0f066a214c2f5e87bad3c948f4d605d)
Start importing Packages/com.unity.purchasing/Runtime/Purchasing/Legacy/PurchaseFailedEventArgs.cs using Guid(3bebba25b8084f07bcbd77702677dd6c) Importer(2089858483,b0f066a214c2f5e87bad3c948f4d605d) (ScriptedImporter) -> (artifact id: 'f16dc8d0ab18367c2002db6599632f39') in 0.0117678 seconds
Number of updated asset objects reloaded before import = 0Number of asset objects unloaded after import = 0

========================================================================
Received Import Request.
  Time since last request: 0.000054 seconds.
  path: Packages/com.unity.services.core/Runtime/Core.Internal/Serialization
  artifactKey: Guid(b3f9c17505224c31ae233306bb2fefee) Importer(2089858483,b0f066a214c2f5e87bad3c948f4d605d)
Start importing Packages/com.unity.services.core/Runtime/Core.Internal/Serialization using Guid(b3f9c17505224c31ae233306bb2fefee) Importer(2089858483,b0f066a214c2f5e87bad3c948f4d605d) (ScriptedImporter) -> (artifact id: '95b8246c9a9ddbbd897f9b113810ba81') in 0.0132978 seconds
Number of updated asset objects reloaded before import = 0Number of asset objects unloaded after import = 1

========================================================================
Received Import Request.
  Time since last request: 0.000022 seconds.
  path: Packages/com.unity.purchasing/Editor/Authoring/LiveContentAdminApi/Client/Model/ConfigFileUpdate.cs
  artifactKey: Guid(d767245853e22422f99251a7d62cc563) Importer(2089858483,b0f066a214c2f5e87bad3c948f4d605d)
Start importing Packages/com.unity.purchasing/Editor/Authoring/LiveContentAdminApi/Client/Model/ConfigFileUpdate.cs using Guid(d767245853e22422f99251a7d62cc563) Importer(2089858483,b0f066a214c2f5e87bad3c948f4d605d) (ScriptedImporter) -> (artifact id: 'a34fb4fc80036ab057daab4ebe757f72') in 0.012193 seconds
Number of updated asset objects reloaded before import = 0Number of asset objects unloaded after import = 0

========================================================================
Received Import Request.
  Time since last request: 0.000037 seconds.
  path: Packages/com.unity.services.core/Runtime/Core.Internal/Components/Telemetry
  artifactKey: Guid(cdc4ee70299e74aba975054ebe4d3432) Importer(2089858483,b0f066a214c2f5e87bad3c948f4d605d)
Start importing Packages/com.unity.services.core/Runtime/Core.Internal/Components/Telemetry using Guid(cdc4ee70299e74aba975054ebe4d3432) Importer(2089858483,b0f066a214c2f5e87bad3c948f4d605d) (ScriptedImporter) -> (artifact id: '3124de90ce3c6a7c09181b3243b59573') in 0.0128472 seconds
Number of updated asset objects reloaded before import = 0Number of asset objects unloaded after import = 1

========================================================================
Received Import Request.
  Time since last request: 0.000039 seconds.
  path: Packages/com.unity.services.core/Runtime/Registration/Unity.Services.Core.Registration.asmdef
  artifactKey: Guid(7a3effa9f908d4e8a88877e048cf05dd) Importer(2089858483,b0f066a214c2f5e87bad3c948f4d605d)
Start importing Packages/com.unity.services.core/Runtime/Registration/Unity.Services.Core.Registration.asmdef using Guid(7a3effa9f908d4e8a88877e048cf05dd) Importer(2089858483,b0f066a214c2f5e87bad3c948f4d605d) (ScriptedImporter) -> (artifact id: 'd3bbdeb9f29b1c63b588e537ea9605b1') in 0.0154569 seconds
Number of updated asset objects reloaded before import = 0Number of asset objects unloaded after import = 1

========================================================================
Received Import Request.
  Time since last request: 0.000045 seconds.
  path: Packages/com.unity.microsoft.gdk.discovery/Tests
  artifactKey: Guid(886367dd5b5488245ace3a03476b4811) Importer(2089858483,b0f066a214c2f5e87bad3c948f4d605d)
Start importing Packages/com.unity.microsoft.gdk.discovery/Tests using Guid(886367dd5b5488245ace3a03476b4811) Importer(2089858483,b0f066a214c2f5e87bad3c948f4d605d) (ScriptedImporter) -> (artifact id: 'f7df39610ea1f1c1cd7f143e90d45e3f') in 0.0137861 seconds
Number of updated asset objects reloaded before import = 0Number of asset objects unloaded after import = 1

========================================================================
Received Import Request.
  Time since last request: 0.000030 seconds.
  path: Packages/com.unity.purchasing/Editor/Authoring/UI
  artifactKey: Guid(972e37d96c16ad546827f72f6fdad140) Importer(2089858483,b0f066a214c2f5e87bad3c948f4d605d)
Start importing Packages/com.unity.purchasing/Editor/Authoring/UI using Guid(972e37d96c16ad546827f72f6fdad140) Importer(2089858483,b0f066a214c2f5e87bad3c948f4d605d) (ScriptedImporter) -> (artifact id: '97c76855880233575c79d1c6b2f45415') in 0.016433 seconds
Number of updated asset objects reloaded before import = 0Number of asset objects unloaded after import = 1

========================================================================
Received Import Request.
  Time since last request: 0.000045 seconds.
  path: Packages/com.unity.analytics/Tests/Editor/LevelSkipTests.cs
  artifactKey: Guid(93f7ca1a9c5c945a89e884f9611c70f0) Importer(2089858483,b0f066a214c2f5e87bad3c948f4d605d)
Start importing Packages/com.unity.analytics/Tests/Editor/LevelSkipTests.cs using Guid(93f7ca1a9c5c945a89e884f9611c70f0) Importer(2089858483,b0f066a214c2f5e87bad3c948f4d605d) (ScriptedImporter) -> (artifact id: 'ca2d6b56604e9cd86e0475980bfe2b0c') in 0.0145173 seconds
Number of updated asset objects reloaded before import = 0Number of asset objects unloaded after import = 0

========================================================================
Received Import Request.
  Time since last request: 0.000053 seconds.
  path: Packages/com.unity.services.deployment/Core/Glob/Glob.Statics.Gen.cs
  artifactKey: Guid(bc13f67cd92a64d7a9e52f61151fe5f7) Importer(2089858483,b0f066a214c2f5e87bad3c948f4d605d)
Start importing Packages/com.unity.services.deployment/Core/Glob/Glob.Statics.Gen.cs using Guid(bc13f67cd92a64d7a9e52f61151fe5f7) Importer(2089858483,b0f066a214c2f5e87bad3c948f4d605d) (ScriptedImporter) -> (artifact id: '0b1d344e5dbec3e3604a0caec91be0ac') in 0.0113471 seconds
Number of updated asset objects reloaded before import = 0Number of asset objects unloaded after import = 0

========================================================================
Received Import Request.
  Time since last request: 0.000066 seconds.
  path: Packages/com.unity.purchasing/Runtime/Stores/Android/GooglePlay/AAR/Listeners/BillingProgramAvailabilityListener.cs
  artifactKey: Guid(7d11d70eb87f4c738d6e433e6f726b3a) Importer(2089858483,b0f066a214c2f5e87bad3c948f4d605d)
Start importing Packages/com.unity.purchasing/Runtime/Stores/Android/GooglePlay/AAR/Listeners/BillingProgramAvailabilityListener.cs using Guid(7d11d70eb87f4c738d6e433e6f726b3a) Importer(2089858483,b0f066a214c2f5e87bad3c948f4d605d) (ScriptedImporter) -> (artifact id: '85f745019d522ce9be7b8963342d12af') in 0.0125188 seconds
Number of updated asset objects reloaded before import = 0Number of asset objects unloaded after import = 0

========================================================================
Received Import Request.
  Time since last request: 0.000047 seconds.
  path: Packages/com.unity.purchasing/Runtime/UnityWebshops/Client/ErrorMitigation
  artifactKey: Guid(b6e8a2fcaa87e43b3ba6925d6b9d99a8) Importer(2089858483,b0f066a214c2f5e87bad3c948f4d605d)
Start importing Packages/com.unity.purchasing/Runtime/UnityWebshops/Client/ErrorMitigation using Guid(b6e8a2fcaa87e43b3ba6925d6b9d99a8) Importer(2089858483,b0f066a214c2f5e87bad3c948f4d605d) (ScriptedImporter) -> (artifact id: '46926be60c5f32b24633976775565b9e') in 0.0133945 seconds
Number of updated asset objects reloaded before import = 0Number of asset objects unloaded after import = 1

========================================================================
Received Import Request.
  Time since last request: 0.000021 seconds.
  path: Packages/com.unity.services.deployment/Editor/Interface/UI/Components/TreeViewElement.cs
  artifactKey: Guid(ae8fab8ba12ff4454a91b01cc57d0c50) Importer(2089858483,b0f066a214c2f5e87bad3c948f4d605d)
Start importing Packages/com.unity.services.deployment/Editor/Interface/UI/Components/TreeViewElement.cs using Guid(ae8fab8ba12ff4454a91b01cc57d0c50) Importer(2089858483,b0f066a214c2f5e87bad3c948f4d605d) (ScriptedImporter) -> (artifact id: '2e41c3051ff6820441fbcc4d64fbd16c') in 0.0143635 seconds
Number of updated asset objects reloaded before import = 0Number of asset objects unloaded after import = 0

========================================================================
Received Import Request.
  Time since last request: 0.000101 seconds.
  path: Packages/com.unity.purchasing/Runtime/Purchasing/Core/Purchasing/Android/GooglePlay/Extensions/GooglePlayStoreExtendedPurchaseService.cs
  artifactKey: Guid(05fdfe4150ee49c1abd805e867d46465) Importer(2089858483,b0f066a214c2f5e87bad3c948f4d605d)
Start importing Packages/com.unity.purchasing/Runtime/Purchasing/Core/Purchasing/Android/GooglePlay/Extensions/GooglePlayStoreExtendedPurchaseService.cs using Guid(05fdfe4150ee49c1abd805e867d46465) Importer(2089858483,b0f066a214c2f5e87bad3c948f4d605d) (ScriptedImporter) -> (artifact id: 'a8b149f522c14df98253fa34d620901f') in 0.0152622 seconds
Number of updated asset objects reloaded before import = 0Number of asset objects unloaded after import = 0

========================================================================
Received Import Request.
  Time since last request: 0.000026 seconds.
  path: Packages/com.unity.services.analytics/Editor/Tools/StateInactive.png
  artifactKey: Guid(a06923554df657641a16c3812f8337a5) Importer(2089858483,b0f066a214c2f5e87bad3c948f4d605d)
Start importing Packages/com.unity.services.analytics/Editor/Tools/StateInactive.png using Guid(a06923554df657641a16c3812f8337a5) Importer(2089858483,b0f066a214c2f5e87bad3c948f4d605d) (ScriptedImporter) -> (artifact id: '7c14ddb86c68db27ed1d13ded33313ab') in 0.0220538 seconds
Number of updated asset objects reloaded before import = 0Number of asset objects unloaded after import = 1

========================================================================
Received Import Request.
  Time since last request: 0.000019 seconds.
  path: Packages/com.unity.purchasing/Editor/Shared/EditorUtils/EditorValueTracker.Gen.cs
  artifactKey: Guid(282b69902a4f4a13919e62cc90df5340) Importer(2089858483,b0f066a214c2f5e87bad3c948f4d605d)
Start importing Packages/com.unity.purchasing/Editor/Shared/EditorUtils/EditorValueTracker.Gen.cs using Guid(282b69902a4f4a13919e62cc90df5340) Importer(2089858483,b0f066a214c2f5e87bad3c948f4d605d) (ScriptedImporter) -> (artifact id: 'c509b44e0a4f053c2516eeacd04444ef') in 0.0139414 seconds
Number of updated asset objects reloaded before import = 0Number of asset objects unloaded after import = 0

========================================================================
Received Import Request.
  Time since last request: 0.000041 seconds.
  path: Packages/com.unity.purchasing/Runtime/Stores/Android/GooglePlay/AAR/Listeners/BillingConfigResponseListener.cs
  artifactKey: Guid(56042dd5421644a018e0b5503fdd038a) Importer(2089858483,b0f066a214c2f5e87bad3c948f4d605d)
Start importing Packages/com.unity.purchasing/Runtime/Stores/Android/GooglePlay/AAR/Listeners/BillingConfigResponseListener.cs using Guid(56042dd5421644a018e0b5503fdd038a) Importer(2089858483,b0f066a214c2f5e87bad3c948f4d605d) (ScriptedImporter) -> (artifact id: '3ee48d46c24303700ab7bcadbade8a5d') in 0.0123623 seconds
Number of updated asset objects reloaded before import = 0Number of asset objects unloaded after import = 0

========================================================================
Received Import Request.
  Time since last request: 0.000047 seconds.
  path: Packages/com.unity.microsoft.gdk/Runtime/XBL/XblContextHandle.cs
  artifactKey: Guid(91263ff5a795474ab42c3e5382f97f74) Importer(2089858483,b0f066a214c2f5e87bad3c948f4d605d)
Start importing Packages/com.unity.microsoft.gdk/Runtime/XBL/XblContextHandle.cs using Guid(91263ff5a795474ab42c3e5382f97f74) Importer(2089858483,b0f066a214c2f5e87bad3c948f4d605d) (ScriptedImporter) -> (artifact id: 'fdef1b01078884edc425e0c38ec0ed8b') in 0.0127572 seconds
Number of updated asset objects reloaded before import = 0Number of asset objects unloaded after import = 0

========================================================================
Received Import Request.
  Time since last request: 0.000062 seconds.
  path: Packages/com.unity.microsoft.gdk/Runtime/Interop/XBL/AchievementsManager/XblAchievementsManagerInterop.cs
  artifactKey: Guid(0f60c6bb1f448cf43b31b68279d9e5f8) Importer(2089858483,b0f066a214c2f5e87bad3c948f4d605d)
Start importing Packages/com.unity.microsoft.gdk/Runtime/Interop/XBL/AchievementsManager/XblAchievementsManagerInterop.cs using Guid(0f60c6bb1f448cf43b31b68279d9e5f8) Importer(2089858483,b0f066a214c2f5e87bad3c948f4d605d) (ScriptedImporter) -> (artifact id: 'b5af95127c4a8fc0f25d6aeac3105d9a') in 0.0152563 seconds
Number of updated asset objects reloaded before import = 0Number of asset objects unloaded after import = 0

========================================================================
Received Import Request.
  Time since last request: 0.000057 seconds.
  path: Packages/com.unity.services.deployment.api/Editor/DeploymentWindowApi/IIdentifiable.cs
  artifactKey: Guid(da4903ba65b042ff8307e70cf401b056) Importer(2089858483,b0f066a214c2f5e87bad3c948f4d605d)
Start importing Packages/com.unity.services.deployment.api/Editor/DeploymentWindowApi/IIdentifiable.cs using Guid(da4903ba65b042ff8307e70cf401b056) Importer(2089858483,b0f066a214c2f5e87bad3c948f4d605d) (ScriptedImporter) -> (artifact id: 'ee3e088ed2c1dbf59ae2ecf61c21d4ec') in 0.0140993 seconds
Number of updated asset objects reloaded before import = 0Number of asset objects unloaded after import = 0

========================================================================
Received Import Request.
  Time since last request: 0.000104 seconds.
  path: Packages/com.unity.purchasing/Runtime/TransactionVerifier/Client/Models/ValidationErrorBody.cs
  artifactKey: Guid(c038c66e623f1430cb6ec016b2957005) Importer(2089858483,b0f066a214c2f5e87bad3c948f4d605d)
Start importing Packages/com.unity.purchasing/Runtime/TransactionVerifier/Client/Models/ValidationErrorBody.cs using Guid(c038c66e623f1430cb6ec016b2957005) Importer(2089858483,b0f066a214c2f5e87bad3c948f4d605d) (ScriptedImporter) -> (artifact id: '834aec9d2b72bc2b97fd1d6d37ee9443') in 0.0148922 seconds
Number of updated asset objects reloaded before import = 0Number of asset objects unloaded after import = 0

========================================================================
Received Import Request.
  Time since last request: 0.000046 seconds.
  path: Packages/com.unity.purchasing/Runtime/UnityPaymentProviders/Client/Models/ValidationErrorBody.cs
  artifactKey: Guid(ca5675afaa92545e99acc08b7e6ab7a9) Importer(2089858483,b0f066a214c2f5e87bad3c948f4d605d)
Start importing Packages/com.unity.purchasing/Runtime/UnityPaymentProviders/Client/Models/ValidationErrorBody.cs using Guid(ca5675afaa92545e99acc08b7e6ab7a9) Importer(2089858483,b0f066a214c2f5e87bad3c948f4d605d) (ScriptedImporter) -> (artifact id: '051c5b7fd9a0016302d5e67c6092b934') in 0.0160023 seconds
Number of updated asset objects reloaded before import = 0Number of asset objects unloaded after import = 0

========================================================================
Received Import Request.
  Time since last request: 0.000061 seconds.
  path: Packages/com.unity.services.core/Editor/Core/UiHelpers/AccessTokenErrorUiHelper.cs
  artifactKey: Guid(4ec562db73a1a9542b5e467840433378) Importer(2089858483,b0f066a214c2f5e87bad3c948f4d605d)
Start importing Packages/com.unity.services.core/Editor/Core/UiHelpers/AccessTokenErrorUiHelper.cs using Guid(4ec562db73a1a9542b5e467840433378) Importer(2089858483,b0f066a214c2f5e87bad3c948f4d605d) (ScriptedImporter) -> (artifact id: 'b983025903f6e6210cd632cf995a1177') in 0.0124351 seconds
Number of updated asset objects reloaded before import = 0Number of asset objects unloaded after import = 0

========================================================================
Received Import Request.
  Time since last request: 0.000035 seconds.
  path: Packages/com.unity.purchasing/Editor/Authoring/Core/Deploy/IRoutingDeploymentHandler.cs
  artifactKey: Guid(1c94ca213e094868a30f573422b6f890) Importer(2089858483,b0f066a214c2f5e87bad3c948f4d605d)
Start importing Packages/com.unity.purchasing/Editor/Authoring/Core/Deploy/IRoutingDeploymentHandler.cs using Guid(1c94ca213e094868a30f573422b6f890) Importer(2089858483,b0f066a214c2f5e87bad3c948f4d605d) (ScriptedImporter) -> (artifact id: 'ad09aaf6390a6d635b048a3e5710a2f0') in 0.01294 seconds
Number of updated asset objects reloaded before import = 0Number of asset objects unloaded after import = 0

========================================================================
Received Import Request.
  Time since last request: 0.000063 seconds.
  path: Packages/com.unity.microsoft.gdk/Runtime/Interop/XGamestreamingInterop.cs
  artifactKey: Guid(d99ad19ede7ef6c4697f80c49f75f1d3) Importer(2089858483,b0f066a214c2f5e87bad3c948f4d605d)
Start importing Packages/com.unity.microsoft.gdk/Runtime/Interop/XGamestreamingInterop.cs using Guid(d99ad19ede7ef6c4697f80c49f75f1d3) Importer(2089858483,b0f066a214c2f5e87bad3c948f4d605d) (ScriptedImporter) -> (artifact id: '96b742b5231f1cc4fab0f77417e43d52') in 0.0112502 seconds
Number of updated asset objects reloaded before import = 0Number of asset objects unloaded after import = 0

========================================================================
Received Import Request.
  Time since last request: 0.000069 seconds.
  path: Packages/com.unity.microsoft.gdk/Runtime/XBL/Http/XblHttpCallHandle.cs
  artifactKey: Guid(8b026cc97b6142d9b8fdf64606c3a42b) Importer(2089858483,b0f066a214c2f5e87bad3c948f4d605d)
Start importing Packages/com.unity.microsoft.gdk/Runtime/XBL/Http/XblHttpCallHandle.cs using Guid(8b026cc97b6142d9b8fdf64606c3a42b) Importer(2089858483,b0f066a214c2f5e87bad3c948f4d605d) (ScriptedImporter) -> (artifact id: 'edf1296388d52a0ac3bb3264eb3e8a5a') in 0.0141694 seconds
Number of updated asset objects reloaded before import = 0Number of asset objects unloaded after import = 0

========================================================================
Received Import Request.
  Time since last request: 0.000059 seconds.
  path: Packages/com.unity.microsoft.gdk/Runtime/XBL/Leaderboards/XblLeaderboardQueryType.cs
  artifactKey: Guid(80bde7880e74420bab246858b12c22a8) Importer(2089858483,b0f066a214c2f5e87bad3c948f4d605d)
Start importing Packages/com.unity.microsoft.gdk/Runtime/XBL/Leaderboards/XblLeaderboardQueryType.cs using Guid(80bde7880e74420bab246858b12c22a8) Importer(2089858483,b0f066a214c2f5e87bad3c948f4d605d) (ScriptedImporter) -> (artifact id: '47ecf700032d769b318ede26c3802e1a') in 0.011997 seconds
Number of updated asset objects reloaded before import = 0Number of asset objects unloaded after import = 0

========================================================================
Received Import Request.
  Time since last request: 0.000068 seconds.
  path: Packages/com.unity.purchasing/Editor/ServiceProjectSettings/Presenter/PurchasingEnabledState.cs
  artifactKey: Guid(2581df5464e204ea89cd09738c0d0eaa) Importer(2089858483,b0f066a214c2f5e87bad3c948f4d605d)
Start importing Packages/com.unity.purchasing/Editor/ServiceProjectSettings/Presenter/PurchasingEnabledState.cs using Guid(2581df5464e204ea89cd09738c0d0eaa) Importer(2089858483,b0f066a214c2f5e87bad3c948f4d605d) (ScriptedImporter) -> (artifact id: 'c7ba8ec5617802c2d0c96271ba35e90f') in 0.0121572 seconds
Number of updated asset objects reloaded before import = 0Number of asset objects unloaded after import = 0

========================================================================
Received Import Request.
  Time since last request: 0.000043 seconds.
  path: Packages/com.unity.microsoft.gdk/Runtime/XBL/StringVerify/XblVerifyStringResult.cs
  artifactKey: Guid(af3e27c28fcd4144976f2fd5d519aec8) Importer(2089858483,b0f066a214c2f5e87bad3c948f4d605d)
Start importing Packages/com.unity.microsoft.gdk/Runtime/XBL/StringVerify/XblVerifyStringResult.cs using Guid(af3e27c28fcd4144976f2fd5d519aec8) Importer(2089858483,b0f066a214c2f5e87bad3c948f4d605d) (ScriptedImporter) -> (artifact id: 'eb4a92970c9952faf230b2760259c92f') in 0.0115919 seconds
Number of updated asset objects reloaded before import = 0Number of asset objects unloaded after import = 0

========================================================================
Received Import Request.
  Time since last request: 0.000044 seconds.
  path: Packages/com.unity.purchasing/Plugins/UnityPurchasing/Android/IAPResolver
  artifactKey: Guid(addd6e0c33c4c4a14bde70d9098537ae) Importer(2089858483,b0f066a214c2f5e87bad3c948f4d605d)
Start importing Packages/com.unity.purchasing/Plugins/UnityPurchasing/Android/IAPResolver using Guid(addd6e0c33c4c4a14bde70d9098537ae) Importer(2089858483,b0f066a214c2f5e87bad3c948f4d605d) (ScriptedImporter) -> (artifact id: '89e0a0e5851d97c8425584eeed2d8ba9') in 0.0108079 seconds
Number of updated asset objects reloaded before import = 0Number of asset objects unloaded after import = 1

========================================================================
Received Import Request.
  Time since last request: 0.000039 seconds.
  path: Packages/com.unity.purchasing/Runtime/Purchasing/Stores/AppleAppStore/GetAppleProductMetadataExtension.cs
  artifactKey: Guid(7676a1b0fd7e41d0bb940e056c1ee9c5) Importer(2089858483,b0f066a214c2f5e87bad3c948f4d605d)
Start importing Packages/com.unity.purchasing/Runtime/Purchasing/Stores/AppleAppStore/GetAppleProductMetadataExtension.cs using Guid(7676a1b0fd7e41d0bb940e056c1ee9c5) Importer(2089858483,b0f066a214c2f5e87bad3c948f4d605d) (ScriptedImporter) -> (artifact id: 'b9f5e18cbd400901c3bad574fd8ea311') in 0.0129908 seconds
Number of updated asset objects reloaded before import = 0Number of asset objects unloaded after import = 0

========================================================================
Received Import Request.
  Time since last request: 0.000057 seconds.
  path: Packages/com.unity.purchasing/Runtime/Purchasing/Core/Store/Interfaces/UseCases/IStoreConnectUseCase.cs
  artifactKey: Guid(9d073b638c57488aa34814d9ab374e1e) Importer(2089858483,b0f066a214c2f5e87bad3c948f4d605d)
Start importing Packages/com.unity.purchasing/Runtime/Purchasing/Core/Store/Interfaces/UseCases/IStoreConnectUseCase.cs using Guid(9d073b638c57488aa34814d9ab374e1e) Importer(2089858483,b0f066a214c2f5e87bad3c948f4d605d) (ScriptedImporter) -> (artifact id: '6a1e2d82333a28b55dc192f2ebc68450') in 0.0153606 seconds
Number of updated asset objects reloaded before import = 0Number of asset objects unloaded after import = 0

========================================================================
Received Import Request.
  Time since last request: 0.000063 seconds.
  path: Packages/com.unity.services.core/Runtime/Core/Initialization/InitializationOptions.cs
  artifactKey: Guid(ed095cc016bfe354b86dbc64b34667e6) Importer(2089858483,b0f066a214c2f5e87bad3c948f4d605d)
Start importing Packages/com.unity.services.core/Runtime/Core/Initialization/InitializationOptions.cs using Guid(ed095cc016bfe354b86dbc64b34667e6) Importer(2089858483,b0f066a214c2f5e87bad3c948f4d605d) (ScriptedImporter) -> (artifact id: '7ec78bb637ec36394cd2f78bb8e3a78c') in 0.0142532 seconds
Number of updated asset objects reloaded before import = 0Number of asset objects unloaded after import = 0

========================================================================
Received Import Request.
  Time since last request: 0.000059 seconds.
  path: Packages/com.unity.purchasing/Editor/Analytics/Events
  artifactKey: Guid(db798fc4f582d9948908acde746e5bdd) Importer(2089858483,b0f066a214c2f5e87bad3c948f4d605d)
Start importing Packages/com.unity.purchasing/Editor/Analytics/Events using Guid(db798fc4f582d9948908acde746e5bdd) Importer(2089858483,b0f066a214c2f5e87bad3c948f4d605d) (ScriptedImporter) -> (artifact id: '1bc263a975758c2287164a05af739729') in 0.0120864 seconds
Number of updated asset objects reloaded before import = 0Number of asset objects unloaded after import = 1

========================================================================
Received Import Request.
  Time since last request: 0.000026 seconds.
  path: Packages/com.unity.purchasing/Runtime/UnityPaymentProviders/Client/Configuration/Configuration.cs
  artifactKey: Guid(f21bb3540078a48dbbb0e7d5a3e97c93) Importer(2089858483,b0f066a214c2f5e87bad3c948f4d605d)
Start importing Packages/com.unity.purchasing/Runtime/UnityPaymentProviders/Client/Configuration/Configuration.cs using Guid(f21bb3540078a48dbbb0e7d5a3e97c93) Importer(2089858483,b0f066a214c2f5e87bad3c948f4d605d) (ScriptedImporter) -> (artifact id: '001f61ccf25e12cf53b3283a20b93914') in 0.0139969 seconds
Number of updated asset objects reloaded before import = 0Number of asset objects unloaded after import = 0

========================================================================
Received Import Request.
  Time since last request: 0.000057 seconds.
  path: Packages/com.unity.services.core/Runtime/Core.Internal/Components/Wire/SubscriptionState.cs
  artifactKey: Guid(4dc74701c67cd41a18b37fe1a4e42b71) Importer(2089858483,b0f066a214c2f5e87bad3c948f4d605d)
Start importing Packages/com.unity.services.core/Runtime/Core.Internal/Components/Wire/SubscriptionState.cs using Guid(4dc74701c67cd41a18b37fe1a4e42b71) Importer(2089858483,b0f066a214c2f5e87bad3c948f4d605d) (ScriptedImporter) -> (artifact id: 'c7e1cb57494688e46ba278ffee18ab25') in 0.0153364 seconds
Number of updated asset objects reloaded before import = 0Number of asset objects unloaded after import = 0

========================================================================
Received Import Request.
  Time since last request: 0.000068 seconds.
  path: Packages/com.unity.services.core/Editor/Core/EditorGameService/IServiceUrlBuilder.cs
  artifactKey: Guid(a0a5dd7415f94942b8b406641198323f) Importer(2089858483,b0f066a214c2f5e87bad3c948f4d605d)
Start importing Packages/com.unity.services.core/Editor/Core/EditorGameService/IServiceUrlBuilder.cs using Guid(a0a5dd7415f94942b8b406641198323f) Importer(2089858483,b0f066a214c2f5e87bad3c948f4d605d) (ScriptedImporter) -> (artifact id: 'de3b77a38263057dcd907d2df6075828') in 0.0129122 seconds
Number of updated asset objects reloaded before import = 0Number of asset objects unloaded after import = 0

========================================================================
Received Import Request.
  Time since last request: 0.000038 seconds.
  path: Packages/com.unity.purchasing/Editor/Authoring/LiveContentAdminApi/Client/Model/FileCreateBatch.cs
  artifactKey: Guid(5e9aeb19dae3b4d28bc62f6d031fe7f1) Importer(2089858483,b0f066a214c2f5e87bad3c948f4d605d)
Start importing Packages/com.unity.purchasing/Editor/Authoring/LiveContentAdminApi/Client/Model/FileCreateBatch.cs using Guid(5e9aeb19dae3b4d28bc62f6d031fe7f1) Importer(2089858483,b0f066a214c2f5e87bad3c948f4d605d) (ScriptedImporter) -> (artifact id: '09243619973680964ebb1421232001e0') in 0.013438 seconds
Number of updated asset objects reloaded before import = 0Number of asset objects unloaded after import = 0

========================================================================
Received Import Request.
  Time since last request: 0.000060 seconds.
  path: Packages/com.unity.purchasing/Runtime/Purchasing/Core/Purchasing/Android/GooglePlay
  artifactKey: Guid(190cc1c978fdfd94494b1cb1516e8052) Importer(2089858483,b0f066a214c2f5e87bad3c948f4d605d)
Start importing Packages/com.unity.purchasing/Runtime/Purchasing/Core/Purchasing/Android/GooglePlay using Guid(190cc1c978fdfd94494b1cb1516e8052) Importer(2089858483,b0f066a214c2f5e87bad3c948f4d605d) (ScriptedImporter) -> (artifact id: '82afac44c57ac4c30c17d58e5e120ae7') in 0.0118637 seconds
Number of updated asset objects reloaded before import = 0Number of asset objects unloaded after import = 1

========================================================================
Received Import Request.
  Time since last request: 0.000060 seconds.
  path: Packages/com.unity.analytics/AnalyticsStandardEvents/Unity.Analytics.StandardEvents.dll.mdb
  artifactKey: Guid(4f81cd564330421097fbc6b671962d49) Importer(2089858483,b0f066a214c2f5e87bad3c948f4d605d)
Start importing Packages/com.unity.analytics/AnalyticsStandardEvents/Unity.Analytics.StandardEvents.dll.mdb using Guid(4f81cd564330421097fbc6b671962d49) Importer(2089858483,b0f066a214c2f5e87bad3c948f4d605d) (ScriptedImporter) -> (artifact id: '0eb06dcabf5c4d5fb7a245451f20153c') in 0.0145804 seconds
Number of updated asset objects reloaded before import = 0Number of asset objects unloaded after import = 1

========================================================================
Received Import Request.
  Time since last request: 0.000022 seconds.
  path: Packages/com.unity.purchasing/Runtime/Purchasing/Core/Store/UseCases
  artifactKey: Guid(27c09a17ce3b48a5a104ef35ce4610c4) Importer(2089858483,b0f066a214c2f5e87bad3c948f4d605d)
Start importing Packages/com.unity.purchasing/Runtime/Purchasing/Core/Store/UseCases using Guid(27c09a17ce3b48a5a104ef35ce4610c4) Importer(2089858483,b0f066a214c2f5e87bad3c948f4d605d) (ScriptedImporter) -> (artifact id: '752d387d7d7cc1d676a0e1e64071157c') in 0.0112362 seconds
Number of updated asset objects reloaded before import = 0Number of asset objects unloaded after import = 1

========================================================================
Received Import Request.
  Time since last request: 0.000039 seconds.
  path: Packages/com.unity.services.core/Editor/Core/CloudEnvironment
  artifactKey: Guid(122a678a37a4cbc43bc2e4b2b0a69c49) Importer(2089858483,b0f066a214c2f5e87bad3c948f4d605d)
Start importing Packages/com.unity.services.core/Editor/Core/CloudEnvironment using Guid(122a678a37a4cbc43bc2e4b2b0a69c49) Importer(2089858483,b0f066a214c2f5e87bad3c948f4d605d) (ScriptedImporter) -> (artifact id: '6c4dd25370980f45c3b8ea31092fc1c1') in 0.0144658 seconds
Number of updated asset objects reloaded before import = 0Number of asset objects unloaded after import = 1

========================================================================
Received Import Request.
  Time since last request: 0.000022 seconds.
  path: Packages/com.unity.purchasing/Runtime/Purchasing/Core/Store/Interfaces/IStoreServiceFactory.cs
  artifactKey: Guid(85fb65e7f1e21504490f23f0bab0b23d) Importer(2089858483,b0f066a214c2f5e87bad3c948f4d605d)
Start importing Packages/com.unity.purchasing/Runtime/Purchasing/Core/Store/Interfaces/IStoreServiceFactory.cs using Guid(85fb65e7f1e21504490f23f0bab0b23d) Importer(2089858483,b0f066a214c2f5e87bad3c948f4d605d) (ScriptedImporter) -> (artifact id: 'd31adc16416ab26f63ff4fb708da8bc2') in 0.0130088 seconds
Number of updated asset objects reloaded before import = 0Number of asset objects unloaded after import = 0

========================================================================
Received Import Request.
  Time since last request: 0.000063 seconds.
  path: Packages/com.unity.purchasing/Editor/ServiceProjectSettings/UI/StyleSheets/ServicesProjectSettingsLight.uss
  artifactKey: Guid(b84a2474ed59eb343b6599f94684c6e9) Importer(2089858483,b0f066a214c2f5e87bad3c948f4d605d)
Start importing Packages/com.unity.purchasing/Editor/ServiceProjectSettings/UI/StyleSheets/ServicesProjectSettingsLight.uss using Guid(b84a2474ed59eb343b6599f94684c6e9) Importer(2089858483,b0f066a214c2f5e87bad3c948f4d605d) (ScriptedImporter) -> (artifact id: 'bdf7a9c632d4457670cf9e3b8a2fff6c') in 0.0145607 seconds
Number of updated asset objects reloaded before import = 0Number of asset objects unloaded after import = 1

========================================================================
Received Import Request.
  Time since last request: 0.000078 seconds.
  path: Packages/com.unity.services.core/Runtime/Components/AssemblyInfo.cs
  artifactKey: Guid(b53832499e53a0b4d86ce8a5699ffaa7) Importer(2089858483,b0f066a214c2f5e87bad3c948f4d605d)
Start importing Packages/com.unity.services.core/Runtime/Components/AssemblyInfo.cs using Guid(b53832499e53a0b4d86ce8a5699ffaa7) Importer(2089858483,b0f066a214c2f5e87bad3c948f4d605d) (ScriptedImporter) -> (artifact id: '86455163692d02b68d82d157f52b8728') in 0.0131991 seconds
Number of updated asset objects reloaded before import = 0Number of asset objects unloaded after import = 0

========================================================================
Received Import Request.
  Time since last request: 0.000073 seconds.
  path: Packages/com.unity.purchasing/Editor/Authoring/LiveContentAdminApi/Client/Model/ReleaseCompareSummary.cs
  artifactKey: Guid(a30df804f39e41d59bf0701217b5d8ea) Importer(2089858483,b0f066a214c2f5e87bad3c948f4d605d)
Start importing Packages/com.unity.purchasing/Editor/Authoring/LiveContentAdminApi/Client/Model/ReleaseCompareSummary.cs using Guid(a30df804f39e41d59bf0701217b5d8ea) Importer(2089858483,b0f066a214c2f5e87bad3c948f4d605d) (ScriptedImporter) -> (artifact id: '80d62db80600594d674b493b2979a8a7') in 0.0121906 seconds
Number of updated asset objects reloaded before import = 0Number of asset objects unloaded after import = 0

========================================================================
Received Import Request.
  Time since last request: 0.000062 seconds.
  path: Packages/com.unity.purchasing/Runtime/UnityLiveContentAdapter/Client
  artifactKey: Guid(0328318731bde418c842cfb3ea976902) Importer(2089858483,b0f066a214c2f5e87bad3c948f4d605d)
Start importing Packages/com.unity.purchasing/Runtime/UnityLiveContentAdapter/Client using Guid(0328318731bde418c842cfb3ea976902) Importer(2089858483,b0f066a214c2f5e87bad3c948f4d605d) (ScriptedImporter) -> (artifact id: 'eb50609b7756356a30be1eea864430b7') in 0.0147945 seconds
Number of updated asset objects reloaded before import = 0Number of asset objects unloaded after import = 1

========================================================================
Received Import Request.
  Time since last request: 0.000050 seconds.
  path: Packages/com.unity.microsoft.gdk/Runtime/Interop/XBL/MultiplayerActivity/XblMultiplayerActivityRecentPlayerUpdate.cs
  artifactKey: Guid(fb21c76b17394ca468143177bd3d3dec) Importer(2089858483,b0f066a214c2f5e87bad3c948f4d605d)
Start importing Packages/com.unity.microsoft.gdk/Runtime/Interop/XBL/MultiplayerActivity/XblMultiplayerActivityRecentPlayerUpdate.cs using Guid(fb21c76b17394ca468143177bd3d3dec) Importer(2089858483,b0f066a214c2f5e87bad3c948f4d605d) (ScriptedImporter) -> (artifact id: '56c04cd864d891b04f86c99cfac62ee2') in 0.0246767 seconds
Number of updated asset objects reloaded before import = 0Number of asset objects unloaded after import = 0

========================================================================
Received Import Request.
  Time since last request: 0.000112 seconds.
  path: Packages/com.unity.services.core/Editor/Core/EditorGameService/EditorGameServiceDashboardHelper.cs
  artifactKey: Guid(c98e909b661a94dfbacaa1f5717b8c64) Importer(2089858483,b0f066a214c2f5e87bad3c948f4d605d)
Start importing Packages/com.unity.services.core/Editor/Core/EditorGameService/EditorGameServiceDashboardHelper.cs using Guid(c98e909b661a94dfbacaa1f5717b8c64) Importer(2089858483,b0f066a214c2f5e87bad3c948f4d605d) (ScriptedImporter) -> (artifact id: 'aaa85a64f59ee66249d498cfaefb66c6') in 0.015238 seconds
Number of updated asset objects reloaded before import = 0Number of asset objects unloaded after import = 0

========================================================================
Received Import Request.
  Time since last request: 0.000075 seconds.
  path: Packages/com.unity.microsoft.gdk/Runtime/XGameSave.cs
  artifactKey: Guid(7e35e498e37b24d41bc1d8ed2bb422d9) Importer(2089858483,b0f066a214c2f5e87bad3c948f4d605d)
Start importing Packages/com.unity.microsoft.gdk/Runtime/XGameSave.cs using Guid(7e35e498e37b24d41bc1d8ed2bb422d9) Importer(2089858483,b0f066a214c2f5e87bad3c948f4d605d) (ScriptedImporter) -> (artifact id: '5129a3453e9e80a234c6c64ee50d1311') in 0.0129709 seconds
Number of updated asset objects reloaded before import = 0Number of asset objects unloaded after import = 0

========================================================================
Received Import Request.
  Time since last request: 0.000020 seconds.
  path: Packages/com.unity.microsoft.gdk/Tests/PlayModeTests/GdkTestHelper.cs
  artifactKey: Guid(463992241a856034b98ed426e30381f4) Importer(2089858483,b0f066a214c2f5e87bad3c948f4d605d)
Start importing Packages/com.unity.microsoft.gdk/Tests/PlayModeTests/GdkTestHelper.cs using Guid(463992241a856034b98ed426e30381f4) Importer(2089858483,b0f066a214c2f5e87bad3c948f4d605d) (ScriptedImporter) -> (artifact id: '3c51991e11ecc629c7297c75384dd059') in 0.0132738 seconds
Number of updated asset objects reloaded before import = 0Number of asset objects unloaded after import = 0

========================================================================
Received Import Request.
  Time since last request: 0.000045 seconds.
  path: Packages/com.unity.analytics/Tests/Runtime
  artifactKey: Guid(4f5362359d4548b44a34a45f19efb4bf) Importer(2089858483,b0f066a214c2f5e87bad3c948f4d605d)
Start importing Packages/com.unity.analytics/Tests/Runtime using Guid(4f5362359d4548b44a34a45f19efb4bf) Importer(2089858483,b0f066a214c2f5e87bad3c948f4d605d) (ScriptedImporter) -> (artifact id: '39179982f989403f9c3286d334b8e351') in 0.0139476 seconds
Number of updated asset objects reloaded before import = 0Number of asset objects unloaded after import = 1

========================================================================
Received Import Request.
  Time since last request: 0.000024 seconds.
  path: Packages/com.unity.services.deployment/Editor/State
  artifactKey: Guid(2d5ec80e582f445b0a64e139dade26b0) Importer(2089858483,b0f066a214c2f5e87bad3c948f4d605d)
Start importing Packages/com.unity.services.deployment/Editor/State using Guid(2d5ec80e582f445b0a64e139dade26b0) Importer(2089858483,b0f066a214c2f5e87bad3c948f4d605d) (ScriptedImporter) -> (artifact id: 'ac0df3c8ef1b3983d4adc6dd6ac424b7') in 0.0122027 seconds
Number of updated asset objects reloaded before import = 0Number of asset objects unloaded after import = 1

========================================================================
Received Import Request.
  Time since last request: 0.000037 seconds.
  path: Packages/com.unity.services.core/Runtime/Core.Internal/Components/Wire/IWire.cs
  artifactKey: Guid(5c918066646404a9cb09f3f5b6b20f35) Importer(2089858483,b0f066a214c2f5e87bad3c948f4d605d)
Start importing Packages/com.unity.services.core/Runtime/Core.Internal/Components/Wire/IWire.cs using Guid(5c918066646404a9cb09f3f5b6b20f35) Importer(2089858483,b0f066a214c2f5e87bad3c948f4d605d) (ScriptedImporter) -> (artifact id: '3a3a30dd89f8c2a5806de18ea3102299') in 0.0140938 seconds
Number of updated asset objects reloaded before import = 0Number of asset objects unloaded after import = 0

========================================================================
Received Import Request.
  Time since last request: 0.000067 seconds.
  path: Packages/com.unity.purchasing/Runtime/TransactionVerifier/Client/ErrorMitigation
  artifactKey: Guid(bb1d83dc6f1704b4289032a604cc8bfe) Importer(2089858483,b0f066a214c2f5e87bad3c948f4d605d)
Start importing Packages/com.unity.purchasing/Runtime/TransactionVerifier/Client/ErrorMitigation using Guid(bb1d83dc6f1704b4289032a604cc8bfe) Importer(2089858483,b0f066a214c2f5e87bad3c948f4d605d) (ScriptedImporter) -> (artifact id: '61cfa761bf2e1f44a1333905d4d6ab51') in 0.0156217 seconds
Number of updated asset objects reloaded before import = 0Number of asset objects unloaded after import = 1

========================================================================
Received Import Request.
  Time since last request: 0.000044 seconds.
  path: Packages/com.unity.purchasing/Runtime/Purchasing/Core/Store/PaymentProviders/Extensions/CheckoutResult.cs
  artifactKey: Guid(a9695cc32c7140c38246a7e692fa3e5c) Importer(2089858483,b0f066a214c2f5e87bad3c948f4d605d)
Start importing Packages/com.unity.purchasing/Runtime/Purchasing/Core/Store/PaymentProviders/Extensions/CheckoutResult.cs using Guid(a9695cc32c7140c38246a7e692fa3e5c) Importer(2089858483,b0f066a214c2f5e87bad3c948f4d605d) (ScriptedImporter) -> (artifact id: '35dbbd24dbe8fd7c7be3de7c52fae7d0') in 0.016799 seconds
Number of updated asset objects reloaded before import = 0Number of asset objects unloaded after import = 0

========================================================================
Received Import Request.
  Time since last request: 0.000074 seconds.
  path: Packages/com.unity.purchasing/Runtime/Purchasing/Core/Store/PaymentProviders/Extensions/Interfaces/IWebViewLauncher.cs
  artifactKey: Guid(03f866f6a2da4bd78d25ed6ca8f4ffe6) Importer(2089858483,b0f066a214c2f5e87bad3c948f4d605d)
Start importing Packages/com.unity.purchasing/Runtime/Purchasing/Core/Store/PaymentProviders/Extensions/Interfaces/IWebViewLauncher.cs using Guid(03f866f6a2da4bd78d25ed6ca8f4ffe6) Importer(2089858483,b0f066a214c2f5e87bad3c948f4d605d) (ScriptedImporter) -> (artifact id: '9c31b704f9d41adbbd14c92e307fbfe3') in 0.0145783 seconds
Number of updated asset objects reloaded before import = 0Number of asset objects unloaded after import = 0

========================================================================
Received Import Request.
  Time since last request: 0.000054 seconds.
  path: Packages/com.unity.services.core/Runtime/Core.Internal/Unity.Services.Core.Internal.api
  artifactKey: Guid(6785295165a3043e78d533185c7bf4cb) Importer(2089858483,b0f066a214c2f5e87bad3c948f4d605d)
Start importing Packages/com.unity.services.core/Runtime/Core.Internal/Unity.Services.Core.Internal.api using Guid(6785295165a3043e78d533185c7bf4cb) Importer(2089858483,b0f066a214c2f5e87bad3c948f4d605d) (ScriptedImporter) -> (artifact id: 'c76e08129a26fecae0787759608fb3a7') in 0.0129271 seconds
Number of updated asset objects reloaded before import = 0Number of asset objects unloaded after import = 1

========================================================================
Received Import Request.
  Time since last request: 0.000048 seconds.
  path: Packages/com.unity.microsoft.gdk/Runtime/EquatableHandle.cs
  artifactKey: Guid(c21b329991cc4975b10b735cad69ee6e) Importer(2089858483,b0f066a214c2f5e87bad3c948f4d605d)
Start importing Packages/com.unity.microsoft.gdk/Runtime/EquatableHandle.cs using Guid(c21b329991cc4975b10b735cad69ee6e) Importer(2089858483,b0f066a214c2f5e87bad3c948f4d605d) (ScriptedImporter) -> (artifact id: 'dce83e9ed38ecb60de573496af7525e9') in 0.0175841 seconds
Number of updated asset objects reloaded before import = 0Number of asset objects unloaded after import = 0

========================================================================
Received Import Request.
  Time since last request: 0.000062 seconds.
  path: Packages/com.unity.services.deployment/Editor/Analytics/IAnalyticProvider.cs
  artifactKey: Guid(7052b08b9b764d9fb25a44a8ffaecae6) Importer(2089858483,b0f066a214c2f5e87bad3c948f4d605d)
Start importing Packages/com.unity.services.deployment/Editor/Analytics/IAnalyticProvider.cs using Guid(7052b08b9b764d9fb25a44a8ffaecae6) Importer(2089858483,b0f066a214c2f5e87bad3c948f4d605d) (ScriptedImporter) -> (artifact id: '1dce413ba8330d874b79dbf97cc4906a') in 0.0148484 seconds
Number of updated asset objects reloaded before import = 0Number of asset objects unloaded after import = 0

========================================================================
Received Import Request.
  Time since last request: 0.000071 seconds.
  path: Packages/com.unity.purchasing/Runtime/UnityPaymentProviders/Client/Models/ValidationErrorResponse.cs
  artifactKey: Guid(9a2a9eec3788d42408bf958ea9f86820) Importer(2089858483,b0f066a214c2f5e87bad3c948f4d605d)
Start importing Packages/com.unity.purchasing/Runtime/UnityPaymentProviders/Client/Models/ValidationErrorResponse.cs using Guid(9a2a9eec3788d42408bf958ea9f86820) Importer(2089858483,b0f066a214c2f5e87bad3c948f4d605d) (ScriptedImporter) -> (artifact id: '6f134009a38c570d605c617a80bdd220') in 0.0137597 seconds
Number of updated asset objects reloaded before import = 0Number of asset objects unloaded after import = 0

========================================================================
Received Import Request.
  Time since last request: 0.000050 seconds.
  path: Packages/com.unity.services.analytics/Runtime/Events/Transaction/TransactionFailedEvent.cs
  artifactKey: Guid(c3f5c800b8c15614b8a99a727210bf49) Importer(2089858483,b0f066a214c2f5e87bad3c948f4d605d)
Start importing Packages/com.unity.services.analytics/Runtime/Events/Transaction/TransactionFailedEvent.cs using Guid(c3f5c800b8c15614b8a99a727210bf49) Importer(2089858483,b0f066a214c2f5e87bad3c948f4d605d) (ScriptedImporter) -> (artifact id: '28ea980d500e0a5da49b1c1cdf0fc327') in 0.0158833 seconds
Number of updated asset objects reloaded before import = 0Number of asset objects unloaded after import = 0

========================================================================
Received Import Request.
  Time since last request: 0.000091 seconds.
  path: Packages/com.unity.purchasing/Runtime/Purchasing/Core/Purchasing/Android/GooglePlay/Interfaces/Callbacks/IGooglePlayChangeSubscriptionCallback.cs
  artifactKey: Guid(82d3c0cd43114a9fb90a51785bcbbee2) Importer(2089858483,b0f066a214c2f5e87bad3c948f4d605d)
Start importing Packages/com.unity.purchasing/Runtime/Purchasing/Core/Purchasing/Android/GooglePlay/Interfaces/Callbacks/IGooglePlayChangeSubscriptionCallback.cs using Guid(82d3c0cd43114a9fb90a51785bcbbee2) Importer(2089858483,b0f066a214c2f5e87bad3c948f4d605d) (ScriptedImporter) -> (artifact id: '4e90b43aa5d9e6da52f162240c19cf49') in 0.0125917 seconds
Number of updated asset objects reloaded before import = 0Number of asset objects unloaded after import = 0

========================================================================
Received Import Request.
  Time since last request: 0.000053 seconds.
  path: Packages/com.unity.services.core/Editor/Core/Linker/Models/XmlLinkedMethod.cs
  artifactKey: Guid(9d56e732a6084e26ade8541c75cca4e1) Importer(2089858483,b0f066a214c2f5e87bad3c948f4d605d)
Start importing Packages/com.unity.services.core/Editor/Core/Linker/Models/XmlLinkedMethod.cs using Guid(9d56e732a6084e26ade8541c75cca4e1) Importer(2089858483,b0f066a214c2f5e87bad3c948f4d605d) (ScriptedImporter) -> (artifact id: 'ccb4e4847fe10574aee72d740b1e49d4') in 0.0155661 seconds
Number of updated asset objects reloaded before import = 0Number of asset objects unloaded after import = 0

========================================================================
Received Import Request.
  Time since last request: 0.000055 seconds.
  path: Packages/com.unity.purchasing/Editor/Common/Entity/PurchasingIdentifierKey.cs
  artifactKey: Guid(8be12b9120a7468469fcb90eb32e9b7f) Importer(2089858483,b0f066a214c2f5e87bad3c948f4d605d)
Start importing Packages/com.unity.purchasing/Editor/Common/Entity/PurchasingIdentifierKey.cs using Guid(8be12b9120a7468469fcb90eb32e9b7f) Importer(2089858483,b0f066a214c2f5e87bad3c948f4d605d) (ScriptedImporter) -> (artifact id: '0bd3ad55d71dd0f8d09dc556f13ec7fd') in 0.013229 seconds
Number of updated asset objects reloaded before import = 0Number of asset objects unloaded after import = 0

========================================================================
Received Import Request.
  Time since last request: 0.000063 seconds.
  path: Packages/com.unity.purchasing/Runtime/UnityPaymentProviders/Client/Models/InitiatePaymentProviderOrder400Response.cs
  artifactKey: Guid(30762ad8d2d174f8dbad4282793850b9) Importer(2089858483,b0f066a214c2f5e87bad3c948f4d605d)
Start importing Packages/com.unity.purchasing/Runtime/UnityPaymentProviders/Client/Models/InitiatePaymentProviderOrder400Response.cs using Guid(30762ad8d2d174f8dbad4282793850b9) Importer(2089858483,b0f066a214c2f5e87bad3c948f4d605d) (ScriptedImporter) -> (artifact id: 'd7fe1c36d3d9f6d02850970454f91278') in 0.0151617 seconds
Number of updated asset objects reloaded before import = 0Number of asset objects unloaded after import = 0

========================================================================
Received Import Request.
  Time since last request: 0.000024 seconds.
  path: Packages/com.unity.purchasing/Editor/Shared/Analytics/AnalyticsTimer.Gen.cs
  artifactKey: Guid(ea51d32eaf3d4875a10cb9003643c916) Importer(2089858483,b0f066a214c2f5e87bad3c948f4d605d)
Start importing Packages/com.unity.purchasing/Editor/Shared/Analytics/AnalyticsTimer.Gen.cs using Guid(ea51d32eaf3d4875a10cb9003643c916) Importer(2089858483,b0f066a214c2f5e87bad3c948f4d605d) (ScriptedImporter) -> (artifact id: '2bed52a07495268b152a37b40a259dc0') in 0.0124143 seconds
Number of updated asset objects reloaded before import = 0Number of asset objects unloaded after import = 0

========================================================================
Received Import Request.
  Time since last request: 0.000097 seconds.
  path: Packages/com.unity.purchasing/Editor/Authoring/Import/UI/Assets
  artifactKey: Guid(2e88a9e116cb445dab193e354c18c735) Importer(2089858483,b0f066a214c2f5e87bad3c948f4d605d)
Start importing Packages/com.unity.purchasing/Editor/Authoring/Import/UI/Assets using Guid(2e88a9e116cb445dab193e354c18c735) Importer(2089858483,b0f066a214c2f5e87bad3c948f4d605d) (ScriptedImporter) -> (artifact id: '44d5ca1808299246f2ebd771b790d967') in 0.0129008 seconds
Number of updated asset objects reloaded before import = 0Number of asset objects unloaded after import = 1

========================================================================
Received Import Request.
  Time since last request: 0.000041 seconds.
  path: Packages/com.unity.purchasing/Runtime/Purchasing/Core/Purchasing/Models/PurchasesFetchFailureReason.cs
  artifactKey: Guid(1bf7a07ca239abd4cb19f5879d580924) Importer(2089858483,b0f066a214c2f5e87bad3c948f4d605d)
Start importing Packages/com.unity.purchasing/Runtime/Purchasing/Core/Purchasing/Models/PurchasesFetchFailureReason.cs using Guid(1bf7a07ca239abd4cb19f5879d580924) Importer(2089858483,b0f066a214c2f5e87bad3c948f4d605d) (ScriptedImporter) -> (artifact id: 'e01fe5bef407079cefe2f5c9948148c1') in 0.0115433 seconds
Number of updated asset objects reloaded before import = 0Number of asset objects unloaded after import = 0

========================================================================
Received Import Request.
  Time since last request: 0.000059 seconds.
  path: Packages/com.unity.purchasing/Runtime/Purchasing/Core/Store/Android/GooglePlay/Extensions/Interfaces/IGooglePlayStoreExtendedService.cs
  artifactKey: Guid(3a64784fe83542c1a787341acdd73d61) Importer(2089858483,b0f066a214c2f5e87bad3c948f4d605d)
Start importing Packages/com.unity.purchasing/Runtime/Purchasing/Core/Store/Android/GooglePlay/Extensions/Interfaces/IGooglePlayStoreExtendedService.cs using Guid(3a64784fe83542c1a787341acdd73d61) Importer(2089858483,b0f066a214c2f5e87bad3c948f4d605d) (ScriptedImporter) -> (artifact id: '94a0ec1ce92d84353c864e1185d6970d') in 0.0127557 seconds
Number of updated asset objects reloaded before import = 0Number of asset objects unloaded after import = 0

========================================================================
Received Import Request.
  Time since last request: 0.000029 seconds.
  path: Packages/com.unity.purchasing/Runtime/Purchasing/Core/Purchasing/AppleAppStore/Extensions/AppleStoreExtendedPurchaseService.cs
  artifactKey: Guid(f1d7d22bb48b461f89406e44a79fbe40) Importer(2089858483,b0f066a214c2f5e87bad3c948f4d605d)
Start importing Packages/com.unity.purchasing/Runtime/Purchasing/Core/Purchasing/AppleAppStore/Extensions/AppleStoreExtendedPurchaseService.cs using Guid(f1d7d22bb48b461f89406e44a79fbe40) Importer(2089858483,b0f066a214c2f5e87bad3c948f4d605d) (ScriptedImporter) -> (artifact id: '3148677f675320bbdd7dd0b4eb38f3b6') in 0.0140211 seconds
Number of updated asset objects reloaded before import = 0Number of asset objects unloaded after import = 0

========================================================================
Received Import Request.
  Time since last request: 0.000075 seconds.
  path: Packages/com.unity.microsoft.gdk/Runtime/XBL/TitleStorage/XblTitleStorageBlobMetadata.cs
  artifactKey: Guid(fcf9fcc369ce43be9913a01531ef2a00) Importer(2089858483,b0f066a214c2f5e87bad3c948f4d605d)
Start importing Packages/com.unity.microsoft.gdk/Runtime/XBL/TitleStorage/XblTitleStorageBlobMetadata.cs using Guid(fcf9fcc369ce43be9913a01531ef2a00) Importer(2089858483,b0f066a214c2f5e87bad3c948f4d605d) (ScriptedImporter) -> (artifact id: '90d131848fa70ed2c5e06c07cf524758') in 0.0134591 seconds
Number of updated asset objects reloaded before import = 0Number of asset objects unloaded after import = 0

========================================================================
Received Import Request.
  Time since last request: 0.000053 seconds.
  path: Packages/com.unity.purchasing/Runtime/Purchasing/PayoutType.cs
  artifactKey: Guid(b5efccd2cd264028a79f84578f0c6ec1) Importer(2089858483,b0f066a214c2f5e87bad3c948f4d605d)
Start importing Packages/com.unity.purchasing/Runtime/Purchasing/PayoutType.cs using Guid(b5efccd2cd264028a79f84578f0c6ec1) Importer(2089858483,b0f066a214c2f5e87bad3c948f4d605d) (ScriptedImporter) -> (artifact id: '11bdfc3547a1601e86ddd427afb76c0c') in 0.0135892 seconds
Number of updated asset objects reloaded before import = 0Number of asset objects unloaded after import = 0

========================================================================
Received Import Request.
  Time since last request: 0.000049 seconds.
  path: Packages/com.unity.analytics/Tests/Editor/Unity.Analytics.StandardEvents.EditorTests.asmdef
  artifactKey: Guid(adee0c1377ef8b2489060e152dd0d119) Importer(2089858483,b0f066a214c2f5e87bad3c948f4d605d)
Start importing Packages/com.unity.analytics/Tests/Editor/Unity.Analytics.StandardEvents.EditorTests.asmdef using Guid(adee0c1377ef8b2489060e152dd0d119) Importer(2089858483,b0f066a214c2f5e87bad3c948f4d605d) (ScriptedImporter) -> (artifact id: '9505e3eaaa62e8dd9795cf8b511f9e86') in 0.0127777 seconds
Number of updated asset objects reloaded before import = 0Number of asset objects unloaded after import = 1

========================================================================
Received Import Request.
  Time since last request: 0.000044 seconds.
  path: Packages/com.unity.purchasing/Runtime/Purchasing/Core/Store/PaymentProviders/Extensions/Interfaces
  artifactKey: Guid(5fc7284793d3453a8bcc484094b166f8) Importer(2089858483,b0f066a214c2f5e87bad3c948f4d605d)
Start importing Packages/com.unity.purchasing/Runtime/Purchasing/Core/Store/PaymentProviders/Extensions/Interfaces using Guid(5fc7284793d3453a8bcc484094b166f8) Importer(2089858483,b0f066a214c2f5e87bad3c948f4d605d) (ScriptedImporter) -> (artifact id: 'caf6f0bbae135dc6a3f0acab8fb84b42') in 0.0131551 seconds
Number of updated asset objects reloaded before import = 0Number of asset objects unloaded after import = 1

========================================================================
Received Import Request.
  Time since last request: 0.000050 seconds.
  path: Packages/com.unity.purchasing/Runtime/UnityLiveContentAdapter/Client/Models/ResourceType.cs
  artifactKey: Guid(29b2c22baaba245e3b9e39e1c74686b4) Importer(2089858483,b0f066a214c2f5e87bad3c948f4d605d)
Start importing Packages/com.unity.purchasing/Runtime/UnityLiveContentAdapter/Client/Models/ResourceType.cs using Guid(29b2c22baaba245e3b9e39e1c74686b4) Importer(2089858483,b0f066a214c2f5e87bad3c948f4d605d) (ScriptedImporter) -> (artifact id: '1046b0724e226622eb7dfa7e78c38b7e') in 0.0129985 seconds
Number of updated asset objects reloaded before import = 0Number of asset objects unloaded after import = 0

========================================================================
Received Import Request.
  Time since last request: 0.000065 seconds.
  path: Packages/com.unity.services.analytics/Runtime/ConsentManager.cs
  artifactKey: Guid(e8acdc159f20afb49baaeb28678a9cf6) Importer(2089858483,b0f066a214c2f5e87bad3c948f4d605d)
Start importing Packages/com.unity.services.analytics/Runtime/ConsentManager.cs using Guid(e8acdc159f20afb49baaeb28678a9cf6) Importer(2089858483,b0f066a214c2f5e87bad3c948f4d605d) (ScriptedImporter) -> (artifact id: '65788a19121565f69e35f9c6d7c5ca94') in 0.0137618 seconds
Number of updated asset objects reloaded before import = 0Number of asset objects unloaded after import = 0

========================================================================
Received Import Request.
  Time since last request: 0.000045 seconds.
  path: Packages/com.unity.purchasing/Editor/Analytics/Events/GenericEditorClickButtonEvent.cs
  artifactKey: Guid(1f1a7bc9bd9f2a54b8a2feefed2629f0) Importer(2089858483,b0f066a214c2f5e87bad3c948f4d605d)
Start importing Packages/com.unity.purchasing/Editor/Analytics/Events/GenericEditorClickButtonEvent.cs using Guid(1f1a7bc9bd9f2a54b8a2feefed2629f0) Importer(2089858483,b0f066a214c2f5e87bad3c948f4d605d) (ScriptedImporter) -> (artifact id: '2c7bde5951adbba31b181a9c0dae1f78') in 0.0130423 seconds
Number of updated asset objects reloaded before import = 0Number of asset objects unloaded after import = 0

========================================================================
Received Import Request.
  Time since last request: 0.000048 seconds.
  path: Packages/com.unity.services.core/Editor/Core/Environments/EnvironmentsApi.cs
  artifactKey: Guid(0fda2e89476d45ee88061de782415ae8) Importer(2089858483,b0f066a214c2f5e87bad3c948f4d605d)
Start importing Packages/com.unity.services.core/Editor/Core/Environments/EnvironmentsApi.cs using Guid(0fda2e89476d45ee88061de782415ae8) Importer(2089858483,b0f066a214c2f5e87bad3c948f4d605d) (ScriptedImporter) -> (artifact id: 'fbafe8307dbb0199fe24ecd87d9dafca') in 0.0110998 seconds
Number of updated asset objects reloaded before import = 0Number of asset objects unloaded after import = 0

========================================================================
Received Import Request.
  Time since last request: 0.000044 seconds.
  path: Packages/com.unity.purchasing/Runtime/UnityPaymentProviders/Client/ErrorMitigation/RetryPolicy.cs
  artifactKey: Guid(ca3c3cc1140544f589eded91a61516ad) Importer(2089858483,b0f066a214c2f5e87bad3c948f4d605d)
Start importing Packages/com.unity.purchasing/Runtime/UnityPaymentProviders/Client/ErrorMitigation/RetryPolicy.cs using Guid(ca3c3cc1140544f589eded91a61516ad) Importer(2089858483,b0f066a214c2f5e87bad3c948f4d605d) (ScriptedImporter) -> (artifact id: '89c01c98450f8f827d4b55f0c285303f') in 0.0121482 seconds
Number of updated asset objects reloaded before import = 0Number of asset objects unloaded after import = 0

========================================================================
Received Import Request.
  Time since last request: 0.000054 seconds.
  path: Packages/com.unity.purchasing/Runtime/Purchasing/Stores/AppStore.cs
  artifactKey: Guid(e84e5e1f59d14935b06f7201adff93d1) Importer(2089858483,b0f066a214c2f5e87bad3c948f4d605d)
Start importing Packages/com.unity.purchasing/Runtime/Purchasing/Stores/AppStore.cs using Guid(e84e5e1f59d14935b06f7201adff93d1) Importer(2089858483,b0f066a214c2f5e87bad3c948f4d605d) (ScriptedImporter) -> (artifact id: '665e45aebbb0b21af3a105173cac2935') in 0.0123937 seconds
Number of updated asset objects reloaded before import = 0Number of asset objects unloaded after import = 0

========================================================================
Received Import Request.
  Time since last request: 0.000049 seconds.
  path: Packages/com.unity.services.core/Runtime/Core.Internal/Utils/DictionaryExtensions.cs
  artifactKey: Guid(00427aa938bcc3948b24130ac02694bf) Importer(2089858483,b0f066a214c2f5e87bad3c948f4d605d)
Start importing Packages/com.unity.services.core/Runtime/Core.Internal/Utils/DictionaryExtensions.cs using Guid(00427aa938bcc3948b24130ac02694bf) Importer(2089858483,b0f066a214c2f5e87bad3c948f4d605d) (ScriptedImporter) -> (artifact id: '8eb5e5e167eb0d4dfa364bcbcea0ccdd') in 0.0108991 seconds
Number of updated asset objects reloaded before import = 0Number of asset objects unloaded after import = 0

========================================================================
Received Import Request.
  Time since last request: 0.000080 seconds.
  path: Packages/com.unity.services.core/ValidationExceptions.json
  artifactKey: Guid(f72d309edb0319e498233c3c2bb07a14) Importer(2089858483,b0f066a214c2f5e87bad3c948f4d605d)
Start importing Packages/com.unity.services.core/ValidationExceptions.json using Guid(f72d309edb0319e498233c3c2bb07a14) Importer(2089858483,b0f066a214c2f5e87bad3c948f4d605d) (ScriptedImporter) -> (artifact id: '635439ccec7d70779fe8ca03200dfad3') in 0.012951 seconds
Number of updated asset objects reloaded before import = 0Number of asset objects unloaded after import = 1

========================================================================
Received Import Request.
  Time since last request: 0.000029 seconds.
  path: Packages/com.unity.purchasing/Runtime/Stores/Android/GooglePlay/AAR/Models/ExternalBillingProgramClient.cs
  artifactKey: Guid(9659c83ab65d4b538e586e8836dafe65) Importer(2089858483,b0f066a214c2f5e87bad3c948f4d605d)
Start importing Packages/com.unity.purchasing/Runtime/Stores/Android/GooglePlay/AAR/Models/ExternalBillingProgramClient.cs using Guid(9659c83ab65d4b538e586e8836dafe65) Importer(2089858483,b0f066a214c2f5e87bad3c948f4d605d) (ScriptedImporter) -> (artifact id: 'ea07c9e71560d7b3ac5ac0cf4fdee878') in 0.0106771 seconds
Number of updated asset objects reloaded before import = 0Number of asset objects unloaded after import = 0

========================================================================
Received Import Request.
  Time since last request: 0.000043 seconds.
  path: Packages/com.unity.services.deployment/Editor/DeploymentDefinitions/DeploymentDefinitionResources.cs
  artifactKey: Guid(183456116967b4d66949d343b0d0198a) Importer(2089858483,b0f066a214c2f5e87bad3c948f4d605d)
Start importing Packages/com.unity.services.deployment/Editor/DeploymentDefinitions/DeploymentDefinitionResources.cs using Guid(183456116967b4d66949d343b0d0198a) Importer(2089858483,b0f066a214c2f5e87bad3c948f4d605d) (ScriptedImporter) -> (artifact id: 'f91009db83850578cd793d85b1d73230') in 0.0145948 seconds
Number of updated asset objects reloaded before import = 0Number of asset objects unloaded after import = 0

========================================================================
Received Import Request.
  Time since last request: 0.000052 seconds.
  path: Packages/com.unity.microsoft.gdk/Editor/GdkApiPostBuild.cs
  artifactKey: Guid(bcdde10330f04f7296cfe003a279622d) Importer(2089858483,b0f066a214c2f5e87bad3c948f4d605d)
Start importing Packages/com.unity.microsoft.gdk/Editor/GdkApiPostBuild.cs using Guid(bcdde10330f04f7296cfe003a279622d) Importer(2089858483,b0f066a214c2f5e87bad3c948f4d605d) (ScriptedImporter) -> (artifact id: 'e85fc48bbd4fbd54b3bf7c540ca7c199') in 0.0138035 seconds
Number of updated asset objects reloaded before import = 0Number of asset objects unloaded after import = 0

========================================================================
Received Import Request.
  Time since last request: 0.000055 seconds.
  path: Packages/com.unity.ai.navigation/EditorResources/Overlay/d_NavigationOverlay On@128.png
  artifactKey: Guid(5b2a8a1e265e99b4fb8d77061490f397) Importer(2089858483,b0f066a214c2f5e87bad3c948f4d605d)
Start importing Packages/com.unity.ai.navigation/EditorResources/Overlay/d_NavigationOverlay On@128.png using Guid(5b2a8a1e265e99b4fb8d77061490f397) Importer(2089858483,b0f066a214c2f5e87bad3c948f4d605d) (ScriptedImporter) -> (artifact id: 'bf92535a16d6d35f7532dc9974a9a9e4') in 0.0222583 seconds
Number of updated asset objects reloaded before import = 0Number of asset objects unloaded after import = 1

========================================================================
Received Import Request.
  Time since last request: 0.000038 seconds.
  path: Packages/com.unity.purchasing/Editor/Authoring/PurchasingAdminApi/Client/Model/RedirectUrlsResponse.cs
  artifactKey: Guid(cbfd16efd0c904f9cb74c4a0cd309fd8) Importer(2089858483,b0f066a214c2f5e87bad3c948f4d605d)
Start importing Packages/com.unity.purchasing/Editor/Authoring/PurchasingAdminApi/Client/Model/RedirectUrlsResponse.cs using Guid(cbfd16efd0c904f9cb74c4a0cd309fd8) Importer(2089858483,b0f066a214c2f5e87bad3c948f4d605d) (ScriptedImporter) -> (artifact id: '22ff888d942741088b842221d4ec9d25') in 0.0123405 seconds
Number of updated asset objects reloaded before import = 0Number of asset objects unloaded after import = 0

========================================================================
Received Import Request.
  Time since last request: 0.000046 seconds.
  path: Packages/com.unity.purchasing/Runtime/Purchasing/Legacy/Interfaces/IStoreController.cs
  artifactKey: Guid(479613e9cd1e40f38b6af3425e92db58) Importer(2089858483,b0f066a214c2f5e87bad3c948f4d605d)
Start importing Packages/com.unity.purchasing/Runtime/Purchasing/Legacy/Interfaces/IStoreController.cs using Guid(479613e9cd1e40f38b6af3425e92db58) Importer(2089858483,b0f066a214c2f5e87bad3c948f4d605d) (ScriptedImporter) -> (artifact id: '74e6d34ee409a0da4e9fcf8addedab58') in 0.015054 seconds
Number of updated asset objects reloaded before import = 0Number of asset objects unloaded after import = 0

========================================================================
Received Import Request.
  Time since last request: 0.000059 seconds.
  path: Packages/com.unity.purchasing/Editor/ServiceProjectSettings/Service/Networking/Models
  artifactKey: Guid(33ef59feb9289e8479c3a3935021f6af) Importer(2089858483,b0f066a214c2f5e87bad3c948f4d605d)
Start importing Packages/com.unity.purchasing/Editor/ServiceProjectSettings/Service/Networking/Models using Guid(33ef59feb9289e8479c3a3935021f6af) Importer(2089858483,b0f066a214c2f5e87bad3c948f4d605d) (ScriptedImporter) -> (artifact id: 'cdf5ed2d9b77227b42066675106835ee') in 0.0133408 seconds
Number of updated asset objects reloaded before import = 0Number of asset objects unloaded after import = 1

========================================================================
Received Import Request.
  Time since last request: 0.000023 seconds.
  path: Packages/com.unity.services.deployment/Editor/Interface/UI/Serialization/ISerializableComponent.cs
  artifactKey: Guid(1b95ffe5d3d04e2c85f4b9be0b97f63e) Importer(2089858483,b0f066a214c2f5e87bad3c948f4d605d)
Start importing Packages/com.unity.services.deployment/Editor/Interface/UI/Serialization/ISerializableComponent.cs using Guid(1b95ffe5d3d04e2c85f4b9be0b97f63e) Importer(2089858483,b0f066a214c2f5e87bad3c948f4d605d) (ScriptedImporter) -> (artifact id: '384e253f98bf1a2fffcbadeb0dce8a5d') in 0.0132503 seconds
Number of updated asset objects reloaded before import = 0Number of asset objects unloaded after import = 0

========================================================================
Received Import Request.
  Time since last request: 0.000064 seconds.
  path: Packages/com.unity.purchasing/Runtime/Stores/BaseStore/Interfaces
  artifactKey: Guid(732fc4215e524d34b78f9f9d42727546) Importer(2089858483,b0f066a214c2f5e87bad3c948f4d605d)
Start importing Packages/com.unity.purchasing/Runtime/Stores/BaseStore/Interfaces using Guid(732fc4215e524d34b78f9f9d42727546) Importer(2089858483,b0f066a214c2f5e87bad3c948f4d605d) (ScriptedImporter) -> (artifact id: 'f74a2eb8405aca11cfeedc54f1bac35c') in 0.0130645 seconds
Number of updated asset objects reloaded before import = 0Number of asset objects unloaded after import = 1

========================================================================
Received Import Request.
  Time since last request: 0.000020 seconds.
  path: Packages/com.unity.purchasing/Runtime/TransactionVerifier/VerificationResponse.cs
  artifactKey: Guid(7f571c0f74fb4dabbfd7407b35f3b214) Importer(2089858483,b0f066a214c2f5e87bad3c948f4d605d)
Start importing Packages/com.unity.purchasing/Runtime/TransactionVerifier/VerificationResponse.cs using Guid(7f571c0f74fb4dabbfd7407b35f3b214) Importer(2089858483,b0f066a214c2f5e87bad3c948f4d605d) (ScriptedImporter) -> (artifact id: 'f76aa95400ce24b9529f454a38025e0b') in 0.012957 seconds
Number of updated asset objects reloaded before import = 0Number of asset objects unloaded after import = 0

========================================================================
Received Import Request.
  Time since last request: 0.000045 seconds.
  path: Packages/com.unity.ai.navigation/Editor/NavMeshModifierEditor.cs
  artifactKey: Guid(6fa04b4743e3947eba4d7b9e5832ea69) Importer(2089858483,b0f066a214c2f5e87bad3c948f4d605d)
Start importing Packages/com.unity.ai.navigation/Editor/NavMeshModifierEditor.cs using Guid(6fa04b4743e3947eba4d7b9e5832ea69) Importer(2089858483,b0f066a214c2f5e87bad3c948f4d605d) (ScriptedImporter) -> (artifact id: '58838325917a9cd2ab3853730862b235') in 0.0141506 seconds
Number of updated asset objects reloaded before import = 0Number of asset objects unloaded after import = 0

========================================================================
Received Import Request.
  Time since last request: 0.000041 seconds.
  path: Packages/com.unity.services.deployment/Editor/Shared/DependencyInversion/IScopedServiceProvider.Gen.cs
  artifactKey: Guid(554343204813445c2a540e62c2acc47b) Importer(2089858483,b0f066a214c2f5e87bad3c948f4d605d)
Start importing Packages/com.unity.services.deployment/Editor/Shared/DependencyInversion/IScopedServiceProvider.Gen.cs using Guid(554343204813445c2a540e62c2acc47b) Importer(2089858483,b0f066a214c2f5e87bad3c948f4d605d) (ScriptedImporter) -> (artifact id: '80d77fb32acefb18528c1c39d265931b') in 0.013685 seconds
Number of updated asset objects reloaded before import = 0Number of asset objects unloaded after import = 0

========================================================================
Received Import Request.
  Time since last request: 0.000053 seconds.
  path: Packages/com.unity.services.core/Editor/Core/Environments/Client/Models/UnityGetUserPermissions200Response.cs
  artifactKey: Guid(eede71ed28bd9e272b3639a5b7b59f2a) Importer(2089858483,b0f066a214c2f5e87bad3c948f4d605d)
Start importing Packages/com.unity.services.core/Editor/Core/Environments/Client/Models/UnityGetUserPermissions200Response.cs using Guid(eede71ed28bd9e272b3639a5b7b59f2a) Importer(2089858483,b0f066a214c2f5e87bad3c948f4d605d) (ScriptedImporter) -> (artifact id: '9d08690a1e4998b555eff02c69d240eb') in 0.0116537 seconds
Number of updated asset objects reloaded before import = 0Number of asset objects unloaded after import = 0

========================================================================
Received Import Request.
  Time since last request: 0.000044 seconds.
  path: Packages/com.unity.purchasing/Runtime/TransactionVerifier/Client/ErrorMitigation/StatusCodePolicyConfig.cs
  artifactKey: Guid(995f33000aa624e9bbff4b96374ebe9b) Importer(2089858483,b0f066a214c2f5e87bad3c948f4d605d)
Start importing Packages/com.unity.purchasing/Runtime/TransactionVerifier/Client/ErrorMitigation/StatusCodePolicyConfig.cs using Guid(995f33000aa624e9bbff4b96374ebe9b) Importer(2089858483,b0f066a214c2f5e87bad3c948f4d605d) (ScriptedImporter) -> (artifact id: 'd010c72000cb56a7171294e3bce79353') in 0.0134477 seconds
Number of updated asset objects reloaded before import = 0Number of asset objects unloaded after import = 0

========================================================================
Received Import Request.
  Time since last request: 0.000071 seconds.
  path: Packages/com.unity.services.deployment/Editor/DocumentationHelper.cs
  artifactKey: Guid(399c5d5aca7f4555b73dbd78cf6616b1) Importer(2089858483,b0f066a214c2f5e87bad3c948f4d605d)
Start importing Packages/com.unity.services.deployment/Editor/DocumentationHelper.cs using Guid(399c5d5aca7f4555b73dbd78cf6616b1) Importer(2089858483,b0f066a214c2f5e87bad3c948f4d605d) (ScriptedImporter) -> (artifact id: 'a66ec7e0815c43c85534622416731327') in 0.0144355 seconds
Number of updated asset objects reloaded before import = 0Number of asset objects unloaded after import = 0

========================================================================
Received Import Request.
  Time since last request: 0.000065 seconds.
  path: Packages/com.unity.purchasing/Runtime/Purchasing/PaymentOption/PaymentOptionProvider.cs
  artifactKey: Guid(3d619591afb3b0045a281450c448cc50) Importer(2089858483,b0f066a214c2f5e87bad3c948f4d605d)
Start importing Packages/com.unity.purchasing/Runtime/Purchasing/PaymentOption/PaymentOptionProvider.cs using Guid(3d619591afb3b0045a281450c448cc50) Importer(2089858483,b0f066a214c2f5e87bad3c948f4d605d) (ScriptedImporter) -> (artifact id: '02a82e1ccac1ac437b96e91ca2d087b5') in 0.0120023 seconds
Number of updated asset objects reloaded before import = 0Number of asset objects unloaded after import = 0

========================================================================
Received Import Request.
  Time since last request: 0.000060 seconds.
  path: Packages/com.unity.purchasing/Runtime/Purchasing/Stores/XboxStore
  artifactKey: Guid(9808573460728b34abba1d956e5cb236) Importer(2089858483,b0f066a214c2f5e87bad3c948f4d605d)
Start importing Packages/com.unity.purchasing/Runtime/Purchasing/Stores/XboxStore using Guid(9808573460728b34abba1d956e5cb236) Importer(2089858483,b0f066a214c2f5e87bad3c948f4d605d) (ScriptedImporter) -> (artifact id: '5ff1168c3fdca8f493e1afa82ca773d4') in 0.0133528 seconds
Number of updated asset objects reloaded before import = 0Number of asset objects unloaded after import = 1

========================================================================
Received Import Request.
  Time since last request: 0.000043 seconds.
  path: Packages/com.unity.purchasing/Runtime/Purchasing/Core/Purchasing/Models/FailedOrder.cs
  artifactKey: Guid(d1c62db1e0667984c92ba5868ebaf3fd) Importer(2089858483,b0f066a214c2f5e87bad3c948f4d605d)
Start importing Packages/com.unity.purchasing/Runtime/Purchasing/Core/Purchasing/Models/FailedOrder.cs using Guid(d1c62db1e0667984c92ba5868ebaf3fd) Importer(2089858483,b0f066a214c2f5e87bad3c948f4d605d) (ScriptedImporter) -> (artifact id: '2e5a0d3eb164fd4b558602325c31e606') in 0.0139094 seconds
Number of updated asset objects reloaded before import = 0Number of asset objects unloaded after import = 0

========================================================================
Received Import Request.
  Time since last request: 0.000055 seconds.
  path: Packages/com.unity.microsoft.gdk/Runtime/Interop/XBL/Presence/XblPresenceRichPresenceIds.cs
  artifactKey: Guid(9b9cecd9881a4e4db1777ec23e9284ca) Importer(2089858483,b0f066a214c2f5e87bad3c948f4d605d)
Start importing Packages/com.unity.microsoft.gdk/Runtime/Interop/XBL/Presence/XblPresenceRichPresenceIds.cs using Guid(9b9cecd9881a4e4db1777ec23e9284ca) Importer(2089858483,b0f066a214c2f5e87bad3c948f4d605d) (ScriptedImporter) -> (artifact id: '269b07e5c6fbc03dc8e40f7a469598c2') in 0.0144293 seconds
Number of updated asset objects reloaded before import = 0Number of asset objects unloaded after import = 0

========================================================================
Received Import Request.
  Time since last request: 0.000021 seconds.
  path: Packages/com.unity.purchasing/Editor/Shared/Infrastructure/Threading/Sync.Gen.cs
  artifactKey: Guid(93d491c869b645a7ab5565ce6d39c9f3) Importer(2089858483,b0f066a214c2f5e87bad3c948f4d605d)
Start importing Packages/com.unity.purchasing/Editor/Shared/Infrastructure/Threading/Sync.Gen.cs using Guid(93d491c869b645a7ab5565ce6d39c9f3) Importer(2089858483,b0f066a214c2f5e87bad3c948f4d605d) (ScriptedImporter) -> (artifact id: '568130aa9caa7b7a8e0d52fd85096efa') in 0.0160334 seconds
Number of updated asset objects reloaded before import = 0Number of asset objects unloaded after import = 0

========================================================================
Received Import Request.
  Time since last request: 0.000067 seconds.
  path: Packages/com.unity.services.analytics/Runtime/Runtime/Dispatcher.cs
  artifactKey: Guid(14ec7d610786247e4971bd319974e739) Importer(2089858483,b0f066a214c2f5e87bad3c948f4d605d)
Start importing Packages/com.unity.services.analytics/Runtime/Runtime/Dispatcher.cs using Guid(14ec7d610786247e4971bd319974e739) Importer(2089858483,b0f066a214c2f5e87bad3c948f4d605d) (ScriptedImporter) -> (artifact id: 'd8ae0be65ca7e83910c3b07415a08828') in 0.0142906 seconds
Number of updated asset objects reloaded before import = 0Number of asset objects unloaded after import = 0

========================================================================
Received Import Request.
  Time since last request: 0.000071 seconds.
  path: Packages/com.unity.purchasing/Runtime/Stores/XboxStore/CloudServices/XboxCloudSettings.cs
  artifactKey: Guid(57be5a73016f24f499e01b42221e5128) Importer(2089858483,b0f066a214c2f5e87bad3c948f4d605d)
Start importing Packages/com.unity.purchasing/Runtime/Stores/XboxStore/CloudServices/XboxCloudSettings.cs using Guid(57be5a73016f24f499e01b42221e5128) Importer(2089858483,b0f066a214c2f5e87bad3c948f4d605d) (ScriptedImporter) -> (artifact id: '2d838bf109fa56bbe12ebb3495fa43d1') in 0.0117402 seconds
Number of updated asset objects reloaded before import = 0Number of asset objects unloaded after import = 0

========================================================================
Received Import Request.
  Time since last request: 0.000063 seconds.
  path: Packages/com.unity.purchasing/Runtime/Stores/Data/Insights/Models/Consent.cs
  artifactKey: Guid(501f44934ac74af3a73a4de056238718) Importer(2089858483,b0f066a214c2f5e87bad3c948f4d605d)
Start importing Packages/com.unity.purchasing/Runtime/Stores/Data/Insights/Models/Consent.cs using Guid(501f44934ac74af3a73a4de056238718) Importer(2089858483,b0f066a214c2f5e87bad3c948f4d605d) (ScriptedImporter) -> (artifact id: '95aaf8e2fdbcb246d86d2c7637e48ed9') in 0.0140182 seconds
Number of updated asset objects reloaded before import = 0Number of asset objects unloaded after import = 0

========================================================================
Received Import Request.
  Time since last request: 0.000030 seconds.
  path: Packages/com.unity.purchasing/Runtime/Stores/Android/GooglePlay/AAR/GooglePurchasesUpdatedHandler.cs
  artifactKey: Guid(f56926d84f4346a299a6561a323da4d2) Importer(2089858483,b0f066a214c2f5e87bad3c948f4d605d)
Start importing Packages/com.unity.purchasing/Runtime/Stores/Android/GooglePlay/AAR/GooglePurchasesUpdatedHandler.cs using Guid(f56926d84f4346a299a6561a323da4d2) Importer(2089858483,b0f066a214c2f5e87bad3c948f4d605d) (ScriptedImporter) -> (artifact id: 'd8ab669a0a44e705cf6669c21fb16d91') in 0.0114802 seconds
Number of updated asset objects reloaded before import = 0Number of asset objects unloaded after import = 0

========================================================================
Received Import Request.
  Time since last request: 0.000051 seconds.
  path: Packages/com.unity.services.core/Editor/Core/Shared/EditorUtils/ICopyable.Gen.cs
  artifactKey: Guid(2627ee9222be9474c9370fbb8abef8d8) Importer(2089858483,b0f066a214c2f5e87bad3c948f4d605d)
Start importing Packages/com.unity.services.core/Editor/Core/Shared/EditorUtils/ICopyable.Gen.cs using Guid(2627ee9222be9474c9370fbb8abef8d8) Importer(2089858483,b0f066a214c2f5e87bad3c948f4d605d) (ScriptedImporter) -> (artifact id: 'ede156ebbf7b885057911cc2dee94a9f') in 0.0122688 seconds
Number of updated asset objects reloaded before import = 0Number of asset objects unloaded after import = 0

========================================================================
Received Import Request.
  Time since last request: 0.000048 seconds.
  path: Packages/com.unity.purchasing/README.md
  artifactKey: Guid(4e733f2b557046139361b785c27d8ba2) Importer(2089858483,b0f066a214c2f5e87bad3c948f4d605d)
Start importing Packages/com.unity.purchasing/README.md using Guid(4e733f2b557046139361b785c27d8ba2) Importer(2089858483,b0f066a214c2f5e87bad3c948f4d605d) (ScriptedImporter) -> (artifact id: '750aed425c0c1643764a8a13a0df3012') in 0.0118734 seconds
Number of updated asset objects reloaded before import = 0Number of asset objects unloaded after import = 1

========================================================================
Received Import Request.
  Time since last request: 0.000060 seconds.
  path: Packages/com.unity.purchasing/Editor/Authoring/Model/CatalogCsvAsset.cs
  artifactKey: Guid(c93bda75b9ac7409aad627d6d66d252e) Importer(2089858483,b0f066a214c2f5e87bad3c948f4d605d)
Start importing Packages/com.unity.purchasing/Editor/Authoring/Model/CatalogCsvAsset.cs using Guid(c93bda75b9ac7409aad627d6d66d252e) Importer(2089858483,b0f066a214c2f5e87bad3c948f4d605d) (ScriptedImporter) -> (artifact id: '7b1e027b3678f5a8776174f59c922399') in 0.0133549 seconds
Number of updated asset objects reloaded before import = 0Number of asset objects unloaded after import = 0

========================================================================
Received Import Request.
  Time since last request: 0.000041 seconds.
  path: Packages/com.unity.microsoft.gdk/Runtime/XBL/Presence/XblPresence.cs
  artifactKey: Guid(9692cfbbfd814b3e8384ee4ea15f9dde) Importer(2089858483,b0f066a214c2f5e87bad3c948f4d605d)
Start importing Packages/com.unity.microsoft.gdk/Runtime/XBL/Presence/XblPresence.cs using Guid(9692cfbbfd814b3e8384ee4ea15f9dde) Importer(2089858483,b0f066a214c2f5e87bad3c948f4d605d) (ScriptedImporter) -> (artifact id: 'd2dcbbb0944ffc2987f0bbf88862c284') in 0.0142897 seconds
Number of updated asset objects reloaded before import = 0Number of asset objects unloaded after import = 0

========================================================================
Received Import Request.
  Time since last request: 0.000119 seconds.
  path: Packages/com.unity.ai.navigation/LICENSE.md
  artifactKey: Guid(af8f9a7f066204789819c6a616afe2c0) Importer(2089858483,b0f066a214c2f5e87bad3c948f4d605d)
Start importing Packages/com.unity.ai.navigation/LICENSE.md using Guid(af8f9a7f066204789819c6a616afe2c0) Importer(2089858483,b0f066a214c2f5e87bad3c948f4d605d) (ScriptedImporter) -> (artifact id: '87ad095721fefa7d0c402f980b0b261b') in 0.0113599 seconds
Number of updated asset objects reloaded before import = 0Number of asset objects unloaded after import = 1

========================================================================
Received Import Request.
  Time since last request: 0.000050 seconds.
  path: Packages/com.unity.services.core/Editor/Core/Shared/Clients/AssemblyInfo.Gen.cs
  artifactKey: Guid(b708e0ea5ba894bf28f038f8fa474a9f) Importer(2089858483,b0f066a214c2f5e87bad3c948f4d605d)
Start importing Packages/com.unity.services.core/Editor/Core/Shared/Clients/AssemblyInfo.Gen.cs using Guid(b708e0ea5ba894bf28f038f8fa474a9f) Importer(2089858483,b0f066a214c2f5e87bad3c948f4d605d) (ScriptedImporter) -> (artifact id: '31314eca06f8b201cef3f4029e2be259') in 0.015509 seconds
Number of updated asset objects reloaded before import = 0Number of asset objects unloaded after import = 0

========================================================================
Received Import Request.
  Time since last request: 0.000079 seconds.
  path: Packages/com.unity.purchasing/Runtime/Purchasing/Telemetry/Metrics/Interfaces/ITelemetryMetricsService.cs
  artifactKey: Guid(da5d2bfd2a2a4216b3f406aaddd38045) Importer(2089858483,b0f066a214c2f5e87bad3c948f4d605d)
Start importing Packages/com.unity.purchasing/Runtime/Purchasing/Telemetry/Metrics/Interfaces/ITelemetryMetricsService.cs using Guid(da5d2bfd2a2a4216b3f406aaddd38045) Importer(2089858483,b0f066a214c2f5e87bad3c948f4d605d) (ScriptedImporter) -> (artifact id: '73c890c48a9fdd9d8b098da3ebfd8091') in 0.0128604 seconds
Number of updated asset objects reloaded before import = 0Number of asset objects unloaded after import = 0

========================================================================
Received Import Request.
  Time since last request: 0.000042 seconds.
  path: Packages/com.unity.ai.navigation/Editor/NavMeshComponentsGUIUtility.cs
  artifactKey: Guid(77fba670b979046f18d52d751e0d4659) Importer(2089858483,b0f066a214c2f5e87bad3c948f4d605d)
Start importing Packages/com.unity.ai.navigation/Editor/NavMeshComponentsGUIUtility.cs using Guid(77fba670b979046f18d52d751e0d4659) Importer(2089858483,b0f066a214c2f5e87bad3c948f4d605d) (ScriptedImporter) -> (artifact id: '09d20cc0d45498b51c90fdaec834154d') in 0.0149254 seconds
Number of updated asset objects reloaded before import = 0Number of asset objects unloaded after import = 0

========================================================================
Received Import Request.
  Time since last request: 0.000046 seconds.
  path: Packages/com.unity.microsoft.gdk/Runtime/Interop/XBL/Multiplayer/XblMultiplayerSearchHandle.cs
  artifactKey: Guid(da80b172532c20b44aa03da5597be2e2) Importer(2089858483,b0f066a214c2f5e87bad3c948f4d605d)
Start importing Packages/com.unity.microsoft.gdk/Runtime/Interop/XBL/Multiplayer/XblMultiplayerSearchHandle.cs using Guid(da80b172532c20b44aa03da5597be2e2) Importer(2089858483,b0f066a214c2f5e87bad3c948f4d605d) (ScriptedImporter) -> (artifact id: '03f3a8ba9e69fd8748b1052190e47165') in 0.0137831 seconds
Number of updated asset objects reloaded before import = 0Number of asset objects unloaded after import = 0

========================================================================
Received Import Request.
  Time since last request: 0.000155 seconds.
  path: Packages/com.unity.purchasing/Runtime/Purchasing/Stores/Android/GooglePlay/GooglePlay.cs
  artifactKey: Guid(3d26a96a5e674c0e968de4b9421d78d7) Importer(2089858483,b0f066a214c2f5e87bad3c948f4d605d)
Start importing Packages/com.unity.purchasing/Runtime/Purchasing/Stores/Android/GooglePlay/GooglePlay.cs using Guid(3d26a96a5e674c0e968de4b9421d78d7) Importer(2089858483,b0f066a214c2f5e87bad3c948f4d605d) (ScriptedImporter) -> (artifact id: 'acd5ed2221691b5cdfd1b7bc6bf6358c') in 0.0120994 seconds
Number of updated asset objects reloaded before import = 0Number of asset objects unloaded after import = 0

========================================================================
Received Import Request.
  Time since last request: 0.000069 seconds.
  path: Packages/com.unity.purchasing/Editor/Authoring/LiveContentAdminApi/Client/Model/SortBy.cs
  artifactKey: Guid(3d67abcae46d5490581f42f377206461) Importer(2089858483,b0f066a214c2f5e87bad3c948f4d605d)
Start importing Packages/com.unity.purchasing/Editor/Authoring/LiveContentAdminApi/Client/Model/SortBy.cs using Guid(3d67abcae46d5490581f42f377206461) Importer(2089858483,b0f066a214c2f5e87bad3c948f4d605d) (ScriptedImporter) -> (artifact id: 'b3142326a189747f36109ce4eba9c422') in 0.0155002 seconds
Number of updated asset objects reloaded before import = 0Number of asset objects unloaded after import = 0

========================================================================
Received Import Request.
  Time since last request: 0.000080 seconds.
  path: Packages/com.unity.services.core/Editor/Core/Build/ProjectUnlinkBuildWarning.cs
  artifactKey: Guid(6f48c843d2260425ab2a451843b22e04) Importer(2089858483,b0f066a214c2f5e87bad3c948f4d605d)
Start importing Packages/com.unity.services.core/Editor/Core/Build/ProjectUnlinkBuildWarning.cs using Guid(6f48c843d2260425ab2a451843b22e04) Importer(2089858483,b0f066a214c2f5e87bad3c948f4d605d) (ScriptedImporter) -> (artifact id: '7331e92b82092568e8bcb4c7b378568b') in 0.0132353 seconds
Number of updated asset objects reloaded before import = 0Number of asset objects unloaded after import = 0

========================================================================
Received Import Request.
  Time since last request: 0.000053 seconds.
  path: Packages/com.unity.services.core/Runtime/Environments/Internal/Unity.Services.Core.Environments.Internal.api
  artifactKey: Guid(bd92d50cc3f25354fbc10dd21151d4ff) Importer(2089858483,b0f066a214c2f5e87bad3c948f4d605d)
Start importing Packages/com.unity.services.core/Runtime/Environments/Internal/Unity.Services.Core.Environments.Internal.api using Guid(bd92d50cc3f25354fbc10dd21151d4ff) Importer(2089858483,b0f066a214c2f5e87bad3c948f4d605d) (ScriptedImporter) -> (artifact id: 'c6fc531ae6111980bb096c89f4fc7895') in 0.0129179 seconds
Number of updated asset objects reloaded before import = 0Number of asset objects unloaded after import = 1

========================================================================
Received Import Request.
  Time since last request: 0.000021 seconds.
  path: Packages/com.unity.services.deployment.api/Editor/DeploymentWindowApi/DeploymentStatus.Statuses.cs
  artifactKey: Guid(bde70b6564da4253aa72cce27e2903d8) Importer(2089858483,b0f066a214c2f5e87bad3c948f4d605d)
Start importing Packages/com.unity.services.deployment.api/Editor/DeploymentWindowApi/DeploymentStatus.Statuses.cs using Guid(bde70b6564da4253aa72cce27e2903d8) Importer(2089858483,b0f066a214c2f5e87bad3c948f4d605d) (ScriptedImporter) -> (artifact id: '59300c813a9566b437529cad5b292518') in 0.0122239 seconds
Number of updated asset objects reloaded before import = 0Number of asset objects unloaded after import = 0

========================================================================
Received Import Request.
  Time since last request: 0.000089 seconds.
  path: Packages/com.unity.purchasing/Editor/Authoring/Core/Retry
  artifactKey: Guid(3f52224feda747f8a6eba9be43cfcf63) Importer(2089858483,b0f066a214c2f5e87bad3c948f4d605d)
Start importing Packages/com.unity.purchasing/Editor/Authoring/Core/Retry using Guid(3f52224feda747f8a6eba9be43cfcf63) Importer(2089858483,b0f066a214c2f5e87bad3c948f4d605d) (ScriptedImporter) -> (artifact id: '6eba7756bbd793a76ee6af5d7c327fca') in 0.0129648 seconds
Number of updated asset objects reloaded before import = 0Number of asset objects unloaded after import = 1

========================================================================
Received Import Request.
  Time since last request: 0.000020 seconds.
  path: Packages/com.unity.purchasing/Editor/Shared/EditorUtils/ICopyable.Gen.cs
  artifactKey: Guid(414fe450ea784fa28ab04bb46695fd9f) Importer(2089858483,b0f066a214c2f5e87bad3c948f4d605d)
Start importing Packages/com.unity.purchasing/Editor/Shared/EditorUtils/ICopyable.Gen.cs using Guid(414fe450ea784fa28ab04bb46695fd9f) Importer(2089858483,b0f066a214c2f5e87bad3c948f4d605d) (ScriptedImporter) -> (artifact id: 'b6231b90559ff37e70dc58743151f3ac') in 0.0123213 seconds
Number of updated asset objects reloaded before import = 0Number of asset objects unloaded after import = 0

========================================================================
Received Import Request.
  Time since last request: 0.000062 seconds.
  path: Packages/com.unity.purchasing/Runtime/UnityPaymentProviders/Client/Http/HttpClientResponse.cs
  artifactKey: Guid(57fcce210c1fb4477b3be7aa6791f1f5) Importer(2089858483,b0f066a214c2f5e87bad3c948f4d605d)
Start importing Packages/com.unity.purchasing/Runtime/UnityPaymentProviders/Client/Http/HttpClientResponse.cs using Guid(57fcce210c1fb4477b3be7aa6791f1f5) Importer(2089858483,b0f066a214c2f5e87bad3c948f4d605d) (ScriptedImporter) -> (artifact id: '630ff51b64e05f542182a19fbbd1bf5a') in 0.0126798 seconds
Number of updated asset objects reloaded before import = 0Number of asset objects unloaded after import = 0

========================================================================
Received Import Request.
  Time since last request: 0.000034 seconds.
  path: Packages/com.unity.services.core/Editor/Core/Environments/UI/Toolbar/EnvironmentToolbar.cs
  artifactKey: Guid(7a745815f38771b448b3a96973b7270d) Importer(2089858483,b0f066a214c2f5e87bad3c948f4d605d)
Start importing Packages/com.unity.services.core/Editor/Core/Environments/UI/Toolbar/EnvironmentToolbar.cs using Guid(7a745815f38771b448b3a96973b7270d) Importer(2089858483,b0f066a214c2f5e87bad3c948f4d605d) (ScriptedImporter) -> (artifact id: '7e8f60777a3b2a2b0b3e6dae758a5af0') in 0.01237 seconds
Number of updated asset objects reloaded before import = 0Number of asset objects unloaded after import = 0

========================================================================
Received Import Request.
  Time since last request: 0.000071 seconds.
  path: Packages/com.unity.purchasing/Editor/Authoring/Model/CatalogUserSettings.cs
  artifactKey: Guid(a756ffd2b7f0b4a8ab11d2a9fa967b6c) Importer(2089858483,b0f066a214c2f5e87bad3c948f4d605d)
Start importing Packages/com.unity.purchasing/Editor/Authoring/Model/CatalogUserSettings.cs using Guid(a756ffd2b7f0b4a8ab11d2a9fa967b6c) Importer(2089858483,b0f066a214c2f5e87bad3c948f4d605d) (ScriptedImporter) -> (artifact id: '01b9c172b3ed29f3defa018088d1bdca') in 0.0135006 seconds
Number of updated asset objects reloaded before import = 0Number of asset objects unloaded after import = 0

========================================================================
Received Import Request.
  Time since last request: 0.000063 seconds.
  path: Packages/com.unity.purchasing/Editor/Authoring/Logging/Logger.cs
  artifactKey: Guid(a960da2c2a7cf644897900a96edb0fe5) Importer(2089858483,b0f066a214c2f5e87bad3c948f4d605d)
Start importing Packages/com.unity.purchasing/Editor/Authoring/Logging/Logger.cs using Guid(a960da2c2a7cf644897900a96edb0fe5) Importer(2089858483,b0f066a214c2f5e87bad3c948f4d605d) (ScriptedImporter) -> (artifact id: '55f2720f577f9404b9dcf3497550a847') in 0.0113491 seconds
Number of updated asset objects reloaded before import = 0Number of asset objects unloaded after import = 0

========================================================================
Received Import Request.
  Time since last request: 0.000082 seconds.
  path: Packages/com.unity.microsoft.gdk/Runtime/Interop/XBL/Http
  artifactKey: Guid(b83e53ddf9914475aed3b043a9f5871c) Importer(2089858483,b0f066a214c2f5e87bad3c948f4d605d)
Start importing Packages/com.unity.microsoft.gdk/Runtime/Interop/XBL/Http using Guid(b83e53ddf9914475aed3b043a9f5871c) Importer(2089858483,b0f066a214c2f5e87bad3c948f4d605d) (ScriptedImporter) -> (artifact id: '10491c55b705721047677789bb091551') in 0.0157866 seconds
Number of updated asset objects reloaded before import = 0Number of asset objects unloaded after import = 1

========================================================================
Received Import Request.
  Time since last request: 0.000036 seconds.
  path: Packages/com.unity.services.deployment.api/whats-new.md
  artifactKey: Guid(ae3711d76472f421cb84c8ab0268ecd8) Importer(2089858483,b0f066a214c2f5e87bad3c948f4d605d)
Start importing Packages/com.unity.services.deployment.api/whats-new.md using Guid(ae3711d76472f421cb84c8ab0268ecd8) Importer(2089858483,b0f066a214c2f5e87bad3c948f4d605d) (ScriptedImporter) -> (artifact id: '10074f183bcc7810719350aec2d01b50') in 0.0112067 seconds
Number of updated asset objects reloaded before import = 0Number of asset objects unloaded after import = 1

========================================================================
Received Import Request.
  Time since last request: 0.000023 seconds.
  path: Packages/com.unity.microsoft.gdk/Runtime/Interop/XBL/Achievements/XblAchievement.cs
  artifactKey: Guid(884c90e544ce48d481f60af01131d0cd) Importer(2089858483,b0f066a214c2f5e87bad3c948f4d605d)
Start importing Packages/com.unity.microsoft.gdk/Runtime/Interop/XBL/Achievements/XblAchievement.cs using Guid(884c90e544ce48d481f60af01131d0cd) Importer(2089858483,b0f066a214c2f5e87bad3c948f4d605d) (ScriptedImporter) -> (artifact id: '62cf3d71750cf3a47ce9e0b488a31020') in 0.0154444 seconds
Number of updated asset objects reloaded before import = 0Number of asset objects unloaded after import = 0

========================================================================
Received Import Request.
  Time since last request: 0.000061 seconds.
  path: Packages/com.unity.analytics/Tests/Runtime/Unity.Analytics.DataPrivacy.Tests.asmdef
  artifactKey: Guid(015812e983113a84b95773e55f3cec13) Importer(2089858483,b0f066a214c2f5e87bad3c948f4d605d)
Start importing Packages/com.unity.analytics/Tests/Runtime/Unity.Analytics.DataPrivacy.Tests.asmdef using Guid(015812e983113a84b95773e55f3cec13) Importer(2089858483,b0f066a214c2f5e87bad3c948f4d605d) (ScriptedImporter) -> (artifact id: '25f6f69aa8b06f1125b0f732d98b7a4e') in 0.0125393 seconds
Number of updated asset objects reloaded before import = 0Number of asset objects unloaded after import = 1

========================================================================
Received Import Request.
  Time since last request: 0.000021 seconds.
  path: Packages/com.unity.purchasing/Runtime/Stores/Data/IPlayerData.cs
  artifactKey: Guid(ed140c35673a04fb6a3bf14b50836d6c) Importer(2089858483,b0f066a214c2f5e87bad3c948f4d605d)
Start importing Packages/com.unity.purchasing/Runtime/Stores/Data/IPlayerData.cs using Guid(ed140c35673a04fb6a3bf14b50836d6c) Importer(2089858483,b0f066a214c2f5e87bad3c948f4d605d) (ScriptedImporter) -> (artifact id: '1b222712eb97d1a3b98e4f28094dbc12') in 0.0136291 seconds
Number of updated asset objects reloaded before import = 0Number of asset objects unloaded after import = 0

========================================================================
Received Import Request.
  Time since last request: 0.000176 seconds.
  path: Packages/com.unity.microsoft.gdk/Runtime/XBL/Privacy/XblPermissionDenyReasonDetails.cs
  artifactKey: Guid(94024aa7068c46ee8b6c29c4ca68320f) Importer(2089858483,b0f066a214c2f5e87bad3c948f4d605d)
Start importing Packages/com.unity.microsoft.gdk/Runtime/XBL/Privacy/XblPermissionDenyReasonDetails.cs using Guid(94024aa7068c46ee8b6c29c4ca68320f) Importer(2089858483,b0f066a214c2f5e87bad3c948f4d605d) (ScriptedImporter) -> (artifact id: '2209bc03e7410f61ebbace4b9e777c34') in 0.0145716 seconds
Number of updated asset objects reloaded before import = 0Number of asset objects unloaded after import = 0

========================================================================
Received Import Request.
  Time since last request: 0.000069 seconds.
  path: Packages/com.unity.purchasing/Runtime/UnityWebshops/Client/Http/ResponseDeserializationException.cs
  artifactKey: Guid(ac8f1290a8f934bc69d6eae6aafe5d32) Importer(2089858483,b0f066a214c2f5e87bad3c948f4d605d)
Start importing Packages/com.unity.purchasing/Runtime/UnityWebshops/Client/Http/ResponseDeserializationException.cs using Guid(ac8f1290a8f934bc69d6eae6aafe5d32) Importer(2089858483,b0f066a214c2f5e87bad3c948f4d605d) (ScriptedImporter) -> (artifact id: '7427519d7ebc8c3a9de9be61a9881821') in 0.0121374 seconds
Number of updated asset objects reloaded before import = 0Number of asset objects unloaded after import = 0

========================================================================
Received Import Request.
  Time since last request: 0.000047 seconds.
  path: Packages/com.unity.xr.legacyinputhelpers/Editor/TrackedPoseDriver
  artifactKey: Guid(fe5c30c1d5f39024cb890d87f6eea1a6) Importer(2089858483,b0f066a214c2f5e87bad3c948f4d605d)
Start importing Packages/com.unity.xr.legacyinputhelpers/Editor/TrackedPoseDriver using Guid(fe5c30c1d5f39024cb890d87f6eea1a6) Importer(2089858483,b0f066a214c2f5e87bad3c948f4d605d) (ScriptedImporter) -> (artifact id: '25794665f03305a40c06b76747146a15') in 0.0133368 seconds
Number of updated asset objects reloaded before import = 0Number of asset objects unloaded after import = 1

========================================================================
Received Import Request.
  Time since last request: 0.000022 seconds.
  path: Packages/com.unity.ai.navigation/Editor/ConversionSystem/InitializeConverterContext.cs
  artifactKey: Guid(a5cf3eb6bee954ca5953487784e68715) Importer(2089858483,b0f066a214c2f5e87bad3c948f4d605d)
Start importing Packages/com.unity.ai.navigation/Editor/ConversionSystem/InitializeConverterContext.cs using Guid(a5cf3eb6bee954ca5953487784e68715) Importer(2089858483,b0f066a214c2f5e87bad3c948f4d605d) (ScriptedImporter) -> (artifact id: '4ae3e34dcf36d3dd0e551c38252c6cce') in 0.0161042 seconds
Number of updated asset objects reloaded before import = 0Number of asset objects unloaded after import = 0

========================================================================
Received Import Request.
  Time since last request: 0.000151 seconds.
  path: Packages/com.unity.purchasing/Runtime/UnityPaymentProviders/Client/Apis/PaymentProviderApiRequests.cs
  artifactKey: Guid(73687eb2dd25648c5b3f2653dd90b555) Importer(2089858483,b0f066a214c2f5e87bad3c948f4d605d)
Start importing Packages/com.unity.purchasing/Runtime/UnityPaymentProviders/Client/Apis/PaymentProviderApiRequests.cs using Guid(73687eb2dd25648c5b3f2653dd90b555) Importer(2089858483,b0f066a214c2f5e87bad3c948f4d605d) (ScriptedImporter) -> (artifact id: '182aebdbd15fb39f8036b967219ad389') in 0.014959 seconds
Number of updated asset objects reloaded before import = 0Number of asset objects unloaded after import = 0

========================================================================
Received Import Request.
  Time since last request: 0.000075 seconds.
  path: Packages/com.unity.purchasing/Editor/Shared/Assets/PostProcessEventArgs.Gen.cs
  artifactKey: Guid(72fdea1eeaf94b829c92d8a07aacf0ea) Importer(2089858483,b0f066a214c2f5e87bad3c948f4d605d)
Start importing Packages/com.unity.purchasing/Editor/Shared/Assets/PostProcessEventArgs.Gen.cs using Guid(72fdea1eeaf94b829c92d8a07aacf0ea) Importer(2089858483,b0f066a214c2f5e87bad3c948f4d605d) (ScriptedImporter) -> (artifact id: '565b1301fd61481d33efe23ad0b48fd4') in 0.0146993 seconds
Number of updated asset objects reloaded before import = 0Number of asset objects unloaded after import = 0

========================================================================
Received Import Request.
  Time since last request: 0.000091 seconds.
  path: Packages/com.unity.purchasing/Editor/Authoring/Import/UI/CatalogEntryListView.cs
  artifactKey: Guid(0c3895602646842c2852dcbde3cea4b5) Importer(2089858483,b0f066a214c2f5e87bad3c948f4d605d)
Start importing Packages/com.unity.purchasing/Editor/Authoring/Import/UI/CatalogEntryListView.cs using Guid(0c3895602646842c2852dcbde3cea4b5) Importer(2089858483,b0f066a214c2f5e87bad3c948f4d605d) (ScriptedImporter) -> (artifact id: '79e285049f417629d772feb4077796c3') in 0.0136934 seconds
Number of updated asset objects reloaded before import = 0Number of asset objects unloaded after import = 0

========================================================================
Received Import Request.
  Time since last request: 0.000058 seconds.
  path: Packages/com.unity.microsoft.gdk/Runtime/Interop/UTF8StringPtr.cs
  artifactKey: Guid(17f64a9b0a404c78af238c658313d2ac) Importer(2089858483,b0f066a214c2f5e87bad3c948f4d605d)
Start importing Packages/com.unity.microsoft.gdk/Runtime/Interop/UTF8StringPtr.cs using Guid(17f64a9b0a404c78af238c658313d2ac) Importer(2089858483,b0f066a214c2f5e87bad3c948f4d605d) (ScriptedImporter) -> (artifact id: '3efb057d17abea15c20e397be09d1a78') in 0.0141361 seconds
Number of updated asset objects reloaded before import = 0Number of asset objects unloaded after import = 0

========================================================================
Received Import Request.
  Time since last request: 0.000055 seconds.
  path: Packages/com.unity.purchasing/Runtime/Stores/Core/Resolvers/StoreOverrideLookupClient.cs
  artifactKey: Guid(9d3e5fa42bc74c7283b8d9e3f4b2c6a5) Importer(2089858483,b0f066a214c2f5e87bad3c948f4d605d)
Start importing Packages/com.unity.purchasing/Runtime/Stores/Core/Resolvers/StoreOverrideLookupClient.cs using Guid(9d3e5fa42bc74c7283b8d9e3f4b2c6a5) Importer(2089858483,b0f066a214c2f5e87bad3c948f4d605d) (ScriptedImporter) -> (artifact id: '284154272ba5a0120a9de7dc242a42ae') in 0.0115934 seconds
Number of updated asset objects reloaded before import = 0Number of asset objects unloaded after import = 0

========================================================================
Received Import Request.
  Time since last request: 0.000053 seconds.
  path: Packages/com.unity.services.deployment/Editor/Shared/Infrastructure/Collections/MappedObservableCollection.Gen.cs
  artifactKey: Guid(24e7bab78a8de4a19b1477130eda88ba) Importer(2089858483,b0f066a214c2f5e87bad3c948f4d605d)
Start importing Packages/com.unity.services.deployment/Editor/Shared/Infrastructure/Collections/MappedObservableCollection.Gen.cs using Guid(24e7bab78a8de4a19b1477130eda88ba) Importer(2089858483,b0f066a214c2f5e87bad3c948f4d605d) (ScriptedImporter) -> (artifact id: '489d2878518d462222f3cb4c8e2e2e90') in 0.013772 seconds
Number of updated asset objects reloaded before import = 0Number of asset objects unloaded after import = 0

========================================================================
Received Import Request.
  Time since last request: 0.000066 seconds.
  path: Packages/com.unity.microsoft.gdk/Runtime/Interop/XBL/RealTimeActivity
  artifactKey: Guid(70889cf964c5432891e0e724629263bb) Importer(2089858483,b0f066a214c2f5e87bad3c948f4d605d)
Start importing Packages/com.unity.microsoft.gdk/Runtime/Interop/XBL/RealTimeActivity using Guid(70889cf964c5432891e0e724629263bb) Importer(2089858483,b0f066a214c2f5e87bad3c948f4d605d) (ScriptedImporter) -> (artifact id: '0171dc41f3ceb211e24b288c36ae4776') in 0.0129565 seconds
Number of updated asset objects reloaded before import = 0Number of asset objects unloaded after import = 1

========================================================================
Received Import Request.
  Time since last request: 0.000020 seconds.
  path: Packages/com.unity.services.analytics/Runtime/AnalyticsUserIdServiceComponent.cs
  artifactKey: Guid(fc6c35152c78b2a47bd38e3cbee6315b) Importer(2089858483,b0f066a214c2f5e87bad3c948f4d605d)
Start importing Packages/com.unity.services.analytics/Runtime/AnalyticsUserIdServiceComponent.cs using Guid(fc6c35152c78b2a47bd38e3cbee6315b) Importer(2089858483,b0f066a214c2f5e87bad3c948f4d605d) (ScriptedImporter) -> (artifact id: '5a4a9d2d3ed208e46a7c8a33a0ee3601') in 0.012929 seconds
Number of updated asset objects reloaded before import = 0Number of asset objects unloaded after import = 0

========================================================================
Received Import Request.
  Time since last request: 0.000077 seconds.
  path: Packages/com.unity.services.deployment/Editor/Commands/Command.cs
  artifactKey: Guid(5d14f981e8b34e838ccc42626dae79b1) Importer(2089858483,b0f066a214c2f5e87bad3c948f4d605d)
Start importing Packages/com.unity.services.deployment/Editor/Commands/Command.cs using Guid(5d14f981e8b34e838ccc42626dae79b1) Importer(2089858483,b0f066a214c2f5e87bad3c948f4d605d) (ScriptedImporter) -> (artifact id: '257c54e5c254673365fabe70cf618fc8') in 0.0120685 seconds
Number of updated asset objects reloaded before import = 0Number of asset objects unloaded after import = 0

========================================================================
Received Import Request.
  Time since last request: 0.000056 seconds.
  path: Packages/com.unity.services.core/Runtime/Core.Internal/Components/Authentication/IPlayerNameComponent.cs
  artifactKey: Guid(fa3f17315398b5a4ab5e65de964c3afc) Importer(2089858483,b0f066a214c2f5e87bad3c948f4d605d)
Start importing Packages/com.unity.services.core/Runtime/Core.Internal/Components/Authentication/IPlayerNameComponent.cs using Guid(fa3f17315398b5a4ab5e65de964c3afc) Importer(2089858483,b0f066a214c2f5e87bad3c948f4d605d) (ScriptedImporter) -> (artifact id: 'bd695628611d9f0f1d4308266e0a1637') in 0.0120385 seconds
Number of updated asset objects reloaded before import = 0Number of asset objects unloaded after import = 0

========================================================================
Received Import Request.
  Time since last request: 0.000061 seconds.
  path: Packages/com.unity.services.deployment/Editor/Analytics/Events/DeployOnPlayAnalyticEvent.cs
  artifactKey: Guid(2df2134ae1944901a3a771a80af6cf92) Importer(2089858483,b0f066a214c2f5e87bad3c948f4d605d)
Start importing Packages/com.unity.services.deployment/Editor/Analytics/Events/DeployOnPlayAnalyticEvent.cs using Guid(2df2134ae1944901a3a771a80af6cf92) Importer(2089858483,b0f066a214c2f5e87bad3c948f4d605d) (ScriptedImporter) -> (artifact id: '018a12b3b244e38f90de251621c087b5') in 0.015045 seconds
Number of updated asset objects reloaded before import = 0Number of asset objects unloaded after import = 0

========================================================================
Received Import Request.
  Time since last request: 0.000069 seconds.
  path: Packages/com.unity.microsoft.gdk/Runtime/XExtensions.cs
  artifactKey: Guid(6204ea8b300869a439ce6de6afcc5f5b) Importer(2089858483,b0f066a214c2f5e87bad3c948f4d605d)
Start importing Packages/com.unity.microsoft.gdk/Runtime/XExtensions.cs using Guid(6204ea8b300869a439ce6de6afcc5f5b) Importer(2089858483,b0f066a214c2f5e87bad3c948f4d605d) (ScriptedImporter) -> (artifact id: '395131438dd92e248326d82b5def3b58') in 0.0161033 seconds
Number of updated asset objects reloaded before import = 0Number of asset objects unloaded after import = 0

========================================================================
Received Import Request.
  Time since last request: 0.000075 seconds.
  path: Packages/com.unity.purchasing/Runtime/Stores/Core/Product/ProductServiceDependencyFactoryInjector.cs
  artifactKey: Guid(43a9bdb0340ebf6448cbb681bcddbfd5) Importer(2089858483,b0f066a214c2f5e87bad3c948f4d605d)
Start importing Packages/com.unity.purchasing/Runtime/Stores/Core/Product/ProductServiceDependencyFactoryInjector.cs using Guid(43a9bdb0340ebf6448cbb681bcddbfd5) Importer(2089858483,b0f066a214c2f5e87bad3c948f4d605d) (ScriptedImporter) -> (artifact id: '497bae22603a1986eb0e263b660305bd') in 0.0158344 seconds
Number of updated asset objects reloaded before import = 0Number of asset objects unloaded after import = 0

========================================================================
Received Import Request.
  Time since last request: 0.000048 seconds.
  path: Packages/com.unity.services.deployment/Editor/Interface/UI/Assets/DeploymentToolbar.uss
  artifactKey: Guid(28b0506382444b4e911e589d320da93f) Importer(2089858483,b0f066a214c2f5e87bad3c948f4d605d)
Start importing Packages/com.unity.services.deployment/Editor/Interface/UI/Assets/DeploymentToolbar.uss using Guid(28b0506382444b4e911e589d320da93f) Importer(2089858483,b0f066a214c2f5e87bad3c948f4d605d) (ScriptedImporter) -> (artifact id: '5b13c3fbb0199a380db6b26cffe2fb59') in 0.0177945 seconds
Number of updated asset objects reloaded before import = 0Number of asset objects unloaded after import = 1

========================================================================
Received Import Request.
  Time since last request: 0.000020 seconds.
  path: Packages/com.unity.purchasing/Runtime/Purchasing/Stores/Android/GooglePlay/Models/GoogleProductMetadata.cs
  artifactKey: Guid(597cf31a6b3125a469e7a01863653d8b) Importer(2089858483,b0f066a214c2f5e87bad3c948f4d605d)
Start importing Packages/com.unity.purchasing/Runtime/Purchasing/Stores/Android/GooglePlay/Models/GoogleProductMetadata.cs using Guid(597cf31a6b3125a469e7a01863653d8b) Importer(2089858483,b0f066a214c2f5e87bad3c948f4d605d) (ScriptedImporter) -> (artifact id: 'c5abd30e7db880a2f863ad802e514c57') in 0.0161287 seconds
Number of updated asset objects reloaded before import = 0Number of asset objects unloaded after import = 0

========================================================================
Received Import Request.
  Time since last request: 0.000080 seconds.
  path: Packages/com.unity.purchasing/Runtime/Stores/Android/GooglePlay/AAR/Listeners/GoogleConsumeResponseListener.cs
  artifactKey: Guid(da7a34333ec1d4d7ba3f4ca3cf03de84) Importer(2089858483,b0f066a214c2f5e87bad3c948f4d605d)
Start importing Packages/com.unity.purchasing/Runtime/Stores/Android/GooglePlay/AAR/Listeners/GoogleConsumeResponseListener.cs using Guid(da7a34333ec1d4d7ba3f4ca3cf03de84) Importer(2089858483,b0f066a214c2f5e87bad3c948f4d605d) (ScriptedImporter) -> (artifact id: 'b2383917e0d3818b4fe53c8039ccf358') in 0.0157638 seconds
Number of updated asset objects reloaded before import = 0Number of asset objects unloaded after import = 0

========================================================================
Received Import Request.
  Time since last request: 0.000063 seconds.
  path: Packages/com.unity.services.core/Runtime/PrivacyInfo.xcprivacy
  artifactKey: Guid(029a83481f94f4626a4addeb4f496d02) Importer(2089858483,b0f066a214c2f5e87bad3c948f4d605d)
Start importing Packages/com.unity.services.core/Runtime/PrivacyInfo.xcprivacy using Guid(029a83481f94f4626a4addeb4f496d02) Importer(2089858483,b0f066a214c2f5e87bad3c948f4d605d) (ScriptedImporter) -> (artifact id: '8e46303a733018bb7d6c6790ad7fce4e') in 0.0151313 seconds
Number of updated asset objects reloaded before import = 0Number of asset objects unloaded after import = 0

========================================================================
Received Import Request.
  Time since last request: 0.000070 seconds.
  path: Packages/com.unity.services.deployment/Core/Glob/TraverseOptions.Gen.cs
  artifactKey: Guid(b4dd10090bdad4382880d351754b69cd) Importer(2089858483,b0f066a214c2f5e87bad3c948f4d605d)
Start importing Packages/com.unity.services.deployment/Core/Glob/TraverseOptions.Gen.cs using Guid(b4dd10090bdad4382880d351754b69cd) Importer(2089858483,b0f066a214c2f5e87bad3c948f4d605d) (ScriptedImporter) -> (artifact id: '3a47e6c6bdbc41fa1033e4719a7c37c9') in 0.0131904 seconds
Number of updated asset objects reloaded before import = 0Number of asset objects unloaded after import = 0

========================================================================
Received Import Request.
  Time since last request: 0.000055 seconds.
  path: Packages/com.unity.purchasing/Runtime/Stores/BaseStore/Interfaces/IStoreInternal.cs
  artifactKey: Guid(1fb4cca4bf524381815e7df0e5a3887b) Importer(2089858483,b0f066a214c2f5e87bad3c948f4d605d)
Start importing Packages/com.unity.purchasing/Runtime/Stores/BaseStore/Interfaces/IStoreInternal.cs using Guid(1fb4cca4bf524381815e7df0e5a3887b) Importer(2089858483,b0f066a214c2f5e87bad3c948f4d605d) (ScriptedImporter) -> (artifact id: 'b93043d103ade888c481e16199894160') in 0.0121428 seconds
Number of updated asset objects reloaded before import = 0Number of asset objects unloaded after import = 0

========================================================================
Received Import Request.
  Time since last request: 0.000052 seconds.
  path: Packages/com.unity.services.deployment/Editor/Interface/UI/Components/MultiSelect.cs
  artifactKey: Guid(0613b567e0c7941e1b21baf52c71fdf9) Importer(2089858483,b0f066a214c2f5e87bad3c948f4d605d)
Start importing Packages/com.unity.services.deployment/Editor/Interface/UI/Components/MultiSelect.cs using Guid(0613b567e0c7941e1b21baf52c71fdf9) Importer(2089858483,b0f066a214c2f5e87bad3c948f4d605d) (ScriptedImporter) -> (artifact id: '9c52f4041942e96f58fb7a36a6e8e93e') in 0.0137904 seconds
Number of updated asset objects reloaded before import = 0Number of asset objects unloaded after import = 0

========================================================================
Received Import Request.
  Time since last request: 0.000109 seconds.
  path: Packages/com.unity.purchasing/Runtime/Purchasing/Core/Purchasing/AppleAppStore/Extensions/UseCases/AppleRefreshAppReceiptUseCase.cs
  artifactKey: Guid(f3c33779d2544c44b8f25b3ebd83a321) Importer(2089858483,b0f066a214c2f5e87bad3c948f4d605d)
Start importing Packages/com.unity.purchasing/Runtime/Purchasing/Core/Purchasing/AppleAppStore/Extensions/UseCases/AppleRefreshAppReceiptUseCase.cs using Guid(f3c33779d2544c44b8f25b3ebd83a321) Importer(2089858483,b0f066a214c2f5e87bad3c948f4d605d) (ScriptedImporter) -> (artifact id: 'a33da574d801dbeb6809a8859ac5b350') in 0.0105154 seconds
Number of updated asset objects reloaded before import = 0Number of asset objects unloaded after import = 0

========================================================================
Received Import Request.
  Time since last request: 0.000068 seconds.
  path: Packages/com.unity.purchasing/Runtime/Purchasing/Settings/GoogleIAPSettings.cs
  artifactKey: Guid(5693cb6e83b5429686054ce1afafe359) Importer(2089858483,b0f066a214c2f5e87bad3c948f4d605d)
Start importing Packages/com.unity.purchasing/Runtime/Purchasing/Settings/GoogleIAPSettings.cs using Guid(5693cb6e83b5429686054ce1afafe359) Importer(2089858483,b0f066a214c2f5e87bad3c948f4d605d) (ScriptedImporter) -> (artifact id: 'a9ca5faa32d39a005ebb9cee3c044df6') in 0.0150881 seconds
Number of updated asset objects reloaded before import = 0Number of asset objects unloaded after import = 0

========================================================================
Received Import Request.
  Time since last request: 0.000070 seconds.
  path: Packages/com.unity.purchasing/Runtime/Purchasing/PaymentOption/IPaymentOptionProvider.cs
  artifactKey: Guid(7a6e05944ad865a4896d986dd1382905) Importer(2089858483,b0f066a214c2f5e87bad3c948f4d605d)
Start importing Packages/com.unity.purchasing/Runtime/Purchasing/PaymentOption/IPaymentOptionProvider.cs using Guid(7a6e05944ad865a4896d986dd1382905) Importer(2089858483,b0f066a214c2f5e87bad3c948f4d605d) (ScriptedImporter) -> (artifact id: 'e0fad4cdfae9713e81d7f269398aca77') in 0.0129488 seconds
Number of updated asset objects reloaded before import = 0Number of asset objects unloaded after import = 0

========================================================================
Received Import Request.
  Time since last request: 0.000082 seconds.
  path: Packages/com.unity.purchasing/Runtime/UnityWebshops/Client/Models/WebshopIOneOf.cs
  artifactKey: Guid(c6afcc76e081249148dd2f53f428f1eb) Importer(2089858483,b0f066a214c2f5e87bad3c948f4d605d)
Start importing Packages/com.unity.purchasing/Runtime/UnityWebshops/Client/Models/WebshopIOneOf.cs using Guid(c6afcc76e081249148dd2f53f428f1eb) Importer(2089858483,b0f066a214c2f5e87bad3c948f4d605d) (ScriptedImporter) -> (artifact id: 'ccb794e406b953ac00394b7225d4aace') in 0.0156625 seconds
Number of updated asset objects reloaded before import = 0Number of asset objects unloaded after import = 0

========================================================================
Received Import Request.
  Time since last request: 0.000053 seconds.
  path: Packages/com.unity.microsoft.gdk/Runtime/Interop/XBL/Presence/XblPresenceDeviceRecord.cs
  artifactKey: Guid(bf801bd2a27d4e0aac7386a4c6b44ec3) Importer(2089858483,b0f066a214c2f5e87bad3c948f4d605d)
Start importing Packages/com.unity.microsoft.gdk/Runtime/Interop/XBL/Presence/XblPresenceDeviceRecord.cs using Guid(bf801bd2a27d4e0aac7386a4c6b44ec3) Importer(2089858483,b0f066a214c2f5e87bad3c948f4d605d) (ScriptedImporter) -> (artifact id: '8ef4161cbdd9b667510a806ce28a5daf') in 0.0134087 seconds
Number of updated asset objects reloaded before import = 0Number of asset objects unloaded after import = 0

========================================================================
Received Import Request.
  Time since last request: 0.000041 seconds.
  path: Packages/com.unity.purchasing/Runtime/Apple/AssemblyInfo.cs
  artifactKey: Guid(bd713fe3326640a899cfe32f8419aecf) Importer(2089858483,b0f066a214c2f5e87bad3c948f4d605d)
Start importing Packages/com.unity.purchasing/Runtime/Apple/AssemblyInfo.cs using Guid(bd713fe3326640a899cfe32f8419aecf) Importer(2089858483,b0f066a214c2f5e87bad3c948f4d605d) (ScriptedImporter) -> (artifact id: '0b2ee75e25d6ba112d4c9e791b9addfe') in 0.0116007 seconds
Number of updated asset objects reloaded before import = 0Number of asset objects unloaded after import = 0

========================================================================
Received Import Request.
  Time since last request: 0.000060 seconds.
  path: Packages/com.unity.purchasing/Runtime/TransactionVerifier/Client/Http/IDeserializable.cs
  artifactKey: Guid(9d1c3b6bb54c2435493eb4fc681aaeb0) Importer(2089858483,b0f066a214c2f5e87bad3c948f4d605d)
Start importing Packages/com.unity.purchasing/Runtime/TransactionVerifier/Client/Http/IDeserializable.cs using Guid(9d1c3b6bb54c2435493eb4fc681aaeb0) Importer(2089858483,b0f066a214c2f5e87bad3c948f4d605d) (ScriptedImporter) -> (artifact id: 'd1eef73c1f241576bf04d2ac94ac2f94') in 0.0130551 seconds
Number of updated asset objects reloaded before import = 0Number of asset objects unloaded after import = 0

========================================================================
Received Import Request.
  Time since last request: 0.000073 seconds.
  path: Packages/com.unity.xr.legacyinputhelpers/Editor/TrackedPoseDriver/UnityEditor.SpatialTracking.asmdef
  artifactKey: Guid(b13a1d1dfb13f1b489a0ff5612f36f29) Importer(2089858483,b0f066a214c2f5e87bad3c948f4d605d)
Start importing Packages/com.unity.xr.legacyinputhelpers/Editor/TrackedPoseDriver/UnityEditor.SpatialTracking.asmdef using Guid(b13a1d1dfb13f1b489a0ff5612f36f29) Importer(2089858483,b0f066a214c2f5e87bad3c948f4d605d) (ScriptedImporter) -> (artifact id: 'f44c7a87254f6e8fc6c2c4d823f37c0e') in 0.0146322 seconds
Number of updated asset objects reloaded before import = 0Number of asset objects unloaded after import = 1

========================================================================
Received Import Request.
  Time since last request: 0.000024 seconds.
  path: Packages/com.unity.purchasing/Runtime/Stores/Core/Resolvers
  artifactKey: Guid(5b9c2e7f4dde4a23a82e6b6c1d2f9aa1) Importer(2089858483,b0f066a214c2f5e87bad3c948f4d605d)
Start importing Packages/com.unity.purchasing/Runtime/Stores/Core/Resolvers using Guid(5b9c2e7f4dde4a23a82e6b6c1d2f9aa1) Importer(2089858483,b0f066a214c2f5e87bad3c948f4d605d) (ScriptedImporter) -> (artifact id: '8aeff3fdf56c516cd1f5509d3a35ac8c') in 0.0140309 seconds
Number of updated asset objects reloaded before import = 0Number of asset objects unloaded after import = 1

========================================================================
Received Import Request.
  Time since last request: 0.000053 seconds.
  path: Packages/com.unity.purchasing/Runtime/Stores/Analytics/CoreAnalyticsAdapter.cs
  artifactKey: Guid(4d2b177ceba14d8c93d4a7f487980a82) Importer(2089858483,b0f066a214c2f5e87bad3c948f4d605d)
Start importing Packages/com.unity.purchasing/Runtime/Stores/Analytics/CoreAnalyticsAdapter.cs using Guid(4d2b177ceba14d8c93d4a7f487980a82) Importer(2089858483,b0f066a214c2f5e87bad3c948f4d605d) (ScriptedImporter) -> (artifact id: '550b953dd6c057e967d5c1af1e59088b') in 0.0137529 seconds
Number of updated asset objects reloaded before import = 0Number of asset objects unloaded after import = 0

========================================================================
Received Import Request.
  Time since last request: 0.000043 seconds.
  path: Packages/com.unity.services.deployment.api/README.md
  artifactKey: Guid(d25236eed889a3d49bcdf9f64b5193f9) Importer(2089858483,b0f066a214c2f5e87bad3c948f4d605d)
Start importing Packages/com.unity.services.deployment.api/README.md using Guid(d25236eed889a3d49bcdf9f64b5193f9) Importer(2089858483,b0f066a214c2f5e87bad3c948f4d605d) (ScriptedImporter) -> (artifact id: '69c7e22a7458f188461a1bc03bd68b75') in 0.0124339 seconds
Number of updated asset objects reloaded before import = 0Number of asset objects unloaded after import = 1

========================================================================
Received Import Request.
  Time since last request: 0.000049 seconds.
  path: Packages/com.unity.microsoft.gdk/Runtime/XBL/Multiplayer/XblMultiplayerSessionRestriction.cs
  artifactKey: Guid(c3071a9da1f40d04eab6133f1c52ece8) Importer(2089858483,b0f066a214c2f5e87bad3c948f4d605d)
Start importing Packages/com.unity.microsoft.gdk/Runtime/XBL/Multiplayer/XblMultiplayerSessionRestriction.cs using Guid(c3071a9da1f40d04eab6133f1c52ece8) Importer(2089858483,b0f066a214c2f5e87bad3c948f4d605d) (ScriptedImporter) -> (artifact id: 'f67e34478696154c74eb0580fd2ca2aa') in 0.0112597 seconds
Number of updated asset objects reloaded before import = 0Number of asset objects unloaded after import = 0

========================================================================
Received Import Request.
  Time since last request: 0.000088 seconds.
  path: Packages/com.unity.microsoft.gdk/Runtime/HR.cs
  artifactKey: Guid(a4ea4a2384ff4b4c9d1ad5ad56959066) Importer(2089858483,b0f066a214c2f5e87bad3c948f4d605d)
Start importing Packages/com.unity.microsoft.gdk/Runtime/HR.cs using Guid(a4ea4a2384ff4b4c9d1ad5ad56959066) Importer(2089858483,b0f066a214c2f5e87bad3c948f4d605d) (ScriptedImporter) -> (artifact id: 'de1973febc1ff6638c6065446b55a982') in 0.0132055 seconds
Number of updated asset objects reloaded before import = 0Number of asset objects unloaded after import = 0

========================================================================
Received Import Request.
  Time since last request: 0.000086 seconds.
  path: Packages/com.unity.purchasing/Editor/Authoring/Model/CatalogAssetHelper.cs
  artifactKey: Guid(3fc68d6e6162408a97e055e095c800d3) Importer(2089858483,b0f066a214c2f5e87bad3c948f4d605d)
Start importing Packages/com.unity.purchasing/Editor/Authoring/Model/CatalogAssetHelper.cs using Guid(3fc68d6e6162408a97e055e095c800d3) Importer(2089858483,b0f066a214c2f5e87bad3c948f4d605d) (ScriptedImporter) -> (artifact id: 'dff31d6e6e5833acf80dfb0baba61b7b') in 0.0146049 seconds
Number of updated asset objects reloaded before import = 0Number of asset objects unloaded after import = 0

========================================================================
Received Import Request.
  Time since last request: 0.000054 seconds.
  path: Packages/com.unity.services.deployment/Editor/Interface
  artifactKey: Guid(e15425173ebb04da485cd21d1bfd53f1) Importer(2089858483,b0f066a214c2f5e87bad3c948f4d605d)
Start importing Packages/com.unity.services.deployment/Editor/Interface using Guid(e15425173ebb04da485cd21d1bfd53f1) Importer(2089858483,b0f066a214c2f5e87bad3c948f4d605d) (ScriptedImporter) -> (artifact id: '29cd144910777a21edaecd98b58692fb') in 0.0122472 seconds
Number of updated asset objects reloaded before import = 0Number of asset objects unloaded after import = 1

========================================================================
Received Import Request.
  Time since last request: 0.000020 seconds.
  path: Packages/com.unity.purchasing/Runtime/Purchasing/Core/Purchasing/AppleAppStore/Extensions/UseCases/Interfaces/IAppReceiptUseCase.cs
  artifactKey: Guid(56901242d9424049a2c7deb83d9e245d) Importer(2089858483,b0f066a214c2f5e87bad3c948f4d605d)
Start importing Packages/com.unity.purchasing/Runtime/Purchasing/Core/Purchasing/AppleAppStore/Extensions/UseCases/Interfaces/IAppReceiptUseCase.cs using Guid(56901242d9424049a2c7deb83d9e245d) Importer(2089858483,b0f066a214c2f5e87bad3c948f4d605d) (ScriptedImporter) -> (artifact id: '2b628da07ab699408c0d2fb5a3c5f438') in 0.0125456 seconds
Number of updated asset objects reloaded before import = 0Number of asset objects unloaded after import = 0

========================================================================
Received Import Request.
  Time since last request: 0.000048 seconds.
  path: Packages/com.unity.purchasing/Runtime/Stores/PaymentProvider/CurrencyFormatters
  artifactKey: Guid(88280b57035a94958b4b46af874ff862) Importer(2089858483,b0f066a214c2f5e87bad3c948f4d605d)
Start importing Packages/com.unity.purchasing/Runtime/Stores/PaymentProvider/CurrencyFormatters using Guid(88280b57035a94958b4b46af874ff862) Importer(2089858483,b0f066a214c2f5e87bad3c948f4d605d) (ScriptedImporter) -> (artifact id: '0f0b9125fdee0f2cbc4000c1a2795cbf') in 0.0142066 seconds
Number of updated asset objects reloaded before import = 0Number of asset objects unloaded after import = 1

========================================================================
Received Import Request.
  Time since last request: 0.000048 seconds.
  path: Packages/com.unity.microsoft.gdk/Runtime/XBL/TitleStorage/XblTitleStorage.cs
  artifactKey: Guid(e08a555ddb1b47ef9a4fad7c3646e5a9) Importer(2089858483,b0f066a214c2f5e87bad3c948f4d605d)
Start importing Packages/com.unity.microsoft.gdk/Runtime/XBL/TitleStorage/XblTitleStorage.cs using Guid(e08a555ddb1b47ef9a4fad7c3646e5a9) Importer(2089858483,b0f066a214c2f5e87bad3c948f4d605d) (ScriptedImporter) -> (artifact id: '2fb75e6bca3f38938daf92159cea6834') in 0.0144833 seconds
Number of updated asset objects reloaded before import = 0Number of asset objects unloaded after import = 0

========================================================================
Received Import Request.
  Time since last request: 0.000097 seconds.
  path: Packages/com.unity.microsoft.gdk/Editor/GdkAssemblyAssetProcessor.cs
  artifactKey: Guid(1149598cdd784b3798dd7ee24a67a3aa) Importer(2089858483,b0f066a214c2f5e87bad3c948f4d605d)
Start importing Packages/com.unity.microsoft.gdk/Editor/GdkAssemblyAssetProcessor.cs using Guid(1149598cdd784b3798dd7ee24a67a3aa) Importer(2089858483,b0f066a214c2f5e87bad3c948f4d605d) (ScriptedImporter) -> (artifact id: 'ce05558eab4b32e31ce300b3830cf1de') in 0.0162797 seconds
Number of updated asset objects reloaded before import = 0Number of asset objects unloaded after import = 0

========================================================================
Received Import Request.
  Time since last request: 0.000045 seconds.
  path: Packages/com.unity.ai.navigation/EditorResources/Overlay/NavigationOverlay@128.png
  artifactKey: Guid(1b6bf0e7b03fea94987a73d0cb14781b) Importer(2089858483,b0f066a214c2f5e87bad3c948f4d605d)
Start importing Packages/com.unity.ai.navigation/EditorResources/Overlay/NavigationOverlay@128.png using Guid(1b6bf0e7b03fea94987a73d0cb14781b) Importer(2089858483,b0f066a214c2f5e87bad3c948f4d605d) (ScriptedImporter) -> (artifact id: '38ee9e3c22b4a531bcfdc367e9e33c94') in 0.0195077 seconds
Number of updated asset objects reloaded before import = 0Number of asset objects unloaded after import = 1

========================================================================
Received Import Request.
  Time since last request: 0.000021 seconds.
  path: Packages/com.unity.purchasing/Runtime/Purchasing/Core/Retries
  artifactKey: Guid(7761ec34530346b5aa1580c00ea46bbf) Importer(2089858483,b0f066a214c2f5e87bad3c948f4d605d)
Start importing Packages/com.unity.purchasing/Runtime/Purchasing/Core/Retries using Guid(7761ec34530346b5aa1580c00ea46bbf) Importer(2089858483,b0f066a214c2f5e87bad3c948f4d605d) (ScriptedImporter) -> (artifact id: '838519a9a7727f249a0c810c6c4d312e') in 0.0131701 seconds
Number of updated asset objects reloaded before import = 0Number of asset objects unloaded after import = 1

========================================================================
Received Import Request.
  Time since last request: 0.000022 seconds.
  path: Packages/com.unity.microsoft.gdk/Runtime/XBL/MultiplayerManager/XblMultiplayerManagerGame.cs
  artifactKey: Guid(811cee981fbbc634a835062982dcfc04) Importer(2089858483,b0f066a214c2f5e87bad3c948f4d605d)
Start importing Packages/com.unity.microsoft.gdk/Runtime/XBL/MultiplayerManager/XblMultiplayerManagerGame.cs using Guid(811cee981fbbc634a835062982dcfc04) Importer(2089858483,b0f066a214c2f5e87bad3c948f4d605d) (ScriptedImporter) -> (artifact id: 'd8220d4047040e3c5b29683c3cfcfd27') in 0.0147646 seconds
Number of updated asset objects reloaded before import = 0Number of asset objects unloaded after import = 0

========================================================================
Received Import Request.
  Time since last request: 0.000064 seconds.
  path: Packages/com.unity.purchasing/Runtime/Purchasing/Core/Product/Interfaces/IProductService.cs
  artifactKey: Guid(8261a82e8e70b4d33907378d48a8596d) Importer(2089858483,b0f066a214c2f5e87bad3c948f4d605d)
Start importing Packages/com.unity.purchasing/Runtime/Purchasing/Core/Product/Interfaces/IProductService.cs using Guid(8261a82e8e70b4d33907378d48a8596d) Importer(2089858483,b0f066a214c2f5e87bad3c948f4d605d) (ScriptedImporter) -> (artifact id: '30c8297ad5226e17865994a90991a66f') in 0.0131067 seconds
Number of updated asset objects reloaded before import = 0Number of asset objects unloaded after import = 0

========================================================================
Received Import Request.
  Time since last request: 0.000055 seconds.
  path: Packages/com.unity.purchasing/Runtime/TransactionVerifier/Client/TransactionVerifierService.cs
  artifactKey: Guid(d5820454ec7cf4acda5029b914ec8e54) Importer(2089858483,b0f066a214c2f5e87bad3c948f4d605d)
Start importing Packages/com.unity.purchasing/Runtime/TransactionVerifier/Client/TransactionVerifierService.cs using Guid(d5820454ec7cf4acda5029b914ec8e54) Importer(2089858483,b0f066a214c2f5e87bad3c948f4d605d) (ScriptedImporter) -> (artifact id: '3909ae4921009f764a9656d71442cd78') in 0.0145207 seconds
Number of updated asset objects reloaded before import = 0Number of asset objects unloaded after import = 0

========================================================================
Received Import Request.
  Time since last request: 0.000059 seconds.
  path: Packages/com.unity.purchasing/Editor/ServiceProjectSettings/UI/StyleSheets
  artifactKey: Guid(8ee1ac16e2987421cb2657dd20ba755d) Importer(2089858483,b0f066a214c2f5e87bad3c948f4d605d)
Start importing Packages/com.unity.purchasing/Editor/ServiceProjectSettings/UI/StyleSheets using Guid(8ee1ac16e2987421cb2657dd20ba755d) Importer(2089858483,b0f066a214c2f5e87bad3c948f4d605d) (ScriptedImporter) -> (artifact id: 'c52d9167e257f9e9b440f71f44a4edfe') in 0.0150764 seconds
Number of updated asset objects reloaded before import = 0Number of asset objects unloaded after import = 1

========================================================================
Received Import Request.
  Time since last request: 0.000018 seconds.
  path: Packages/com.unity.microsoft.gdk/Runtime/XBL/Multiplayer/XblMultiplayerSessionQueryResult.cs
  artifactKey: Guid(65d6141eb7cdcb24aa9b08ccfedcda2b) Importer(2089858483,b0f066a214c2f5e87bad3c948f4d605d)
Start importing Packages/com.unity.microsoft.gdk/Runtime/XBL/Multiplayer/XblMultiplayerSessionQueryResult.cs using Guid(65d6141eb7cdcb24aa9b08ccfedcda2b) Importer(2089858483,b0f066a214c2f5e87bad3c948f4d605d) (ScriptedImporter) -> (artifact id: '3849ccb14ba4d57228aa00a506aa997e') in 0.0134335 seconds
Number of updated asset objects reloaded before import = 0Number of asset objects unloaded after import = 0

========================================================================
Received Import Request.
  Time since last request: 0.000051 seconds.
  path: Packages/com.unity.microsoft.gdk/Runtime/ExtensionLibraries/HttpClient/HCWebsocketHandle.cs
  artifactKey: Guid(b3c2c2c23e154e0cbe32b58cd3ecc3e2) Importer(2089858483,b0f066a214c2f5e87bad3c948f4d605d)
Start importing Packages/com.unity.microsoft.gdk/Runtime/ExtensionLibraries/HttpClient/HCWebsocketHandle.cs using Guid(b3c2c2c23e154e0cbe32b58cd3ecc3e2) Importer(2089858483,b0f066a214c2f5e87bad3c948f4d605d) (ScriptedImporter) -> (artifact id: '64f9c159fed1d4f3999f618330fd7b45') in 0.0136582 seconds
Number of updated asset objects reloaded before import = 0Number of asset objects unloaded after import = 0

========================================================================
Received Import Request.
  Time since last request: 0.000099 seconds.
  path: Packages/com.unity.services.core/Editor/Core/Environments/Client/Configuration/Configuration.cs
  artifactKey: Guid(a4a252d22132442d4940009e16a99424) Importer(2089858483,b0f066a214c2f5e87bad3c948f4d605d)
Start importing Packages/com.unity.services.core/Editor/Core/Environments/Client/Configuration/Configuration.cs using Guid(a4a252d22132442d4940009e16a99424) Importer(2089858483,b0f066a214c2f5e87bad3c948f4d605d) (ScriptedImporter) -> (artifact id: 'aa1a2ae5806f33c4cf349e18c04c4742') in 0.0141525 seconds
Number of updated asset objects reloaded before import = 0Number of asset objects unloaded after import = 0

========================================================================
Received Import Request.
  Time since last request: 0.000073 seconds.
  path: Packages/com.unity.services.deployment/Editor/Environments/InvalidEnvironmentException.cs
  artifactKey: Guid(b8e878d6c730345b093c4699fff13585) Importer(2089858483,b0f066a214c2f5e87bad3c948f4d605d)
Start importing Packages/com.unity.services.deployment/Editor/Environments/InvalidEnvironmentException.cs using Guid(b8e878d6c730345b093c4699fff13585) Importer(2089858483,b0f066a214c2f5e87bad3c948f4d605d) (ScriptedImporter) -> (artifact id: '414845f45acea00ec616b8973847ff2a') in 0.0142208 seconds
Number of updated asset objects reloaded before import = 0Number of asset objects unloaded after import = 0

========================================================================
Received Import Request.
  Time since last request: 0.000087 seconds.
  path: Packages/com.unity.services.core/Editor/Core/Environments/UI/Toolbar
  artifactKey: Guid(11b827b8634d3b646a7abe82fe76ba01) Importer(2089858483,b0f066a214c2f5e87bad3c948f4d605d)
Start importing Packages/com.unity.services.core/Editor/Core/Environments/UI/Toolbar using Guid(11b827b8634d3b646a7abe82fe76ba01) Importer(2089858483,b0f066a214c2f5e87bad3c948f4d605d) (ScriptedImporter) -> (artifact id: '359d31f3f5ce8fc9487cd02e90b76c41') in 0.0112783 seconds
Number of updated asset objects reloaded before import = 0Number of asset objects unloaded after import = 1

========================================================================
Received Import Request.
  Time since last request: 0.000056 seconds.
  path: Packages/com.unity.microsoft.gdk/Runtime/Interop/XBL/Presence/XblPresenceQueryFilters.cs
  artifactKey: Guid(55116fc5a35f4ed3947b57557a138b6e) Importer(2089858483,b0f066a214c2f5e87bad3c948f4d605d)
Start importing Packages/com.unity.microsoft.gdk/Runtime/Interop/XBL/Presence/XblPresenceQueryFilters.cs using Guid(55116fc5a35f4ed3947b57557a138b6e) Importer(2089858483,b0f066a214c2f5e87bad3c948f4d605d) (ScriptedImporter) -> (artifact id: '39ac13445b5c21ef8a4042e8e918c9dd') in 0.014243 seconds
Number of updated asset objects reloaded before import = 0Number of asset objects unloaded after import = 0

========================================================================
Received Import Request.
  Time since last request: 0.000059 seconds.
  path: Packages/com.unity.purchasing/Runtime/UnityWebshops/WebshopServiceProvider.cs
  artifactKey: Guid(11c3ce8c1f324ad4aee43116e5283bb4) Importer(2089858483,b0f066a214c2f5e87bad3c948f4d605d)
Start importing Packages/com.unity.purchasing/Runtime/UnityWebshops/WebshopServiceProvider.cs using Guid(11c3ce8c1f324ad4aee43116e5283bb4) Importer(2089858483,b0f066a214c2f5e87bad3c948f4d605d) (ScriptedImporter) -> (artifact id: '0109d01c1837e4914ccb0d870afa8b66') in 0.0133223 seconds
Number of updated asset objects reloaded before import = 0Number of asset objects unloaded after import = 0

========================================================================
Received Import Request.
  Time since last request: 0.000066 seconds.
  path: Packages/com.unity.microsoft.gdk/Runtime/Interop/XGameProtocolInterop.cs
  artifactKey: Guid(03da5de3a4d4544419fb68732d36d7e7) Importer(2089858483,b0f066a214c2f5e87bad3c948f4d605d)
Start importing Packages/com.unity.microsoft.gdk/Runtime/Interop/XGameProtocolInterop.cs using Guid(03da5de3a4d4544419fb68732d36d7e7) Importer(2089858483,b0f066a214c2f5e87bad3c948f4d605d) (ScriptedImporter) -> (artifact id: '6444fcc4a469cd54a1f28c82d7266367') in 0.013772 seconds
Number of updated asset objects reloaded before import = 0Number of asset objects unloaded after import = 0

========================================================================
Received Import Request.
  Time since last request: 0.000048 seconds.
  path: Packages/com.unity.services.core/Editor/Core/Telemetry/PackageConfig.cs
  artifactKey: Guid(7d6201bd8c7c44149b361b3df0426ba2) Importer(2089858483,b0f066a214c2f5e87bad3c948f4d605d)
Start importing Packages/com.unity.services.core/Editor/Core/Telemetry/PackageConfig.cs using Guid(7d6201bd8c7c44149b361b3df0426ba2) Importer(2089858483,b0f066a214c2f5e87bad3c948f4d605d) (ScriptedImporter) -> (artifact id: '238be2a4ccb78cdd9c8794805838bca5') in 0.0144046 seconds
Number of updated asset objects reloaded before import = 0Number of asset objects unloaded after import = 0

========================================================================
Received Import Request.
  Time since last request: 0.000058 seconds.
  path: Packages/com.unity.microsoft.gdk/Runtime/XBL/StringVerify/XblVerifyStringResultCode.cs
  artifactKey: Guid(41835b50076d43399d08a80008c403df) Importer(2089858483,b0f066a214c2f5e87bad3c948f4d605d)
Start importing Packages/com.unity.microsoft.gdk/Runtime/XBL/StringVerify/XblVerifyStringResultCode.cs using Guid(41835b50076d43399d08a80008c403df) Importer(2089858483,b0f066a214c2f5e87bad3c948f4d605d) (ScriptedImporter) -> (artifact id: '9984f77bf195ca4c32e0b6dff275b634') in 0.012268 seconds
Number of updated asset objects reloaded before import = 0Number of asset objects unloaded after import = 0

========================================================================
Received Import Request.
  Time since last request: 0.000017 seconds.
  path: Packages/com.unity.services.core/Editor/Core/Shared/Infrastructure/Collections/MappedObservableCollection.Gen.cs
  artifactKey: Guid(036c332b7e1444de6a8c2dbc19b99027) Importer(2089858483,b0f066a214c2f5e87bad3c948f4d605d)
Start importing Packages/com.unity.services.core/Editor/Core/Shared/Infrastructure/Collections/MappedObservableCollection.Gen.cs using Guid(036c332b7e1444de6a8c2dbc19b99027) Importer(2089858483,b0f066a214c2f5e87bad3c948f4d605d) (ScriptedImporter) -> (artifact id: '23b12492986ec537be44bfd003c3693c') in 0.0131361 seconds
Number of updated asset objects reloaded before import = 0Number of asset objects unloaded after import = 0

========================================================================
Received Import Request.
  Time since last request: 0.000087 seconds.
  path: Packages/com.unity.microsoft.gdk/Runtime/Interop/XBL/Matchmaking/XblMatchmakingInterop.cs
  artifactKey: Guid(ce3c7b85aabd4ed9a9036ca706778962) Importer(2089858483,b0f066a214c2f5e87bad3c948f4d605d)
Start importing Packages/com.unity.microsoft.gdk/Runtime/Interop/XBL/Matchmaking/XblMatchmakingInterop.cs using Guid(ce3c7b85aabd4ed9a9036ca706778962) Importer(2089858483,b0f066a214c2f5e87bad3c948f4d605d) (ScriptedImporter) -> (artifact id: '20b464f63e433ae004a97db9055b7384') in 0.0130074 seconds
Number of updated asset objects reloaded before import = 0Number of asset objects unloaded after import = 0

========================================================================
Received Import Request.
  Time since last request: 0.000046 seconds.
  path: Packages/com.unity.purchasing/AiAssistantSkills/in-app-purchases/references/convert-revenuecat.md
  artifactKey: Guid(0a648d67d0fc5a04296a777d3dfd1f54) Importer(2089858483,b0f066a214c2f5e87bad3c948f4d605d)
Start importing Packages/com.unity.purchasing/AiAssistantSkills/in-app-purchases/references/convert-revenuecat.md using Guid(0a648d67d0fc5a04296a777d3dfd1f54) Importer(2089858483,b0f066a214c2f5e87bad3c948f4d605d) (ScriptedImporter) -> (artifact id: '72f57f9a373f74104102508b6c5a3a7a') in 0.0147661 seconds
Number of updated asset objects reloaded before import = 0Number of asset objects unloaded after import = 1

========================================================================
Received Import Request.
  Time since last request: 0.000044 seconds.
  path: Packages/com.unity.services.core/Editor/Core/Environments/IEnvironmentsApi.cs
  artifactKey: Guid(9a76d279054d4310a6dae6caef9c5682) Importer(2089858483,b0f066a214c2f5e87bad3c948f4d605d)
Start importing Packages/com.unity.services.core/Editor/Core/Environments/IEnvironmentsApi.cs using Guid(9a76d279054d4310a6dae6caef9c5682) Importer(2089858483,b0f066a214c2f5e87bad3c948f4d605d) (ScriptedImporter) -> (artifact id: 'dbf228b17c62320305eb74ecf985fe9b') in 0.015337 seconds
Number of updated asset objects reloaded before import = 0Number of asset objects unloaded after import = 0

========================================================================
Received Import Request.
  Time since last request: 0.000065 seconds.
  path: Packages/com.unity.microsoft.gdk/Runtime/Interop/XBL/MultiplayerManager/XblDeviceToken.cs
  artifactKey: Guid(fcd698ab6ffd7b6438c83bc76b65aedb) Importer(2089858483,b0f066a214c2f5e87bad3c948f4d605d)
Start importing Packages/com.unity.microsoft.gdk/Runtime/Interop/XBL/MultiplayerManager/XblDeviceToken.cs using Guid(fcd698ab6ffd7b6438c83bc76b65aedb) Importer(2089858483,b0f066a214c2f5e87bad3c948f4d605d) (ScriptedImporter) -> (artifact id: '07426bbdae7bbe9e80106197aa3e3e02') in 0.0150741 seconds
Number of updated asset objects reloaded before import = 0Number of asset objects unloaded after import = 0

========================================================================
Received Import Request.
  Time since last request: 0.000062 seconds.
  path: Packages/com.unity.services.deployment/Editor/Analytics/Events/DeploymentAnalyticEvent.cs
  artifactKey: Guid(7f298284a2a349e1a3c2dfbc18db7541) Importer(2089858483,b0f066a214c2f5e87bad3c948f4d605d)
Start importing Packages/com.unity.services.deployment/Editor/Analytics/Events/DeploymentAnalyticEvent.cs using Guid(7f298284a2a349e1a3c2dfbc18db7541) Importer(2089858483,b0f066a214c2f5e87bad3c948f4d605d) (ScriptedImporter) -> (artifact id: '82ca6832f7b8ae08b1804549b062b4ce') in 0.0129623 seconds
Number of updated asset objects reloaded before import = 0Number of asset objects unloaded after import = 0

========================================================================
Received Import Request.
  Time since last request: 0.000067 seconds.
  path: Packages/com.unity.purchasing/Editor/ServiceProjectSettings/UI/Views/Obfuscator/GoogleObfuscatorSection.cs
  artifactKey: Guid(849b8bf94f5870549848ce3003933151) Importer(2089858483,b0f066a214c2f5e87bad3c948f4d605d)
Start importing Packages/com.unity.purchasing/Editor/ServiceProjectSettings/UI/Views/Obfuscator/GoogleObfuscatorSection.cs using Guid(849b8bf94f5870549848ce3003933151) Importer(2089858483,b0f066a214c2f5e87bad3c948f4d605d) (ScriptedImporter) -> (artifact id: 'daec8330c132d2bb9628a98cc5fde435') in 0.0135736 seconds
Number of updated asset objects reloaded before import = 0Number of asset objects unloaded after import = 0

========================================================================
Received Import Request.
  Time since last request: 0.000055 seconds.
  path: Packages/com.unity.services.deployment/Editor/Interface/UI/Components/KeyboardShortcuts.cs
  artifactKey: Guid(630fe381ed6c498fbccb25e9fff3164a) Importer(2089858483,b0f066a214c2f5e87bad3c948f4d605d)
Start importing Packages/com.unity.services.deployment/Editor/Interface/UI/Components/KeyboardShortcuts.cs using Guid(630fe381ed6c498fbccb25e9fff3164a) Importer(2089858483,b0f066a214c2f5e87bad3c948f4d605d) (ScriptedImporter) -> (artifact id: 'f1db666de72716673804ce206f55b575') in 0.0143575 seconds
Number of updated asset objects reloaded before import = 0Number of asset objects unloaded after import = 0

========================================================================
Received Import Request.
  Time since last request: 0.000030 seconds.
  path: Packages/com.unity.analytics/Unity.Analytics.Tracker.dll.mdb
  artifactKey: Guid(d607a67dc772b484da060e66a3d61a4e) Importer(2089858483,b0f066a214c2f5e87bad3c948f4d605d)
Start importing Packages/com.unity.analytics/Unity.Analytics.Tracker.dll.mdb using Guid(d607a67dc772b484da060e66a3d61a4e) Importer(2089858483,b0f066a214c2f5e87bad3c948f4d605d) (ScriptedImporter) -> (artifact id: '294f3a092312aed56878148680a872d7') in 0.0104653 seconds
Number of updated asset objects reloaded before import = 0Number of asset objects unloaded after import = 1

========================================================================
Received Import Request.
  Time since last request: 0.000051 seconds.
  path: Packages/com.unity.purchasing/Runtime/Purchasing/PaymentOption/Resources/com.unity.purchasing/Brands/AppleInAppPurchase1lnWhite.png
  artifactKey: Guid(1f92448d554f040cc94ad62b9bdb0508) Importer(2089858483,b0f066a214c2f5e87bad3c948f4d605d)
Start importing Packages/com.unity.purchasing/Runtime/Purchasing/PaymentOption/Resources/com.unity.purchasing/Brands/AppleInAppPurchase1lnWhite.png using Guid(1f92448d554f040cc94ad62b9bdb0508) Importer(2089858483,b0f066a214c2f5e87bad3c948f4d605d) (ScriptedImporter) -> (artifact id: '011323f6c9a341a180a2526cae979f83') in 0.0573873 seconds
Number of updated asset objects reloaded before import = 0Number of asset objects unloaded after import = 17

========================================================================
Received Import Request.
  Time since last request: 0.000061 seconds.
  path: Packages/com.unity.purchasing/Runtime/Purchasing/Stores/FakeStoreUIMode.cs
  artifactKey: Guid(1a28f3548c01409aa8cce4c17025bd03) Importer(2089858483,b0f066a214c2f5e87bad3c948f4d605d)
Start importing Packages/com.unity.purchasing/Runtime/Purchasing/Stores/FakeStoreUIMode.cs using Guid(1a28f3548c01409aa8cce4c17025bd03) Importer(2089858483,b0f066a214c2f5e87bad3c948f4d605d) (ScriptedImporter) -> (artifact id: '71628c345235671ba5d7d5a05c71b5cb') in 0.0204089 seconds
Number of updated asset objects reloaded before import = 0Number of asset objects unloaded after import = 0

========================================================================
Received Import Request.
  Time since last request: 0.000063 seconds.
  path: Packages/com.unity.services.core/Runtime/Core.Internal/Components/Scheduler/IActionScheduler.cs
  artifactKey: Guid(39aaed770c8974f1094c0cfba7b3d277) Importer(2089858483,b0f066a214c2f5e87bad3c948f4d605d)
Start importing Packages/com.unity.services.core/Runtime/Core.Internal/Components/Scheduler/IActionScheduler.cs using Guid(39aaed770c8974f1094c0cfba7b3d277) Importer(2089858483,b0f066a214c2f5e87bad3c948f4d605d) (ScriptedImporter) -> (artifact id: '54558d1477b91495e054fdd5bf6f40cb') in 0.0171192 seconds
Number of updated asset objects reloaded before import = 0Number of asset objects unloaded after import = 0

========================================================================
Received Import Request.
  Time since last request: 0.000095 seconds.
  path: Packages/com.unity.purchasing/Runtime/Purchasing/Core/Purchasing/Models/ConfirmOrderRequest.cs
  artifactKey: Guid(7fcec0e831b101440affc5f93e1cdfd5) Importer(2089858483,b0f066a214c2f5e87bad3c948f4d605d)
Start importing Packages/com.unity.purchasing/Runtime/Purchasing/Core/Purchasing/Models/ConfirmOrderRequest.cs using Guid(7fcec0e831b101440affc5f93e1cdfd5) Importer(2089858483,b0f066a214c2f5e87bad3c948f4d605d) (ScriptedImporter) -> (artifact id: 'aec723dcd86f1318102311679696aec7') in 0.0162113 seconds
Number of updated asset objects reloaded before import = 0Number of asset objects unloaded after import = 0

========================================================================
Received Import Request.
  Time since last request: 0.000061 seconds.
  path: Packages/com.unity.microsoft.gdk/Runtime/Interop/XBL/SocialManager/XblTitleHistory.cs
  artifactKey: Guid(d60677f52cbe46f6b24c851abe1193e6) Importer(2089858483,b0f066a214c2f5e87bad3c948f4d605d)
Start importing Packages/com.unity.microsoft.gdk/Runtime/Interop/XBL/SocialManager/XblTitleHistory.cs using Guid(d60677f52cbe46f6b24c851abe1193e6) Importer(2089858483,b0f066a214c2f5e87bad3c948f4d605d) (ScriptedImporter) -> (artifact id: '0e52d97133e17a74fb303c87269482a3') in 0.0143103 seconds
Number of updated asset objects reloaded before import = 0Number of asset objects unloaded after import = 0

========================================================================
Received Import Request.
  Time since last request: 0.000058 seconds.
  path: Packages/com.unity.services.core/Runtime/Core.Internal/Logging/CoreLogger.cs
  artifactKey: Guid(64d1febe16e70491e9b6b08c14aad487) Importer(2089858483,b0f066a214c2f5e87bad3c948f4d605d)
Start importing Packages/com.unity.services.core/Runtime/Core.Internal/Logging/CoreLogger.cs using Guid(64d1febe16e70491e9b6b08c14aad487) Importer(2089858483,b0f066a214c2f5e87bad3c948f4d605d) (ScriptedImporter) -> (artifact id: 'f287db327d88197cec3e18527062b441') in 0.0142146 seconds
Number of updated asset objects reloaded before import = 0Number of asset objects unloaded after import = 0

========================================================================
Received Import Request.
  Time since last request: 0.000058 seconds.
  path: Packages/com.unity.purchasing/Editor/Authoring/Core/Model
  artifactKey: Guid(9fc70e55fae9ffe479b2ca7174272a2c) Importer(2089858483,b0f066a214c2f5e87bad3c948f4d605d)
Start importing Packages/com.unity.purchasing/Editor/Authoring/Core/Model using Guid(9fc70e55fae9ffe479b2ca7174272a2c) Importer(2089858483,b0f066a214c2f5e87bad3c948f4d605d) (ScriptedImporter) -> (artifact id: 'ce639ec23e0228e8be006fe25ea12bdf') in 0.0143328 seconds
Number of updated asset objects reloaded before import = 0Number of asset objects unloaded after import = 1

========================================================================
Received Import Request.
  Time since last request: 0.000077 seconds.
  path: Packages/com.unity.services.core/Runtime/Threading/Unity.Services.Core.Threading.asmdef
  artifactKey: Guid(424c109c039b23a469d7e72a2a76e122) Importer(2089858483,b0f066a214c2f5e87bad3c948f4d605d)
Start importing Packages/com.unity.services.core/Runtime/Threading/Unity.Services.Core.Threading.asmdef using Guid(424c109c039b23a469d7e72a2a76e122) Importer(2089858483,b0f066a214c2f5e87bad3c948f4d605d) (ScriptedImporter) -> (artifact id: 'a26dd02291bb3b9cd5f20fa57ac90f1a') in 0.0150717 seconds
Number of updated asset objects reloaded before import = 0Number of asset objects unloaded after import = 1

========================================================================
Received Import Request.
  Time since last request: 0.000055 seconds.
  path: Packages/com.unity.purchasing/Runtime/UnityPaymentProviders/Client/Http/DeserializationSettings.cs
  artifactKey: Guid(fa8d1340cc9034b39828e8d2ce57a1e1) Importer(2089858483,b0f066a214c2f5e87bad3c948f4d605d)
Start importing Packages/com.unity.purchasing/Runtime/UnityPaymentProviders/Client/Http/DeserializationSettings.cs using Guid(fa8d1340cc9034b39828e8d2ce57a1e1) Importer(2089858483,b0f066a214c2f5e87bad3c948f4d605d) (ScriptedImporter) -> (artifact id: 'b8492fbcfa7c005309b0b9b847f39f1b') in 0.0126843 seconds
Number of updated asset objects reloaded before import = 0Number of asset objects unloaded after import = 0

========================================================================
Received Import Request.
  Time since last request: 0.000163 seconds.
  path: Packages/com.unity.services.core/Runtime/Core.Internal/Components/Networking/IHttpClient.cs
  artifactKey: Guid(03a13814984de4f0b88ec94c7f6f1b58) Importer(2089858483,b0f066a214c2f5e87bad3c948f4d605d)
Start importing Packages/com.unity.services.core/Runtime/Core.Internal/Components/Networking/IHttpClient.cs using Guid(03a13814984de4f0b88ec94c7f6f1b58) Importer(2089858483,b0f066a214c2f5e87bad3c948f4d605d) (ScriptedImporter) -> (artifact id: 'ceecb977774af4a2de80682aa068a801') in 0.0145497 seconds
Number of updated asset objects reloaded before import = 0Number of asset objects unloaded after import = 0

========================================================================
Received Import Request.
  Time since last request: 0.000047 seconds.
  path: Packages/com.unity.xr.legacyinputhelpers/Runtime/LegacyInputHelpers.asmdef
  artifactKey: Guid(28c5e819ece8a0746abb16dc5aa91f44) Importer(2089858483,b0f066a214c2f5e87bad3c948f4d605d)
Start importing Packages/com.unity.xr.legacyinputhelpers/Runtime/LegacyInputHelpers.asmdef using Guid(28c5e819ece8a0746abb16dc5aa91f44) Importer(2089858483,b0f066a214c2f5e87bad3c948f4d605d) (ScriptedImporter) -> (artifact id: '25c1983be74abc2c5d434186a63ac455') in 0.0152521 seconds
Number of updated asset objects reloaded before import = 0Number of asset objects unloaded after import = 1

========================================================================
Received Import Request.
  Time since last request: 0.000026 seconds.
  path: Packages/com.unity.purchasing/Runtime/Stores/Android/GooglePlay/Interfaces
  artifactKey: Guid(6974724e38f95fe4f8f4a457a67d4fd1) Importer(2089858483,b0f066a214c2f5e87bad3c948f4d605d)
Start importing Packages/com.unity.purchasing/Runtime/Stores/Android/GooglePlay/Interfaces using Guid(6974724e38f95fe4f8f4a457a67d4fd1) Importer(2089858483,b0f066a214c2f5e87bad3c948f4d605d) (ScriptedImporter) -> (artifact id: 'e12bc6de4d09f3caa855148d2215d562') in 0.0143892 seconds
Number of updated asset objects reloaded before import = 0Number of asset objects unloaded after import = 1

========================================================================
Received Import Request.
  Time since last request: 0.000041 seconds.
  path: Packages/com.unity.services.core/Runtime/Core.Internal/Registry/HashExceptions.cs
  artifactKey: Guid(b8f7d0d8648483146b39b46719854c62) Importer(2089858483,b0f066a214c2f5e87bad3c948f4d605d)
Start importing Packages/com.unity.services.core/Runtime/Core.Internal/Registry/HashExceptions.cs using Guid(b8f7d0d8648483146b39b46719854c62) Importer(2089858483,b0f066a214c2f5e87bad3c948f4d605d) (ScriptedImporter) -> (artifact id: 'd45ae7a320ef3d3b57f07bb736739304') in 0.0162826 seconds
Number of updated asset objects reloaded before import = 0Number of asset objects unloaded after import = 0

========================================================================
Received Import Request.
  Time since last request: 0.000077 seconds.
  path: Packages/com.unity.microsoft.gdk/Runtime/GdkEditionAsset.cs
  artifactKey: Guid(84c25d82fb814954a15a26feee052c98) Importer(2089858483,b0f066a214c2f5e87bad3c948f4d605d)
Start importing Packages/com.unity.microsoft.gdk/Runtime/GdkEditionAsset.cs using Guid(84c25d82fb814954a15a26feee052c98) Importer(2089858483,b0f066a214c2f5e87bad3c948f4d605d) (ScriptedImporter) -> (artifact id: '56aab2e88ec8600c2bc9e9e88dc84f79') in 0.0165169 seconds
Number of updated asset objects reloaded before import = 0Number of asset objects unloaded after import = 0

========================================================================
Received Import Request.
  Time since last request: 0.000080 seconds.
  path: Packages/com.unity.purchasing/Runtime/UnityPaymentProviders/script-fix-generated-var-names.sed
  artifactKey: Guid(8eb54ef253b8d44ce83a95f9351ea058) Importer(2089858483,b0f066a214c2f5e87bad3c948f4d605d)
Start importing Packages/com.unity.purchasing/Runtime/UnityPaymentProviders/script-fix-generated-var-names.sed using Guid(8eb54ef253b8d44ce83a95f9351ea058) Importer(2089858483,b0f066a214c2f5e87bad3c948f4d605d) (ScriptedImporter) -> (artifact id: 'f07bf0263a8944be8f84134f8008f9c0') in 0.0168225 seconds
Number of updated asset objects reloaded before import = 0Number of asset objects unloaded after import = 1

========================================================================
Received Import Request.
  Time since last request: 0.000022 seconds.
  path: Packages/com.unity.purchasing/Runtime/TransactionVerifier/Client/Models/BasicErrorResponse.cs
  artifactKey: Guid(5590e738cce7a4956b1c3ba034c9a10a) Importer(2089858483,b0f066a214c2f5e87bad3c948f4d605d)
Start importing Packages/com.unity.purchasing/Runtime/TransactionVerifier/Client/Models/BasicErrorResponse.cs using Guid(5590e738cce7a4956b1c3ba034c9a10a) Importer(2089858483,b0f066a214c2f5e87bad3c948f4d605d) (ScriptedImporter) -> (artifact id: 'cb2d0c8d35fb67595c3a1561a19277cd') in 0.0239349 seconds
Number of updated asset objects reloaded before import = 0Number of asset objects unloaded after import = 0

========================================================================
Received Import Request.
  Time since last request: 0.001041 seconds.
  path: Packages/com.unity.purchasing/Runtime/Purchasing/Stores/AppleAppStore/AppleFirebaseAnalyticsClient.cs
  artifactKey: Guid(99f79549f5a5b478a8b7398cb0b4562b) Importer(2089858483,b0f066a214c2f5e87bad3c948f4d605d)
Start importing Packages/com.unity.purchasing/Runtime/Purchasing/Stores/AppleAppStore/AppleFirebaseAnalyticsClient.cs using Guid(99f79549f5a5b478a8b7398cb0b4562b) Importer(2089858483,b0f066a214c2f5e87bad3c948f4d605d) (ScriptedImporter) -> (artifact id: '4c92620b3a386fb90814d56d35c2767d') in 0.0198668 seconds
Number of updated asset objects reloaded before import = 0Number of asset objects unloaded after import = 0

========================================================================
Received Import Request.
  Time since last request: 0.000060 seconds.
  path: Packages/com.unity.services.deployment/Editor/Shared/Assets
  artifactKey: Guid(ceafc9effefdb4516b722bdad0ca2381) Importer(2089858483,b0f066a214c2f5e87bad3c948f4d605d)
Start importing Packages/com.unity.services.deployment/Editor/Shared/Assets using Guid(ceafc9effefdb4516b722bdad0ca2381) Importer(2089858483,b0f066a214c2f5e87bad3c948f4d605d) (ScriptedImporter) -> (artifact id: '8acb6861312d30fc1d1f982ef262ba86') in 0.0121524 seconds
Number of updated asset objects reloaded before import = 0Number of asset objects unloaded after import = 1

========================================================================
Received Import Request.
  Time since last request: 0.000046 seconds.
  path: Packages/com.unity.services.deployment/Editor/Interface/UI/Assets/Icons/Success.png
  artifactKey: Guid(99ab72be90c343d0a71a4a6d674ec770) Importer(2089858483,b0f066a214c2f5e87bad3c948f4d605d)
Start importing Packages/com.unity.services.deployment/Editor/Interface/UI/Assets/Icons/Success.png using Guid(99ab72be90c343d0a71a4a6d674ec770) Importer(2089858483,b0f066a214c2f5e87bad3c948f4d605d) (ScriptedImporter) -> (artifact id: '6623550d07007b5e03d9a48ce0aa65f4') in 0.0283169 seconds
Number of updated asset objects reloaded before import = 0Number of asset objects unloaded after import = 1

========================================================================
Received Import Request.
  Time since last request: 0.000122 seconds.
  path: Packages/com.unity.microsoft.gdk/Runtime/XGame.cs
  artifactKey: Guid(046230c524a031842b632d666ac730b0) Importer(2089858483,b0f066a214c2f5e87bad3c948f4d605d)
Start importing Packages/com.unity.microsoft.gdk/Runtime/XGame.cs using Guid(046230c524a031842b632d666ac730b0) Importer(2089858483,b0f066a214c2f5e87bad3c948f4d605d) (ScriptedImporter) -> (artifact id: '72312970e2f4a7a6a4ec73e6b06f7254') in 0.0154556 seconds
Number of updated asset objects reloaded before import = 0Number of asset objects unloaded after import = 0

========================================================================
Received Import Request.
  Time since last request: 0.000072 seconds.
  path: Packages/com.unity.purchasing/Runtime/UnityLiveContentAdapter/Client/Apis
  artifactKey: Guid(061f72fdb27b64a34837e5e73799584f) Importer(2089858483,b0f066a214c2f5e87bad3c948f4d605d)
Start importing Packages/com.unity.purchasing/Runtime/UnityLiveContentAdapter/Client/Apis using Guid(061f72fdb27b64a34837e5e73799584f) Importer(2089858483,b0f066a214c2f5e87bad3c948f4d605d) (ScriptedImporter) -> (artifact id: 'b4f056fe7b8bd6fd10e473532fc0698a') in 0.0134277 seconds
Number of updated asset objects reloaded before import = 0Number of asset objects unloaded after import = 1

========================================================================
Received Import Request.
  Time since last request: 0.000039 seconds.
  path: Packages/com.unity.microsoft.gdk/Runtime/XBL/Matchmaking
  artifactKey: Guid(00de9f54862f44928138e88e630948b2) Importer(2089858483,b0f066a214c2f5e87bad3c948f4d605d)
Start importing Packages/com.unity.microsoft.gdk/Runtime/XBL/Matchmaking using Guid(00de9f54862f44928138e88e630948b2) Importer(2089858483,b0f066a214c2f5e87bad3c948f4d605d) (ScriptedImporter) -> (artifact id: '64ca0d2c1130bb653c4439efb8bffd10') in 0.0150289 seconds
Number of updated asset objects reloaded before import = 0Number of asset objects unloaded after import = 1

========================================================================
Received Import Request.
  Time since last request: 0.000068 seconds.
  path: Packages/com.unity.purchasing/Runtime/Purchasing/Telemetry/Diagnostics/Interfaces/ITelemetryDiagnosticsInstanceWrapper.cs
  artifactKey: Guid(afddcb22762842b38a46b656567e92a6) Importer(2089858483,b0f066a214c2f5e87bad3c948f4d605d)
Start importing Packages/com.unity.purchasing/Runtime/Purchasing/Telemetry/Diagnostics/Interfaces/ITelemetryDiagnosticsInstanceWrapper.cs using Guid(afddcb22762842b38a46b656567e92a6) Importer(2089858483,b0f066a214c2f5e87bad3c948f4d605d) (ScriptedImporter) -> (artifact id: '8fdc2f360bc2da43a7a68d7b898f86e0') in 0.0151802 seconds
Number of updated asset objects reloaded before import = 0Number of asset objects unloaded after import = 0

========================================================================
Received Import Request.
  Time since last request: 0.000122 seconds.
  path: Packages/com.unity.purchasing/Editor/Authoring/PurchasingAdminApi/Client/Model/UnauthorizedErrorResponse.cs
  artifactKey: Guid(f782e90f9521644b6ac639bf95317a3e) Importer(2089858483,b0f066a214c2f5e87bad3c948f4d605d)
Start importing Packages/com.unity.purchasing/Editor/Authoring/PurchasingAdminApi/Client/Model/UnauthorizedErrorResponse.cs using Guid(f782e90f9521644b6ac639bf95317a3e) Importer(2089858483,b0f066a214c2f5e87bad3c948f4d605d) (ScriptedImporter) -> (artifact id: '1770298bdea0c0011f1525fa92ec24ef') in 0.014161 seconds
Number of updated asset objects reloaded before import = 0Number of asset objects unloaded after import = 0

========================================================================
Received Import Request.
  Time since last request: 0.000083 seconds.
  path: Packages/com.unity.purchasing/Runtime/UnityPaymentProviders/Client/Http/IDeserializable.cs
  artifactKey: Guid(09f20f5e7c1f3407f889c13d90d48778) Importer(2089858483,b0f066a214c2f5e87bad3c948f4d605d)
Start importing Packages/com.unity.purchasing/Runtime/UnityPaymentProviders/Client/Http/IDeserializable.cs using Guid(09f20f5e7c1f3407f889c13d90d48778) Importer(2089858483,b0f066a214c2f5e87bad3c948f4d605d) (ScriptedImporter) -> (artifact id: '95c928144fafa2b6b60ec91cf9d59cae') in 0.01261 seconds
Number of updated asset objects reloaded before import = 0Number of asset objects unloaded after import = 0

========================================================================
Received Import Request.
  Time since last request: 0.000054 seconds.
  path: Packages/com.unity.services.deployment/Editor/AssemblyInfo.cs
  artifactKey: Guid(ec26a8de44adc4358a345529c962829d) Importer(2089858483,b0f066a214c2f5e87bad3c948f4d605d)
Start importing Packages/com.unity.services.deployment/Editor/AssemblyInfo.cs using Guid(ec26a8de44adc4358a345529c962829d) Importer(2089858483,b0f066a214c2f5e87bad3c948f4d605d) (ScriptedImporter) -> (artifact id: '3877f6609118840d20d7524a0d3a08ae') in 0.0151824 seconds
Number of updated asset objects reloaded before import = 0Number of asset objects unloaded after import = 0

========================================================================
Received Import Request.
  Time since last request: 0.000065 seconds.
  path: Packages/com.unity.purchasing/Editor/Authoring/PurchasingAdminApi/Client/Model/GetWebhookConfiguration400Response.cs
  artifactKey: Guid(7b1faa02136c248c5a5caddb20cfcead) Importer(2089858483,b0f066a214c2f5e87bad3c948f4d605d)
Start importing Packages/com.unity.purchasing/Editor/Authoring/PurchasingAdminApi/Client/Model/GetWebhookConfiguration400Response.cs using Guid(7b1faa02136c248c5a5caddb20cfcead) Importer(2089858483,b0f066a214c2f5e87bad3c948f4d605d) (ScriptedImporter) -> (artifact id: '0993fecda53fb059faac7be630038030') in 0.0121528 seconds
Number of updated asset objects reloaded before import = 0Number of asset objects unloaded after import = 0

========================================================================
Received Import Request.
  Time since last request: 0.000061 seconds.
  path: Packages/com.unity.services.core/Editor/Core/UiHelpers/ExceptionHelper.cs
  artifactKey: Guid(f999feb557b5489d983b6fc6989e3bf2) Importer(2089858483,b0f066a214c2f5e87bad3c948f4d605d)
Start importing Packages/com.unity.services.core/Editor/Core/UiHelpers/ExceptionHelper.cs using Guid(f999feb557b5489d983b6fc6989e3bf2) Importer(2089858483,b0f066a214c2f5e87bad3c948f4d605d) (ScriptedImporter) -> (artifact id: 'f641446bc53f0e5b600eb4ea587bd26a') in 0.0152382 seconds
Number of updated asset objects reloaded before import = 0Number of asset objects unloaded after import = 0

========================================================================
Received Import Request.
  Time since last request: 0.000090 seconds.
  path: Packages/com.unity.services.core/Runtime/Core.Internal/Components/Analytics/IAnalyticsUserId.cs
  artifactKey: Guid(6178d8db32afe8743aba3d79f9dc6d54) Importer(2089858483,b0f066a214c2f5e87bad3c948f4d605d)
Start importing Packages/com.unity.services.core/Runtime/Core.Internal/Components/Analytics/IAnalyticsUserId.cs using Guid(6178d8db32afe8743aba3d79f9dc6d54) Importer(2089858483,b0f066a214c2f5e87bad3c948f4d605d) (ScriptedImporter) -> (artifact id: '02322b7450b87cfc42cab26559109fa2') in 0.0135999 seconds
Number of updated asset objects reloaded before import = 0Number of asset objects unloaded after import = 0

========================================================================
Received Import Request.
  Time since last request: 0.000082 seconds.
  path: Packages/com.unity.purchasing/Editor/Authoring/IO
  artifactKey: Guid(9024141a0968eba45afe64978d61da24) Importer(2089858483,b0f066a214c2f5e87bad3c948f4d605d)
Start importing Packages/com.unity.purchasing/Editor/Authoring/IO using Guid(9024141a0968eba45afe64978d61da24) Importer(2089858483,b0f066a214c2f5e87bad3c948f4d605d) (ScriptedImporter) -> (artifact id: '1cb7169abc50e4b91d1c0e234afa03c8') in 0.0139302 seconds
Number of updated asset objects reloaded before import = 0Number of asset objects unloaded after import = 1

========================================================================
Received Import Request.
  Time since last request: 0.000051 seconds.
  path: Packages/com.unity.purchasing/Runtime/Purchasing/PaymentOption/Resources/com.unity.purchasing/Brands/CodaWhite.png
  artifactKey: Guid(ce4e6db66902e604f950e816a61def86) Importer(2089858483,b0f066a214c2f5e87bad3c948f4d605d)
Start importing Packages/com.unity.purchasing/Runtime/Purchasing/PaymentOption/Resources/com.unity.purchasing/Brands/CodaWhite.png using Guid(ce4e6db66902e604f950e816a61def86) Importer(2089858483,b0f066a214c2f5e87bad3c948f4d605d) (ScriptedImporter) -> (artifact id: '41fcdd654d459747d66e142060a88dc7') in 0.0346279 seconds
Number of updated asset objects reloaded before import = 0Number of asset objects unloaded after import = 6

========================================================================
Received Import Request.
  Time since last request: 0.000023 seconds.
  path: Packages/com.unity.purchasing/Runtime/Stores/Android/GooglePlay/AAR/Models/ExternalBillingProgramClientInternal.cs
  artifactKey: Guid(9fbff3c160b248d0af6219987556ade6) Importer(2089858483,b0f066a214c2f5e87bad3c948f4d605d)
Start importing Packages/com.unity.purchasing/Runtime/Stores/Android/GooglePlay/AAR/Models/ExternalBillingProgramClientInternal.cs using Guid(9fbff3c160b248d0af6219987556ade6) Importer(2089858483,b0f066a214c2f5e87bad3c948f4d605d) (ScriptedImporter) -> (artifact id: 'e161a366e9a8ab4773cebe546e1a181f') in 0.0203914 seconds
Number of updated asset objects reloaded before import = 0Number of asset objects unloaded after import = 0

========================================================================
Received Import Request.
  Time since last request: 0.000043 seconds.
  path: Packages/com.unity.purchasing/Runtime/UnityLiveContentAdapter/Client/Http/ResponseHandler.cs
  artifactKey: Guid(d3b433bfa1acc4a1e9524587d3eada61) Importer(2089858483,b0f066a214c2f5e87bad3c948f4d605d)
Start importing Packages/com.unity.purchasing/Runtime/UnityLiveContentAdapter/Client/Http/ResponseHandler.cs using Guid(d3b433bfa1acc4a1e9524587d3eada61) Importer(2089858483,b0f066a214c2f5e87bad3c948f4d605d) (ScriptedImporter) -> (artifact id: '201aa63f3147cf9518ff47ea630e23fc') in 0.016525 seconds
Number of updated asset objects reloaded before import = 0Number of asset objects unloaded after import = 0

========================================================================
Received Import Request.
  Time since last request: 0.000330 seconds.
  path: Packages/com.unity.purchasing/Editor/Common/Settings/SettingsWebRequests.cs
  artifactKey: Guid(847f3fcd90604f6b8fea4cdc5e26317d) Importer(2089858483,b0f066a214c2f5e87bad3c948f4d605d)
Start importing Packages/com.unity.purchasing/Editor/Common/Settings/SettingsWebRequests.cs using Guid(847f3fcd90604f6b8fea4cdc5e26317d) Importer(2089858483,b0f066a214c2f5e87bad3c948f4d605d) (ScriptedImporter) -> (artifact id: '876ead6089af74d74cefe15fade28d63') in 0.0183368 seconds
Number of updated asset objects reloaded before import = 0Number of asset objects unloaded after import = 0

========================================================================
Received Import Request.
  Time since last request: 0.000075 seconds.
  path: Packages/com.unity.microsoft.gdk/Runtime/XBL/Matchmaking/XblTicketStatus.cs
  artifactKey: Guid(6214edb977bb4a08aa383d89d77667a7) Importer(2089858483,b0f066a214c2f5e87bad3c948f4d605d)
Start importing Packages/com.unity.microsoft.gdk/Runtime/XBL/Matchmaking/XblTicketStatus.cs using Guid(6214edb977bb4a08aa383d89d77667a7) Importer(2089858483,b0f066a214c2f5e87bad3c948f4d605d) (ScriptedImporter) -> (artifact id: '4f934beeafc213661ea18a0e43ac22d3') in 0.0178502 seconds
Number of updated asset objects reloaded before import = 0Number of asset objects unloaded after import = 0

========================================================================
Received Import Request.
  Time since last request: 0.000057 seconds.
  path: Packages/com.unity.services.deployment/Editor/Interface/UI/Assets/CheckmarkToggle.uss
  artifactKey: Guid(5b26772964f114af0b39555dc35201cb) Importer(2089858483,b0f066a214c2f5e87bad3c948f4d605d)
Start importing Packages/com.unity.services.deployment/Editor/Interface/UI/Assets/CheckmarkToggle.uss using Guid(5b26772964f114af0b39555dc35201cb) Importer(2089858483,b0f066a214c2f5e87bad3c948f4d605d) (ScriptedImporter) -> (artifact id: '871a262b91f2177c56a93c326784a7d8') in 0.0194861 seconds
Number of updated asset objects reloaded before import = 0Number of asset objects unloaded after import = 1

========================================================================
Received Import Request.
  Time since last request: 0.000032 seconds.
  path: Packages/com.unity.purchasing/Runtime/Purchasing/Core/Store/AppleAppStore/Extensions/UseCases
  artifactKey: Guid(c68904ea659d0f948a79b619ee936073) Importer(2089858483,b0f066a214c2f5e87bad3c948f4d605d)
Start importing Packages/com.unity.purchasing/Runtime/Purchasing/Core/Store/AppleAppStore/Extensions/UseCases using Guid(c68904ea659d0f948a79b619ee936073) Importer(2089858483,b0f066a214c2f5e87bad3c948f4d605d) (ScriptedImporter) -> (artifact id: 'a5ae9afeb17a157f63765d96984e67d3') in 0.0153578 seconds
Number of updated asset objects reloaded before import = 0Number of asset objects unloaded after import = 1

========================================================================
Received Import Request.
  Time since last request: 0.000040 seconds.
  path: Packages/com.unity.services.core/Runtime/Scheduler/TimeProvider/UtcTimeProvider.cs
  artifactKey: Guid(af50c025240a3184ca1e1bf183b8a167) Importer(2089858483,b0f066a214c2f5e87bad3c948f4d605d)
Start importing Packages/com.unity.services.core/Runtime/Scheduler/TimeProvider/UtcTimeProvider.cs using Guid(af50c025240a3184ca1e1bf183b8a167) Importer(2089858483,b0f066a214c2f5e87bad3c948f4d605d) (ScriptedImporter) -> (artifact id: 'b87f8e69c8f2846187f544af5b8c2855') in 0.0135107 seconds
Number of updated asset objects reloaded before import = 0Number of asset objects unloaded after import = 0

========================================================================
Received Import Request.
  Time since last request: 0.000081 seconds.
  path: Packages/com.unity.purchasing/Runtime/Stores/Android/GooglePlay/AAR/Utils/GoogleReceiptEncoder.cs
  artifactKey: Guid(6173a818495d4a64db7903adb6be3a8f) Importer(2089858483,b0f066a214c2f5e87bad3c948f4d605d)
Start importing Packages/com.unity.purchasing/Runtime/Stores/Android/GooglePlay/AAR/Utils/GoogleReceiptEncoder.cs using Guid(6173a818495d4a64db7903adb6be3a8f) Importer(2089858483,b0f066a214c2f5e87bad3c948f4d605d) (ScriptedImporter) -> (artifact id: '94b7489252c23dca1d9c592b90c18cba') in 0.0147694 seconds
Number of updated asset objects reloaded before import = 0Number of asset objects unloaded after import = 0

========================================================================
Received Import Request.
  Time since last request: 0.000095 seconds.
  path: Packages/com.unity.purchasing/Editor/Shared/Assets/AssetPostprocessorProxy.Gen.cs
  artifactKey: Guid(812e8eda57db474683efb2ab140125c8) Importer(2089858483,b0f066a214c2f5e87bad3c948f4d605d)
Start importing Packages/com.unity.purchasing/Editor/Shared/Assets/AssetPostprocessorProxy.Gen.cs using Guid(812e8eda57db474683efb2ab140125c8) Importer(2089858483,b0f066a214c2f5e87bad3c948f4d605d) (ScriptedImporter) -> (artifact id: '086c4003953bc8139b4ff510bfce565a') in 0.0149767 seconds
Number of updated asset objects reloaded before import = 0Number of asset objects unloaded after import = 0

========================================================================
Received Import Request.
  Time since last request: 0.000047 seconds.
  path: Packages/com.unity.services.deployment/Core/Glob/PathTraverserEnumerable.Gen.cs
  artifactKey: Guid(5911134947d3b4505a11e5710fd31696) Importer(2089858483,b0f066a214c2f5e87bad3c948f4d605d)
Start importing Packages/com.unity.services.deployment/Core/Glob/PathTraverserEnumerable.Gen.cs using Guid(5911134947d3b4505a11e5710fd31696) Importer(2089858483,b0f066a214c2f5e87bad3c948f4d605d) (ScriptedImporter) -> (artifact id: 'cc61cda3adbe4e579ed9b43b15ee6861') in 0.013591 seconds
Number of updated asset objects reloaded before import = 0Number of asset objects unloaded after import = 0

========================================================================
Received Import Request.
  Time since last request: 0.000064 seconds.
  path: Packages/com.unity.purchasing/Runtime/UnityWebshops/Client/Http/Responses.cs
  artifactKey: Guid(8ab59d8e1793843e8bb0d47a6a5d7533) Importer(2089858483,b0f066a214c2f5e87bad3c948f4d605d)
Start importing Packages/com.unity.purchasing/Runtime/UnityWebshops/Client/Http/Responses.cs using Guid(8ab59d8e1793843e8bb0d47a6a5d7533) Importer(2089858483,b0f066a214c2f5e87bad3c948f4d605d) (ScriptedImporter) -> (artifact id: 'd6acf2487e6bc95e5a1aa132e4007e24') in 0.0130218 seconds
Number of updated asset objects reloaded before import = 0Number of asset objects unloaded after import = 0

========================================================================
Received Import Request.
  Time since last request: 0.000093 seconds.
  path: Packages/com.unity.services.deployment/Editor/Interface/UI/Assets/Icons/Warning.png
  artifactKey: Guid(f7341c10e04b4ed1a81ae3b8d64d535b) Importer(2089858483,b0f066a214c2f5e87bad3c948f4d605d)
Start importing Packages/com.unity.services.deployment/Editor/Interface/UI/Assets/Icons/Warning.png using Guid(f7341c10e04b4ed1a81ae3b8d64d535b) Importer(2089858483,b0f066a214c2f5e87bad3c948f4d605d) (ScriptedImporter) -> (artifact id: '504a9d9680689ffa3e0dac006d16d6f1') in 0.0255438 seconds
Number of updated asset objects reloaded before import = 0Number of asset objects unloaded after import = 1

========================================================================
Received Import Request.
  Time since last request: 0.000025 seconds.
  path: Packages/com.unity.analytics/Tests/Editor/TutorialStartTests.cs
  artifactKey: Guid(2622838afa3284cc882c48ceea4c8220) Importer(2089858483,b0f066a214c2f5e87bad3c948f4d605d)
Start importing Packages/com.unity.analytics/Tests/Editor/TutorialStartTests.cs using Guid(2622838afa3284cc882c48ceea4c8220) Importer(2089858483,b0f066a214c2f5e87bad3c948f4d605d) (ScriptedImporter) -> (artifact id: 'be59f8d5aacca1da2021f5b1b76c8a4b') in 0.0144799 seconds
Number of updated asset objects reloaded before import = 0Number of asset objects unloaded after import = 0

========================================================================
Received Import Request.
  Time since last request: 0.000046 seconds.
  path: Packages/com.unity.purchasing/Runtime/TransactionVerifier/Client/Http/DeserializationSettings.cs
  artifactKey: Guid(aa14be73ae10244f5953a5e1b4d16355) Importer(2089858483,b0f066a214c2f5e87bad3c948f4d605d)
Start importing Packages/com.unity.purchasing/Runtime/TransactionVerifier/Client/Http/DeserializationSettings.cs using Guid(aa14be73ae10244f5953a5e1b4d16355) Importer(2089858483,b0f066a214c2f5e87bad3c948f4d605d) (ScriptedImporter) -> (artifact id: '69dc85988505155a0dbb4a61908682f1') in 0.0154746 seconds
Number of updated asset objects reloaded before import = 0Number of asset objects unloaded after import = 0

========================================================================
Received Import Request.
  Time since last request: 0.000057 seconds.
  path: Packages/com.unity.services.core/Editor/Core/Environments/Config/EnvironmentConfigProvider.cs
  artifactKey: Guid(170ea167263d459683c879aad38ee142) Importer(2089858483,b0f066a214c2f5e87bad3c948f4d605d)
Start importing Packages/com.unity.services.core/Editor/Core/Environments/Config/EnvironmentConfigProvider.cs using Guid(170ea167263d459683c879aad38ee142) Importer(2089858483,b0f066a214c2f5e87bad3c948f4d605d) (ScriptedImporter) -> (artifact id: 'd2bbddedbf66a92a43c486fad07706d3') in 0.0151147 seconds
Number of updated asset objects reloaded before import = 0Number of asset objects unloaded after import = 0

========================================================================
Received Import Request.
  Time since last request: 0.000059 seconds.
  path: Packages/com.unity.xr.legacyinputhelpers/Editor/MenuUtils.cs
  artifactKey: Guid(4f594677a2340704797934efc5ba0678) Importer(2089858483,b0f066a214c2f5e87bad3c948f4d605d)
Start importing Packages/com.unity.xr.legacyinputhelpers/Editor/MenuUtils.cs using Guid(4f594677a2340704797934efc5ba0678) Importer(2089858483,b0f066a214c2f5e87bad3c948f4d605d) (ScriptedImporter) -> (artifact id: 'd969333dfbdeafa8a78f96c3756631c2') in 0.013982 seconds
Number of updated asset objects reloaded before import = 0Number of asset objects unloaded after import = 0

========================================================================
Received Import Request.
  Time since last request: 0.000067 seconds.
  path: Packages/com.unity.microsoft.gdk/Runtime/XBL/RealTimeActivity/XblRealTimeActivity.cs
  artifactKey: Guid(332cf1d11a2f40f2a09eeb850d7e5ae0) Importer(2089858483,b0f066a214c2f5e87bad3c948f4d605d)
Start importing Packages/com.unity.microsoft.gdk/Runtime/XBL/RealTimeActivity/XblRealTimeActivity.cs using Guid(332cf1d11a2f40f2a09eeb850d7e5ae0) Importer(2089858483,b0f066a214c2f5e87bad3c948f4d605d) (ScriptedImporter) -> (artifact id: 'd5e035e09cfac9fb4bf7082fa31546cc') in 0.0136929 seconds
Number of updated asset objects reloaded before import = 0Number of asset objects unloaded after import = 0

========================================================================
Received Import Request.
  Time since last request: 0.000080 seconds.
  path: Packages/com.unity.purchasing/Runtime/Purchasing/Legacy/Extensions
  artifactKey: Guid(914fe9a4f2904ec4ac9aa6dbf4e21cc6) Importer(2089858483,b0f066a214c2f5e87bad3c948f4d605d)
Start importing Packages/com.unity.purchasing/Runtime/Purchasing/Legacy/Extensions using Guid(914fe9a4f2904ec4ac9aa6dbf4e21cc6) Importer(2089858483,b0f066a214c2f5e87bad3c948f4d605d) (ScriptedImporter) -> (artifact id: '8b863040c5be60688028aa6ce87655e0') in 0.0135697 seconds
Number of updated asset objects reloaded before import = 0Number of asset objects unloaded after import = 1

========================================================================
Received Import Request.
  Time since last request: 0.000022 seconds.
  path: Packages/com.unity.services.deployment/Editor/Interface/UI/Views/NoPackagesInstalledView.cs
  artifactKey: Guid(30714595c1f72c24c93f0299e285caaf) Importer(2089858483,b0f066a214c2f5e87bad3c948f4d605d)
Start importing Packages/com.unity.services.deployment/Editor/Interface/UI/Views/NoPackagesInstalledView.cs using Guid(30714595c1f72c24c93f0299e285caaf) Importer(2089858483,b0f066a214c2f5e87bad3c948f4d605d) (ScriptedImporter) -> (artifact id: '375051e0533b0e8d72f353b8658fb4a5') in 0.0131612 seconds
Number of updated asset objects reloaded before import = 0Number of asset objects unloaded after import = 0

========================================================================
Received Import Request.
  Time since last request: 0.000217 seconds.
  path: Packages/com.unity.services.core/Runtime/Components
  artifactKey: Guid(2e40aad1c6102d44381ef4fceccc9388) Importer(2089858483,b0f066a214c2f5e87bad3c948f4d605d)
Start importing Packages/com.unity.services.core/Runtime/Components using Guid(2e40aad1c6102d44381ef4fceccc9388) Importer(2089858483,b0f066a214c2f5e87bad3c948f4d605d) (ScriptedImporter) -> (artifact id: '9544515836a8da1f161f3f0d638f1053') in 0.0154468 seconds
Number of updated asset objects reloaded before import = 0Number of asset objects unloaded after import = 1

========================================================================
Received Import Request.
  Time since last request: 0.000046 seconds.
  path: Packages/com.unity.purchasing/Runtime/Purchasing/Legacy/Configurations/AppleConfiguration.cs
  artifactKey: Guid(598a18d20cc4420392806961da569820) Importer(2089858483,b0f066a214c2f5e87bad3c948f4d605d)
Start importing Packages/com.unity.purchasing/Runtime/Purchasing/Legacy/Configurations/AppleConfiguration.cs using Guid(598a18d20cc4420392806961da569820) Importer(2089858483,b0f066a214c2f5e87bad3c948f4d605d) (ScriptedImporter) -> (artifact id: '802fa544398e463ef1feaadff53293a0') in 0.0165671 seconds
Number of updated asset objects reloaded before import = 0Number of asset objects unloaded after import = 0

========================================================================
Received Import Request.
  Time since last request: 0.000075 seconds.
  path: Packages/com.unity.purchasing/Editor/Apple/StoreKitTestCertificate.cer
  artifactKey: Guid(b951394360b948d397380eba08ca3d05) Importer(2089858483,b0f066a214c2f5e87bad3c948f4d605d)
Start importing Packages/com.unity.purchasing/Editor/Apple/StoreKitTestCertificate.cer using Guid(b951394360b948d397380eba08ca3d05) Importer(2089858483,b0f066a214c2f5e87bad3c948f4d605d) (ScriptedImporter) -> (artifact id: '39323f6bbb951b1b2ff8ecfba78cda1a') in 0.0176471 seconds
Number of updated asset objects reloaded before import = 0Number of asset objects unloaded after import = 1

========================================================================
Received Import Request.
  Time since last request: 0.000031 seconds.
  path: Packages/com.unity.purchasing/Runtime/TransactionVerifier/configuration.yaml
  artifactKey: Guid(ed6c73cde1be468c90e2fd61c7883e81) Importer(2089858483,b0f066a214c2f5e87bad3c948f4d605d)
Start importing Packages/com.unity.purchasing/Runtime/TransactionVerifier/configuration.yaml using Guid(ed6c73cde1be468c90e2fd61c7883e81) Importer(2089858483,b0f066a214c2f5e87bad3c948f4d605d) (ScriptedImporter) -> (artifact id: '295ee4fa66074f2e59f24f98812ce623') in 0.0169134 seconds
Number of updated asset objects reloaded before import = 0Number of asset objects unloaded after import = 1

========================================================================
Received Import Request.
  Time since last request: 0.000026 seconds.
  path: Packages/com.unity.purchasing/Runtime/Purchasing/Stores/Android/Interfaces/IUnityCallback.cs
  artifactKey: Guid(4436525e323b4824b8dc905144c38be0) Importer(2089858483,b0f066a214c2f5e87bad3c948f4d605d)
Start importing Packages/com.unity.purchasing/Runtime/Purchasing/Stores/Android/Interfaces/IUnityCallback.cs using Guid(4436525e323b4824b8dc905144c38be0) Importer(2089858483,b0f066a214c2f5e87bad3c948f4d605d) (ScriptedImporter) -> (artifact id: '57085da8d7dddd08d78f0b65f63a612f') in 0.0168813 seconds
Number of updated asset objects reloaded before import = 0Number of asset objects unloaded after import = 0

========================================================================
Received Import Request.
  Time since last request: 0.000131 seconds.
  path: Packages/com.unity.services.deployment/Core/Glob/AST/DirectoryWildcard.Gen.cs
  artifactKey: Guid(830544e4c467c42faa4f39bc2ddec970) Importer(2089858483,b0f066a214c2f5e87bad3c948f4d605d)
Start importing Packages/com.unity.services.deployment/Core/Glob/AST/DirectoryWildcard.Gen.cs using Guid(830544e4c467c42faa4f39bc2ddec970) Importer(2089858483,b0f066a214c2f5e87bad3c948f4d605d) (ScriptedImporter) -> (artifact id: 'da32790448ead5e3035b8949358c3418') in 0.0172268 seconds
Number of updated asset objects reloaded before import = 0Number of asset objects unloaded after import = 0

========================================================================
Received Import Request.
  Time since last request: 0.000090 seconds.
  path: Packages/com.unity.services.deployment/Editor/SyncWithRemote
  artifactKey: Guid(be174d707801446ab888cab1dd6ccd8e) Importer(2089858483,b0f066a214c2f5e87bad3c948f4d605d)
Start importing Packages/com.unity.services.deployment/Editor/SyncWithRemote using Guid(be174d707801446ab888cab1dd6ccd8e) Importer(2089858483,b0f066a214c2f5e87bad3c948f4d605d) (ScriptedImporter) -> (artifact id: 'a45ba5c7a7123982ab60fce5fc80aeb6') in 0.0171432 seconds
Number of updated asset objects reloaded before import = 0Number of asset objects unloaded after import = 1

========================================================================
Received Import Request.
  Time since last request: 0.000063 seconds.
  path: Packages/com.unity.purchasing/Runtime/Purchasing/Core/Store/Models/StoreConnectionFailureDescription.cs
  artifactKey: Guid(44c8fa416d0d48fab612eaf5d2af804d) Importer(2089858483,b0f066a214c2f5e87bad3c948f4d605d)
Start importing Packages/com.unity.purchasing/Runtime/Purchasing/Core/Store/Models/StoreConnectionFailureDescription.cs using Guid(44c8fa416d0d48fab612eaf5d2af804d) Importer(2089858483,b0f066a214c2f5e87bad3c948f4d605d) (ScriptedImporter) -> (artifact id: 'b55367e83fe2424a1aca971734830a63') in 0.0147613 seconds
Number of updated asset objects reloaded before import = 0Number of asset objects unloaded after import = 0

========================================================================
Received Import Request.
  Time since last request: 0.000022 seconds.
  path: Packages/com.unity.purchasing/Runtime/AppleMacos/OSXStoreBindings.cs
  artifactKey: Guid(147390da81124328b53e90817831160f) Importer(2089858483,b0f066a214c2f5e87bad3c948f4d605d)
Start importing Packages/com.unity.purchasing/Runtime/AppleMacos/OSXStoreBindings.cs using Guid(147390da81124328b53e90817831160f) Importer(2089858483,b0f066a214c2f5e87bad3c948f4d605d) (ScriptedImporter) -> (artifact id: '73f6fcb03405b076715972402d6234fa') in 0.0131504 seconds
Number of updated asset objects reloaded before import = 0Number of asset objects unloaded after import = 0

========================================================================
Received Import Request.
  Time since last request: 0.000075 seconds.
  path: Packages/com.unity.microsoft.gdk/Runtime/Interop/InteropHelpers.cs
  artifactKey: Guid(bbf4ce09a8139a44582ec409b1fe70ac) Importer(2089858483,b0f066a214c2f5e87bad3c948f4d605d)
Start importing Packages/com.unity.microsoft.gdk/Runtime/Interop/InteropHelpers.cs using Guid(bbf4ce09a8139a44582ec409b1fe70ac) Importer(2089858483,b0f066a214c2f5e87bad3c948f4d605d) (ScriptedImporter) -> (artifact id: 'ff1ef2f6c2f2ba41e6ad6a5a7e28d73a') in 0.0164742 seconds
Number of updated asset objects reloaded before import = 0Number of asset objects unloaded after import = 0

========================================================================
Received Import Request.
  Time since last request: 0.000120 seconds.
  path: Packages/com.unity.purchasing/Editor/ServiceProjectSettings/Service/Networking/Models/GooglePlayKeyRequestResult.cs
  artifactKey: Guid(435a6508ce12f6b4a8b867163aba41ed) Importer(2089858483,b0f066a214c2f5e87bad3c948f4d605d)
Start importing Packages/com.unity.purchasing/Editor/ServiceProjectSettings/Service/Networking/Models/GooglePlayKeyRequestResult.cs using Guid(435a6508ce12f6b4a8b867163aba41ed) Importer(2089858483,b0f066a214c2f5e87bad3c948f4d605d) (ScriptedImporter) -> (artifact id: 'a0799a0e32580430192c1910716649b8') in 0.0142414 seconds
Number of updated asset objects reloaded before import = 0Number of asset objects unloaded after import = 0

========================================================================
Received Import Request.
  Time since last request: 0.000089 seconds.
  path: Packages/com.unity.purchasing/Editor/Authoring/Deployment/DeployCommandWrapper.cs
  artifactKey: Guid(586c702d2b2084e968e0dfec93e9dce1) Importer(2089858483,b0f066a214c2f5e87bad3c948f4d605d)
Start importing Packages/com.unity.purchasing/Editor/Authoring/Deployment/DeployCommandWrapper.cs using Guid(586c702d2b2084e968e0dfec93e9dce1) Importer(2089858483,b0f066a214c2f5e87bad3c948f4d605d) (ScriptedImporter) -> (artifact id: 'fe9a524d3147c49befb2b53d25bcedea') in 0.0143326 seconds
Number of updated asset objects reloaded before import = 0Number of asset objects unloaded after import = 0

========================================================================
Received Import Request.
  Time since last request: 0.000088 seconds.
  path: Packages/com.unity.xr.legacyinputhelpers/Editor/CameraOffsetEditor.cs
  artifactKey: Guid(e42439f4b5dbd1947a2161c0c2969508) Importer(2089858483,b0f066a214c2f5e87bad3c948f4d605d)
Start importing Packages/com.unity.xr.legacyinputhelpers/Editor/CameraOffsetEditor.cs using Guid(e42439f4b5dbd1947a2161c0c2969508) Importer(2089858483,b0f066a214c2f5e87bad3c948f4d605d) (ScriptedImporter) -> (artifact id: 'c143617123294b040543d3a5344d5075') in 0.0138353 seconds
Number of updated asset objects reloaded before import = 0Number of asset objects unloaded after import = 0

========================================================================
Received Import Request.
  Time since last request: 0.000065 seconds.
  path: Packages/com.unity.purchasing/Runtime/Purchasing/Core/Store/AppleAppStore/AppleTransactionSubscriptionInfo.cs
  artifactKey: Guid(6df2f823a60c44bca83b407b24f036b3) Importer(2089858483,b0f066a214c2f5e87bad3c948f4d605d)
Start importing Packages/com.unity.purchasing/Runtime/Purchasing/Core/Store/AppleAppStore/AppleTransactionSubscriptionInfo.cs using Guid(6df2f823a60c44bca83b407b24f036b3) Importer(2089858483,b0f066a214c2f5e87bad3c948f4d605d) (ScriptedImporter) -> (artifact id: 'b55b5b01e8f28d01acf4333d11c271fa') in 0.0153872 seconds
Number of updated asset objects reloaded before import = 0Number of asset objects unloaded after import = 0

========================================================================
Received Import Request.
  Time since last request: 0.000072 seconds.
  path: Packages/com.unity.services.analytics/Runtime/PrivacyInfo.xcprivacy
  artifactKey: Guid(8e1fada997d3b475b954d112d6a1b4ea) Importer(2089858483,b0f066a214c2f5e87bad3c948f4d605d)
Start importing Packages/com.unity.services.analytics/Runtime/PrivacyInfo.xcprivacy using Guid(8e1fada997d3b475b954d112d6a1b4ea) Importer(2089858483,b0f066a214c2f5e87bad3c948f4d605d) (ScriptedImporter) -> (artifact id: '34d7a650c8efaa61023db46201f7db8d') in 0.014623 seconds
Number of updated asset objects reloaded before import = 0Number of asset objects unloaded after import = 0

========================================================================
Received Import Request.
  Time since last request: 0.000131 seconds.
  path: Packages/com.unity.purchasing/Runtime/Stores/ServicesCore/CoreRegistryHelper.cs
  artifactKey: Guid(97889dca704fb43f08d4bf663c5b1761) Importer(2089858483,b0f066a214c2f5e87bad3c948f4d605d)
Start importing Packages/com.unity.purchasing/Runtime/Stores/ServicesCore/CoreRegistryHelper.cs using Guid(97889dca704fb43f08d4bf663c5b1761) Importer(2089858483,b0f066a214c2f5e87bad3c948f4d605d) (ScriptedImporter) -> (artifact id: '347bbafa81e778e8c587c23aea02f233') in 0.0146047 seconds
Number of updated asset objects reloaded before import = 0Number of asset objects unloaded after import = 0

========================================================================
Received Import Request.
  Time since last request: 0.000027 seconds.
  path: Packages/com.unity.ai.navigation/Editor/NavMeshSurfaceEditor.cs
  artifactKey: Guid(1c32167dbf3314852b6006a288eb449b) Importer(2089858483,b0f066a214c2f5e87bad3c948f4d605d)
Start importing Packages/com.unity.ai.navigation/Editor/NavMeshSurfaceEditor.cs using Guid(1c32167dbf3314852b6006a288eb449b) Importer(2089858483,b0f066a214c2f5e87bad3c948f4d605d) (ScriptedImporter) -> (artifact id: 'ad4b36c2e1ec2da8f7d4b5ccba20bd6a') in 0.0149262 seconds
Number of updated asset objects reloaded before import = 0Number of asset objects unloaded after import = 0

========================================================================
Received Import Request.
  Time since last request: 0.000053 seconds.
  path: Packages/com.unity.microsoft.gdk/Runtime/Interop/XBL/SocialManager/XblSocialManagerUserGroupHandle.cs
  artifactKey: Guid(c2bb4d55dcb44f9db97d7f4ff0df5812) Importer(2089858483,b0f066a214c2f5e87bad3c948f4d605d)
Start importing Packages/com.unity.microsoft.gdk/Runtime/Interop/XBL/SocialManager/XblSocialManagerUserGroupHandle.cs using Guid(c2bb4d55dcb44f9db97d7f4ff0df5812) Importer(2089858483,b0f066a214c2f5e87bad3c948f4d605d) (ScriptedImporter) -> (artifact id: '1c1f9fb91caeb05e32dead291503eeea') in 0.0152686 seconds
Number of updated asset objects reloaded before import = 0Number of asset objects unloaded after import = 0

========================================================================
Received Import Request.
  Time since last request: 0.000081 seconds.
  path: Packages/com.unity.purchasing/Runtime/UnityWebshops/WebshopServiceExceptionMapper.cs
  artifactKey: Guid(509c0dbf64e245ce976cdfced33a7942) Importer(2089858483,b0f066a214c2f5e87bad3c948f4d605d)
Start importing Packages/com.unity.purchasing/Runtime/UnityWebshops/WebshopServiceExceptionMapper.cs using Guid(509c0dbf64e245ce976cdfced33a7942) Importer(2089858483,b0f066a214c2f5e87bad3c948f4d605d) (ScriptedImporter) -> (artifact id: '2dc23b0843ceccad6da15d388d4f6e00') in 0.0140684 seconds
Number of updated asset objects reloaded before import = 0Number of asset objects unloaded after import = 0

========================================================================
Received Import Request.
  Time since last request: 0.000073 seconds.
  path: Packages/com.unity.microsoft.gdk/Runtime/XBL/RealTimeActivity
  artifactKey: Guid(82ab41e042924c9b82d738f5fe92b361) Importer(2089858483,b0f066a214c2f5e87bad3c948f4d605d)
Start importing Packages/com.unity.microsoft.gdk/Runtime/XBL/RealTimeActivity using Guid(82ab41e042924c9b82d738f5fe92b361) Importer(2089858483,b0f066a214c2f5e87bad3c948f4d605d) (ScriptedImporter) -> (artifact id: 'f643de494a392b3ce600fe0ddf1c8b71') in 0.0152398 seconds
Number of updated asset objects reloaded before import = 0Number of asset objects unloaded after import = 1

========================================================================
Received Import Request.
  Time since last request: 0.000041 seconds.
  path: Packages/com.unity.microsoft.gdk/Runtime/XBL/Social/XblSocialRelationshipResult.cs
  artifactKey: Guid(44ac78090e460ce4da2ede760ed41f7a) Importer(2089858483,b0f066a214c2f5e87bad3c948f4d605d)
Start importing Packages/com.unity.microsoft.gdk/Runtime/XBL/Social/XblSocialRelationshipResult.cs using Guid(44ac78090e460ce4da2ede760ed41f7a) Importer(2089858483,b0f066a214c2f5e87bad3c948f4d605d) (ScriptedImporter) -> (artifact id: '1da3070e6e047010c0c63ac884c7e005') in 0.0157632 seconds
Number of updated asset objects reloaded before import = 0Number of asset objects unloaded after import = 0

========================================================================
Received Import Request.
  Time since last request: 0.000071 seconds.
  path: Packages/com.unity.services.core/Editor/Core/Linker/Models/XmlLinkedAccessors.cs
  artifactKey: Guid(cefb4b36108e4c2d9c00c22bc8251d87) Importer(2089858483,b0f066a214c2f5e87bad3c948f4d605d)
Start importing Packages/com.unity.services.core/Editor/Core/Linker/Models/XmlLinkedAccessors.cs using Guid(cefb4b36108e4c2d9c00c22bc8251d87) Importer(2089858483,b0f066a214c2f5e87bad3c948f4d605d) (ScriptedImporter) -> (artifact id: '8395f24ee9492232e4f38feadb12d0e8') in 0.0170841 seconds
Number of updated asset objects reloaded before import = 0Number of asset objects unloaded after import = 0

========================================================================
Received Import Request.
  Time since last request: 0.000062 seconds.
  path: Packages/com.unity.services.core/Runtime/Core.Internal/UnityServicesEditorInitializer.cs
  artifactKey: Guid(03476828a39df494a93e9eb8c807484e) Importer(2089858483,b0f066a214c2f5e87bad3c948f4d605d)
Start importing Packages/com.unity.services.core/Runtime/Core.Internal/UnityServicesEditorInitializer.cs using Guid(03476828a39df494a93e9eb8c807484e) Importer(2089858483,b0f066a214c2f5e87bad3c948f4d605d) (ScriptedImporter) -> (artifact id: '49e144ca90be8e7264408f89b1dfb1ff') in 0.0157836 seconds
Number of updated asset objects reloaded before import = 0Number of asset objects unloaded after import = 0

========================================================================
Received Import Request.
  Time since last request: 0.000074 seconds.
  path: Packages/com.unity.purchasing/Editor/Authoring/LiveContentAdminApi/Client/Model/CreateError.cs
  artifactKey: Guid(0da455e478aac4ad9af8aa7ae09c7912) Importer(2089858483,b0f066a214c2f5e87bad3c948f4d605d)
Start importing Packages/com.unity.purchasing/Editor/Authoring/LiveContentAdminApi/Client/Model/CreateError.cs using Guid(0da455e478aac4ad9af8aa7ae09c7912) Importer(2089858483,b0f066a214c2f5e87bad3c948f4d605d) (ScriptedImporter) -> (artifact id: '5c76ca9a66ab06ecb852d83101403380') in 0.0140843 seconds
Number of updated asset objects reloaded before import = 0Number of asset objects unloaded after import = 0

========================================================================
Received Import Request.
  Time since last request: 0.000072 seconds.
  path: Packages/com.unity.microsoft.gdk/Runtime/Interop/XBL/Multiplayer/XblMultiplayerSessionQuery.cs
  artifactKey: Guid(0d34c6423e82a7447aeeafabd7e6748e) Importer(2089858483,b0f066a214c2f5e87bad3c948f4d605d)
Start importing Packages/com.unity.microsoft.gdk/Runtime/Interop/XBL/Multiplayer/XblMultiplayerSessionQuery.cs using Guid(0d34c6423e82a7447aeeafabd7e6748e) Importer(2089858483,b0f066a214c2f5e87bad3c948f4d605d) (ScriptedImporter) -> (artifact id: '1e682c980304587406ca8851e11d8b9a') in 0.0139453 seconds
Number of updated asset objects reloaded before import = 0Number of asset objects unloaded after import = 0

========================================================================
Received Import Request.
  Time since last request: 0.000083 seconds.
  path: Packages/com.unity.purchasing/Editor/ServiceProjectSettings/Entity/Consts/SettingsUIConstants.cs
  artifactKey: Guid(60e997803e97a430f87444ca5eeab843) Importer(2089858483,b0f066a214c2f5e87bad3c948f4d605d)
Start importing Packages/com.unity.purchasing/Editor/ServiceProjectSettings/Entity/Consts/SettingsUIConstants.cs using Guid(60e997803e97a430f87444ca5eeab843) Importer(2089858483,b0f066a214c2f5e87bad3c948f4d605d) (ScriptedImporter) -> (artifact id: '29c3c67cfb06fde9999865926f09c8df') in 0.0150308 seconds
Number of updated asset objects reloaded before import = 0Number of asset objects unloaded after import = 0

========================================================================
Received Import Request.
  Time since last request: 0.000046 seconds.
  path: Packages/com.unity.purchasing/Runtime/UnityLiveContentAdapter/Interfaces/ILiveContentAdapterClientWrapper.cs
  artifactKey: Guid(6e372afb9db43460f973a99a747f7045) Importer(2089858483,b0f066a214c2f5e87bad3c948f4d605d)
Start importing Packages/com.unity.purchasing/Runtime/UnityLiveContentAdapter/Interfaces/ILiveContentAdapterClientWrapper.cs using Guid(6e372afb9db43460f973a99a747f7045) Importer(2089858483,b0f066a214c2f5e87bad3c948f4d605d) (ScriptedImporter) -> (artifact id: '5fa1cb6de47ff919ee016cdb7965a915') in 0.0117101 seconds
Number of updated asset objects reloaded before import = 0Number of asset objects unloaded after import = 0

========================================================================
Received Import Request.
  Time since last request: 0.000083 seconds.
  path: Packages/com.unity.purchasing/Plugins/UnityPurchasing/iOS/SK2/Responses/ResponseProtocol.swift
  artifactKey: Guid(12f13d8258b874051be4628def705eed) Importer(2089858483,b0f066a214c2f5e87bad3c948f4d605d)
Start importing Packages/com.unity.purchasing/Plugins/UnityPurchasing/iOS/SK2/Responses/ResponseProtocol.swift using Guid(12f13d8258b874051be4628def705eed) Importer(2089858483,b0f066a214c2f5e87bad3c948f4d605d) (ScriptedImporter) -> (artifact id: '325b09a7679f320222bf7d537187a61f') in 0.0152175 seconds
Number of updated asset objects reloaded before import = 0Number of asset objects unloaded after import = 0

========================================================================
Received Import Request.
  Time since last request: 0.000111 seconds.
  path: Packages/com.unity.purchasing/Editor/ServiceProjectSettings/Service/XboxSettingsLoader.cs
  artifactKey: Guid(40a614d09bb49014288796416abc5206) Importer(2089858483,b0f066a214c2f5e87bad3c948f4d605d)
Start importing Packages/com.unity.purchasing/Editor/ServiceProjectSettings/Service/XboxSettingsLoader.cs using Guid(40a614d09bb49014288796416abc5206) Importer(2089858483,b0f066a214c2f5e87bad3c948f4d605d) (ScriptedImporter) -> (artifact id: '3f46c787f9648df76494a0bd8d9cfa08') in 0.0113474 seconds
Number of updated asset objects reloaded before import = 0Number of asset objects unloaded after import = 0

========================================================================
Received Import Request.
  Time since last request: 0.000078 seconds.
  path: Packages/com.unity.purchasing/Editor/Authoring/PurchasingAdminApi/Client/Model/CatalogStoreIdOverride.cs
  artifactKey: Guid(4dd7d94729737474d8f0c308e50c5a95) Importer(2089858483,b0f066a214c2f5e87bad3c948f4d605d)
Start importing Packages/com.unity.purchasing/Editor/Authoring/PurchasingAdminApi/Client/Model/CatalogStoreIdOverride.cs using Guid(4dd7d94729737474d8f0c308e50c5a95) Importer(2089858483,b0f066a214c2f5e87bad3c948f4d605d) (ScriptedImporter) -> (artifact id: '95373cd5de9f658e6d6e5b250ab13eff') in 0.0158124 seconds
Number of updated asset objects reloaded before import = 0Number of asset objects unloaded after import = 0

========================================================================
Received Import Request.
  Time since last request: 0.000063 seconds.
  path: Packages/com.unity.ai.navigation/Editor/ConversionSystem/Unity.AI.Navigation.Editor.ConversionSystem.asmdef
  artifactKey: Guid(c57630adab7a340ec94f10e4fcac12f1) Importer(2089858483,b0f066a214c2f5e87bad3c948f4d605d)
Start importing Packages/com.unity.ai.navigation/Editor/ConversionSystem/Unity.AI.Navigation.Editor.ConversionSystem.asmdef using Guid(c57630adab7a340ec94f10e4fcac12f1) Importer(2089858483,b0f066a214c2f5e87bad3c948f4d605d) (ScriptedImporter) -> (artifact id: '6f85834c3d99eaf45462af5d61fac086') in 0.0154025 seconds
Number of updated asset objects reloaded before import = 0Number of asset objects unloaded after import = 1

========================================================================
Received Import Request.
  Time since last request: 0.000057 seconds.
  path: Packages/com.unity.purchasing/Runtime/Stores/XboxStore/CloudServices/XboxPurchaseValidatorService.cs
  artifactKey: Guid(76ecc4d47d75407479d996bdc4d84be6) Importer(2089858483,b0f066a214c2f5e87bad3c948f4d605d)
Start importing Packages/com.unity.purchasing/Runtime/Stores/XboxStore/CloudServices/XboxPurchaseValidatorService.cs using Guid(76ecc4d47d75407479d996bdc4d84be6) Importer(2089858483,b0f066a214c2f5e87bad3c948f4d605d) (ScriptedImporter) -> (artifact id: '1c9b7cf2036b50edad6593fdc5e6bd6c') in 0.0142765 seconds
Number of updated asset objects reloaded before import = 0Number of asset objects unloaded after import = 0

========================================================================
Received Import Request.
  Time since last request: 0.000049 seconds.
  path: Packages/com.unity.microsoft.gdk/Runtime/Interop/ExtensionLibraries
  artifactKey: Guid(19b389690af34aaeb1f7b2f89eb0fa4a) Importer(2089858483,b0f066a214c2f5e87bad3c948f4d605d)
Start importing Packages/com.unity.microsoft.gdk/Runtime/Interop/ExtensionLibraries using Guid(19b389690af34aaeb1f7b2f89eb0fa4a) Importer(2089858483,b0f066a214c2f5e87bad3c948f4d605d) (ScriptedImporter) -> (artifact id: '89bbf06f86f0dd1f04ffc419f467c246') in 0.0122492 seconds
Number of updated asset objects reloaded before import = 0Number of asset objects unloaded after import = 1

========================================================================
Received Import Request.
  Time since last request: 0.000036 seconds.
  path: Packages/com.unity.purchasing/Runtime/Purchasing/Telemetry/Metrics/TelemetryMetricParams.cs
  artifactKey: Guid(1950adf491c348aa9e84d45283c62684) Importer(2089858483,b0f066a214c2f5e87bad3c948f4d605d)
Start importing Packages/com.unity.purchasing/Runtime/Purchasing/Telemetry/Metrics/TelemetryMetricParams.cs using Guid(1950adf491c348aa9e84d45283c62684) Importer(2089858483,b0f066a214c2f5e87bad3c948f4d605d) (ScriptedImporter) -> (artifact id: 'db4dff0d43f2a64b5bb5abbf6708419c') in 0.0140222 seconds
Number of updated asset objects reloaded before import = 0Number of asset objects unloaded after import = 0

========================================================================
Received Import Request.
  Time since last request: 0.000048 seconds.
  path: Packages/com.unity.purchasing/Runtime/Stores/Data/IsoCountryCodeConverter.cs
  artifactKey: Guid(dfe1c40d6788b4a68a17e023224479d6) Importer(2089858483,b0f066a214c2f5e87bad3c948f4d605d)
Start importing Packages/com.unity.purchasing/Runtime/Stores/Data/IsoCountryCodeConverter.cs using Guid(dfe1c40d6788b4a68a17e023224479d6) Importer(2089858483,b0f066a214c2f5e87bad3c948f4d605d) (ScriptedImporter) -> (artifact id: '8b41dd97fd95fbeba0a8e99a9b100e18') in 0.011931 seconds
Number of updated asset objects reloaded before import = 0Number of asset objects unloaded after import = 0

========================================================================
Received Import Request.
  Time since last request: 0.000061 seconds.
  path: Packages/com.unity.ai.navigation/Editor/ConversionSystem/SystemConverter.cs
  artifactKey: Guid(0c9fba05c2cea421a8771ca17afce238) Importer(2089858483,b0f066a214c2f5e87bad3c948f4d605d)
Start importing Packages/com.unity.ai.navigation/Editor/ConversionSystem/SystemConverter.cs using Guid(0c9fba05c2cea421a8771ca17afce238) Importer(2089858483,b0f066a214c2f5e87bad3c948f4d605d) (ScriptedImporter) -> (artifact id: 'de680a491556beef3da10d5a803b311c') in 0.0130831 seconds
Number of updated asset objects reloaded before import = 0Number of asset objects unloaded after import = 0

========================================================================
Received Import Request.
  Time since last request: 0.000064 seconds.
  path: Packages/com.unity.services.deployment/README.md
  artifactKey: Guid(bd603b95091a3436a88c1fd7b1f6e8c1) Importer(2089858483,b0f066a214c2f5e87bad3c948f4d605d)
Start importing Packages/com.unity.services.deployment/README.md using Guid(bd603b95091a3436a88c1fd7b1f6e8c1) Importer(2089858483,b0f066a214c2f5e87bad3c948f4d605d) (ScriptedImporter) -> (artifact id: '91511d61a53cd10423829ff9168d5836') in 0.0126328 seconds
Number of updated asset objects reloaded before import = 0Number of asset objects unloaded after import = 1

========================================================================
Received Import Request.
  Time since last request: 0.000031 seconds.
  path: Packages/com.unity.services.deployment/Editor/Interface/UI/DeploymentWindow.ShimImpl.cs
  artifactKey: Guid(dbcb256beb1a4849bd98532c082a4186) Importer(2089858483,b0f066a214c2f5e87bad3c948f4d605d)
Start importing Packages/com.unity.services.deployment/Editor/Interface/UI/DeploymentWindow.ShimImpl.cs using Guid(dbcb256beb1a4849bd98532c082a4186) Importer(2089858483,b0f066a214c2f5e87bad3c948f4d605d) (ScriptedImporter) -> (artifact id: 'f5a6414aebef830b1655c0a65179feb4') in 0.0127299 seconds
Number of updated asset objects reloaded before import = 0Number of asset objects unloaded after import = 0

========================================================================
Received Import Request.
  Time since last request: 0.000051 seconds.
  path: Packages/com.unity.purchasing/Runtime/Purchasing/Core/Product/AppleAppStore/Extensions/UseCases/Interfaces/IGetProductDetailsUseCase.cs
  artifactKey: Guid(9cc06a41da8e4100babb66bdcd0b9d45) Importer(2089858483,b0f066a214c2f5e87bad3c948f4d605d)
Start importing Packages/com.unity.purchasing/Runtime/Purchasing/Core/Product/AppleAppStore/Extensions/UseCases/Interfaces/IGetProductDetailsUseCase.cs using Guid(9cc06a41da8e4100babb66bdcd0b9d45) Importer(2089858483,b0f066a214c2f5e87bad3c948f4d605d) (ScriptedImporter) -> (artifact id: '1bc1afd8ae73ecb105f87107ebfe883d') in 0.0140735 seconds
Number of updated asset objects reloaded before import = 0Number of asset objects unloaded after import = 0

========================================================================
Received Import Request.
  Time since last request: 0.000064 seconds.
  path: Packages/com.unity.purchasing/Editor/ServiceProjectSettings/Service/Networking/GetGoogleKeyWebRequest.cs
  artifactKey: Guid(2146f30d5f3823b41989711829e7947d) Importer(2089858483,b0f066a214c2f5e87bad3c948f4d605d)
Start importing Packages/com.unity.purchasing/Editor/ServiceProjectSettings/Service/Networking/GetGoogleKeyWebRequest.cs using Guid(2146f30d5f3823b41989711829e7947d) Importer(2089858483,b0f066a214c2f5e87bad3c948f4d605d) (ScriptedImporter) -> (artifact id: '5716cf4815704c0ad6fa113edf6416d4') in 0.0159722 seconds
Number of updated asset objects reloaded before import = 0Number of asset objects unloaded after import = 0

========================================================================
Received Import Request.
  Time since last request: 0.000079 seconds.
  path: Packages/com.unity.microsoft.gdk/Tests/PlayModeTests/XPackagingTests.cs
  artifactKey: Guid(65cda9c81bf4e924783edb5bf4787565) Importer(2089858483,b0f066a214c2f5e87bad3c948f4d605d)
Start importing Packages/com.unity.microsoft.gdk/Tests/PlayModeTests/XPackagingTests.cs using Guid(65cda9c81bf4e924783edb5bf4787565) Importer(2089858483,b0f066a214c2f5e87bad3c948f4d605d) (ScriptedImporter) -> (artifact id: '78a14738c84838ceb9b64ea5ae489b77') in 0.0130543 seconds
Number of updated asset objects reloaded before import = 0Number of asset objects unloaded after import = 0

========================================================================
Received Import Request.
  Time since last request: 0.000076 seconds.
  path: Packages/com.unity.purchasing/Runtime/Purchasing/CoreServices
  artifactKey: Guid(9c1b1fe2371b41aaba927178a8cd7ec4) Importer(2089858483,b0f066a214c2f5e87bad3c948f4d605d)
Start importing Packages/com.unity.purchasing/Runtime/Purchasing/CoreServices using Guid(9c1b1fe2371b41aaba927178a8cd7ec4) Importer(2089858483,b0f066a214c2f5e87bad3c948f4d605d) (ScriptedImporter) -> (artifact id: '4f8e1ebddca7c52f37dce1912d2a9f8a') in 0.0125055 seconds
Number of updated asset objects reloaded before import = 0Number of asset objects unloaded after import = 1

========================================================================
Received Import Request.
  Time since last request: 0.000039 seconds.
  path: Packages/com.unity.purchasing/Editor/ServiceProjectSettings/Presenter
  artifactKey: Guid(a006e45873ab94e1c9f06c848bb1bb6a) Importer(2089858483,b0f066a214c2f5e87bad3c948f4d605d)
Start importing Packages/com.unity.purchasing/Editor/ServiceProjectSettings/Presenter using Guid(a006e45873ab94e1c9f06c848bb1bb6a) Importer(2089858483,b0f066a214c2f5e87bad3c948f4d605d) (ScriptedImporter) -> (artifact id: 'aa5971ff7d03f6e0460a5e1cc9ea56c4') in 0.0130125 seconds
Number of updated asset objects reloaded before import = 0Number of asset objects unloaded after import = 1

========================================================================
Received Import Request.
  Time since last request: 0.000024 seconds.
  path: Packages/com.unity.analytics/Tests/Editor/AdCompleteTests.cs
  artifactKey: Guid(9405b416c158444b19157040fd664533) Importer(2089858483,b0f066a214c2f5e87bad3c948f4d605d)
Start importing Packages/com.unity.analytics/Tests/Editor/AdCompleteTests.cs using Guid(9405b416c158444b19157040fd664533) Importer(2089858483,b0f066a214c2f5e87bad3c948f4d605d) (ScriptedImporter) -> (artifact id: '93c6d193766fd4a06ef2c367146dc71a') in 0.0120449 seconds
Number of updated asset objects reloaded before import = 0Number of asset objects unloaded after import = 0

========================================================================
Received Import Request.
  Time since last request: 0.000063 seconds.
  path: Packages/com.unity.purchasing/Editor/Authoring/UI/DeploymentConfigInspectorFooter/DeploymentConfigInspectorFooter.cs
  artifactKey: Guid(a92838357b6c85947bb300ec97d5a1c5) Importer(2089858483,b0f066a214c2f5e87bad3c948f4d605d)
Start importing Packages/com.unity.purchasing/Editor/Authoring/UI/DeploymentConfigInspectorFooter/DeploymentConfigInspectorFooter.cs using Guid(a92838357b6c85947bb300ec97d5a1c5) Importer(2089858483,b0f066a214c2f5e87bad3c948f4d605d) (ScriptedImporter) -> (artifact id: '898fa81c89ba098e51e220a0ea59cd0e') in 0.0134462 seconds
Number of updated asset objects reloaded before import = 0Number of asset objects unloaded after import = 0

========================================================================
Received Import Request.
  Time since last request: 0.000159 seconds.
  path: Packages/com.unity.services.deployment/Editor/Interface/UI/Serialization/ISerializationManager.cs
  artifactKey: Guid(2a75f06b844f405183ac128abd39e827) Importer(2089858483,b0f066a214c2f5e87bad3c948f4d605d)
Start importing Packages/com.unity.services.deployment/Editor/Interface/UI/Serialization/ISerializationManager.cs using Guid(2a75f06b844f405183ac128abd39e827) Importer(2089858483,b0f066a214c2f5e87bad3c948f4d605d) (ScriptedImporter) -> (artifact id: '18904a06078ae9f9a3eb8d22f521a1ec') in 0.0131057 seconds
Number of updated asset objects reloaded before import = 0Number of asset objects unloaded after import = 0

========================================================================
Received Import Request.
  Time since last request: 0.000066 seconds.
  path: Packages/com.unity.purchasing/Runtime/Purchasing/Stores/AppleAppStore/AppleStorePromotionVisibility.cs
  artifactKey: Guid(62a6f8cc877f4c40844d4626501d978e) Importer(2089858483,b0f066a214c2f5e87bad3c948f4d605d)
Start importing Packages/com.unity.purchasing/Runtime/Purchasing/Stores/AppleAppStore/AppleStorePromotionVisibility.cs using Guid(62a6f8cc877f4c40844d4626501d978e) Importer(2089858483,b0f066a214c2f5e87bad3c948f4d605d) (ScriptedImporter) -> (artifact id: '6bb1a9b511e112ce98e4117e2298dc23') in 0.0154997 seconds
Number of updated asset objects reloaded before import = 0Number of asset objects unloaded after import = 0

========================================================================
Received Import Request.
  Time since last request: 0.000057 seconds.
  path: Packages/com.unity.purchasing/Runtime/Stores/Data/Insights/Models
  artifactKey: Guid(ab32e14a757b4d199dcac629dd76a3fd) Importer(2089858483,b0f066a214c2f5e87bad3c948f4d605d)
Start importing Packages/com.unity.purchasing/Runtime/Stores/Data/Insights/Models using Guid(ab32e14a757b4d199dcac629dd76a3fd) Importer(2089858483,b0f066a214c2f5e87bad3c948f4d605d) (ScriptedImporter) -> (artifact id: '41031e82824b002fbac39a1ab0133fbe') in 0.0112639 seconds
Number of updated asset objects reloaded before import = 0Number of asset objects unloaded after import = 1

========================================================================
Received Import Request.
  Time since last request: 0.000046 seconds.
  path: Packages/com.unity.purchasing/Editor/Authoring/PurchasingAdminApi/Client/Model/TargetingResponse.cs
  artifactKey: Guid(4e012ba584f1549b9986de2992b1fb4c) Importer(2089858483,b0f066a214c2f5e87bad3c948f4d605d)
Start importing Packages/com.unity.purchasing/Editor/Authoring/PurchasingAdminApi/Client/Model/TargetingResponse.cs using Guid(4e012ba584f1549b9986de2992b1fb4c) Importer(2089858483,b0f066a214c2f5e87bad3c948f4d605d) (ScriptedImporter) -> (artifact id: 'f0aa70e79e8fd3a4ba1554e1d6c3f614') in 0.0135629 seconds
Number of updated asset objects reloaded before import = 0Number of asset objects unloaded after import = 0

========================================================================
Received Import Request.
  Time since last request: 0.000069 seconds.
  path: Packages/com.unity.analytics/Unity.Analytics.StandardEvents.xml
  artifactKey: Guid(bce5ab19b9f5ec9e99e5c46ff665240b) Importer(2089858483,b0f066a214c2f5e87bad3c948f4d605d)
Start importing Packages/com.unity.analytics/Unity.Analytics.StandardEvents.xml using Guid(bce5ab19b9f5ec9e99e5c46ff665240b) Importer(2089858483,b0f066a214c2f5e87bad3c948f4d605d) (ScriptedImporter) -> (artifact id: '3dd1c9df11b12d53e59a59b13304cac2') in 0.0142783 seconds
Number of updated asset objects reloaded before import = 0Number of asset objects unloaded after import = 1

========================================================================
Received Import Request.
  Time since last request: 0.000019 seconds.
  path: Packages/com.unity.services.deployment/Editor/Interface/UI/Views/UnlinkedProjectView.cs
  artifactKey: Guid(d994a5514000d49479d517d0bd977163) Importer(2089858483,b0f066a214c2f5e87bad3c948f4d605d)
Start importing Packages/com.unity.services.deployment/Editor/Interface/UI/Views/UnlinkedProjectView.cs using Guid(d994a5514000d49479d517d0bd977163) Importer(2089858483,b0f066a214c2f5e87bad3c948f4d605d) (ScriptedImporter) -> (artifact id: 'e6ce4d06aede8b448b413ef8c74f0de4') in 0.0124198 seconds
Number of updated asset objects reloaded before import = 0Number of asset objects unloaded after import = 0

========================================================================
Received Import Request.
  Time since last request: 0.000082 seconds.
  path: Packages/com.unity.services.deployment/Editor/Interface/UI/Assets/CollapseToggle.uss
  artifactKey: Guid(7340138425ccf4d4a969c48eb72d0056) Importer(2089858483,b0f066a214c2f5e87bad3c948f4d605d)
Start importing Packages/com.unity.services.deployment/Editor/Interface/UI/Assets/CollapseToggle.uss using Guid(7340138425ccf4d4a969c48eb72d0056) Importer(2089858483,b0f066a214c2f5e87bad3c948f4d605d) (ScriptedImporter) -> (artifact id: 'ca3c83b8682481b40c1898d68cf06e87') in 0.0139642 seconds
Number of updated asset objects reloaded before import = 0Number of asset objects unloaded after import = 1

========================================================================
Received Import Request.
  Time since last request: 0.000021 seconds.
  path: Packages/com.unity.services.core/Editor/Core/UiHelpers/UXML/AccessTokenError.uxml
  artifactKey: Guid(9bbe9fb6e9537684cac89a4e82cf3d63) Importer(2089858483,b0f066a214c2f5e87bad3c948f4d605d)
Start importing Packages/com.unity.services.core/Editor/Core/UiHelpers/UXML/AccessTokenError.uxml using Guid(9bbe9fb6e9537684cac89a4e82cf3d63) Importer(2089858483,b0f066a214c2f5e87bad3c948f4d605d) (ScriptedImporter) -> (artifact id: '02df73d5dcb379e9168147ece43d8cb5') in 0.0194961 seconds
Number of updated asset objects reloaded before import = 0Number of asset objects unloaded after import = 2

========================================================================
Received Import Request.
  Time since last request: 0.000022 seconds.
  path: Packages/com.unity.purchasing/Runtime/UnityPaymentProviders/Client/Http/AsyncOpRetry.cs
  artifactKey: Guid(a05d34ce409cd4bffba0b888ca03d622) Importer(2089858483,b0f066a214c2f5e87bad3c948f4d605d)
Start importing Packages/com.unity.purchasing/Runtime/UnityPaymentProviders/Client/Http/AsyncOpRetry.cs using Guid(a05d34ce409cd4bffba0b888ca03d622) Importer(2089858483,b0f066a214c2f5e87bad3c948f4d605d) (ScriptedImporter) -> (artifact id: '0c17413172785fe39ffb61f83fa6bfcf') in 0.011799 seconds
Number of updated asset objects reloaded before import = 0Number of asset objects unloaded after import = 0

========================================================================
Received Import Request.
  Time since last request: 0.000020 seconds.
  path: Packages/com.unity.purchasing/Plugins/UnityPurchasing/iOS/SK2
  artifactKey: Guid(b75dc41b6f8674d3fb925029c2147487) Importer(2089858483,b0f066a214c2f5e87bad3c948f4d605d)
Start importing Packages/com.unity.purchasing/Plugins/UnityPurchasing/iOS/SK2 using Guid(b75dc41b6f8674d3fb925029c2147487) Importer(2089858483,b0f066a214c2f5e87bad3c948f4d605d) (ScriptedImporter) -> (artifact id: '7fe0f7e49950ade66bf0c3728a4fd80c') in 0.0136489 seconds
Number of updated asset objects reloaded before import = 0Number of asset objects unloaded after import = 1

========================================================================
Received Import Request.
  Time since last request: 0.000026 seconds.
  path: Packages/com.unity.services.core/Runtime/Core.Internal/Registry/MissingComponent.cs
  artifactKey: Guid(5deae79dc61e94367a9254f488f5b89a) Importer(2089858483,b0f066a214c2f5e87bad3c948f4d605d)
Start importing Packages/com.unity.services.core/Runtime/Core.Internal/Registry/MissingComponent.cs using Guid(5deae79dc61e94367a9254f488f5b89a) Importer(2089858483,b0f066a214c2f5e87bad3c948f4d605d) (ScriptedImporter) -> (artifact id: '44a28c8791a41ff40ba79576712d8f22') in 0.0134958 seconds
Number of updated asset objects reloaded before import = 0Number of asset objects unloaded after import = 0

========================================================================
Received Import Request.
  Time since last request: 0.000044 seconds.
  path: Packages/com.unity.services.analytics/Runtime/Events
  artifactKey: Guid(0c4462da48f143beb0a5cd4f2f30db2a) Importer(2089858483,b0f066a214c2f5e87bad3c948f4d605d)
Start importing Packages/com.unity.services.analytics/Runtime/Events using Guid(0c4462da48f143beb0a5cd4f2f30db2a) Importer(2089858483,b0f066a214c2f5e87bad3c948f4d605d) (ScriptedImporter) -> (artifact id: '8bd962daab0d5c8ffdf19c8c806937b4') in 0.0106989 seconds
Number of updated asset objects reloaded before import = 0Number of asset objects unloaded after import = 1

========================================================================
Received Import Request.
  Time since last request: 0.000021 seconds.
  path: Packages/com.unity.ai.navigation/EditorResources/Overlay/NavigationOverlay@256.png
  artifactKey: Guid(1497075210b6dcd4c8f31ecfc6c5c79c) Importer(2089858483,b0f066a214c2f5e87bad3c948f4d605d)
Start importing Packages/com.unity.ai.navigation/EditorResources/Overlay/NavigationOverlay@256.png using Guid(1497075210b6dcd4c8f31ecfc6c5c79c) Importer(2089858483,b0f066a214c2f5e87bad3c948f4d605d) (ScriptedImporter) -> (artifact id: '0091dca12da6b1fdf8a00d7a165dcf1a') in 0.0204025 seconds
Number of updated asset objects reloaded before import = 0Number of asset objects unloaded after import = 1

========================================================================
Received Import Request.
  Time since last request: 0.000022 seconds.
  path: Packages/com.unity.ai.navigation/Editor/NavigationPreferences.cs
  artifactKey: Guid(e8c8febe35b734f4eb15f23d12e5faed) Importer(2089858483,b0f066a214c2f5e87bad3c948f4d605d)
Start importing Packages/com.unity.ai.navigation/Editor/NavigationPreferences.cs using Guid(e8c8febe35b734f4eb15f23d12e5faed) Importer(2089858483,b0f066a214c2f5e87bad3c948f4d605d) (ScriptedImporter) -> (artifact id: 'ef4dae533d42664d2e087b785e035b26') in 0.0138533 seconds
Number of updated asset objects reloaded before import = 0Number of asset objects unloaded after import = 0

========================================================================
Received Import Request.
  Time since last request: 0.000170 seconds.
  path: Packages/com.unity.purchasing/Editor/ServiceProjectSettings/Service/GoogleConfigService.cs
  artifactKey: Guid(8a5b57a8b918d7242b3e2730a7d14b87) Importer(2089858483,b0f066a214c2f5e87bad3c948f4d605d)
Start importing Packages/com.unity.purchasing/Editor/ServiceProjectSettings/Service/GoogleConfigService.cs using Guid(8a5b57a8b918d7242b3e2730a7d14b87) Importer(2089858483,b0f066a214c2f5e87bad3c948f4d605d) (ScriptedImporter) -> (artifact id: '54d9756b887dca7c1fa7840294908734') in 0.0146305 seconds
Number of updated asset objects reloaded before import = 0Number of asset objects unloaded after import = 0

========================================================================
Received Import Request.
  Time since last request: 0.000094 seconds.
  path: Packages/com.unity.purchasing/Runtime/Purchasing/Core/Purchasing/Models/EntitlementStatus.cs
  artifactKey: Guid(6c25876b6661f114e84c6aa2b8dfb3b7) Importer(2089858483,b0f066a214c2f5e87bad3c948f4d605d)
Start importing Packages/com.unity.purchasing/Runtime/Purchasing/Core/Purchasing/Models/EntitlementStatus.cs using Guid(6c25876b6661f114e84c6aa2b8dfb3b7) Importer(2089858483,b0f066a214c2f5e87bad3c948f4d605d) (ScriptedImporter) -> (artifact id: 'c9d8ef4df5cf1581a9d6a0889408b2d2') in 0.0141824 seconds
Number of updated asset objects reloaded before import = 0Number of asset objects unloaded after import = 0

========================================================================
Received Import Request.
  Time since last request: 0.000044 seconds.
  path: Packages/com.unity.microsoft.gdk/Runtime/Interop/XAsyncBlockInterop.cs
  artifactKey: Guid(17ef6caf678d7e94d9d4aebf7bc78b99) Importer(2089858483,b0f066a214c2f5e87bad3c948f4d605d)
Start importing Packages/com.unity.microsoft.gdk/Runtime/Interop/XAsyncBlockInterop.cs using Guid(17ef6caf678d7e94d9d4aebf7bc78b99) Importer(2089858483,b0f066a214c2f5e87bad3c948f4d605d) (ScriptedImporter) -> (artifact id: '1a4fa5b34bac905b6a5bb0d33cef067c') in 0.012195 seconds
Number of updated asset objects reloaded before import = 0Number of asset objects unloaded after import = 0

========================================================================
Received Import Request.
  Time since last request: 0.000049 seconds.
  path: Packages/com.unity.purchasing/Runtime/Purchasing/Utilities/Interfaces/ICatalogListingParser.cs
  artifactKey: Guid(9f6ede1a6a1e84b1ea4d7a3b38438120) Importer(2089858483,b0f066a214c2f5e87bad3c948f4d605d)
Start importing Packages/com.unity.purchasing/Runtime/Purchasing/Utilities/Interfaces/ICatalogListingParser.cs using Guid(9f6ede1a6a1e84b1ea4d7a3b38438120) Importer(2089858483,b0f066a214c2f5e87bad3c948f4d605d) (ScriptedImporter) -> (artifact id: '1a333ea3d7335673cb9aa34ebf0433ba') in 0.0130942 seconds
Number of updated asset objects reloaded before import = 0Number of asset objects unloaded after import = 0

========================================================================
Received Import Request.
  Time since last request: 0.000064 seconds.
  path: Packages/com.unity.purchasing/Runtime/UnityPaymentProviders/Client/Scheduler/EngineStateHelper.cs
  artifactKey: Guid(bd0fee311bec84836aee72fd36b0896f) Importer(2089858483,b0f066a214c2f5e87bad3c948f4d605d)
Start importing Packages/com.unity.purchasing/Runtime/UnityPaymentProviders/Client/Scheduler/EngineStateHelper.cs using Guid(bd0fee311bec84836aee72fd36b0896f) Importer(2089858483,b0f066a214c2f5e87bad3c948f4d605d) (ScriptedImporter) -> (artifact id: '3c23ff481afee3dc5278a980f2974437') in 0.0114009 seconds
Number of updated asset objects reloaded before import = 0Number of asset objects unloaded after import = 0

========================================================================
Received Import Request.
  Time since last request: 0.000051 seconds.
  path: Packages/com.unity.purchasing/Editor/ServiceProjectSettings/UI/Views/XboxConfigurationSettingsBlock.cs
  artifactKey: Guid(77cb9845e5a4d6a469c8d67feef20ad3) Importer(2089858483,b0f066a214c2f5e87bad3c948f4d605d)
Start importing Packages/com.unity.purchasing/Editor/ServiceProjectSettings/UI/Views/XboxConfigurationSettingsBlock.cs using Guid(77cb9845e5a4d6a469c8d67feef20ad3) Importer(2089858483,b0f066a214c2f5e87bad3c948f4d605d) (ScriptedImporter) -> (artifact id: 'f1f1a2908b214cc761375dafe6ab1d07') in 0.0141301 seconds
Number of updated asset objects reloaded before import = 0Number of asset objects unloaded after import = 0

========================================================================
Received Import Request.
  Time since last request: 0.000057 seconds.
  path: Packages/com.unity.services.deployment/Editor/Interface/UI/Components/CollapseToggle.cs
  artifactKey: Guid(669f45bd044d64043a204bccda32b85a) Importer(2089858483,b0f066a214c2f5e87bad3c948f4d605d)
Start importing Packages/com.unity.services.deployment/Editor/Interface/UI/Components/CollapseToggle.cs using Guid(669f45bd044d64043a204bccda32b85a) Importer(2089858483,b0f066a214c2f5e87bad3c948f4d605d) (ScriptedImporter) -> (artifact id: 'bafaee2db98407c5e4f7e3897faca35f') in 0.0121604 seconds
Number of updated asset objects reloaded before import = 0Number of asset objects unloaded after import = 0

========================================================================
Received Import Request.
  Time since last request: 0.000080 seconds.
  path: Packages/com.unity.services.core/Editor/Core/UiHelpers/UXML/PlatformSupportVisual.uxml
  artifactKey: Guid(3ec1058b5f6b14ce3ad4b976c291d834) Importer(2089858483,b0f066a214c2f5e87bad3c948f4d605d)
Start importing Packages/com.unity.services.core/Editor/Core/UiHelpers/UXML/PlatformSupportVisual.uxml using Guid(3ec1058b5f6b14ce3ad4b976c291d834) Importer(2089858483,b0f066a214c2f5e87bad3c948f4d605d) (ScriptedImporter) -> (artifact id: 'c6ba63d7970c167de8059898113cc546') in 0.0179976 seconds
Number of updated asset objects reloaded before import = 0Number of asset objects unloaded after import = 2

========================================================================
Received Import Request.
  Time since last request: 0.000024 seconds.
  path: Packages/com.unity.purchasing/Runtime/UnityLiveContentAdapter/Client/Models/LiveContentAdapterIOneOf.cs
  artifactKey: Guid(3d62571bae49440d58d9b8ed6ec73b31) Importer(2089858483,b0f066a214c2f5e87bad3c948f4d605d)
Start importing Packages/com.unity.purchasing/Runtime/UnityLiveContentAdapter/Client/Models/LiveContentAdapterIOneOf.cs using Guid(3d62571bae49440d58d9b8ed6ec73b31) Importer(2089858483,b0f066a214c2f5e87bad3c948f4d605d) (ScriptedImporter) -> (artifact id: '1333452cf11aae9bf591698892ac7b75') in 0.0142751 seconds
Number of updated asset objects reloaded before import = 0Number of asset objects unloaded after import = 0

========================================================================
Received Import Request.
  Time since last request: 0.000044 seconds.
  path: Packages/com.unity.services.core/Runtime/Core.Internal/Components/Configuration/ICloudProjectId.cs
  artifactKey: Guid(e6a900469855a4439a8cc405993bbe57) Importer(2089858483,b0f066a214c2f5e87bad3c948f4d605d)
Start importing Packages/com.unity.services.core/Runtime/Core.Internal/Components/Configuration/ICloudProjectId.cs using Guid(e6a900469855a4439a8cc405993bbe57) Importer(2089858483,b0f066a214c2f5e87bad3c948f4d605d) (ScriptedImporter) -> (artifact id: 'ee2e4497922b76be829416050d03e226') in 0.0122604 seconds
Number of updated asset objects reloaded before import = 0Number of asset objects unloaded after import = 0

========================================================================
Received Import Request.
  Time since last request: 0.000080 seconds.
  path: Packages/com.unity.services.core/Runtime/Core.Internal/Components/Telemetry/IMetrics.cs
  artifactKey: Guid(a1ee07fd37bf943e898438344b687120) Importer(2089858483,b0f066a214c2f5e87bad3c948f4d605d)
Start importing Packages/com.unity.services.core/Runtime/Core.Internal/Components/Telemetry/IMetrics.cs using Guid(a1ee07fd37bf943e898438344b687120) Importer(2089858483,b0f066a214c2f5e87bad3c948f4d605d) (ScriptedImporter) -> (artifact id: '25b212e8f44d1e0c5ae27405291926ee') in 0.0135071 seconds
Number of updated asset objects reloaded before import = 0Number of asset objects unloaded after import = 0

========================================================================
Received Import Request.
  Time since last request: 0.000051 seconds.
  path: Packages/com.unity.microsoft.gdk/Runtime/Interop/XBL/TitleStorage/XblTitleStorageInterop.cs
  artifactKey: Guid(714f0eecaf894b289c54085716dd1f60) Importer(2089858483,b0f066a214c2f5e87bad3c948f4d605d)
Start importing Packages/com.unity.microsoft.gdk/Runtime/Interop/XBL/TitleStorage/XblTitleStorageInterop.cs using Guid(714f0eecaf894b289c54085716dd1f60) Importer(2089858483,b0f066a214c2f5e87bad3c948f4d605d) (ScriptedImporter) -> (artifact id: '94901e975768c00309c41574e6ebe96a') in 0.0120045 seconds
Number of updated asset objects reloaded before import = 0Number of asset objects unloaded after import = 0

========================================================================
Received Import Request.
  Time since last request: 0.000048 seconds.
  path: Packages/com.unity.services.core/Runtime/Core/Initialization/ServicesInitializationState.cs
  artifactKey: Guid(d13e2a11322224f628ff4c3821929eab) Importer(2089858483,b0f066a214c2f5e87bad3c948f4d605d)
Start importing Packages/com.unity.services.core/Runtime/Core/Initialization/ServicesInitializationState.cs using Guid(d13e2a11322224f628ff4c3821929eab) Importer(2089858483,b0f066a214c2f5e87bad3c948f4d605d) (ScriptedImporter) -> (artifact id: 'd2dfaa3508a204d50a58cd42798b9c5c') in 0.0123501 seconds
Number of updated asset objects reloaded before import = 0Number of asset objects unloaded after import = 0

========================================================================
Received Import Request.
  Time since last request: 0.000061 seconds.
  path: Packages/com.unity.purchasing/Editor/Authoring/UI/CatalogCsvInspectorConfig.cs
  artifactKey: Guid(2ee809435e23e4acea0a755da56b91f1) Importer(2089858483,b0f066a214c2f5e87bad3c948f4d605d)
Start importing Packages/com.unity.purchasing/Editor/Authoring/UI/CatalogCsvInspectorConfig.cs using Guid(2ee809435e23e4acea0a755da56b91f1) Importer(2089858483,b0f066a214c2f5e87bad3c948f4d605d) (ScriptedImporter) -> (artifact id: 'cf1cd29bb96f0d8031d3d6ae1a7ae540') in 0.0121975 seconds
Number of updated asset objects reloaded before import = 0Number of asset objects unloaded after import = 0

========================================================================
Received Import Request.
  Time since last request: 0.000023 seconds.
  path: Packages/com.unity.purchasing/Runtime/Purchasing/Core/Store/Exceptions/StoreException.cs
  artifactKey: Guid(b77046d2370d4a48a69b9e7bca432f55) Importer(2089858483,b0f066a214c2f5e87bad3c948f4d605d)
Start importing Packages/com.unity.purchasing/Runtime/Purchasing/Core/Store/Exceptions/StoreException.cs using Guid(b77046d2370d4a48a69b9e7bca432f55) Importer(2089858483,b0f066a214c2f5e87bad3c948f4d605d) (ScriptedImporter) -> (artifact id: '03172474900e03715309160f12426031') in 0.0153507 seconds
Number of updated asset objects reloaded before import = 0Number of asset objects unloaded after import = 0

========================================================================
Received Import Request.
  Time since last request: 0.000069 seconds.
  path: Packages/com.unity.purchasing/Runtime/TransactionVerifier/Client/Configuration/Configuration.cs
  artifactKey: Guid(7b37456ccb0034519bda6ae14eaaa046) Importer(2089858483,b0f066a214c2f5e87bad3c948f4d605d)
Start importing Packages/com.unity.purchasing/Runtime/TransactionVerifier/Client/Configuration/Configuration.cs using Guid(7b37456ccb0034519bda6ae14eaaa046) Importer(2089858483,b0f066a214c2f5e87bad3c948f4d605d) (ScriptedImporter) -> (artifact id: 'cb2f3b5a2ed72da07cf01894fb9fe2f2') in 0.014352 seconds
Number of updated asset objects reloaded before import = 0Number of asset objects unloaded after import = 0

========================================================================
Received Import Request.
  Time since last request: 0.000053 seconds.
  path: Packages/com.unity.services.core/Editor/Core/Configuration/ProjectConfigurationBuildInjectorWithReport.cs
  artifactKey: Guid(34b65b599cdb080488ba2c557ab7af08) Importer(2089858483,b0f066a214c2f5e87bad3c948f4d605d)
Start importing Packages/com.unity.services.core/Editor/Core/Configuration/ProjectConfigurationBuildInjectorWithReport.cs using Guid(34b65b599cdb080488ba2c557ab7af08) Importer(2089858483,b0f066a214c2f5e87bad3c948f4d605d) (ScriptedImporter) -> (artifact id: '4ec071429ac5c83e14bf446504713a6e') in 0.0144115 seconds
Number of updated asset objects reloaded before import = 0Number of asset objects unloaded after import = 0

========================================================================
Received Import Request.
  Time since last request: 0.000124 seconds.
  path: Packages/com.unity.microsoft.gdk/Runtime/XBL/TitleManagedStats
  artifactKey: Guid(e684bda430fa4da6bea7006b73f75b5a) Importer(2089858483,b0f066a214c2f5e87bad3c948f4d605d)
Start importing Packages/com.unity.microsoft.gdk/Runtime/XBL/TitleManagedStats using Guid(e684bda430fa4da6bea7006b73f75b5a) Importer(2089858483,b0f066a214c2f5e87bad3c948f4d605d) (ScriptedImporter) -> (artifact id: '62aa4ceb863e26a2f9ffc4f6439c08ef') in 0.0125622 seconds
Number of updated asset objects reloaded before import = 0Number of asset objects unloaded after import = 1

========================================================================
Received Import Request.
  Time since last request: 0.000021 seconds.
  path: Packages/com.unity.services.core/Runtime/Components/ServicesInitializationEvents.cs
  artifactKey: Guid(a1952452a6d6d0e4dbbf9ccf58e31d37) Importer(2089858483,b0f066a214c2f5e87bad3c948f4d605d)
Start importing Packages/com.unity.services.core/Runtime/Components/ServicesInitializationEvents.cs using Guid(a1952452a6d6d0e4dbbf9ccf58e31d37) Importer(2089858483,b0f066a214c2f5e87bad3c948f4d605d) (ScriptedImporter) -> (artifact id: '47a8bf9effa566dc3258e0f052bdb148') in 0.0144974 seconds
Number of updated asset objects reloaded before import = 0Number of asset objects unloaded after import = 0

========================================================================
Received Import Request.
  Time since last request: 0.000069 seconds.
  path: Packages/com.unity.services.core/Runtime/Configuration/SerializableProjectConfiguration.cs
  artifactKey: Guid(17c935ca4d9d95048931d5aec5d99d97) Importer(2089858483,b0f066a214c2f5e87bad3c948f4d605d)
Start importing Packages/com.unity.services.core/Runtime/Configuration/SerializableProjectConfiguration.cs using Guid(17c935ca4d9d95048931d5aec5d99d97) Importer(2089858483,b0f066a214c2f5e87bad3c948f4d605d) (ScriptedImporter) -> (artifact id: '85e11bd2783fb3b24bbee1a6f83798fe') in 0.0119453 seconds
Number of updated asset objects reloaded before import = 0Number of asset objects unloaded after import = 0

========================================================================
Received Import Request.
  Time since last request: 0.000089 seconds.
  path: Packages/com.unity.services.deployment/Editor/Configuration/IProjectPreferences.cs
  artifactKey: Guid(01ef452130d0f9b4c941d80802826ee0) Importer(2089858483,b0f066a214c2f5e87bad3c948f4d605d)
Start importing Packages/com.unity.services.deployment/Editor/Configuration/IProjectPreferences.cs using Guid(01ef452130d0f9b4c941d80802826ee0) Importer(2089858483,b0f066a214c2f5e87bad3c948f4d605d) (ScriptedImporter) -> (artifact id: '6c3dc7e7ca073c3301c2ee5533a5006d') in 0.0122827 seconds
Number of updated asset objects reloaded before import = 0Number of asset objects unloaded after import = 0

========================================================================
Received Import Request.
  Time since last request: 0.000055 seconds.
  path: Packages/com.unity.services.core/Runtime/Core.Internal/Components/Authentication/IPlayerId.cs
  artifactKey: Guid(1c760120bcec444b49d3351b04d063c0) Importer(2089858483,b0f066a214c2f5e87bad3c948f4d605d)
Start importing Packages/com.unity.services.core/Runtime/Core.Internal/Components/Authentication/IPlayerId.cs using Guid(1c760120bcec444b49d3351b04d063c0) Importer(2089858483,b0f066a214c2f5e87bad3c948f4d605d) (ScriptedImporter) -> (artifact id: '0e914ada45444d1bff3f92eb83cf0cd1') in 0.0126791 seconds
Number of updated asset objects reloaded before import = 0Number of asset objects unloaded after import = 0

========================================================================
Received Import Request.
  Time since last request: 0.000073 seconds.
  path: Packages/com.unity.purchasing/Editor/Analytics/PurchasingServiceAnalyticsSender.cs
  artifactKey: Guid(c16ff3308472c114ca698fddbc1ebeca) Importer(2089858483,b0f066a214c2f5e87bad3c948f4d605d)
Start importing Packages/com.unity.purchasing/Editor/Analytics/PurchasingServiceAnalyticsSender.cs using Guid(c16ff3308472c114ca698fddbc1ebeca) Importer(2089858483,b0f066a214c2f5e87bad3c948f4d605d) (ScriptedImporter) -> (artifact id: 'f38bc78ee5491788ff3ebc0a40dee747') in 0.0154935 seconds
Number of updated asset objects reloaded before import = 0Number of asset objects unloaded after import = 0

========================================================================
Received Import Request.
  Time since last request: 0.000068 seconds.
  path: Packages/com.unity.purchasing/Runtime/UnityLiveContentAdapter/Client/Scheduler/EngineStateHelper.cs
  artifactKey: Guid(0c982f173be2e4d9db10ee0d470b4876) Importer(2089858483,b0f066a214c2f5e87bad3c948f4d605d)
Start importing Packages/com.unity.purchasing/Runtime/UnityLiveContentAdapter/Client/Scheduler/EngineStateHelper.cs using Guid(0c982f173be2e4d9db10ee0d470b4876) Importer(2089858483,b0f066a214c2f5e87bad3c948f4d605d) (ScriptedImporter) -> (artifact id: 'aa8141729139e973773045b8eceb3c3a') in 0.0138426 seconds
Number of updated asset objects reloaded before import = 0Number of asset objects unloaded after import = 0

========================================================================
Received Import Request.
  Time since last request: 0.000093 seconds.
  path: Packages/com.unity.ai.navigation/README.md
  artifactKey: Guid(6fc2b2cf518e540319637f5c5c573d3a) Importer(2089858483,b0f066a214c2f5e87bad3c948f4d605d)
Start importing Packages/com.unity.ai.navigation/README.md using Guid(6fc2b2cf518e540319637f5c5c573d3a) Importer(2089858483,b0f066a214c2f5e87bad3c948f4d605d) (ScriptedImporter) -> (artifact id: '330608987a1f6fb2767bcb25dbb4c52f') in 0.0103691 seconds
Number of updated asset objects reloaded before import = 0Number of asset objects unloaded after import = 1

========================================================================
Received Import Request.
  Time since last request: 0.000022 seconds.
  path: Packages/com.unity.purchasing/Plugins/UnityPurchasing/Android/IAPResolver/IAPResolver.asmdef
  artifactKey: Guid(af860f39950cf4bcb871b7edd8c723d6) Importer(2089858483,b0f066a214c2f5e87bad3c948f4d605d)
Start importing Packages/com.unity.purchasing/Plugins/UnityPurchasing/Android/IAPResolver/IAPResolver.asmdef using Guid(af860f39950cf4bcb871b7edd8c723d6) Importer(2089858483,b0f066a214c2f5e87bad3c948f4d605d) (ScriptedImporter) -> (artifact id: '313b1c29c1790aa5045777b8f085aaab') in 0.0166337 seconds
Number of updated asset objects reloaded before import = 0Number of asset objects unloaded after import = 1

========================================================================
Received Import Request.
  Time since last request: 0.000021 seconds.
  path: Packages/com.unity.purchasing/Editor/Shared/Analytics/CommonAnalyticProvider.Gen.cs
  artifactKey: Guid(ed77d82ae4fb46898f8c9585dd71f7a0) Importer(2089858483,b0f066a214c2f5e87bad3c948f4d605d)
Start importing Packages/com.unity.purchasing/Editor/Shared/Analytics/CommonAnalyticProvider.Gen.cs using Guid(ed77d82ae4fb46898f8c9585dd71f7a0) Importer(2089858483,b0f066a214c2f5e87bad3c948f4d605d) (ScriptedImporter) -> (artifact id: 'e6342a14dac907d05dc1727ce44bb4dc') in 0.0136093 seconds
Number of updated asset objects reloaded before import = 0Number of asset objects unloaded after import = 0

========================================================================
Received Import Request.
  Time since last request: 0.000062 seconds.
  path: Packages/com.unity.services.core/Editor/Core/Status/StatusService.cs
  artifactKey: Guid(16b8ddc876eddc643a2febc0a4c44823) Importer(2089858483,b0f066a214c2f5e87bad3c948f4d605d)
Start importing Packages/com.unity.services.core/Editor/Core/Status/StatusService.cs using Guid(16b8ddc876eddc643a2febc0a4c44823) Importer(2089858483,b0f066a214c2f5e87bad3c948f4d605d) (ScriptedImporter) -> (artifact id: '87d15d2d19d8819ad9a8f79aff9741a8') in 0.0143047 seconds
Number of updated asset objects reloaded before import = 0Number of asset objects unloaded after import = 0

========================================================================
Received Import Request.
  Time since last request: 0.000061 seconds.
  path: Packages/com.unity.purchasing/Editor/Analytics/PackageKey/IAnalyticsPackageKeyHolder.cs
  artifactKey: Guid(a8f59d2af37fa2149a23d2b9f4d6b17e) Importer(2089858483,b0f066a214c2f5e87bad3c948f4d605d)
Start importing Packages/com.unity.purchasing/Editor/Analytics/PackageKey/IAnalyticsPackageKeyHolder.cs using Guid(a8f59d2af37fa2149a23d2b9f4d6b17e) Importer(2089858483,b0f066a214c2f5e87bad3c948f4d605d) (ScriptedImporter) -> (artifact id: 'd1939b75709c49197bb1736415ffee42') in 0.0143731 seconds
Number of updated asset objects reloaded before import = 0Number of asset objects unloaded after import = 0

========================================================================
Received Import Request.
  Time since last request: 0.000057 seconds.
  path: Packages/com.unity.purchasing/Editor/Shared/WebApi/IApiClient.cs
  artifactKey: Guid(c7cdeb159e22424ab9558b15b5193cd7) Importer(2089858483,b0f066a214c2f5e87bad3c948f4d605d)
Start importing Packages/com.unity.purchasing/Editor/Shared/WebApi/IApiClient.cs using Guid(c7cdeb159e22424ab9558b15b5193cd7) Importer(2089858483,b0f066a214c2f5e87bad3c948f4d605d) (ScriptedImporter) -> (artifact id: '1d2fd3ce22ed2f0d8dc436afad4697f3') in 0.0142584 seconds
Number of updated asset objects reloaded before import = 0Number of asset objects unloaded after import = 0

========================================================================
Received Import Request.
  Time since last request: 0.000096 seconds.
  path: Packages/com.unity.services.analytics/Runtime/AssemblyInfo.cs
  artifactKey: Guid(e6981830bbca4ba2a113c2f84a3e4cf5) Importer(2089858483,b0f066a214c2f5e87bad3c948f4d605d)
Start importing Packages/com.unity.services.analytics/Runtime/AssemblyInfo.cs using Guid(e6981830bbca4ba2a113c2f84a3e4cf5) Importer(2089858483,b0f066a214c2f5e87bad3c948f4d605d) (ScriptedImporter) -> (artifact id: '119fe5c4c2df9afd2fd5092402c5134a') in 0.0132246 seconds
Number of updated asset objects reloaded before import = 0Number of asset objects unloaded after import = 0

========================================================================
Received Import Request.
  Time since last request: 0.000072 seconds.
  path: Packages/com.unity.services.deployment/Core/Model/IDeploymentDefinition.cs
  artifactKey: Guid(f448a3385c234c6cb0077d4df0752c3a) Importer(2089858483,b0f066a214c2f5e87bad3c948f4d605d)
Start importing Packages/com.unity.services.deployment/Core/Model/IDeploymentDefinition.cs using Guid(f448a3385c234c6cb0077d4df0752c3a) Importer(2089858483,b0f066a214c2f5e87bad3c948f4d605d) (ScriptedImporter) -> (artifact id: '93d1efd4227e4b644cc6666c7d7cd132') in 0.0129871 seconds
Number of updated asset objects reloaded before import = 0Number of asset objects unloaded after import = 0

========================================================================
Received Import Request.
  Time since last request: 0.000074 seconds.
  path: Packages/com.unity.purchasing/Runtime/Purchasing/Core/Store/PaymentProviders/Extensions/CheckoutCloseReason.cs
  artifactKey: Guid(5567c4f323354d428eb4299f5622ec5a) Importer(2089858483,b0f066a214c2f5e87bad3c948f4d605d)
Start importing Packages/com.unity.purchasing/Runtime/Purchasing/Core/Store/PaymentProviders/Extensions/CheckoutCloseReason.cs using Guid(5567c4f323354d428eb4299f5622ec5a) Importer(2089858483,b0f066a214c2f5e87bad3c948f4d605d) (ScriptedImporter) -> (artifact id: '3ae6c942f1c91f4116a22f46ef81f5bf') in 0.0115238 seconds
Number of updated asset objects reloaded before import = 0Number of asset objects unloaded after import = 0

========================================================================
Received Import Request.
  Time since last request: 0.000076 seconds.
  path: Packages/com.unity.microsoft.gdk/Runtime/XAppCaptureLocalStreamHandle.cs
  artifactKey: Guid(b1c909aa7e434444ab57dea7173c9de6) Importer(2089858483,b0f066a214c2f5e87bad3c948f4d605d)
Start importing Packages/com.unity.microsoft.gdk/Runtime/XAppCaptureLocalStreamHandle.cs using Guid(b1c909aa7e434444ab57dea7173c9de6) Importer(2089858483,b0f066a214c2f5e87bad3c948f4d605d) (ScriptedImporter) -> (artifact id: '68fb5cd0ed04ae0483cbcea490b2294c') in 0.0125095 seconds
Number of updated asset objects reloaded before import = 0Number of asset objects unloaded after import = 0

========================================================================
Received Import Request.
  Time since last request: 0.000060 seconds.
  path: Packages/com.unity.purchasing/Runtime/Purchasing/Core/Store/AppleAppStore/Extensions/Interfaces/IAppleStoreExtendedService.cs
  artifactKey: Guid(fd56ef93ac77461c9a864d36e08db32d) Importer(2089858483,b0f066a214c2f5e87bad3c948f4d605d)
Start importing Packages/com.unity.purchasing/Runtime/Purchasing/Core/Store/AppleAppStore/Extensions/Interfaces/IAppleStoreExtendedService.cs using Guid(fd56ef93ac77461c9a864d36e08db32d) Importer(2089858483,b0f066a214c2f5e87bad3c948f4d605d) (ScriptedImporter) -> (artifact id: 'cbb0dda99ba634493176ea6f0988f087') in 0.0142313 seconds
Number of updated asset objects reloaded before import = 0Number of asset objects unloaded after import = 0

========================================================================
Received Import Request.
  Time since last request: 0.000066 seconds.
  path: Packages/com.unity.services.core/Editor/Core/Environments/Client/Apis/DefaultApiRequests.cs
  artifactKey: Guid(33abb6adc06fe4b9cb19d7b94597ab7d) Importer(2089858483,b0f066a214c2f5e87bad3c948f4d605d)
Start importing Packages/com.unity.services.core/Editor/Core/Environments/Client/Apis/DefaultApiRequests.cs using Guid(33abb6adc06fe4b9cb19d7b94597ab7d) Importer(2089858483,b0f066a214c2f5e87bad3c948f4d605d) (ScriptedImporter) -> (artifact id: 'deb60c39f4265ea382cae4e70e1e5dd6') in 0.010515 seconds
Number of updated asset objects reloaded before import = 0Number of asset objects unloaded after import = 0

========================================================================
Received Import Request.
  Time since last request: 0.000087 seconds.
  path: Packages/com.unity.purchasing/Runtime/Purchasing/Stores/PaymentProvider/Interfaces
  artifactKey: Guid(ddbed8351a0b045cda6e48843721736a) Importer(2089858483,b0f066a214c2f5e87bad3c948f4d605d)
Start importing Packages/com.unity.purchasing/Runtime/Purchasing/Stores/PaymentProvider/Interfaces using Guid(ddbed8351a0b045cda6e48843721736a) Importer(2089858483,b0f066a214c2f5e87bad3c948f4d605d) (ScriptedImporter) -> (artifact id: '30be5d6438e7f57c766b42d110f5469b') in 0.0146254 seconds
Number of updated asset objects reloaded before import = 0Number of asset objects unloaded after import = 1

========================================================================
Received Import Request.
  Time since last request: 0.000020 seconds.
  path: Packages/com.unity.services.core/Editor/Core/Shared/DependencyInversion/ConstructorNotFoundException.Gen.cs
  artifactKey: Guid(eca1326d875b644328c91fb36f5aa9d4) Importer(2089858483,b0f066a214c2f5e87bad3c948f4d605d)
Start importing Packages/com.unity.services.core/Editor/Core/Shared/DependencyInversion/ConstructorNotFoundException.Gen.cs using Guid(eca1326d875b644328c91fb36f5aa9d4) Importer(2089858483,b0f066a214c2f5e87bad3c948f4d605d) (ScriptedImporter) -> (artifact id: 'cf6617766415f01379055b4a0d7dbabf') in 0.0152755 seconds
Number of updated asset objects reloaded before import = 0Number of asset objects unloaded after import = 0

========================================================================
Received Import Request.
  Time since last request: 0.000077 seconds.
  path: Packages/com.unity.services.core/Runtime/Networking/HttpServiceConfig.cs
  artifactKey: Guid(0958b116e385d7549a65117ca9ed24d5) Importer(2089858483,b0f066a214c2f5e87bad3c948f4d605d)
Start importing Packages/com.unity.services.core/Runtime/Networking/HttpServiceConfig.cs using Guid(0958b116e385d7549a65117ca9ed24d5) Importer(2089858483,b0f066a214c2f5e87bad3c948f4d605d) (ScriptedImporter) -> (artifact id: 'a2c8df1a165f9ada9deb56e148a8c9f8') in 0.0150635 seconds
Number of updated asset objects reloaded before import = 0Number of asset objects unloaded after import = 0

========================================================================
Received Import Request.
  Time since last request: 0.000087 seconds.
  path: Packages/com.unity.services.core/Editor/Core/Configuration/Unity.Services.Core.Configuration.Editor.asmdef
  artifactKey: Guid(d0d897c4aa12b8140b650ec29e099ff7) Importer(2089858483,b0f066a214c2f5e87bad3c948f4d605d)
Start importing Packages/com.unity.services.core/Editor/Core/Configuration/Unity.Services.Core.Configuration.Editor.asmdef using Guid(d0d897c4aa12b8140b650ec29e099ff7) Importer(2089858483,b0f066a214c2f5e87bad3c948f4d605d) (ScriptedImporter) -> (artifact id: 'a6b53db99ab85b7eda4f00b52974e022') in 0.0138933 seconds
Number of updated asset objects reloaded before import = 0Number of asset objects unloaded after import = 1

========================================================================
Received Import Request.
  Time since last request: 0.000044 seconds.
  path: Packages/com.unity.ai.navigation/EditorResources/Overlay/d_NavigationOverlay@64.png
  artifactKey: Guid(1dacc9e843ef1444fad71e40913ef05c) Importer(2089858483,b0f066a214c2f5e87bad3c948f4d605d)
Start importing Packages/com.unity.ai.navigation/EditorResources/Overlay/d_NavigationOverlay@64.png using Guid(1dacc9e843ef1444fad71e40913ef05c) Importer(2089858483,b0f066a214c2f5e87bad3c948f4d605d) (ScriptedImporter) -> (artifact id: 'dd6c46cac02dcd6f609a6f4a8c39ad2f') in 0.0223139 seconds
Number of updated asset objects reloaded before import = 0Number of asset objects unloaded after import = 1

========================================================================
Received Import Request.
  Time since last request: 0.000046 seconds.
  path: Packages/com.unity.purchasing/Editor/Shared
  artifactKey: Guid(e86b24a9002b742469ef9f1ed79aabac) Importer(2089858483,b0f066a214c2f5e87bad3c948f4d605d)
Start importing Packages/com.unity.purchasing/Editor/Shared using Guid(e86b24a9002b742469ef9f1ed79aabac) Importer(2089858483,b0f066a214c2f5e87bad3c948f4d605d) (ScriptedImporter) -> (artifact id: '609ede4c22b3870aea9f8664f79a9223') in 0.011199 seconds
Number of updated asset objects reloaded before import = 0Number of asset objects unloaded after import = 1

========================================================================
Received Import Request.
  Time since last request: 0.000034 seconds.
  path: Packages/com.unity.purchasing/Runtime/Purchasing/Core/Store/Models
  artifactKey: Guid(fb1fa6771e92ea749954bbf15ecb7a26) Importer(2089858483,b0f066a214c2f5e87bad3c948f4d605d)
Start importing Packages/com.unity.purchasing/Runtime/Purchasing/Core/Store/Models using Guid(fb1fa6771e92ea749954bbf15ecb7a26) Importer(2089858483,b0f066a214c2f5e87bad3c948f4d605d) (ScriptedImporter) -> (artifact id: 'ced2bdc3cfcea4076f6647ba51dda517') in 0.0149763 seconds
Number of updated asset objects reloaded before import = 0Number of asset objects unloaded after import = 1

========================================================================
Received Import Request.
  Time since last request: 0.000042 seconds.
  path: Packages/com.unity.services.core/Runtime/Core/Unity.Services.Core.api
  artifactKey: Guid(75ba8cc18b7164eb6aa7a8c4e64fbd25) Importer(2089858483,b0f066a214c2f5e87bad3c948f4d605d)
Start importing Packages/com.unity.services.core/Runtime/Core/Unity.Services.Core.api using Guid(75ba8cc18b7164eb6aa7a8c4e64fbd25) Importer(2089858483,b0f066a214c2f5e87bad3c948f4d605d) (ScriptedImporter) -> (artifact id: '6d9deae8314d5b40233e9831d5bfcbf7') in 0.0150272 seconds
Number of updated asset objects reloaded before import = 0Number of asset objects unloaded after import = 1

========================================================================
Received Import Request.
  Time since last request: 0.000049 seconds.
  path: Packages/com.unity.purchasing/Plugins/UnityPurchasing/iOS/UnityFirebaseAnalytics.m
  artifactKey: Guid(02af9b0bffd0f466180603a20f99ea4b) Importer(2089858483,b0f066a214c2f5e87bad3c948f4d605d)
Start importing Packages/com.unity.purchasing/Plugins/UnityPurchasing/iOS/UnityFirebaseAnalytics.m using Guid(02af9b0bffd0f466180603a20f99ea4b) Importer(2089858483,b0f066a214c2f5e87bad3c948f4d605d) (ScriptedImporter) -> (artifact id: '3686ffb78e918b32e8765c6a903c713f') in 0.0157514 seconds
Number of updated asset objects reloaded before import = 0Number of asset objects unloaded after import = 0

