[Licensing::Module] Trying to connect to existing licensing client channel...
Built from '6000.3/staging' branch; Version is '6000.3.20f1 (c9ba695d4f07) revision 13220457'; Using compiler version '194234433'; Build Type 'Release'
OS: 'Windows 11  (10.0.26200) Professional' Language: 'ko' Physical Memory: 16227 MB
[Licensing::IpcConnector] Successfully connected to: "LicenseClient-angda" at "2026-10-06T14:31:55.2781284Z"
BatchMode: 1, IsHumanControllingUs: 0, StartBugReporterOnCrash: 0, Is64bit: 1
System  architecture: x64
Process architecture: x64
Date: 2026-10-06T14:31:55Z

COMMAND LINE ARGUMENTS:
C:\Program Files\Unity\Hub\Editor\6000.3.20f1\Editor\Unity.exe
-adb2
-batchMode
-noUpm
-name
AssetImportWorker2
-projectPath
C:/unity/BugCatch
-logFile
Logs/AssetImportWorker2.log
-srvPort
57878
-parentPid
19412
-analyticsCloudUserId
14569595589620
-analyticsCloudProjectId
91e90bdc-e5a6-426d-93b6-7d69c060a2ad
-analyticsLocalProjectId
ccd1533ec17c98c4e85b4caebe0d0a7c
-licensingIpc
LicenseClient-angda
-job-worker-count
5
-background-job-worker-count
8
-gc-helper-count
1
-name
AssetImport
Successfully changed project path to: C:/unity/BugCatch
C:/unity/BugCatch
[UnityMemory] Configuration Parameters - Can be set up in boot.config
    "memorysetup-temp-allocator-size-nav-mesh-worker=65536"
    "memorysetup-temp-allocator-size-audio-worker=65536"
    "memorysetup-temp-allocator-size-gfx=262144"
    "memorysetup-allocator-temp-initial-block-size-main=262144"
    "memorysetup-allocator-temp-initial-block-size-worker=262144"
    "memorysetup-temp-allocator-size-background-worker=32768"
    "memorysetup-temp-allocator-size-job-worker=262144"
    "memorysetup-temp-allocator-size-preload-manager=33554432"
    "memorysetup-temp-allocator-size-gi-baking-worker=262144"
    "memorysetup-temp-allocator-size-gi-baking-worker=262144"
    "memorysetup-temp-allocator-size-gi-baking-worker=262144"
    "memorysetup-temp-allocator-size-gi-baking-worker=262144"
    "memorysetup-temp-allocator-size-gi-baking-worker=262144"
    "memorysetup-bucket-allocator-granularity=16"
    "memorysetup-bucket-allocator-bucket-count=8"
    "memorysetup-bucket-allocator-block-size=33554432"
    "memorysetup-bucket-allocator-block-count=8"
    "memorysetup-main-allocator-block-size=16777216"
    "memorysetup-thread-allocator-block-size=16777216"
    "memorysetup-gfx-main-allocator-block-size=16777216"
    "memorysetup-gfx-thread-allocator-block-size=16777216"
    "memorysetup-cache-allocator-block-size=4194304"
    "memorysetup-typetree-allocator-block-size=2097152"
    "memorysetup-profiler-bucket-allocator-granularity=16"
    "memorysetup-profiler-bucket-allocator-bucket-count=8"
    "memorysetup-profiler-bucket-allocator-block-size=33554432"
    "memorysetup-profiler-bucket-allocator-block-count=8"
    "memorysetup-profiler-allocator-block-size=16777216"
    "memorysetup-profiler-editor-allocator-block-size=1048576"
    "memorysetup-temp-allocator-size-main=16777216"
    "memorysetup-job-temp-allocator-block-size=2097152"
    "memorysetup-job-temp-allocator-block-size-background=1048576"
    "memorysetup-job-temp-allocator-reduction-small-platforms=262144"
    "memorysetup-temp-allocator-size-cloud-worker=32768"
Player connection [9848]  Target information:

Player connection [9848]  * "[IP] 172.31.3.154 [Port] 0 [Flags] 2 [Guid] 3346556792 [EditorId] 3346556792 [Version] 1048832 [Id] WindowsEditor(7,³ª°­À±) [Debug] 1 [PackageName] WindowsEditor [ProjectName] Editor" 

Player connection [9848] Host joined multi-casting on [225.0.0.222:54997]...
Player connection [9848] Host joined alternative multi-casting on [225.0.0.222:34997]...
JobSystem: Creating JobQueue using job-worker-count value 5
Input System module state changed to: Initialized.
[Physics::Module] Initialized fallback backend.
[Physics::Module] Id: 0xdecafbad
Library Redirect Path: Library/
[Physics::Module] Selected backend.
[Physics::Module] Name: PhysX
[Physics::Module] Id: 0xf2b8ea05
[Physics::Module] SDK Version: 4.1.2
[Physics::Module] Integration Version: 1.0.0
[Physics::Module] Threading Mode: Multi-Threaded
Refreshing native plugins compatible for Editor in 25.61 ms, found 4 plugins.
Preloading 0 native plugins for Editor in 0.00 ms.
Initialize engine version: 6000.3.20f1 (c9ba695d4f07)
[Subsystems] Discovering subsystems at path C:/Program Files/Unity/Hub/Editor/6000.3.20f1/Editor/Data/Resources/UnitySubsystems
[Subsystems] Discovering subsystems at path C:/unity/BugCatch/Assets
GfxDevice: creating device client; kGfxThreadingModeNonThreaded
d3d12: failed to query info queue interface (0x80004002).
Direct3D:
    Version:         Direct3D 12 [level 12.1]
    Renderer:        NVIDIA GeForce GTX 1650 (ID=0x1f91)
    Vendor:          NVIDIA
    VRAM:            3935 MB
    App VRAM Budget: 3344 MB
    Driver:          32.0.16.1062
Initialize mono
Mono path[0] = 'C:/Program Files/Unity/Hub/Editor/6000.3.20f1/Editor/Data/Managed'
Mono path[1] = 'C:/Program Files/Unity/Hub/Editor/6000.3.20f1/Editor/Data/MonoBleedingEdge/lib/mono/unityjit-win32'
Mono config path = 'C:/Program Files/Unity/Hub/Editor/6000.3.20f1/Editor/Data/MonoBleedingEdge/etc'
Using monoOptions --debugger-agent=transport=dt_socket,embedding=1,server=y,suspend=n,address=127.0.0.1:56344
Begin MonoManager ReloadAssembly
Registering precompiled unity dll's ...
Register platform support module: C:/Program Files/Unity/Hub/Editor/6000.3.20f1/Editor/Data/PlaybackEngines/WindowsStandaloneSupport/UnityEditor.WindowsStandalone.Extensions.dll
Registered in 0.004158 seconds.
- Loaded All Assemblies, in  0.826 seconds
Native extension for WindowsStandalone target not found
Package Manager log level set to [2]
[Package Manager] Failed to launch server process. Reason: Unity was launched with the -noUpm command-line argument
[Package Manager] Unable to send message (not connected to server process).
[Package Manager] Cannot connect to Unity Package Manager local server
ScheduleIndexationOnStartup MainProcess:False IndexOnStartup:True
Mono: successfully reloaded assembly
- Finished resetting the current domain, in  0.778 seconds
Domain Reload Profiling: 1597ms
	BeginReloadAssembly (274ms)
		ExecutionOrderSort (0ms)
		DisableScriptedObjects (0ms)
		BackupInstance (0ms)
		ReleaseScriptingObjects (0ms)
		CreateAndSetChildDomain (1ms)
	RebuildCommonClasses (78ms)
	RebuildNativeTypeToScriptingClass (25ms)
	initialDomainReloadingComplete (91ms)
	LoadAllAssembliesAndSetupDomain (350ms)
		LoadAssemblies (263ms)
		RebuildTransferFunctionScriptingTraits (0ms)
		AnalyzeDomain (346ms)
			TypeCache.Refresh (343ms)
				TypeCache.ScanAssembly (314ms)
			BuildScriptInfoCaches (0ms)
			ResolveRequiredComponents (1ms)
	FinalizeReload (778ms)
		ReleaseScriptCaches (0ms)
		RebuildScriptCaches (0ms)
		SetupLoadedEditorAssemblies (705ms)
			LogAssemblyErrors (0ms)
			InitializePlatformSupportModulesInManaged (152ms)
			SetLoadedEditorAssemblies (6ms)
			BeforeProcessingInitializeOnLoad (182ms)
			ProcessInitializeOnLoadAttributes (266ms)
			ProcessInitializeOnLoadMethodAttributes (99ms)
			AfterProcessingInitializeOnLoad (0ms)
			EditorAssembliesLoaded (0ms)
		ExecutionOrderSort2 (0ms)
		AwakeInstancesAfterBackupRestoration (0ms)
[Licensing::Module] Licensing is not yet initialized.
[Licensing::Client] Error: HandshakeResponse reported an error:
	ResponseCode: 505
	ResponseStatus: Unsupported protocol version '1.18.1'.
[Licensing::Module] Error: Failed to handshake to channel: "LicenseClient-angda"
[Licensing::IpcConnector] LicenseClient-angda channel disconnected successfully.
[Licensing::IpcConnector] Successfully connected to: "LicenseClient-angda-6000.3.20" at "2026-10-06T14:32:00.0269336Z"
[Licensing::Client] Code 10 while verifying Licensing Client signature (process Id: 8724, path: "C:/Program Files/Unity/Hub/Editor/6000.3.20f1/Editor/Data/Resources/Licensing/Client/Unity.Licensing.Client.exe")
[Licensing::Module] LicensingClient has failed validation; ignoring
[Licensing::Client] Handshaking with LicensingClient:
  Version:                 1.18.1+9fbee8e
  Session Id:              4161bdd601f647ad92ef682e8278a2b2
  Correlation Id:          f4bb3f150ad3a1d2bca7bd759a70d9d0
  External correlation Id: 4817953347555902551
  Machine Id:              5A1VgrhWIQ1Q9/J8In4vuTo0y10=
[Licensing::Module] Successfully connected to LicensingClient on channel: "LicenseClient-angda-6000.3.20" (connect: 0.00s, validation: 0.00s, handshake: 0.02s)
[Licensing::IpcConnector] Successfully connected to: "LicenseClient-angda-6000.3.20-notifications" at "2026-10-06T14:32:00.0507608Z"
[Licensing::Module] Licensing Background thread has ended after 4.77s
[Licensing::Module] Licensing is initialized (took 1.59s).
[Licensing::Client] Successfully resolved entitlement details
[Licensing::Module] License group:
  Id: 14569595589620-UnityPersXXXX
  Product: Unity Personal
  Type: Assigned
  Expiration: Unlimited
========================================================================
Worker process is ready to serve import requests
Import Worker Mode flag is 0x00
Begin MonoManager ReloadAssembly
Symbol file LoadedFromMemory is not a mono symbol file
- Loaded All Assemblies, in  1.352 seconds
Refreshing native plugins compatible for Editor in 19.89 ms, found 4 plugins.
Native extension for WindowsStandalone target not found
[Package Manager] Failed to launch server process. Reason: Unity was launched with the -noUpm command-line argument
[Package Manager] Unable to send message (not connected to server process).
[Package Manager] Cannot connect to Unity Package Manager local server
Refreshing native plugins compatible for Editor in 19.04 ms, found 4 plugins.
[Package Manager] Failed to launch server process. Reason: Unity was launched with the -noUpm command-line argument
[Package Manager] Unable to send message (not connected to server process).
[Package Manager] Cannot connect to Unity Package Manager local server
ScheduleIndexationOnStartup MainProcess:False IndexOnStartup:True
Mono: successfully reloaded assembly
- Finished resetting the current domain, in  1.277 seconds
Domain Reload Profiling: 2615ms
	BeginReloadAssembly (331ms)
		ExecutionOrderSort (0ms)
		DisableScriptedObjects (14ms)
		BackupInstance (0ms)
		ReleaseScriptingObjects (0ms)
		CreateAndSetChildDomain (38ms)
	RebuildCommonClasses (67ms)
	RebuildNativeTypeToScriptingClass (27ms)
	initialDomainReloadingComplete (69ms)
	LoadAllAssembliesAndSetupDomain (845ms)
		LoadAssemblies (645ms)
		RebuildTransferFunctionScriptingTraits (0ms)
		AnalyzeDomain (392ms)
			TypeCache.Refresh (289ms)
				TypeCache.ScanAssembly (259ms)
			BuildScriptInfoCaches (93ms)
			ResolveRequiredComponents (4ms)
	FinalizeReload (1278ms)
		ReleaseScriptCaches (0ms)
		RebuildScriptCaches (0ms)
		SetupLoadedEditorAssemblies (1041ms)
			LogAssemblyErrors (0ms)
			InitializePlatformSupportModulesInManaged (27ms)
			SetLoadedEditorAssemblies (8ms)
			BeforeProcessingInitializeOnLoad (299ms)
			ProcessInitializeOnLoadAttributes (516ms)
			ProcessInitializeOnLoadMethodAttributes (179ms)
			AfterProcessingInitializeOnLoad (12ms)
			EditorAssembliesLoaded (1ms)
		ExecutionOrderSort2 (0ms)
		AwakeInstancesAfterBackupRestoration (9ms)
Launched and connected shader compiler UnityShaderCompiler.exe after 0.01 seconds
Refreshing native plugins compatible for Editor in 14.02 ms, found 4 plugins.
Preloading 0 native plugins for Editor in 0.00 ms.
Unloading 0 Unused Serialized files (Serialized files now loaded: 0)
Curl error 3: URL rejected: Malformed input to a URL function
Unloading 4582 unused Assets / (1.2 MB). Loaded Objects now: 5132.
Memory consumption went from 101.9 MB to 100.7 MB.
Total: 8.382200 ms (FindLiveObjects: 0.511900 ms CreateObjectMapping: 0.604600 ms MarkObjects: 5.770700 ms  DeleteObjects: 1.493600 ms)

========================================================================
Received Import Request.
  Time since last request: 8353.642465 seconds.
  path: Packages/com.unity.services.deployment/Editor/Interface/UI/Assets/DeploymentWindowStateTemplates
  artifactKey: Guid(76539e0dd73c34368bb0684134bf8085) Importer(2089858483,b0f066a214c2f5e87bad3c948f4d605d)
Start importing Packages/com.unity.services.deployment/Editor/Interface/UI/Assets/DeploymentWindowStateTemplates using Guid(76539e0dd73c34368bb0684134bf8085) Importer(2089858483,b0f066a214c2f5e87bad3c948f4d605d) (ScriptedImporter) -> (artifact id: '4da30a54c25a0b7b7ed4a53a2f047368') in 0.1085329 seconds
Number of updated asset objects reloaded before import = 0Number of asset objects unloaded after import = 1

========================================================================
Received Import Request.
  Time since last request: 0.000037 seconds.
  path: Packages/com.unity.purchasing/Editor/Authoring/Core/Batching/Batching.cs
  artifactKey: Guid(a887b8f2e5e31e14493bba3fa1a8ef47) Importer(2089858483,b0f066a214c2f5e87bad3c948f4d605d)
Start importing Packages/com.unity.purchasing/Editor/Authoring/Core/Batching/Batching.cs using Guid(a887b8f2e5e31e14493bba3fa1a8ef47) Importer(2089858483,b0f066a214c2f5e87bad3c948f4d605d) (ScriptedImporter) -> (artifact id: 'a3f6fa87e993da5f6775311902914a6f') in 0.0847012 seconds
Number of updated asset objects reloaded before import = 0Number of asset objects unloaded after import = 0

========================================================================
Received Import Request.
  Time since last request: 0.000081 seconds.
  path: Packages/com.unity.purchasing/Editor/Authoring/Core/Model/Enums/TranslationLocale.cs
  artifactKey: Guid(cff7b2fe859954248b2301c2ec7b9e3a) Importer(2089858483,b0f066a214c2f5e87bad3c948f4d605d)
Start importing Packages/com.unity.purchasing/Editor/Authoring/Core/Model/Enums/TranslationLocale.cs using Guid(cff7b2fe859954248b2301c2ec7b9e3a) Importer(2089858483,b0f066a214c2f5e87bad3c948f4d605d) (ScriptedImporter) -> (artifact id: 'e93336450c7ebeb155a291ecaaf736f1') in 0.0161572 seconds
Number of updated asset objects reloaded before import = 0Number of asset objects unloaded after import = 0

========================================================================
Received Import Request.
  Time since last request: 0.000058 seconds.
  path: Packages/com.unity.purchasing/Runtime/UnityPaymentProviders/Client/Models/BasicErrorResponse.cs
  artifactKey: Guid(a2c70ddf435724d79ba83e7016e25019) Importer(2089858483,b0f066a214c2f5e87bad3c948f4d605d)
Start importing Packages/com.unity.purchasing/Runtime/UnityPaymentProviders/Client/Models/BasicErrorResponse.cs using Guid(a2c70ddf435724d79ba83e7016e25019) Importer(2089858483,b0f066a214c2f5e87bad3c948f4d605d) (ScriptedImporter) -> (artifact id: '5747987294a2e3a966b1c1b07f55b084') in 0.0172054 seconds
Number of updated asset objects reloaded before import = 0Number of asset objects unloaded after import = 0

========================================================================
Received Import Request.
  Time since last request: 0.000033 seconds.
  path: Packages/com.unity.purchasing/Editor/Authoring/LiveContentAdminApi/Client/Model/Metadata.cs
  artifactKey: Guid(9612b9dc8c3844d7696121e191454059) Importer(2089858483,b0f066a214c2f5e87bad3c948f4d605d)
Start importing Packages/com.unity.purchasing/Editor/Authoring/LiveContentAdminApi/Client/Model/Metadata.cs using Guid(9612b9dc8c3844d7696121e191454059) Importer(2089858483,b0f066a214c2f5e87bad3c948f4d605d) (ScriptedImporter) -> (artifact id: '4d1b99a5e74cebeea50a43630bf01d61') in 0.0169387 seconds
Number of updated asset objects reloaded before import = 0Number of asset objects unloaded after import = 0

========================================================================
Received Import Request.
  Time since last request: 0.000288 seconds.
  path: Packages/com.unity.services.deployment/Editor/Interface/UI/Views/DeploymentElementViewBase.cs
  artifactKey: Guid(b5bc533d1f2424213a2f270582551e5d) Importer(2089858483,b0f066a214c2f5e87bad3c948f4d605d)
Start importing Packages/com.unity.services.deployment/Editor/Interface/UI/Views/DeploymentElementViewBase.cs using Guid(b5bc533d1f2424213a2f270582551e5d) Importer(2089858483,b0f066a214c2f5e87bad3c948f4d605d) (ScriptedImporter) -> (artifact id: 'd678ec32edb02e973cd2c464b7193633') in 0.0258607 seconds
Number of updated asset objects reloaded before import = 0Number of asset objects unloaded after import = 0

========================================================================
Received Import Request.
  Time since last request: 0.000054 seconds.
  path: Packages/com.unity.purchasing/Runtime/Purchasing/Stores/AppleAppStore/AppleProductMetadata.cs
  artifactKey: Guid(3f0adb41640b403cb2531cc76ebca447) Importer(2089858483,b0f066a214c2f5e87bad3c948f4d605d)
Start importing Packages/com.unity.purchasing/Runtime/Purchasing/Stores/AppleAppStore/AppleProductMetadata.cs using Guid(3f0adb41640b403cb2531cc76ebca447) Importer(2089858483,b0f066a214c2f5e87bad3c948f4d605d) (ScriptedImporter) -> (artifact id: '6ff8e83df0c4ca63c73a7e019755280f') in 0.0161779 seconds
Number of updated asset objects reloaded before import = 0Number of asset objects unloaded after import = 0

========================================================================
Received Import Request.
  Time since last request: 0.000197 seconds.
  path: Packages/com.unity.purchasing/Editor/Authoring/LiveContentAdminApi/Client/Model/FileWithState.cs
  artifactKey: Guid(1c97357ca1a14329aaa1f2bf3d384567) Importer(2089858483,b0f066a214c2f5e87bad3c948f4d605d)
Start importing Packages/com.unity.purchasing/Editor/Authoring/LiveContentAdminApi/Client/Model/FileWithState.cs using Guid(1c97357ca1a14329aaa1f2bf3d384567) Importer(2089858483,b0f066a214c2f5e87bad3c948f4d605d) (ScriptedImporter) -> (artifact id: '47cdd439864ba2b398d4a6df80a33d56') in 0.0170013 seconds
Number of updated asset objects reloaded before import = 0Number of asset objects unloaded after import = 0

========================================================================
Received Import Request.
  Time since last request: 0.000066 seconds.
  path: Packages/com.unity.services.deployment/Editor/Interface/UI/Components
  artifactKey: Guid(c2a7ced45f4e2419ab28c8b0a1327c44) Importer(2089858483,b0f066a214c2f5e87bad3c948f4d605d)
Start importing Packages/com.unity.services.deployment/Editor/Interface/UI/Components using Guid(c2a7ced45f4e2419ab28c8b0a1327c44) Importer(2089858483,b0f066a214c2f5e87bad3c948f4d605d) (ScriptedImporter) -> (artifact id: '0e77d2cc7bb2768ddab9dcc04e9c650f') in 0.0167446 seconds
Number of updated asset objects reloaded before import = 0Number of asset objects unloaded after import = 1

========================================================================
Received Import Request.
  Time since last request: 0.000057 seconds.
  path: Packages/com.unity.purchasing/Runtime/UnityWebshops/Interfaces
  artifactKey: Guid(cb36ec83775a43a988ef72ffaf2ad0cf) Importer(2089858483,b0f066a214c2f5e87bad3c948f4d605d)
Start importing Packages/com.unity.purchasing/Runtime/UnityWebshops/Interfaces using Guid(cb36ec83775a43a988ef72ffaf2ad0cf) Importer(2089858483,b0f066a214c2f5e87bad3c948f4d605d) (ScriptedImporter) -> (artifact id: '3775eb705cc239341dba0c1b17a2679a') in 0.0158674 seconds
Number of updated asset objects reloaded before import = 0Number of asset objects unloaded after import = 1

========================================================================
Received Import Request.
  Time since last request: 0.000029 seconds.
  path: Packages/com.unity.purchasing/Runtime/UnityWebshops/Client/Apis/WebshopLinkApi.cs
  artifactKey: Guid(d9e5075f495e64c9cae5dd6eea86ba21) Importer(2089858483,b0f066a214c2f5e87bad3c948f4d605d)
Start importing Packages/com.unity.purchasing/Runtime/UnityWebshops/Client/Apis/WebshopLinkApi.cs using Guid(d9e5075f495e64c9cae5dd6eea86ba21) Importer(2089858483,b0f066a214c2f5e87bad3c948f4d605d) (ScriptedImporter) -> (artifact id: '9ab340f0acbd59b4ab933b6814575a05') in 0.0190208 seconds
Number of updated asset objects reloaded before import = 0Number of asset objects unloaded after import = 0

========================================================================
Received Import Request.
  Time since last request: 0.000125 seconds.
  path: Packages/com.unity.purchasing/Editor/Shared/DependencyInversion/Transient.Gen.cs
  artifactKey: Guid(40d33a5917954fbfb1e0b77318a2923e) Importer(2089858483,b0f066a214c2f5e87bad3c948f4d605d)
Start importing Packages/com.unity.purchasing/Editor/Shared/DependencyInversion/Transient.Gen.cs using Guid(40d33a5917954fbfb1e0b77318a2923e) Importer(2089858483,b0f066a214c2f5e87bad3c948f4d605d) (ScriptedImporter) -> (artifact id: '8dbe4db9d6cbac2000637f047198098f') in 0.0183493 seconds
Number of updated asset objects reloaded before import = 0Number of asset objects unloaded after import = 0

========================================================================
Received Import Request.
  Time since last request: 0.000083 seconds.
  path: Packages/com.unity.purchasing/Editor/Analytics/Entity/GameServices/GameServicesEventActions.cs
  artifactKey: Guid(25e7fffddb47fc74f91c516407c76ee1) Importer(2089858483,b0f066a214c2f5e87bad3c948f4d605d)
Start importing Packages/com.unity.purchasing/Editor/Analytics/Entity/GameServices/GameServicesEventActions.cs using Guid(25e7fffddb47fc74f91c516407c76ee1) Importer(2089858483,b0f066a214c2f5e87bad3c948f4d605d) (ScriptedImporter) -> (artifact id: '4fdb117893167e3b8eb371c836ca5a32') in 0.0162614 seconds
Number of updated asset objects reloaded before import = 0Number of asset objects unloaded after import = 0

========================================================================
Received Import Request.
  Time since last request: 0.000030 seconds.
  path: Packages/com.unity.purchasing/Runtime/UnityPaymentProviders/Client/Http/Responses.cs
  artifactKey: Guid(ff68ef8729a5a40dd85eceeb92b3e1ee) Importer(2089858483,b0f066a214c2f5e87bad3c948f4d605d)
Start importing Packages/com.unity.purchasing/Runtime/UnityPaymentProviders/Client/Http/Responses.cs using Guid(ff68ef8729a5a40dd85eceeb92b3e1ee) Importer(2089858483,b0f066a214c2f5e87bad3c948f4d605d) (ScriptedImporter) -> (artifact id: 'be3c9b476cffd34e7dd2744c68ed83ee') in 0.018041 seconds
Number of updated asset objects reloaded before import = 0Number of asset objects unloaded after import = 0

========================================================================
Received Import Request.
  Time since last request: 0.000099 seconds.
  path: Packages/com.unity.purchasing/Editor/Authoring/Deployment/RoutingOpenDashboardCommand.cs
  artifactKey: Guid(cd93e5f738e54f2da39ece1e06ff950d) Importer(2089858483,b0f066a214c2f5e87bad3c948f4d605d)
Start importing Packages/com.unity.purchasing/Editor/Authoring/Deployment/RoutingOpenDashboardCommand.cs using Guid(cd93e5f738e54f2da39ece1e06ff950d) Importer(2089858483,b0f066a214c2f5e87bad3c948f4d605d) (ScriptedImporter) -> (artifact id: 'fb07e416c8b70488541be298aa41f2ad') in 0.0180459 seconds
Number of updated asset objects reloaded before import = 0Number of asset objects unloaded after import = 0

========================================================================
Received Import Request.
  Time since last request: 0.000070 seconds.
  path: Packages/com.unity.purchasing/Runtime/UnityPaymentProviders
  artifactKey: Guid(0bc259c8b0d2d44e9bafc3cbf02317a4) Importer(2089858483,b0f066a214c2f5e87bad3c948f4d605d)
Start importing Packages/com.unity.purchasing/Runtime/UnityPaymentProviders using Guid(0bc259c8b0d2d44e9bafc3cbf02317a4) Importer(2089858483,b0f066a214c2f5e87bad3c948f4d605d) (ScriptedImporter) -> (artifact id: '230a19aec410c98aef481d5969e57a62') in 0.0147211 seconds
Number of updated asset objects reloaded before import = 0Number of asset objects unloaded after import = 1

========================================================================
Received Import Request.
  Time since last request: 0.000049 seconds.
  path: Packages/com.unity.purchasing/Runtime/Purchasing/Stores/Android/GooglePlay/AAR/Interfaces/IGooglePlayStoreService.cs
  artifactKey: Guid(4c42f594391a244ffa1ae0fdbafbb42d) Importer(2089858483,b0f066a214c2f5e87bad3c948f4d605d)
Start importing Packages/com.unity.purchasing/Runtime/Purchasing/Stores/Android/GooglePlay/AAR/Interfaces/IGooglePlayStoreService.cs using Guid(4c42f594391a244ffa1ae0fdbafbb42d) Importer(2089858483,b0f066a214c2f5e87bad3c948f4d605d) (ScriptedImporter) -> (artifact id: '833cb31162571b5a45876b897b348adb') in 0.0167028 seconds
Number of updated asset objects reloaded before import = 0Number of asset objects unloaded after import = 0

========================================================================
Received Import Request.
  Time since last request: 0.000108 seconds.
  path: Packages/com.unity.purchasing/Runtime/Purchasing/Stores/FakeStore/FakeAppStore.cs
  artifactKey: Guid(acbb960dcb8c849488bf3d47285291d8) Importer(2089858483,b0f066a214c2f5e87bad3c948f4d605d)
Start importing Packages/com.unity.purchasing/Runtime/Purchasing/Stores/FakeStore/FakeAppStore.cs using Guid(acbb960dcb8c849488bf3d47285291d8) Importer(2089858483,b0f066a214c2f5e87bad3c948f4d605d) (ScriptedImporter) -> (artifact id: '7842b6ac23dbe18b7a7ee699d94b3a76') in 0.0143721 seconds
Number of updated asset objects reloaded before import = 0Number of asset objects unloaded after import = 0

========================================================================
Received Import Request.
  Time since last request: 0.000279 seconds.
  path: Packages/com.unity.purchasing/Editor/Shared/WebApi/ApiErrorType.cs
  artifactKey: Guid(0530cbc8cdb4496b8fbbb5f85faed415) Importer(2089858483,b0f066a214c2f5e87bad3c948f4d605d)
Start importing Packages/com.unity.purchasing/Editor/Shared/WebApi/ApiErrorType.cs using Guid(0530cbc8cdb4496b8fbbb5f85faed415) Importer(2089858483,b0f066a214c2f5e87bad3c948f4d605d) (ScriptedImporter) -> (artifact id: 'e73764ce6fbf755358e5a6e413842f7a') in 0.0139767 seconds
Number of updated asset objects reloaded before import = 0Number of asset objects unloaded after import = 0

========================================================================
Received Import Request.
  Time since last request: 0.000054 seconds.
  path: Packages/com.unity.services.deployment/Editor/Interface/UI/Serialization
  artifactKey: Guid(bd6896ec305748ceb65a989b87807d30) Importer(2089858483,b0f066a214c2f5e87bad3c948f4d605d)
Start importing Packages/com.unity.services.deployment/Editor/Interface/UI/Serialization using Guid(bd6896ec305748ceb65a989b87807d30) Importer(2089858483,b0f066a214c2f5e87bad3c948f4d605d) (ScriptedImporter) -> (artifact id: 'ad2951899dab0b59bb00c289c16aa21b') in 0.0148567 seconds
Number of updated asset objects reloaded before import = 0Number of asset objects unloaded after import = 1

========================================================================
Received Import Request.
  Time since last request: 0.000055 seconds.
  path: Packages/com.unity.purchasing/Runtime/Purchasing/Utilities/ProductTypeExtensions.cs
  artifactKey: Guid(9e137b71483f4deea33d15c4022691d7) Importer(2089858483,b0f066a214c2f5e87bad3c948f4d605d)
Start importing Packages/com.unity.purchasing/Runtime/Purchasing/Utilities/ProductTypeExtensions.cs using Guid(9e137b71483f4deea33d15c4022691d7) Importer(2089858483,b0f066a214c2f5e87bad3c948f4d605d) (ScriptedImporter) -> (artifact id: 'ac886fff76fe5b849db69a1a29e58735') in 0.0192919 seconds
Number of updated asset objects reloaded before import = 0Number of asset objects unloaded after import = 0

========================================================================
Received Import Request.
  Time since last request: 0.000028 seconds.
  path: Packages/com.unity.purchasing/Runtime/UnityLiveContentAdapter/Client/Http/IHttpClient.cs
  artifactKey: Guid(d41e4474931e442398b7f85cf93ce6a4) Importer(2089858483,b0f066a214c2f5e87bad3c948f4d605d)
Start importing Packages/com.unity.purchasing/Runtime/UnityLiveContentAdapter/Client/Http/IHttpClient.cs using Guid(d41e4474931e442398b7f85cf93ce6a4) Importer(2089858483,b0f066a214c2f5e87bad3c948f4d605d) (ScriptedImporter) -> (artifact id: 'b8553024d4d145869b23db1019ffccbb') in 0.0149443 seconds
Number of updated asset objects reloaded before import = 0Number of asset objects unloaded after import = 0

========================================================================
Received Import Request.
  Time since last request: 0.000092 seconds.
  path: Packages/com.unity.purchasing/Runtime/Stores/Android/GooglePlay/AAR/MetricizedGooglePlayStoreService.cs
  artifactKey: Guid(80db1340fe9c418cbde8ce9df2eb8dc4) Importer(2089858483,b0f066a214c2f5e87bad3c948f4d605d)
Start importing Packages/com.unity.purchasing/Runtime/Stores/Android/GooglePlay/AAR/MetricizedGooglePlayStoreService.cs using Guid(80db1340fe9c418cbde8ce9df2eb8dc4) Importer(2089858483,b0f066a214c2f5e87bad3c948f4d605d) (ScriptedImporter) -> (artifact id: '069ecb1528b41c0ab477ea0ab240ea27') in 0.0160509 seconds
Number of updated asset objects reloaded before import = 0Number of asset objects unloaded after import = 0

========================================================================
Received Import Request.
  Time since last request: 0.000125 seconds.
  path: Packages/com.unity.purchasing/Runtime/Purchasing/Core/Purchasing/UseCases/ConfirmOrderUseCase.cs
  artifactKey: Guid(9e79def6456f93c438bab647f94cbe77) Importer(2089858483,b0f066a214c2f5e87bad3c948f4d605d)
Start importing Packages/com.unity.purchasing/Runtime/Purchasing/Core/Purchasing/UseCases/ConfirmOrderUseCase.cs using Guid(9e79def6456f93c438bab647f94cbe77) Importer(2089858483,b0f066a214c2f5e87bad3c948f4d605d) (ScriptedImporter) -> (artifact id: '0d8fc11f746deb74d275b8955cc5634a') in 0.0147737 seconds
Number of updated asset objects reloaded before import = 0Number of asset objects unloaded after import = 0

========================================================================
Received Import Request.
  Time since last request: 0.000035 seconds.
  path: Packages/com.unity.purchasing/Runtime/Purchasing/Legacy
  artifactKey: Guid(f053a9705be34ef0bbba1abb9b0195d4) Importer(2089858483,b0f066a214c2f5e87bad3c948f4d605d)
Start importing Packages/com.unity.purchasing/Runtime/Purchasing/Legacy using Guid(f053a9705be34ef0bbba1abb9b0195d4) Importer(2089858483,b0f066a214c2f5e87bad3c948f4d605d) (ScriptedImporter) -> (artifact id: '94067a3b353f1802359042b59a80c779') in 0.0139899 seconds
Number of updated asset objects reloaded before import = 0Number of asset objects unloaded after import = 1

========================================================================
Received Import Request.
  Time since last request: 0.000049 seconds.
  path: Packages/com.unity.purchasing/Runtime/Purchasing/Stores/AppleAppStore/AppleStorefront.cs
  artifactKey: Guid(867e1a8cb1795475cb0a3356c82752ad) Importer(2089858483,b0f066a214c2f5e87bad3c948f4d605d)
Start importing Packages/com.unity.purchasing/Runtime/Purchasing/Stores/AppleAppStore/AppleStorefront.cs using Guid(867e1a8cb1795475cb0a3356c82752ad) Importer(2089858483,b0f066a214c2f5e87bad3c948f4d605d) (ScriptedImporter) -> (artifact id: '0ddc90b8b9a7bc277c085b7e3c8b877b') in 0.0166604 seconds
Number of updated asset objects reloaded before import = 0Number of asset objects unloaded after import = 0

========================================================================
Received Import Request.
  Time since last request: 0.000076 seconds.
  path: Packages/com.unity.services.deployment/Core/Glob/AST
  artifactKey: Guid(3818d7976082643389b2b51d96bf30af) Importer(2089858483,b0f066a214c2f5e87bad3c948f4d605d)
Start importing Packages/com.unity.services.deployment/Core/Glob/AST using Guid(3818d7976082643389b2b51d96bf30af) Importer(2089858483,b0f066a214c2f5e87bad3c948f4d605d) (ScriptedImporter) -> (artifact id: 'dd4003dac8ec34240ed262e52ffba2b0') in 0.0167363 seconds
Number of updated asset objects reloaded before import = 0Number of asset objects unloaded after import = 1

========================================================================
Received Import Request.
  Time since last request: 1.363386 seconds.
  path: Assets/LSO/_Scripts
  artifactKey: Guid(ceb0870896afe4745a67d1f6752a90bb) Importer(815301076,1909f56bfc062723c751e8b465ee728b)
Start importing Assets/LSO/_Scripts using Guid(ceb0870896afe4745a67d1f6752a90bb) Importer(815301076,1909f56bfc062723c751e8b465ee728b) (PreviewImporter) -> (artifact id: 'd8a72f622438bf1978dbe99b0326636c') in 0.0005892 seconds
Number of updated asset objects reloaded before import = 0Number of asset objects unloaded after import = 0

========================================================================
Received Import Request.
  Time since last request: 0.182315 seconds.
  path: Packages/com.unity.purchasing/Runtime/Stores/Android/GooglePlay/AAR/Interfaces/IProductDetailsConverter.cs
  artifactKey: Guid(c52ed948a62464bb1b54df1b17039cb7) Importer(2089858483,b0f066a214c2f5e87bad3c948f4d605d)
Start importing Packages/com.unity.purchasing/Runtime/Stores/Android/GooglePlay/AAR/Interfaces/IProductDetailsConverter.cs using Guid(c52ed948a62464bb1b54df1b17039cb7) Importer(2089858483,b0f066a214c2f5e87bad3c948f4d605d) (ScriptedImporter) -> (artifact id: '5dda04f9c585a8b96afd14cc7bab7520') in 0.0124415 seconds
Number of updated asset objects reloaded before import = 0Number of asset objects unloaded after import = 0

========================================================================
Received Import Request.
  Time since last request: 0.000067 seconds.
  path: Packages/com.unity.purchasing/Runtime/AppleMacos/AssemblyInfo.cs
  artifactKey: Guid(a899cfe32f813fe3326640419aecfbd7) Importer(2089858483,b0f066a214c2f5e87bad3c948f4d605d)
Start importing Packages/com.unity.purchasing/Runtime/AppleMacos/AssemblyInfo.cs using Guid(a899cfe32f813fe3326640419aecfbd7) Importer(2089858483,b0f066a214c2f5e87bad3c948f4d605d) (ScriptedImporter) -> (artifact id: 'b7916f39ce8b113d0cfb25c681df8ec9') in 0.0132743 seconds
Number of updated asset objects reloaded before import = 0Number of asset objects unloaded after import = 0

========================================================================
Received Import Request.
  Time since last request: 0.000068 seconds.
  path: Packages/com.unity.purchasing/Runtime/UnityWebshops/Models/WebshopException.cs
  artifactKey: Guid(277a4685dff14f94b82650121efc5d8e) Importer(2089858483,b0f066a214c2f5e87bad3c948f4d605d)
Start importing Packages/com.unity.purchasing/Runtime/UnityWebshops/Models/WebshopException.cs using Guid(277a4685dff14f94b82650121efc5d8e) Importer(2089858483,b0f066a214c2f5e87bad3c948f4d605d) (ScriptedImporter) -> (artifact id: 'd69d286a12090ff437c1ca87bcb9f883') in 0.0146796 seconds
Number of updated asset objects reloaded before import = 0Number of asset objects unloaded after import = 0

========================================================================
Received Import Request.
  Time since last request: 0.000172 seconds.
  path: Packages/com.unity.services.deployment/Editor/Tracking
  artifactKey: Guid(118d612d11e54f94b23a45128f85793c) Importer(2089858483,b0f066a214c2f5e87bad3c948f4d605d)
Start importing Packages/com.unity.services.deployment/Editor/Tracking using Guid(118d612d11e54f94b23a45128f85793c) Importer(2089858483,b0f066a214c2f5e87bad3c948f4d605d) (ScriptedImporter) -> (artifact id: 'c42a712a94c29724ade99ff22b085c12') in 0.0138145 seconds
Number of updated asset objects reloaded before import = 0Number of asset objects unloaded after import = 1

========================================================================
Received Import Request.
  Time since last request: 0.000026 seconds.
  path: Packages/com.unity.purchasing/Runtime/Purchasing/Core/Exceptions/StoreCreationException.cs
  artifactKey: Guid(4c40554e4c14d4b48b31f4d09feec86f) Importer(2089858483,b0f066a214c2f5e87bad3c948f4d605d)
Start importing Packages/com.unity.purchasing/Runtime/Purchasing/Core/Exceptions/StoreCreationException.cs using Guid(4c40554e4c14d4b48b31f4d09feec86f) Importer(2089858483,b0f066a214c2f5e87bad3c948f4d605d) (ScriptedImporter) -> (artifact id: '3b877086cc8526679d22dfc78d145bd9') in 0.0177444 seconds
Number of updated asset objects reloaded before import = 0Number of asset objects unloaded after import = 0

========================================================================
Received Import Request.
  Time since last request: 0.000090 seconds.
  path: Packages/com.unity.purchasing/Runtime/Stores/PaymentProvider/CurrencyFormatters/DotNetCurrencyFormatter.cs
  artifactKey: Guid(cc3acb9420d8f4a78bfded3f39ca9529) Importer(2089858483,b0f066a214c2f5e87bad3c948f4d605d)
Start importing Packages/com.unity.purchasing/Runtime/Stores/PaymentProvider/CurrencyFormatters/DotNetCurrencyFormatter.cs using Guid(cc3acb9420d8f4a78bfded3f39ca9529) Importer(2089858483,b0f066a214c2f5e87bad3c948f4d605d) (ScriptedImporter) -> (artifact id: 'e56798fe349927594c19ac372ac7d331') in 0.0127925 seconds
Number of updated asset objects reloaded before import = 0Number of asset objects unloaded after import = 0

========================================================================
Received Import Request.
  Time since last request: 0.000299 seconds.
  path: Packages/com.unity.purchasing/Editor/Authoring/PurchasingAdminApi/Client/Model/GetWebhookConfiguration400Response.cs
  artifactKey: Guid(7b1faa02136c248c5a5caddb20cfcead) Importer(2089858483,b0f066a214c2f5e87bad3c948f4d605d)
Start importing Packages/com.unity.purchasing/Editor/Authoring/PurchasingAdminApi/Client/Model/GetWebhookConfiguration400Response.cs using Guid(7b1faa02136c248c5a5caddb20cfcead) Importer(2089858483,b0f066a214c2f5e87bad3c948f4d605d) (ScriptedImporter) -> (artifact id: '97dcf0bfa517a3ba35c2dfaebf782089') in 0.0125733 seconds
Number of updated asset objects reloaded before import = 0Number of asset objects unloaded after import = 0

========================================================================
Received Import Request.
  Time since last request: 0.000145 seconds.
  path: Packages/com.unity.services.deployment.api/Editor/DeploymentWindowApi/AssetState.cs
  artifactKey: Guid(3233e2629b3e493190041b7c83f7601f) Importer(2089858483,b0f066a214c2f5e87bad3c948f4d605d)
Start importing Packages/com.unity.services.deployment.api/Editor/DeploymentWindowApi/AssetState.cs using Guid(3233e2629b3e493190041b7c83f7601f) Importer(2089858483,b0f066a214c2f5e87bad3c948f4d605d) (ScriptedImporter) -> (artifact id: '5ae61fd6e8eafc885f272ef908872436') in 0.0136482 seconds
Number of updated asset objects reloaded before import = 0Number of asset objects unloaded after import = 0

========================================================================
Received Import Request.
  Time since last request: 0.000089 seconds.
  path: Packages/com.unity.purchasing/Runtime/Purchasing/IDs.cs
  artifactKey: Guid(0bb1add4860b48a59a781faac9fc534f) Importer(2089858483,b0f066a214c2f5e87bad3c948f4d605d)
Start importing Packages/com.unity.purchasing/Runtime/Purchasing/IDs.cs using Guid(0bb1add4860b48a59a781faac9fc534f) Importer(2089858483,b0f066a214c2f5e87bad3c948f4d605d) (ScriptedImporter) -> (artifact id: 'd4ff544f69ec76d20d11251655604875') in 0.0179883 seconds
Number of updated asset objects reloaded before import = 0Number of asset objects unloaded after import = 0

========================================================================
Received Import Request.
  Time since last request: 0.000072 seconds.
  path: Packages/com.unity.services.deployment/Editor/Interface/UI/DeploymentWindow.cs
  artifactKey: Guid(bb53f193fd4e9492d9174d4ead2b3b55) Importer(2089858483,b0f066a214c2f5e87bad3c948f4d605d)
Start importing Packages/com.unity.services.deployment/Editor/Interface/UI/DeploymentWindow.cs using Guid(bb53f193fd4e9492d9174d4ead2b3b55) Importer(2089858483,b0f066a214c2f5e87bad3c948f4d605d) (ScriptedImporter) -> (artifact id: '9ede04cd2f6bab7546b3269746c92119') in 0.015921 seconds
Number of updated asset objects reloaded before import = 0Number of asset objects unloaded after import = 0

========================================================================
Received Import Request.
  Time since last request: 0.000082 seconds.
  path: Packages/com.unity.purchasing/Editor/Authoring/LiveContentAdminApi/Client/Model/FileCreate.cs
  artifactKey: Guid(26f03484322fd4547a127c16cad38c0a) Importer(2089858483,b0f066a214c2f5e87bad3c948f4d605d)
Start importing Packages/com.unity.purchasing/Editor/Authoring/LiveContentAdminApi/Client/Model/FileCreate.cs using Guid(26f03484322fd4547a127c16cad38c0a) Importer(2089858483,b0f066a214c2f5e87bad3c948f4d605d) (ScriptedImporter) -> (artifact id: '3c4868c6e24293fd980943d3d94464c6') in 0.0156175 seconds
Number of updated asset objects reloaded before import = 0Number of asset objects unloaded after import = 0

========================================================================
Received Import Request.
  Time since last request: 0.000081 seconds.
  path: Packages/com.unity.purchasing/Runtime/Purchasing/Legacy/Extensions/GoogleExtensions.cs
  artifactKey: Guid(7f9566b1fb064c60a3a4d126b019842d) Importer(2089858483,b0f066a214c2f5e87bad3c948f4d605d)
Start importing Packages/com.unity.purchasing/Runtime/Purchasing/Legacy/Extensions/GoogleExtensions.cs using Guid(7f9566b1fb064c60a3a4d126b019842d) Importer(2089858483,b0f066a214c2f5e87bad3c948f4d605d) (ScriptedImporter) -> (artifact id: '56d2b143002b7d32ebc8189292216a8d') in 0.0153621 seconds
Number of updated asset objects reloaded before import = 0Number of asset objects unloaded after import = 0

========================================================================
Received Import Request.
  Time since last request: 0.000068 seconds.
  path: Packages/com.unity.purchasing/Runtime/Codeless/Unity.Purchasing.Codeless.asmdef
  artifactKey: Guid(059c931883a8a274690376c0592ea9a0) Importer(2089858483,b0f066a214c2f5e87bad3c948f4d605d)
Start importing Packages/com.unity.purchasing/Runtime/Codeless/Unity.Purchasing.Codeless.asmdef using Guid(059c931883a8a274690376c0592ea9a0) Importer(2089858483,b0f066a214c2f5e87bad3c948f4d605d) (ScriptedImporter) -> (artifact id: '65aa88282f80def32be143229f2e0d45') in 0.0182783 seconds
Number of updated asset objects reloaded before import = 0Number of asset objects unloaded after import = 1

========================================================================
Received Import Request.
  Time since last request: 0.000059 seconds.
  path: Packages/com.unity.purchasing/Runtime/Purchasing/Unity.Purchasing.asmdef
  artifactKey: Guid(60bfecf5cb232594891bc622f40d6bed) Importer(2089858483,b0f066a214c2f5e87bad3c948f4d605d)
Start importing Packages/com.unity.purchasing/Runtime/Purchasing/Unity.Purchasing.asmdef using Guid(60bfecf5cb232594891bc622f40d6bed) Importer(2089858483,b0f066a214c2f5e87bad3c948f4d605d) (ScriptedImporter) -> (artifact id: 'c37af05a9e08baa3157751c0026aec20') in 0.0150718 seconds
Number of updated asset objects reloaded before import = 0Number of asset objects unloaded after import = 1

========================================================================
Received Import Request.
  Time since last request: 0.000078 seconds.
  path: Packages/com.unity.purchasing/Runtime/Purchasing/Core/Purchasing/Interfaces/IPurchaseServiceExtension.cs
  artifactKey: Guid(bd08d9e6f1f343669669d4a9908c8d35) Importer(2089858483,b0f066a214c2f5e87bad3c948f4d605d)
Start importing Packages/com.unity.purchasing/Runtime/Purchasing/Core/Purchasing/Interfaces/IPurchaseServiceExtension.cs using Guid(bd08d9e6f1f343669669d4a9908c8d35) Importer(2089858483,b0f066a214c2f5e87bad3c948f4d605d) (ScriptedImporter) -> (artifact id: 'f9e6440249f4ce10e6a5c5c9667b1bfe') in 0.017312 seconds
Number of updated asset objects reloaded before import = 0Number of asset objects unloaded after import = 0

========================================================================
Received Import Request.
  Time since last request: 0.000073 seconds.
  path: Packages/com.unity.purchasing/Runtime/UnityWebshops/configuration.yaml
  artifactKey: Guid(aafa97950f5644a2913d820721acffc0) Importer(2089858483,b0f066a214c2f5e87bad3c948f4d605d)
Start importing Packages/com.unity.purchasing/Runtime/UnityWebshops/configuration.yaml using Guid(aafa97950f5644a2913d820721acffc0) Importer(2089858483,b0f066a214c2f5e87bad3c948f4d605d) (ScriptedImporter) -> (artifact id: 'ba5083ef8f1de11f210a13d12f83f953') in 0.0135782 seconds
Number of updated asset objects reloaded before import = 0Number of asset objects unloaded after import = 1

========================================================================
Received Import Request.
  Time since last request: 0.000041 seconds.
  path: Packages/com.unity.purchasing/Runtime/Purchasing/PaymentOption/Resources/com.unity.purchasing/Brands/GooglePlayWordmarkWhite.svg
  artifactKey: Guid(c9578b58808464df9b11892b7417a585) Importer(2089858483,b0f066a214c2f5e87bad3c948f4d605d)
Start importing Packages/com.unity.purchasing/Runtime/Purchasing/PaymentOption/Resources/com.unity.purchasing/Brands/GooglePlayWordmarkWhite.svg using Guid(c9578b58808464df9b11892b7417a585) Importer(2089858483,b0f066a214c2f5e87bad3c948f4d605d) (ScriptedImporter) -> (artifact id: 'dbf2cc7b44719a4b1ae4e2476bb699bd') in 0.0830704 seconds
Number of updated asset objects reloaded before import = 0Number of asset objects unloaded after import = 2

========================================================================
Received Import Request.
  Time since last request: 0.000025 seconds.
  path: Packages/com.unity.purchasing/Runtime/Purchasing/Core/Purchasing/UseCases/Interfaces
  artifactKey: Guid(ac5c932dee395d84e97e17824a6bb247) Importer(2089858483,b0f066a214c2f5e87bad3c948f4d605d)
Start importing Packages/com.unity.purchasing/Runtime/Purchasing/Core/Purchasing/UseCases/Interfaces using Guid(ac5c932dee395d84e97e17824a6bb247) Importer(2089858483,b0f066a214c2f5e87bad3c948f4d605d) (ScriptedImporter) -> (artifact id: 'a8108dbb46c411bd8ef31bc7571d81f9') in 0.0129038 seconds
Number of updated asset objects reloaded before import = 0Number of asset objects unloaded after import = 1

========================================================================
Received Import Request.
  Time since last request: 0.000047 seconds.
  path: Packages/com.unity.purchasing/Runtime/TransactionVerifier/Client/Models/GooglePurchaseState.cs
  artifactKey: Guid(3f2fc0f1506f549e89e5ecd082c734a3) Importer(2089858483,b0f066a214c2f5e87bad3c948f4d605d)
Start importing Packages/com.unity.purchasing/Runtime/TransactionVerifier/Client/Models/GooglePurchaseState.cs using Guid(3f2fc0f1506f549e89e5ecd082c734a3) Importer(2089858483,b0f066a214c2f5e87bad3c948f4d605d) (ScriptedImporter) -> (artifact id: 'e2fe5fb201331cdc24d7b48c59744bd5') in 0.0133818 seconds
Number of updated asset objects reloaded before import = 0Number of asset objects unloaded after import = 0

========================================================================
Received Import Request.
  Time since last request: 0.000098 seconds.
  path: Packages/com.unity.purchasing/Plugins/UnityPurchasing/iOS/SK2/UseCases
  artifactKey: Guid(be5cafb1609f54cb8b01aab3459f07a2) Importer(2089858483,b0f066a214c2f5e87bad3c948f4d605d)
Start importing Packages/com.unity.purchasing/Plugins/UnityPurchasing/iOS/SK2/UseCases using Guid(be5cafb1609f54cb8b01aab3459f07a2) Importer(2089858483,b0f066a214c2f5e87bad3c948f4d605d) (ScriptedImporter) -> (artifact id: '22dfe46cad4b45c7962f3fa93cb95df9') in 0.0119605 seconds
Number of updated asset objects reloaded before import = 0Number of asset objects unloaded after import = 1

========================================================================
Received Import Request.
  Time since last request: 0.000023 seconds.
  path: Packages/com.unity.purchasing/Runtime/Purchasing/Stores/Android/AAR/UnityActivity.cs
  artifactKey: Guid(f7597a6102ca44b94aa8ce00cc1124a7) Importer(2089858483,b0f066a214c2f5e87bad3c948f4d605d)
Start importing Packages/com.unity.purchasing/Runtime/Purchasing/Stores/Android/AAR/UnityActivity.cs using Guid(f7597a6102ca44b94aa8ce00cc1124a7) Importer(2089858483,b0f066a214c2f5e87bad3c948f4d605d) (ScriptedImporter) -> (artifact id: '82cfa289a9fc5a68a185c4cb4bb6db56') in 0.012111 seconds
Number of updated asset objects reloaded before import = 0Number of asset objects unloaded after import = 0

========================================================================
Received Import Request.
  Time since last request: 0.000069 seconds.
  path: Packages/com.unity.purchasing/Runtime/Security/Obfuscator.cs
  artifactKey: Guid(dde6eba1a4c8149aa9a0182234ac7c0e) Importer(2089858483,b0f066a214c2f5e87bad3c948f4d605d)
Start importing Packages/com.unity.purchasing/Runtime/Security/Obfuscator.cs using Guid(dde6eba1a4c8149aa9a0182234ac7c0e) Importer(2089858483,b0f066a214c2f5e87bad3c948f4d605d) (ScriptedImporter) -> (artifact id: 'b202960622927eda839c68d534b019dc') in 0.0126407 seconds
Number of updated asset objects reloaded before import = 0Number of asset objects unloaded after import = 0

========================================================================
Received Import Request.
  Time since last request: 0.000080 seconds.
  path: Packages/com.unity.purchasing/Runtime/Purchasing/Core/Purchasing/AppleAppStore/Extensions/UseCases/PresentCodeRedemptionSheetUseCase.cs
  artifactKey: Guid(85febb5477774877aa6097701abfff73) Importer(2089858483,b0f066a214c2f5e87bad3c948f4d605d)
Start importing Packages/com.unity.purchasing/Runtime/Purchasing/Core/Purchasing/AppleAppStore/Extensions/UseCases/PresentCodeRedemptionSheetUseCase.cs using Guid(85febb5477774877aa6097701abfff73) Importer(2089858483,b0f066a214c2f5e87bad3c948f4d605d) (ScriptedImporter) -> (artifact id: '9a4cbe954e91276419341512d40be696') in 0.0137381 seconds
Number of updated asset objects reloaded before import = 0Number of asset objects unloaded after import = 0

========================================================================
Received Import Request.
  Time since last request: 0.000026 seconds.
  path: Packages/com.unity.services.deployment/Editor/Interface/UI/Inspector/DeploymentItemsLookup.cs
  artifactKey: Guid(9666617c442c4f398ba55517e68f7e18) Importer(2089858483,b0f066a214c2f5e87bad3c948f4d605d)
Start importing Packages/com.unity.services.deployment/Editor/Interface/UI/Inspector/DeploymentItemsLookup.cs using Guid(9666617c442c4f398ba55517e68f7e18) Importer(2089858483,b0f066a214c2f5e87bad3c948f4d605d) (ScriptedImporter) -> (artifact id: '0622bcbf15075f8ef32a9ffb1889f897') in 0.0174848 seconds
Number of updated asset objects reloaded before import = 0Number of asset objects unloaded after import = 0

========================================================================
Received Import Request.
  Time since last request: 0.000310 seconds.
  path: Packages/com.unity.purchasing/Runtime/UnityPaymentProviders/README.md
  artifactKey: Guid(49e79b4dac95439bb5ceb2978fb816e0) Importer(2089858483,b0f066a214c2f5e87bad3c948f4d605d)
Start importing Packages/com.unity.purchasing/Runtime/UnityPaymentProviders/README.md using Guid(49e79b4dac95439bb5ceb2978fb816e0) Importer(2089858483,b0f066a214c2f5e87bad3c948f4d605d) (ScriptedImporter) -> (artifact id: 'ba2ee124e21c59fb2458ea1c7cb4ca07') in 0.0134929 seconds
Number of updated asset objects reloaded before import = 0Number of asset objects unloaded after import = 1

========================================================================
Received Import Request.
  Time since last request: 0.000039 seconds.
  path: Packages/com.unity.purchasing/Editor/Authoring/PurchasingAdminApi/Client/Model/OAuthStartResponse.cs
  artifactKey: Guid(ff2c429a841074967ac0f5b656591a6f) Importer(2089858483,b0f066a214c2f5e87bad3c948f4d605d)
Start importing Packages/com.unity.purchasing/Editor/Authoring/PurchasingAdminApi/Client/Model/OAuthStartResponse.cs using Guid(ff2c429a841074967ac0f5b656591a6f) Importer(2089858483,b0f066a214c2f5e87bad3c948f4d605d) (ScriptedImporter) -> (artifact id: '73c2335d9b72d6f1b3d3919673a4e5c9') in 0.0163035 seconds
Number of updated asset objects reloaded before import = 0Number of asset objects unloaded after import = 0

========================================================================
Received Import Request.
  Time since last request: 0.000072 seconds.
  path: Packages/com.unity.purchasing/Runtime/Purchasing/PaymentOption/Resources/com.unity.purchasing/Brands/StripeWhite.png
  artifactKey: Guid(d286fcb5d11c86e4aac2e79e50f86b90) Importer(2089858483,b0f066a214c2f5e87bad3c948f4d605d)
Start importing Packages/com.unity.purchasing/Runtime/Purchasing/PaymentOption/Resources/com.unity.purchasing/Brands/StripeWhite.png using Guid(d286fcb5d11c86e4aac2e79e50f86b90) Importer(2089858483,b0f066a214c2f5e87bad3c948f4d605d) (ScriptedImporter) -> (artifact id: '32c06a799a91afbab9efee7dd11c84e7') in 0.0813859 seconds
Number of updated asset objects reloaded before import = 0Number of asset objects unloaded after import = 7

========================================================================
Received Import Request.
  Time since last request: 0.000019 seconds.
  path: Packages/com.unity.purchasing/Runtime/Purchasing/Core/Purchasing/Models/EntitlementStatus.cs
  artifactKey: Guid(6c25876b6661f114e84c6aa2b8dfb3b7) Importer(2089858483,b0f066a214c2f5e87bad3c948f4d605d)
Start importing Packages/com.unity.purchasing/Runtime/Purchasing/Core/Purchasing/Models/EntitlementStatus.cs using Guid(6c25876b6661f114e84c6aa2b8dfb3b7) Importer(2089858483,b0f066a214c2f5e87bad3c948f4d605d) (ScriptedImporter) -> (artifact id: '267050fd89c49c0312464c0c43b4a419') in 0.0106147 seconds
Number of updated asset objects reloaded before import = 0Number of asset objects unloaded after import = 0

========================================================================
Received Import Request.
  Time since last request: 0.000049 seconds.
  path: Packages/com.unity.purchasing/Runtime/UnityLiveContentAdapter/Client/Http
  artifactKey: Guid(fdb8b4a66ab1842539d996603d56d929) Importer(2089858483,b0f066a214c2f5e87bad3c948f4d605d)
Start importing Packages/com.unity.purchasing/Runtime/UnityLiveContentAdapter/Client/Http using Guid(fdb8b4a66ab1842539d996603d56d929) Importer(2089858483,b0f066a214c2f5e87bad3c948f4d605d) (ScriptedImporter) -> (artifact id: 'cf9e71f7f9beaeeaeee1d26d722f34fd') in 0.0118347 seconds
Number of updated asset objects reloaded before import = 0Number of asset objects unloaded after import = 1

========================================================================
Received Import Request.
  Time since last request: 0.000100 seconds.
  path: Packages/com.unity.purchasing/Runtime/Stores/Android/GooglePlay/BillingClientFactory.cs
  artifactKey: Guid(1f43ff5e8b5f490a945170dde83a28df) Importer(2089858483,b0f066a214c2f5e87bad3c948f4d605d)
Start importing Packages/com.unity.purchasing/Runtime/Stores/Android/GooglePlay/BillingClientFactory.cs using Guid(1f43ff5e8b5f490a945170dde83a28df) Importer(2089858483,b0f066a214c2f5e87bad3c948f4d605d) (ScriptedImporter) -> (artifact id: '5cc6bcd6d0cbaea8b3e4b74370ec3ddd') in 0.0159533 seconds
Number of updated asset objects reloaded before import = 0Number of asset objects unloaded after import = 0

========================================================================
Received Import Request.
  Time since last request: 0.000095 seconds.
  path: Packages/com.unity.purchasing/Editor/Shared/Assets
  artifactKey: Guid(55041d5c3def4b9da8e1f65d36031291) Importer(2089858483,b0f066a214c2f5e87bad3c948f4d605d)
Start importing Packages/com.unity.purchasing/Editor/Shared/Assets using Guid(55041d5c3def4b9da8e1f65d36031291) Importer(2089858483,b0f066a214c2f5e87bad3c948f4d605d) (ScriptedImporter) -> (artifact id: 'b92505ec00624a0cc825e6f89535aeb8') in 0.0126786 seconds
Number of updated asset objects reloaded before import = 0Number of asset objects unloaded after import = 1

========================================================================
Received Import Request.
  Time since last request: 0.000061 seconds.
  path: Packages/com.unity.purchasing/Runtime/Stores/PaymentProvider/CurrencyFormatters/AndroidCurrencyFormatter.cs
  artifactKey: Guid(5c2a4a39d0e7d4879b6a7f079054a7b3) Importer(2089858483,b0f066a214c2f5e87bad3c948f4d605d)
Start importing Packages/com.unity.purchasing/Runtime/Stores/PaymentProvider/CurrencyFormatters/AndroidCurrencyFormatter.cs using Guid(5c2a4a39d0e7d4879b6a7f079054a7b3) Importer(2089858483,b0f066a214c2f5e87bad3c948f4d605d) (ScriptedImporter) -> (artifact id: 'bfe84ec9136b66cfd7ede3a1d309d66c') in 0.0129239 seconds
Number of updated asset objects reloaded before import = 0Number of asset objects unloaded after import = 0

========================================================================
Received Import Request.
  Time since last request: 0.000061 seconds.
  path: Packages/com.unity.purchasing/Runtime/Stores/PaymentProvider/Launchers/BuiltInLauncherFactory.cs
  artifactKey: Guid(4f6935773f40408983229cfa3529cbee) Importer(2089858483,b0f066a214c2f5e87bad3c948f4d605d)
Start importing Packages/com.unity.purchasing/Runtime/Stores/PaymentProvider/Launchers/BuiltInLauncherFactory.cs using Guid(4f6935773f40408983229cfa3529cbee) Importer(2089858483,b0f066a214c2f5e87bad3c948f4d605d) (ScriptedImporter) -> (artifact id: 'bcc44e58f2156890d6787ee6578b3680') in 0.0127009 seconds
Number of updated asset objects reloaded before import = 0Number of asset objects unloaded after import = 0

========================================================================
Received Import Request.
  Time since last request: 0.000100 seconds.
  path: Packages/com.unity.purchasing/Editor/Authoring/Logging
  artifactKey: Guid(20762f20770467745a2bd3ed398522cd) Importer(2089858483,b0f066a214c2f5e87bad3c948f4d605d)
Start importing Packages/com.unity.purchasing/Editor/Authoring/Logging using Guid(20762f20770467745a2bd3ed398522cd) Importer(2089858483,b0f066a214c2f5e87bad3c948f4d605d) (ScriptedImporter) -> (artifact id: '454f48e39f4c582f52d5b3334da88966') in 0.0109922 seconds
Number of updated asset objects reloaded before import = 0Number of asset objects unloaded after import = 1

========================================================================
Received Import Request.
  Time since last request: 0.000045 seconds.
  path: Packages/com.unity.services.deployment.api/Editor/DeploymentWindowApi/IEnvironmentProvider.cs
  artifactKey: Guid(883b0716aab044f2871819fb5cc34dc4) Importer(2089858483,b0f066a214c2f5e87bad3c948f4d605d)
Start importing Packages/com.unity.services.deployment.api/Editor/DeploymentWindowApi/IEnvironmentProvider.cs using Guid(883b0716aab044f2871819fb5cc34dc4) Importer(2089858483,b0f066a214c2f5e87bad3c948f4d605d) (ScriptedImporter) -> (artifact id: 'b3573414761a317aa229ef03b7f49a8d') in 0.0124909 seconds
Number of updated asset objects reloaded before import = 0Number of asset objects unloaded after import = 0

========================================================================
Received Import Request.
  Time since last request: 0.000170 seconds.
  path: Packages/com.unity.purchasing/Runtime/UnityPaymentProviders/PaymentProviderServiceExceptionMapper.cs
  artifactKey: Guid(b132bc6d262d4a00977b612991dee58c) Importer(2089858483,b0f066a214c2f5e87bad3c948f4d605d)
Start importing Packages/com.unity.purchasing/Runtime/UnityPaymentProviders/PaymentProviderServiceExceptionMapper.cs using Guid(b132bc6d262d4a00977b612991dee58c) Importer(2089858483,b0f066a214c2f5e87bad3c948f4d605d) (ScriptedImporter) -> (artifact id: 'ae406d1a3d4098fd6e5e0e7bb33454b1') in 0.0105135 seconds
Number of updated asset objects reloaded before import = 0Number of asset objects unloaded after import = 0

========================================================================
Received Import Request.
  Time since last request: 0.000102 seconds.
  path: Packages/com.unity.purchasing/Runtime/Purchasing/Core/Purchasing/Models/GoogleOrderInfo.cs
  artifactKey: Guid(4fbb0175b13d41b48d9c9752542c52e3) Importer(2089858483,b0f066a214c2f5e87bad3c948f4d605d)
Start importing Packages/com.unity.purchasing/Runtime/Purchasing/Core/Purchasing/Models/GoogleOrderInfo.cs using Guid(4fbb0175b13d41b48d9c9752542c52e3) Importer(2089858483,b0f066a214c2f5e87bad3c948f4d605d) (ScriptedImporter) -> (artifact id: '4a8ffe49e23a9597acedd01636d2e646') in 0.0108475 seconds
Number of updated asset objects reloaded before import = 0Number of asset objects unloaded after import = 0

========================================================================
Received Import Request.
  Time since last request: 0.000072 seconds.
  path: Packages/com.unity.purchasing/Editor/Importer.cs
  artifactKey: Guid(c624f94dc9c742dfa8b20da2b240dd3a) Importer(2089858483,b0f066a214c2f5e87bad3c948f4d605d)
Start importing Packages/com.unity.purchasing/Editor/Importer.cs using Guid(c624f94dc9c742dfa8b20da2b240dd3a) Importer(2089858483,b0f066a214c2f5e87bad3c948f4d605d) (ScriptedImporter) -> (artifact id: 'd849c7f0ee8d5b76a6d75357cbab0d43') in 0.0128254 seconds
Number of updated asset objects reloaded before import = 0Number of asset objects unloaded after import = 0

========================================================================
Received Import Request.
  Time since last request: 0.000075 seconds.
  path: Packages/com.unity.purchasing/Runtime/Purchasing/Utilities/UnityUtilDependencyInjector.cs
  artifactKey: Guid(2766ccc110324976bde3281d3b7a20b0) Importer(2089858483,b0f066a214c2f5e87bad3c948f4d605d)
Start importing Packages/com.unity.purchasing/Runtime/Purchasing/Utilities/UnityUtilDependencyInjector.cs using Guid(2766ccc110324976bde3281d3b7a20b0) Importer(2089858483,b0f066a214c2f5e87bad3c948f4d605d) (ScriptedImporter) -> (artifact id: 'baf4aff070154884c84b4060f0255f8f') in 0.0133422 seconds
Number of updated asset objects reloaded before import = 0Number of asset objects unloaded after import = 0

========================================================================
Received Import Request.
  Time since last request: 0.000081 seconds.
  path: Packages/com.unity.purchasing/Editor/Authoring/Import/Google/GoogleCatalogFetcherConfigDrawer.cs
  artifactKey: Guid(b8fa04a73c41413f8043fae620dd64cc) Importer(2089858483,b0f066a214c2f5e87bad3c948f4d605d)
Start importing Packages/com.unity.purchasing/Editor/Authoring/Import/Google/GoogleCatalogFetcherConfigDrawer.cs using Guid(b8fa04a73c41413f8043fae620dd64cc) Importer(2089858483,b0f066a214c2f5e87bad3c948f4d605d) (ScriptedImporter) -> (artifact id: '80a078ae2d68b8c071fad0f2170da3c2') in 0.0161869 seconds
Number of updated asset objects reloaded before import = 0Number of asset objects unloaded after import = 0

========================================================================
Received Import Request.
  Time since last request: 0.000093 seconds.
  path: Packages/com.unity.purchasing/Editor/Authoring/Import/UI/Assets/icon-new.png
  artifactKey: Guid(aaca6959462b7449c8911a8fd3ce2abe) Importer(2089858483,b0f066a214c2f5e87bad3c948f4d605d)
Start importing Packages/com.unity.purchasing/Editor/Authoring/Import/UI/Assets/icon-new.png using Guid(aaca6959462b7449c8911a8fd3ce2abe) Importer(2089858483,b0f066a214c2f5e87bad3c948f4d605d) (ScriptedImporter) -> (artifact id: '22f64386cb1e573f458fa9b2b014e6ae') in 0.0204799 seconds
Number of updated asset objects reloaded before import = 0Number of asset objects unloaded after import = 3

========================================================================
Received Import Request.
  Time since last request: 0.000018 seconds.
  path: Packages/com.unity.purchasing/Runtime/Purchasing/Stores/AppleAppStore/Interfaces/IAppleAppReceiptViewer.cs
  artifactKey: Guid(e60198fe0bc44394287cd424092579fc) Importer(2089858483,b0f066a214c2f5e87bad3c948f4d605d)
Start importing Packages/com.unity.purchasing/Runtime/Purchasing/Stores/AppleAppStore/Interfaces/IAppleAppReceiptViewer.cs using Guid(e60198fe0bc44394287cd424092579fc) Importer(2089858483,b0f066a214c2f5e87bad3c948f4d605d) (ScriptedImporter) -> (artifact id: '71b670f472f664085c6f8d311e2d74d9') in 0.0119211 seconds
Number of updated asset objects reloaded before import = 0Number of asset objects unloaded after import = 0

========================================================================
Received Import Request.
  Time since last request: 0.000061 seconds.
  path: Packages/com.unity.purchasing/Editor/Shared/WebApi
  artifactKey: Guid(a393be817dcf4a3fa2a357f12c05a74b) Importer(2089858483,b0f066a214c2f5e87bad3c948f4d605d)
Start importing Packages/com.unity.purchasing/Editor/Shared/WebApi using Guid(a393be817dcf4a3fa2a357f12c05a74b) Importer(2089858483,b0f066a214c2f5e87bad3c948f4d605d) (ScriptedImporter) -> (artifact id: '5bbdcb6e0db8889c5739b196de3cc585') in 0.013996 seconds
Number of updated asset objects reloaded before import = 0Number of asset objects unloaded after import = 1

========================================================================
Received Import Request.
  Time since last request: 0.349008 seconds.
  path: Assets/LSO/_Scripts/LSO/LSO_Test.cs
  artifactKey: Guid(be96f0e2eca44458b83da1349c56f133) Importer(815301076,1909f56bfc062723c751e8b465ee728b)
Start importing Assets/LSO/_Scripts/LSO/LSO_Test.cs using Guid(be96f0e2eca44458b83da1349c56f133) Importer(815301076,1909f56bfc062723c751e8b465ee728b) (PreviewImporter) -> (artifact id: 'eebfd1c896cb9b87e6141c1e56041d0c') in 0.0005497 seconds
Number of updated asset objects reloaded before import = 0Number of asset objects unloaded after import = 0

========================================================================
Received Import Request.
  Time since last request: 0.965396 seconds.
  path: Packages/com.unity.services.deployment/Editor/PlayMode
  artifactKey: Guid(dd7724b6ca9f445189c29cd2b95c4730) Importer(2089858483,b0f066a214c2f5e87bad3c948f4d605d)
Start importing Packages/com.unity.services.deployment/Editor/PlayMode using Guid(dd7724b6ca9f445189c29cd2b95c4730) Importer(2089858483,b0f066a214c2f5e87bad3c948f4d605d) (ScriptedImporter) -> (artifact id: 'd366f70c6a089bd9c9bd569d10784102') in 0.0342597 seconds
Number of updated asset objects reloaded before import = 0Number of asset objects unloaded after import = 1

========================================================================
Received Import Request.
  Time since last request: 0.000181 seconds.
  path: Packages/com.unity.purchasing/Runtime/UnityWebshops/Client/ErrorMitigation
  artifactKey: Guid(b6e8a2fcaa87e43b3ba6925d6b9d99a8) Importer(2089858483,b0f066a214c2f5e87bad3c948f4d605d)
Start importing Packages/com.unity.purchasing/Runtime/UnityWebshops/Client/ErrorMitigation using Guid(b6e8a2fcaa87e43b3ba6925d6b9d99a8) Importer(2089858483,b0f066a214c2f5e87bad3c948f4d605d) (ScriptedImporter) -> (artifact id: '191281420267658498b35315c605e3f3') in 0.074286 seconds
Number of updated asset objects reloaded before import = 0Number of asset objects unloaded after import = 1

========================================================================
Received Import Request.
  Time since last request: 0.005723 seconds.
  path: Packages/com.unity.purchasing/Runtime/Purchasing/Legacy/Extensions/Interfaces/IGooglePlayStoreExtensions.cs
  artifactKey: Guid(356bae572ae84b2c8155ede52c806f94) Importer(2089858483,b0f066a214c2f5e87bad3c948f4d605d)
Start importing Packages/com.unity.purchasing/Runtime/Purchasing/Legacy/Extensions/Interfaces/IGooglePlayStoreExtensions.cs using Guid(356bae572ae84b2c8155ede52c806f94) Importer(2089858483,b0f066a214c2f5e87bad3c948f4d605d) (ScriptedImporter) -> (artifact id: '1b8161ba9fa6a91639c9e55103e8545e') in 0.0360033 seconds
Number of updated asset objects reloaded before import = 0Number of asset objects unloaded after import = 0

========================================================================
Received Import Request.
  Time since last request: 0.000465 seconds.
  path: Packages/com.unity.purchasing/Runtime/Stores/Android/GooglePlay/AAR/Interfaces/IExternalBillingProgramClientInternal.cs
  artifactKey: Guid(eb21f780a7cd4807bc2ae824248701c7) Importer(2089858483,b0f066a214c2f5e87bad3c948f4d605d)
Start importing Packages/com.unity.purchasing/Runtime/Stores/Android/GooglePlay/AAR/Interfaces/IExternalBillingProgramClientInternal.cs using Guid(eb21f780a7cd4807bc2ae824248701c7) Importer(2089858483,b0f066a214c2f5e87bad3c948f4d605d) (ScriptedImporter) -> (artifact id: 'f9326e9bd2ce187e0e43afa70c89f190') in 0.0330726 seconds
Number of updated asset objects reloaded before import = 0Number of asset objects unloaded after import = 0

========================================================================
Received Import Request.
  Time since last request: 0.000075 seconds.
  path: Packages/com.unity.purchasing/Runtime/Purchasing/Stores/PaymentProvider/PaymentProvider.cs
  artifactKey: Guid(bb21a2c64b664b63a152c4de17a55f3a) Importer(2089858483,b0f066a214c2f5e87bad3c948f4d605d)
Start importing Packages/com.unity.purchasing/Runtime/Purchasing/Stores/PaymentProvider/PaymentProvider.cs using Guid(bb21a2c64b664b63a152c4de17a55f3a) Importer(2089858483,b0f066a214c2f5e87bad3c948f4d605d) (ScriptedImporter) -> (artifact id: '1f3fc5985cc5f473cfe141ab33b61d93') in 0.0226133 seconds
Number of updated asset objects reloaded before import = 0Number of asset objects unloaded after import = 0

========================================================================
Received Import Request.
  Time since last request: 0.000499 seconds.
  path: Packages/com.unity.purchasing/Runtime/UnityWebshops/Client/ErrorMitigation/RetryPolicy.cs
  artifactKey: Guid(88d757b7fbc5d4f7bad3f1f47c99d7fe) Importer(2089858483,b0f066a214c2f5e87bad3c948f4d605d)
Start importing Packages/com.unity.purchasing/Runtime/UnityWebshops/Client/ErrorMitigation/RetryPolicy.cs using Guid(88d757b7fbc5d4f7bad3f1f47c99d7fe) Importer(2089858483,b0f066a214c2f5e87bad3c948f4d605d) (ScriptedImporter) -> (artifact id: '67440c5c47a8a7e63b1ac872cc665f67') in 0.0255849 seconds
Number of updated asset objects reloaded before import = 0Number of asset objects unloaded after import = 0

========================================================================
Received Import Request.
  Time since last request: 0.000085 seconds.
  path: Packages/com.unity.purchasing/Runtime/Stores/Android/GooglePlay/AAR/Interfaces/IGooglePurchaseCallback.cs
  artifactKey: Guid(c1d4ff6f05d1d44b6a316c6b0e32c24e) Importer(2089858483,b0f066a214c2f5e87bad3c948f4d605d)
Start importing Packages/com.unity.purchasing/Runtime/Stores/Android/GooglePlay/AAR/Interfaces/IGooglePurchaseCallback.cs using Guid(c1d4ff6f05d1d44b6a316c6b0e32c24e) Importer(2089858483,b0f066a214c2f5e87bad3c948f4d605d) (ScriptedImporter) -> (artifact id: 'f1aecd23665191fd2232be234c33a3dc') in 0.018608 seconds
Number of updated asset objects reloaded before import = 0Number of asset objects unloaded after import = 0

========================================================================
Received Import Request.
  Time since last request: 0.000025 seconds.
  path: Packages/com.unity.purchasing/Runtime/Purchasing/Core/Store/Android/GooglePlay/Extensions/Interfaces
  artifactKey: Guid(e9e714caf61544d47a00ec1e7d78833f) Importer(2089858483,b0f066a214c2f5e87bad3c948f4d605d)
Start importing Packages/com.unity.purchasing/Runtime/Purchasing/Core/Store/Android/GooglePlay/Extensions/Interfaces using Guid(e9e714caf61544d47a00ec1e7d78833f) Importer(2089858483,b0f066a214c2f5e87bad3c948f4d605d) (ScriptedImporter) -> (artifact id: 'f6845de6b19a622b496ab5fd1b8f3a02') in 0.0179252 seconds
Number of updated asset objects reloaded before import = 0Number of asset objects unloaded after import = 1

========================================================================
Received Import Request.
  Time since last request: 0.000062 seconds.
  path: Packages/com.unity.purchasing/Plugins/UnityPurchasing/iOS/UnityAttribution/UnityPurchasingAttribution.m
  artifactKey: Guid(37ab892cdcb5c4b61baa9af4772fab0a) Importer(2089858483,b0f066a214c2f5e87bad3c948f4d605d)
Start importing Packages/com.unity.purchasing/Plugins/UnityPurchasing/iOS/UnityAttribution/UnityPurchasingAttribution.m using Guid(37ab892cdcb5c4b61baa9af4772fab0a) Importer(2089858483,b0f066a214c2f5e87bad3c948f4d605d) (ScriptedImporter) -> (artifact id: '2446a2560040d6c18e2185761b7a9ea8') in 0.0292569 seconds
Number of updated asset objects reloaded before import = 0Number of asset objects unloaded after import = 0

========================================================================
Received Import Request.
  Time since last request: 0.000124 seconds.
  path: Packages/com.unity.purchasing/Runtime/Purchasing/Stores/StoreSpecificPurchaseErrorCode.cs
  artifactKey: Guid(0fc7c23a0ba44aedbbe141540a496059) Importer(2089858483,b0f066a214c2f5e87bad3c948f4d605d)
Start importing Packages/com.unity.purchasing/Runtime/Purchasing/Stores/StoreSpecificPurchaseErrorCode.cs using Guid(0fc7c23a0ba44aedbbe141540a496059) Importer(2089858483,b0f066a214c2f5e87bad3c948f4d605d) (ScriptedImporter) -> (artifact id: 'f7a58938121e72af9908ffe090b65400') in 0.0190845 seconds
Number of updated asset objects reloaded before import = 0Number of asset objects unloaded after import = 0

========================================================================
Received Import Request.
  Time since last request: 0.000028 seconds.
  path: Packages/com.unity.services.deployment.api/Editor/DeploymentWindowApi/ITypedItem.cs
  artifactKey: Guid(2d3bf333d2294d37ae204d548225f117) Importer(2089858483,b0f066a214c2f5e87bad3c948f4d605d)
Start importing Packages/com.unity.services.deployment.api/Editor/DeploymentWindowApi/ITypedItem.cs using Guid(2d3bf333d2294d37ae204d548225f117) Importer(2089858483,b0f066a214c2f5e87bad3c948f4d605d) (ScriptedImporter) -> (artifact id: '9b9a5b741e8baead95e932c594ca8d33') in 0.0194154 seconds
Number of updated asset objects reloaded before import = 0Number of asset objects unloaded after import = 0

========================================================================
Received Import Request.
  Time since last request: 0.000392 seconds.
  path: Packages/com.unity.purchasing/Runtime/Purchasing/Core/Product/UseCases/Interfaces
  artifactKey: Guid(25abee8181fa4e57850311f82f9bece1) Importer(2089858483,b0f066a214c2f5e87bad3c948f4d605d)
Start importing Packages/com.unity.purchasing/Runtime/Purchasing/Core/Product/UseCases/Interfaces using Guid(25abee8181fa4e57850311f82f9bece1) Importer(2089858483,b0f066a214c2f5e87bad3c948f4d605d) (ScriptedImporter) -> (artifact id: 'c329c057ad020eda16e2a8a1d9b11fc0') in 0.0245843 seconds
Number of updated asset objects reloaded before import = 0Number of asset objects unloaded after import = 1

========================================================================
Received Import Request.
  Time since last request: 0.000030 seconds.
  path: Packages/com.unity.purchasing/Runtime/UnityWebshops/Client/Scheduler
  artifactKey: Guid(2f6e88ffa905e46daa0a5503f089e612) Importer(2089858483,b0f066a214c2f5e87bad3c948f4d605d)
Start importing Packages/com.unity.purchasing/Runtime/UnityWebshops/Client/Scheduler using Guid(2f6e88ffa905e46daa0a5503f089e612) Importer(2089858483,b0f066a214c2f5e87bad3c948f4d605d) (ScriptedImporter) -> (artifact id: '77a0d5115871c3c7f0cc23e74a63a098') in 0.0215748 seconds
Number of updated asset objects reloaded before import = 0Number of asset objects unloaded after import = 1

========================================================================
Received Import Request.
  Time since last request: 0.000646 seconds.
  path: Packages/com.unity.purchasing/Editor/ServiceProjectSettings/Entity/Consts/PurchasingUrls.cs
  artifactKey: Guid(22efddbf3548b419e835532542845f36) Importer(2089858483,b0f066a214c2f5e87bad3c948f4d605d)
Start importing Packages/com.unity.purchasing/Editor/ServiceProjectSettings/Entity/Consts/PurchasingUrls.cs using Guid(22efddbf3548b419e835532542845f36) Importer(2089858483,b0f066a214c2f5e87bad3c948f4d605d) (ScriptedImporter) -> (artifact id: '98e101eaeb3d4425497d6e072cddcbf3') in 0.0177538 seconds
Number of updated asset objects reloaded before import = 0Number of asset objects unloaded after import = 0

========================================================================
Received Import Request.
  Time since last request: 0.000024 seconds.
  path: Packages/com.unity.purchasing/Editor/Shared/Clients
  artifactKey: Guid(88cba8c133e149e3af857bde24c2badc) Importer(2089858483,b0f066a214c2f5e87bad3c948f4d605d)
Start importing Packages/com.unity.purchasing/Editor/Shared/Clients using Guid(88cba8c133e149e3af857bde24c2badc) Importer(2089858483,b0f066a214c2f5e87bad3c948f4d605d) (ScriptedImporter) -> (artifact id: 'ccfdba6a1efcc2c3cfd8b9b59292bd31') in 0.0296206 seconds
Number of updated asset objects reloaded before import = 0Number of asset objects unloaded after import = 1

========================================================================
Received Import Request.
  Time since last request: 0.000602 seconds.
  path: Packages/com.unity.purchasing/Runtime/Purchasing/Core/Purchasing/Interfaces/UseCases/IPurchaseUseCase.cs
  artifactKey: Guid(6b28ab2658484d14dbfaf18a51af8d06) Importer(2089858483,b0f066a214c2f5e87bad3c948f4d605d)
Start importing Packages/com.unity.purchasing/Runtime/Purchasing/Core/Purchasing/Interfaces/UseCases/IPurchaseUseCase.cs using Guid(6b28ab2658484d14dbfaf18a51af8d06) Importer(2089858483,b0f066a214c2f5e87bad3c948f4d605d) (ScriptedImporter) -> (artifact id: 'a67f3e86b410844bb71157807f07cf79') in 0.0310183 seconds
Number of updated asset objects reloaded before import = 0Number of asset objects unloaded after import = 0

========================================================================
Received Import Request.
  Time since last request: 0.000756 seconds.
  path: Packages/com.unity.purchasing/Editor/Shared/Unity.Purchasing.Editor.Shared.asmdef
  artifactKey: Guid(dca7c6c385c445a993c7202a23809931) Importer(2089858483,b0f066a214c2f5e87bad3c948f4d605d)
Start importing Packages/com.unity.purchasing/Editor/Shared/Unity.Purchasing.Editor.Shared.asmdef using Guid(dca7c6c385c445a993c7202a23809931) Importer(2089858483,b0f066a214c2f5e87bad3c948f4d605d) (ScriptedImporter) -> (artifact id: 'abb0f823c5466a751fea4f5f45919be5') in 0.3094572 seconds
Number of updated asset objects reloaded before import = 0Number of asset objects unloaded after import = 1

========================================================================
Received Import Request.
  Time since last request: 0.015398 seconds.
  path: Packages/com.unity.purchasing/Runtime/UnityPaymentProviders/Client/Models/PaymentProvidersResponse.cs
  artifactKey: Guid(d6c8480f5b6ff674abbe17686057a882) Importer(2089858483,b0f066a214c2f5e87bad3c948f4d605d)
Start importing Packages/com.unity.purchasing/Runtime/UnityPaymentProviders/Client/Models/PaymentProvidersResponse.cs using Guid(d6c8480f5b6ff674abbe17686057a882) Importer(2089858483,b0f066a214c2f5e87bad3c948f4d605d) (ScriptedImporter) -> (artifact id: 'ae94f3902720d3cd24ca46a828c81d4b') in 0.0247698 seconds
Number of updated asset objects reloaded before import = 0Number of asset objects unloaded after import = 0

========================================================================
Received Import Request.
  Time since last request: 0.000396 seconds.
  path: Packages/com.unity.purchasing/Runtime/Purchasing/Extension/Interfaces/IProductCache.cs
  artifactKey: Guid(6b3b7fef7a2a456fb436a1b80a442d2f) Importer(2089858483,b0f066a214c2f5e87bad3c948f4d605d)
Start importing Packages/com.unity.purchasing/Runtime/Purchasing/Extension/Interfaces/IProductCache.cs using Guid(6b3b7fef7a2a456fb436a1b80a442d2f) Importer(2089858483,b0f066a214c2f5e87bad3c948f4d605d) (ScriptedImporter) -> (artifact id: 'e576e6bbce2ed09168fce414524522fb') in 0.0256743 seconds
Number of updated asset objects reloaded before import = 0Number of asset objects unloaded after import = 0

========================================================================
Received Import Request.
  Time since last request: 0.000028 seconds.
  path: Packages/com.unity.purchasing/Runtime/AppleMacos/OSXStoreBindings.cs
  artifactKey: Guid(147390da81124328b53e90817831160f) Importer(2089858483,b0f066a214c2f5e87bad3c948f4d605d)
Start importing Packages/com.unity.purchasing/Runtime/AppleMacos/OSXStoreBindings.cs using Guid(147390da81124328b53e90817831160f) Importer(2089858483,b0f066a214c2f5e87bad3c948f4d605d) (ScriptedImporter) -> (artifact id: 'a25c5c8f885487975a599458cfbdf0d5') in 0.0170176 seconds
Number of updated asset objects reloaded before import = 0Number of asset objects unloaded after import = 0

========================================================================
Received Import Request.
  Time since last request: 0.000243 seconds.
  path: Packages/com.unity.purchasing/Runtime/UnityWebshops/Interfaces/IWebshopService.cs
  artifactKey: Guid(206d21fef3dc48e1b046475737966c74) Importer(2089858483,b0f066a214c2f5e87bad3c948f4d605d)
Start importing Packages/com.unity.purchasing/Runtime/UnityWebshops/Interfaces/IWebshopService.cs using Guid(206d21fef3dc48e1b046475737966c74) Importer(2089858483,b0f066a214c2f5e87bad3c948f4d605d) (ScriptedImporter) -> (artifact id: '087b4ae13aa5b3f982d454df0d9b393d') in 0.0199432 seconds
Number of updated asset objects reloaded before import = 0Number of asset objects unloaded after import = 0

========================================================================
Received Import Request.
  Time since last request: 0.000097 seconds.
  path: Packages/com.unity.purchasing/Runtime/Purchasing/Stores/AppleAppStore/MacAppStore.cs
  artifactKey: Guid(8cdf4287f085438481434ba928041a04) Importer(2089858483,b0f066a214c2f5e87bad3c948f4d605d)
Start importing Packages/com.unity.purchasing/Runtime/Purchasing/Stores/AppleAppStore/MacAppStore.cs using Guid(8cdf4287f085438481434ba928041a04) Importer(2089858483,b0f066a214c2f5e87bad3c948f4d605d) (ScriptedImporter) -> (artifact id: 'daaa330a883d01db2770e7a93d17b014') in 0.0156602 seconds
Number of updated asset objects reloaded before import = 0Number of asset objects unloaded after import = 0

========================================================================
Received Import Request.
  Time since last request: 0.000164 seconds.
  path: Packages/com.unity.services.deployment/Editor/Shared/Clients/AdminApiHeaders.Gen.cs
  artifactKey: Guid(0aa6e9ef80bc24309b22de0c184fe805) Importer(2089858483,b0f066a214c2f5e87bad3c948f4d605d)
Start importing Packages/com.unity.services.deployment/Editor/Shared/Clients/AdminApiHeaders.Gen.cs using Guid(0aa6e9ef80bc24309b22de0c184fe805) Importer(2089858483,b0f066a214c2f5e87bad3c948f4d605d) (ScriptedImporter) -> (artifact id: 'a8977d2526af8eb81cef6afe239b15e0') in 0.0145937 seconds
Number of updated asset objects reloaded before import = 0Number of asset objects unloaded after import = 0

========================================================================
Received Import Request.
  Time since last request: 0.000026 seconds.
  path: Packages/com.unity.services.deployment/Core/Glob/AST/SubSegment.Gen.cs
  artifactKey: Guid(74db2172d87034b2a8041bd36e4fac41) Importer(2089858483,b0f066a214c2f5e87bad3c948f4d605d)
Start importing Packages/com.unity.services.deployment/Core/Glob/AST/SubSegment.Gen.cs using Guid(74db2172d87034b2a8041bd36e4fac41) Importer(2089858483,b0f066a214c2f5e87bad3c948f4d605d) (ScriptedImporter) -> (artifact id: '5bafadc4f2bcef124a6c99511611963b') in 0.0143335 seconds
Number of updated asset objects reloaded before import = 0Number of asset objects unloaded after import = 0

========================================================================
Received Import Request.
  Time since last request: 0.000087 seconds.
  path: Packages/com.unity.purchasing/Editor/Authoring/Core/Model/Constants.cs
  artifactKey: Guid(222244c0c2318d44a84a2f66a4887ee5) Importer(2089858483,b0f066a214c2f5e87bad3c948f4d605d)
Start importing Packages/com.unity.purchasing/Editor/Authoring/Core/Model/Constants.cs using Guid(222244c0c2318d44a84a2f66a4887ee5) Importer(2089858483,b0f066a214c2f5e87bad3c948f4d605d) (ScriptedImporter) -> (artifact id: '9499fbd7eefe1e08d499e8e43ec50e2d') in 0.0147909 seconds
Number of updated asset objects reloaded before import = 0Number of asset objects unloaded after import = 0

========================================================================
Received Import Request.
  Time since last request: 0.000251 seconds.
  path: Packages/com.unity.purchasing/Editor/Authoring/PurchasingAdminApi/Client/Model/ForbiddenErrorResponse.cs
  artifactKey: Guid(998818d87ea9d40ccbf841bd0b04c639) Importer(2089858483,b0f066a214c2f5e87bad3c948f4d605d)
Start importing Packages/com.unity.purchasing/Editor/Authoring/PurchasingAdminApi/Client/Model/ForbiddenErrorResponse.cs using Guid(998818d87ea9d40ccbf841bd0b04c639) Importer(2089858483,b0f066a214c2f5e87bad3c948f4d605d) (ScriptedImporter) -> (artifact id: '21826125113676a2aae4ba34f902d3aa') in 0.0143909 seconds
Number of updated asset objects reloaded before import = 0Number of asset objects unloaded after import = 0

========================================================================
Received Import Request.
  Time since last request: 0.000025 seconds.
  path: Packages/com.unity.purchasing/Editor/Authoring/UI/CatalogItemInspectorConfig.cs
  artifactKey: Guid(3bbee7555a43f493d9fa4e29e8ca11e4) Importer(2089858483,b0f066a214c2f5e87bad3c948f4d605d)
Start importing Packages/com.unity.purchasing/Editor/Authoring/UI/CatalogItemInspectorConfig.cs using Guid(3bbee7555a43f493d9fa4e29e8ca11e4) Importer(2089858483,b0f066a214c2f5e87bad3c948f4d605d) (ScriptedImporter) -> (artifact id: '78aeaae75d1e5866902a131ecbfe065d') in 0.0113864 seconds
Number of updated asset objects reloaded before import = 0Number of asset objects unloaded after import = 0

========================================================================
Received Import Request.
  Time since last request: 0.000024 seconds.
  path: Packages/com.unity.purchasing/Runtime/UnityPaymentProviders/Client/Models/DeviceInfo.cs
  artifactKey: Guid(062a018b3bf1e439d9ca2b3716226a8f) Importer(2089858483,b0f066a214c2f5e87bad3c948f4d605d)
Start importing Packages/com.unity.purchasing/Runtime/UnityPaymentProviders/Client/Models/DeviceInfo.cs using Guid(062a018b3bf1e439d9ca2b3716226a8f) Importer(2089858483,b0f066a214c2f5e87bad3c948f4d605d) (ScriptedImporter) -> (artifact id: 'c2d183d9da1081e66c9897e8d53ca818') in 0.0153162 seconds
Number of updated asset objects reloaded before import = 0Number of asset objects unloaded after import = 0

========================================================================
Received Import Request.
  Time since last request: 0.000084 seconds.
  path: Packages/com.unity.purchasing/Runtime/Stores/Analytics/Utilitiles/UnifiedReceiptAnalyticsExtensions.cs
  artifactKey: Guid(d90becf1212a2964798979b7fd70fb43) Importer(2089858483,b0f066a214c2f5e87bad3c948f4d605d)
Start importing Packages/com.unity.purchasing/Runtime/Stores/Analytics/Utilitiles/UnifiedReceiptAnalyticsExtensions.cs using Guid(d90becf1212a2964798979b7fd70fb43) Importer(2089858483,b0f066a214c2f5e87bad3c948f4d605d) (ScriptedImporter) -> (artifact id: '2e78546dffd77afa17ce863040a00951') in 0.0130343 seconds
Number of updated asset objects reloaded before import = 0Number of asset objects unloaded after import = 0

========================================================================
Received Import Request.
  Time since last request: 0.000108 seconds.
  path: Packages/com.unity.purchasing/Runtime/TransactionVerifier/Client/Apis/AppleApi.cs
  artifactKey: Guid(f4474b28c8bc04de9af0eb6a47fd81d4) Importer(2089858483,b0f066a214c2f5e87bad3c948f4d605d)
Start importing Packages/com.unity.purchasing/Runtime/TransactionVerifier/Client/Apis/AppleApi.cs using Guid(f4474b28c8bc04de9af0eb6a47fd81d4) Importer(2089858483,b0f066a214c2f5e87bad3c948f4d605d) (ScriptedImporter) -> (artifact id: '022f38189a6c35aa9398eff9cb326eee') in 0.0183483 seconds
Number of updated asset objects reloaded before import = 0Number of asset objects unloaded after import = 0

========================================================================
Received Import Request.
  Time since last request: 0.000043 seconds.
  path: Packages/com.unity.purchasing/Editor/Authoring/LiveContentAdminApi/Client/Api/ClientApi.cs
  artifactKey: Guid(48806ebe0c0548baa5d333cbc4697b9e) Importer(2089858483,b0f066a214c2f5e87bad3c948f4d605d)
Start importing Packages/com.unity.purchasing/Editor/Authoring/LiveContentAdminApi/Client/Api/ClientApi.cs using Guid(48806ebe0c0548baa5d333cbc4697b9e) Importer(2089858483,b0f066a214c2f5e87bad3c948f4d605d) (ScriptedImporter) -> (artifact id: '00301e2ca58833bd186fbc2bf886ec65') in 0.016217 seconds
Number of updated asset objects reloaded before import = 0Number of asset objects unloaded after import = 0

========================================================================
Received Import Request.
  Time since last request: 0.000356 seconds.
  path: Packages/com.unity.purchasing/Runtime/Purchasing/Core/Store/Interfaces/IStoreConnectionStateService.cs
  artifactKey: Guid(04cc4f2028a245e1b3facb817ab19bcb) Importer(2089858483,b0f066a214c2f5e87bad3c948f4d605d)
Start importing Packages/com.unity.purchasing/Runtime/Purchasing/Core/Store/Interfaces/IStoreConnectionStateService.cs using Guid(04cc4f2028a245e1b3facb817ab19bcb) Importer(2089858483,b0f066a214c2f5e87bad3c948f4d605d) (ScriptedImporter) -> (artifact id: '1ca880b813dc65211d2e04b15d3ecef3') in 0.0191107 seconds
Number of updated asset objects reloaded before import = 0Number of asset objects unloaded after import = 0

========================================================================
Received Import Request.
  Time since last request: 0.000074 seconds.
  path: Packages/com.unity.purchasing/Runtime/Purchasing/Stores/XboxStore/XboxStore.cs
  artifactKey: Guid(2a47253ea59d3804c81db27af6e94c38) Importer(2089858483,b0f066a214c2f5e87bad3c948f4d605d)
Start importing Packages/com.unity.purchasing/Runtime/Purchasing/Stores/XboxStore/XboxStore.cs using Guid(2a47253ea59d3804c81db27af6e94c38) Importer(2089858483,b0f066a214c2f5e87bad3c948f4d605d) (ScriptedImporter) -> (artifact id: '40acd0274c6de48f263fb65d278b83b9') in 0.0151122 seconds
Number of updated asset objects reloaded before import = 0Number of asset objects unloaded after import = 0

========================================================================
Received Import Request.
  Time since last request: 0.000051 seconds.
  path: Packages/com.unity.purchasing/Runtime/Purchasing/Stores/BaseStore/Exceptions/FetchProductsException.cs
  artifactKey: Guid(2deb7537c671403583f60b90bb58b81b) Importer(2089858483,b0f066a214c2f5e87bad3c948f4d605d)
Start importing Packages/com.unity.purchasing/Runtime/Purchasing/Stores/BaseStore/Exceptions/FetchProductsException.cs using Guid(2deb7537c671403583f60b90bb58b81b) Importer(2089858483,b0f066a214c2f5e87bad3c948f4d605d) (ScriptedImporter) -> (artifact id: '77f5d1a04ed7e1f4dce6cddfa4ecb72e') in 0.0213861 seconds
Number of updated asset objects reloaded before import = 0Number of asset objects unloaded after import = 0

========================================================================
Received Import Request.
  Time since last request: 0.000184 seconds.
  path: Packages/com.unity.purchasing/Editor/ServiceProjectSettings/UI/UXML/AppleConfiguration.uxml
  artifactKey: Guid(bd856f0c7cf84ef795ecf8adc3691ad1) Importer(2089858483,b0f066a214c2f5e87bad3c948f4d605d)
Start importing Packages/com.unity.purchasing/Editor/ServiceProjectSettings/UI/UXML/AppleConfiguration.uxml using Guid(bd856f0c7cf84ef795ecf8adc3691ad1) Importer(2089858483,b0f066a214c2f5e87bad3c948f4d605d) (ScriptedImporter) -> (artifact id: '619fc5568d58a18447c3ff464eb56ca9') in 0.152697 seconds
Number of updated asset objects reloaded before import = 0Number of asset objects unloaded after import = 2

========================================================================
Received Import Request.
  Time since last request: 0.000031 seconds.
  path: Packages/com.unity.purchasing/Runtime/Purchasing/Legacy/Configurations/Interfaces/IStoreConfiguration.cs
  artifactKey: Guid(c96303ef84a84183b6dd41a1483f0d8f) Importer(2089858483,b0f066a214c2f5e87bad3c948f4d605d)
Start importing Packages/com.unity.purchasing/Runtime/Purchasing/Legacy/Configurations/Interfaces/IStoreConfiguration.cs using Guid(c96303ef84a84183b6dd41a1483f0d8f) Importer(2089858483,b0f066a214c2f5e87bad3c948f4d605d) (ScriptedImporter) -> (artifact id: 'e645904f2fa73c3e09520c86cc56a2c0') in 0.0182452 seconds
Number of updated asset objects reloaded before import = 0Number of asset objects unloaded after import = 0

========================================================================
Received Import Request.
  Time since last request: 0.000089 seconds.
  path: Packages/com.unity.purchasing/Editor/Authoring/PurchasingAdminApi/Client/Model/ValidationErrorResponse.cs
  artifactKey: Guid(1eec48f4d9c9546908d6a9922342c306) Importer(2089858483,b0f066a214c2f5e87bad3c948f4d605d)
Start importing Packages/com.unity.purchasing/Editor/Authoring/PurchasingAdminApi/Client/Model/ValidationErrorResponse.cs using Guid(1eec48f4d9c9546908d6a9922342c306) Importer(2089858483,b0f066a214c2f5e87bad3c948f4d605d) (ScriptedImporter) -> (artifact id: '04326befa444db22fbd98dd5b97f8616') in 0.017262 seconds
Number of updated asset objects reloaded before import = 0Number of asset objects unloaded after import = 0

========================================================================
Received Import Request.
  Time since last request: 0.000146 seconds.
  path: Packages/com.unity.services.deployment/Editor/Interface/SelectInProjectWindowCommand.cs
  artifactKey: Guid(47898703d44a43fca84c35b96bd4c376) Importer(2089858483,b0f066a214c2f5e87bad3c948f4d605d)
Start importing Packages/com.unity.services.deployment/Editor/Interface/SelectInProjectWindowCommand.cs using Guid(47898703d44a43fca84c35b96bd4c376) Importer(2089858483,b0f066a214c2f5e87bad3c948f4d605d) (ScriptedImporter) -> (artifact id: '0204ac6dbb6d38bc8c3adcdbcf9a8d83') in 0.0250251 seconds
Number of updated asset objects reloaded before import = 0Number of asset objects unloaded after import = 0

========================================================================
Received Import Request.
  Time since last request: 0.000216 seconds.
  path: Packages/com.unity.purchasing/Editor/Authoring/RoutingAdminApi/RoutingClient.cs
  artifactKey: Guid(8ee7a279630a5419084b2ed32fa469e9) Importer(2089858483,b0f066a214c2f5e87bad3c948f4d605d)
Start importing Packages/com.unity.purchasing/Editor/Authoring/RoutingAdminApi/RoutingClient.cs using Guid(8ee7a279630a5419084b2ed32fa469e9) Importer(2089858483,b0f066a214c2f5e87bad3c948f4d605d) (ScriptedImporter) -> (artifact id: 'e68bfc381b62f044be3847d80f6adf8e') in 0.021835 seconds
Number of updated asset objects reloaded before import = 0Number of asset objects unloaded after import = 0

========================================================================
Received Import Request.
  Time since last request: 0.000106 seconds.
  path: Packages/com.unity.services.deployment
  artifactKey: Guid(bf130b7cd4cb23acb76f5a56fd245191) Importer(2089858483,b0f066a214c2f5e87bad3c948f4d605d)
Start importing Packages/com.unity.services.deployment using Guid(bf130b7cd4cb23acb76f5a56fd245191) Importer(2089858483,b0f066a214c2f5e87bad3c948f4d605d) (ScriptedImporter) -> (artifact id: '142048ade614654b0f28667d3980f55b') in 0.0162279 seconds
Number of updated asset objects reloaded before import = 0Number of asset objects unloaded after import = 1

========================================================================
Received Import Request.
  Time since last request: 0.000064 seconds.
  path: Packages/com.unity.purchasing/Runtime/Apple/iOSStoreBindings.cs
  artifactKey: Guid(360e792a2fac4d2dbf1793c1f98567a7) Importer(2089858483,b0f066a214c2f5e87bad3c948f4d605d)
Start importing Packages/com.unity.purchasing/Runtime/Apple/iOSStoreBindings.cs using Guid(360e792a2fac4d2dbf1793c1f98567a7) Importer(2089858483,b0f066a214c2f5e87bad3c948f4d605d) (ScriptedImporter) -> (artifact id: 'a322bdb740a686314cef75b4762d0ec1') in 0.018557 seconds
Number of updated asset objects reloaded before import = 0Number of asset objects unloaded after import = 0

========================================================================
Received Import Request.
  Time since last request: 0.000026 seconds.
  path: Packages/com.unity.services.deployment/Core/Model/IDeploymentDefinition.cs
  artifactKey: Guid(f448a3385c234c6cb0077d4df0752c3a) Importer(2089858483,b0f066a214c2f5e87bad3c948f4d605d)
Start importing Packages/com.unity.services.deployment/Core/Model/IDeploymentDefinition.cs using Guid(f448a3385c234c6cb0077d4df0752c3a) Importer(2089858483,b0f066a214c2f5e87bad3c948f4d605d) (ScriptedImporter) -> (artifact id: '98e2c23cd5d9f061bde0d4eab5bc7637') in 0.015201 seconds
Number of updated asset objects reloaded before import = 0Number of asset objects unloaded after import = 0

========================================================================
Received Import Request.
  Time since last request: 0.000153 seconds.
  path: Packages/com.unity.purchasing/Runtime/Purchasing/Core/Purchasing/Android/GooglePlay/Extensions
  artifactKey: Guid(e11dc1cd2e99afe439e07e106aaade13) Importer(2089858483,b0f066a214c2f5e87bad3c948f4d605d)
Start importing Packages/com.unity.purchasing/Runtime/Purchasing/Core/Purchasing/Android/GooglePlay/Extensions using Guid(e11dc1cd2e99afe439e07e106aaade13) Importer(2089858483,b0f066a214c2f5e87bad3c948f4d605d) (ScriptedImporter) -> (artifact id: '79926743a71c4c492211ebdceee7dc05') in 0.0168726 seconds
Number of updated asset objects reloaded before import = 0Number of asset objects unloaded after import = 1

========================================================================
Received Import Request.
  Time since last request: 0.000094 seconds.
  path: Packages/com.unity.purchasing/Runtime/Purchasing/Core/Product/AppleAppStore/Extensions/UseCases/SetStorePromotionVisibilityUseCase.cs
  artifactKey: Guid(3cacc688c595447f8281cbc68cb5c1f0) Importer(2089858483,b0f066a214c2f5e87bad3c948f4d605d)
Start importing Packages/com.unity.purchasing/Runtime/Purchasing/Core/Product/AppleAppStore/Extensions/UseCases/SetStorePromotionVisibilityUseCase.cs using Guid(3cacc688c595447f8281cbc68cb5c1f0) Importer(2089858483,b0f066a214c2f5e87bad3c948f4d605d) (ScriptedImporter) -> (artifact id: 'b4a4eb24109274640542e7cdacf628fc') in 0.017956 seconds
Number of updated asset objects reloaded before import = 0Number of asset objects unloaded after import = 0

========================================================================
Received Import Request.
  Time since last request: 0.000216 seconds.
  path: Packages/com.unity.purchasing/Runtime/Stores/XboxStore/CloudServices/Unity.Purchasing.Stores.XboxCloudServices.asmdef
  artifactKey: Guid(73b30a46d483f424385420d2cfd6adb8) Importer(2089858483,b0f066a214c2f5e87bad3c948f4d605d)
Start importing Packages/com.unity.purchasing/Runtime/Stores/XboxStore/CloudServices/Unity.Purchasing.Stores.XboxCloudServices.asmdef using Guid(73b30a46d483f424385420d2cfd6adb8) Importer(2089858483,b0f066a214c2f5e87bad3c948f4d605d) (ScriptedImporter) -> (artifact id: '5d25e9c800e4cf06f76c2c24fbd95551') in 0.015651 seconds
Number of updated asset objects reloaded before import = 0Number of asset objects unloaded after import = 1

========================================================================
Received Import Request.
  Time since last request: 0.000208 seconds.
  path: Packages/com.unity.purchasing/Runtime/Stores/Data/StoreLocationContext.cs
  artifactKey: Guid(bf69acadcc5644a7e9e4373934db31a8) Importer(2089858483,b0f066a214c2f5e87bad3c948f4d605d)
Start importing Packages/com.unity.purchasing/Runtime/Stores/Data/StoreLocationContext.cs using Guid(bf69acadcc5644a7e9e4373934db31a8) Importer(2089858483,b0f066a214c2f5e87bad3c948f4d605d) (ScriptedImporter) -> (artifact id: 'c564c9b460ed3eaf4e68f41f80bc30aa') in 0.0205944 seconds
Number of updated asset objects reloaded before import = 0Number of asset objects unloaded after import = 0

========================================================================
Received Import Request.
  Time since last request: 0.458606 seconds.
  path: Packages/com.unity.purchasing/Editor/Authoring/PurchasingAdminApi/Client/Model/CatalogProduct.cs
  artifactKey: Guid(c485e2320fabd4d73ae5604000a30ffa) Importer(2089858483,b0f066a214c2f5e87bad3c948f4d605d)
Start importing Packages/com.unity.purchasing/Editor/Authoring/PurchasingAdminApi/Client/Model/CatalogProduct.cs using Guid(c485e2320fabd4d73ae5604000a30ffa) Importer(2089858483,b0f066a214c2f5e87bad3c948f4d605d) (ScriptedImporter) -> (artifact id: '291d48bd4d68e32d6f8ef079c6f38ded') in 0.0533705 seconds
Number of updated asset objects reloaded before import = 0Number of asset objects unloaded after import = 0

========================================================================
Received Import Request.
  Time since last request: 0.006945 seconds.
  path: Packages/com.unity.purchasing/Runtime/Purchasing/Core/Purchasing/Exceptions/RestrictedTokensNotAvailable.cs
  artifactKey: Guid(24988d9acda344598abba91cf51927e0) Importer(2089858483,b0f066a214c2f5e87bad3c948f4d605d)
Start importing Packages/com.unity.purchasing/Runtime/Purchasing/Core/Purchasing/Exceptions/RestrictedTokensNotAvailable.cs using Guid(24988d9acda344598abba91cf51927e0) Importer(2089858483,b0f066a214c2f5e87bad3c948f4d605d) (ScriptedImporter) -> (artifact id: '0bdb2c4403a98392fa35dc25e24ffdf6') in 0.2651825 seconds
Number of updated asset objects reloaded before import = 0Number of asset objects unloaded after import = 0

========================================================================
Received Import Request.
  Time since last request: 0.000101 seconds.
  path: Packages/com.unity.purchasing/Runtime/Stores/Android/GooglePlay/Services/GooglePlayStoreFetchProductsService.cs
  artifactKey: Guid(4f684f8be849544fb93b179579ac8eb2) Importer(2089858483,b0f066a214c2f5e87bad3c948f4d605d)
Start importing Packages/com.unity.purchasing/Runtime/Stores/Android/GooglePlay/Services/GooglePlayStoreFetchProductsService.cs using Guid(4f684f8be849544fb93b179579ac8eb2) Importer(2089858483,b0f066a214c2f5e87bad3c948f4d605d) (ScriptedImporter) -> (artifact id: '95eba6319ca1544fb1ee546d7a247f06') in 0.1634272 seconds
Number of updated asset objects reloaded before import = 0Number of asset objects unloaded after import = 0

========================================================================
Received Import Request.
  Time since last request: 0.001041 seconds.
  path: Packages/com.unity.purchasing/Runtime/Utilities/TransactionHistory
  artifactKey: Guid(0155b87916e9a6746be4bf9fd33945f2) Importer(2089858483,b0f066a214c2f5e87bad3c948f4d605d)
Start importing Packages/com.unity.purchasing/Runtime/Utilities/TransactionHistory using Guid(0155b87916e9a6746be4bf9fd33945f2) Importer(2089858483,b0f066a214c2f5e87bad3c948f4d605d) (ScriptedImporter) -> (artifact id: '05119fde88117ede4511896523b49d4d') in 0.1767729 seconds
Number of updated asset objects reloaded before import = 0Number of asset objects unloaded after import = 1

========================================================================
Received Import Request.
  Time since last request: 0.059914 seconds.
  path: Packages/com.unity.purchasing/Editor/Analytics/Helpers/GameServices/GameServicesEventSenderHelpers.cs
  artifactKey: Guid(b018afbc28ca1fb4ca8b6a78c40d5c95) Importer(2089858483,b0f066a214c2f5e87bad3c948f4d605d)
Start importing Packages/com.unity.purchasing/Editor/Analytics/Helpers/GameServices/GameServicesEventSenderHelpers.cs using Guid(b018afbc28ca1fb4ca8b6a78c40d5c95) Importer(2089858483,b0f066a214c2f5e87bad3c948f4d605d) (ScriptedImporter) -> (artifact id: 'fe99056e01870e25af32a7dd4ff8ca83') in 0.1835553 seconds
Number of updated asset objects reloaded before import = 0Number of asset objects unloaded after import = 0

========================================================================
Received Import Request.
  Time since last request: 0.010661 seconds.
  path: Packages/com.unity.purchasing/Runtime/UnityWebshops/Client/Configuration/Configuration.cs
  artifactKey: Guid(26df61d909fe1497faa965a6e55cf3eb) Importer(2089858483,b0f066a214c2f5e87bad3c948f4d605d)
Start importing Packages/com.unity.purchasing/Runtime/UnityWebshops/Client/Configuration/Configuration.cs using Guid(26df61d909fe1497faa965a6e55cf3eb) Importer(2089858483,b0f066a214c2f5e87bad3c948f4d605d) (ScriptedImporter) -> (artifact id: '06383043c2e0e2aa5a620982a18dfbaa') in 0.0933781 seconds
Number of updated asset objects reloaded before import = 0Number of asset objects unloaded after import = 0

========================================================================
Received Import Request.
  Time since last request: 0.002736 seconds.
  path: Packages/com.unity.services.deployment/Editor/Analytics/Events/DeploymentWindowAnalyticEvent.cs
  artifactKey: Guid(280b6d8d40d547e396e20b38d135c5f5) Importer(2089858483,b0f066a214c2f5e87bad3c948f4d605d)
Start importing Packages/com.unity.services.deployment/Editor/Analytics/Events/DeploymentWindowAnalyticEvent.cs using Guid(280b6d8d40d547e396e20b38d135c5f5) Importer(2089858483,b0f066a214c2f5e87bad3c948f4d605d) (ScriptedImporter) -> (artifact id: 'fe330022aa336c0e8483430cdafaa993') in 0.0996061 seconds
Number of updated asset objects reloaded before import = 0Number of asset objects unloaded after import = 0

========================================================================
Received Import Request.
  Time since last request: 0.004095 seconds.
  path: Packages/com.unity.purchasing/Runtime/UnityPaymentProviders/script-fix-generated-var-names.sh
  artifactKey: Guid(d18b62591ea1244c0bf72fb0c63e611f) Importer(2089858483,b0f066a214c2f5e87bad3c948f4d605d)
Start importing Packages/com.unity.purchasing/Runtime/UnityPaymentProviders/script-fix-generated-var-names.sh using Guid(d18b62591ea1244c0bf72fb0c63e611f) Importer(2089858483,b0f066a214c2f5e87bad3c948f4d605d) (ScriptedImporter) -> (artifact id: 'fd5b8c41d7c7e08335fa4be09fc270f1') in 0.022762 seconds
Number of updated asset objects reloaded before import = 0Number of asset objects unloaded after import = 1

========================================================================
Received Import Request.
  Time since last request: 0.000761 seconds.
  path: Packages/com.unity.purchasing/Runtime/Purchasing/Core/Retries/RetryService.cs
  artifactKey: Guid(13161c767ccb427c9d8edce9cfe2d468) Importer(2089858483,b0f066a214c2f5e87bad3c948f4d605d)
Start importing Packages/com.unity.purchasing/Runtime/Purchasing/Core/Retries/RetryService.cs using Guid(13161c767ccb427c9d8edce9cfe2d468) Importer(2089858483,b0f066a214c2f5e87bad3c948f4d605d) (ScriptedImporter) -> (artifact id: 'b314230066b08d167c612631f353bfea') in 0.0488451 seconds
Number of updated asset objects reloaded before import = 0Number of asset objects unloaded after import = 0

========================================================================
Received Import Request.
  Time since last request: 0.001669 seconds.
  path: Packages/com.unity.purchasing/Runtime/Purchasing/Core/Store/AppleAppStore/Interfaces
  artifactKey: Guid(a31ed88e662b44bdb46dac21e83d1330) Importer(2089858483,b0f066a214c2f5e87bad3c948f4d605d)
Start importing Packages/com.unity.purchasing/Runtime/Purchasing/Core/Store/AppleAppStore/Interfaces using Guid(a31ed88e662b44bdb46dac21e83d1330) Importer(2089858483,b0f066a214c2f5e87bad3c948f4d605d) (ScriptedImporter) -> (artifact id: '71af3f1f447486073b3d2117e97ef2c5') in 0.0202253 seconds
Number of updated asset objects reloaded before import = 0Number of asset objects unloaded after import = 1

========================================================================
Received Import Request.
  Time since last request: 0.000030 seconds.
  path: Packages/com.unity.purchasing/Runtime/UnityLiveContentAdapter/configuration.yaml
  artifactKey: Guid(84e53d033cb474297931a58864f03874) Importer(2089858483,b0f066a214c2f5e87bad3c948f4d605d)
Start importing Packages/com.unity.purchasing/Runtime/UnityLiveContentAdapter/configuration.yaml using Guid(84e53d033cb474297931a58864f03874) Importer(2089858483,b0f066a214c2f5e87bad3c948f4d605d) (ScriptedImporter) -> (artifact id: 'bcb8136fb13f3a3e1be26e6854bcbe6e') in 0.0674165 seconds
Number of updated asset objects reloaded before import = 0Number of asset objects unloaded after import = 1

========================================================================
Received Import Request.
  Time since last request: 0.000027 seconds.
  path: Packages/com.unity.purchasing/Runtime/Purchasing/Core/Store/AppleAppStore/Extensions/Interfaces
  artifactKey: Guid(68c397e256dfb244cb728ce4601f37bc) Importer(2089858483,b0f066a214c2f5e87bad3c948f4d605d)
Start importing Packages/com.unity.purchasing/Runtime/Purchasing/Core/Store/AppleAppStore/Extensions/Interfaces using Guid(68c397e256dfb244cb728ce4601f37bc) Importer(2089858483,b0f066a214c2f5e87bad3c948f4d605d) (ScriptedImporter) -> (artifact id: '53e0349fc2ada818e8adf2fd53b3d54e') in 0.4478359 seconds
Number of updated asset objects reloaded before import = 0Number of asset objects unloaded after import = 1

========================================================================
Received Import Request.
  Time since last request: 0.062946 seconds.
  path: Packages/com.unity.purchasing/Runtime/Stores/FakeStore/UIFakeStore.cs
  artifactKey: Guid(b44cf663591b40ad9f7c180c4fcb66c6) Importer(2089858483,b0f066a214c2f5e87bad3c948f4d605d)
Start importing Packages/com.unity.purchasing/Runtime/Stores/FakeStore/UIFakeStore.cs using Guid(b44cf663591b40ad9f7c180c4fcb66c6) Importer(2089858483,b0f066a214c2f5e87bad3c948f4d605d) (ScriptedImporter) -> (artifact id: '79e509b414c86f35dbc5c8b1f55adfdd') in 0.3491349 seconds
Number of updated asset objects reloaded before import = 0Number of asset objects unloaded after import = 0

========================================================================
Received Import Request.
  Time since last request: 0.039455 seconds.
  path: Packages/com.unity.purchasing/Runtime/Purchasing/Core/Product/Interfaces/IProductServiceFactory.cs
  artifactKey: Guid(d53ff9cb729eb9b47901ac815072260e) Importer(2089858483,b0f066a214c2f5e87bad3c948f4d605d)
Start importing Packages/com.unity.purchasing/Runtime/Purchasing/Core/Product/Interfaces/IProductServiceFactory.cs using Guid(d53ff9cb729eb9b47901ac815072260e) Importer(2089858483,b0f066a214c2f5e87bad3c948f4d605d) (ScriptedImporter) -> (artifact id: 'd0bb55208478cee009ea4699d4b28c2a') in 0.1100533 seconds
Number of updated asset objects reloaded before import = 0Number of asset objects unloaded after import = 0

========================================================================
Received Import Request.
  Time since last request: 0.004623 seconds.
  path: Packages/com.unity.purchasing/Third Party Notices.md
  artifactKey: Guid(6741755b0b34409ab6ce2c49d1cb59f2) Importer(2089858483,b0f066a214c2f5e87bad3c948f4d605d)
Start importing Packages/com.unity.purchasing/Third Party Notices.md using Guid(6741755b0b34409ab6ce2c49d1cb59f2) Importer(2089858483,b0f066a214c2f5e87bad3c948f4d605d) (ScriptedImporter) -> (artifact id: '8fbb52439b2c56c1872958dec1b1c754') in 0.1342564 seconds
Number of updated asset objects reloaded before import = 0Number of asset objects unloaded after import = 1

========================================================================
Received Import Request.
  Time since last request: 0.000866 seconds.
  path: Packages/com.unity.services.deployment.api/Editor/DeploymentWindowApi/DeploymentItem.cs
  artifactKey: Guid(ac223337833f40498d6ea4c19d7f5306) Importer(2089858483,b0f066a214c2f5e87bad3c948f4d605d)
Start importing Packages/com.unity.services.deployment.api/Editor/DeploymentWindowApi/DeploymentItem.cs using Guid(ac223337833f40498d6ea4c19d7f5306) Importer(2089858483,b0f066a214c2f5e87bad3c948f4d605d) (ScriptedImporter) -> (artifact id: '5422dcebfd3127c1b3864402311a46d6') in 0.0956369 seconds
Number of updated asset objects reloaded before import = 0Number of asset objects unloaded after import = 0

========================================================================
Received Import Request.
  Time since last request: 0.110559 seconds.
  path: Packages/com.unity.purchasing/Runtime/UnityPaymentProviders/Client/Http/JsonObjectConverter.cs
  artifactKey: Guid(65d14a62592784fc68b0c04bb617efa2) Importer(2089858483,b0f066a214c2f5e87bad3c948f4d605d)
Start importing Packages/com.unity.purchasing/Runtime/UnityPaymentProviders/Client/Http/JsonObjectConverter.cs using Guid(65d14a62592784fc68b0c04bb617efa2) Importer(2089858483,b0f066a214c2f5e87bad3c948f4d605d) (ScriptedImporter) -> (artifact id: '98d437188af43f2cbc1ed4b8c7d279b2') in 0.1614882 seconds
Number of updated asset objects reloaded before import = 0Number of asset objects unloaded after import = 0

========================================================================
Received Import Request.
  Time since last request: 0.008661 seconds.
  path: Packages/com.unity.purchasing/Runtime/Purchasing/Core/Store/AppleAppStore/Extensions/UseCases/Interfaces/ISetAppAccountTokenUseCase.cs
  artifactKey: Guid(425d273d433b4849b0f812174e523d56) Importer(2089858483,b0f066a214c2f5e87bad3c948f4d605d)
Start importing Packages/com.unity.purchasing/Runtime/Purchasing/Core/Store/AppleAppStore/Extensions/UseCases/Interfaces/ISetAppAccountTokenUseCase.cs using Guid(425d273d433b4849b0f812174e523d56) Importer(2089858483,b0f066a214c2f5e87bad3c948f4d605d) (ScriptedImporter) -> (artifact id: 'a344d4a7bc7d7b2ef7b85449e86496d4') in 0.0411232 seconds
Number of updated asset objects reloaded before import = 0Number of asset objects unloaded after import = 0

========================================================================
Received Import Request.
  Time since last request: 0.001554 seconds.
  path: Packages/com.unity.purchasing/Runtime/Purchasing/Stores/AppleAppStore/AppleAppStore.cs
  artifactKey: Guid(a763945428094ce495d361f416fd8780) Importer(2089858483,b0f066a214c2f5e87bad3c948f4d605d)
Start importing Packages/com.unity.purchasing/Runtime/Purchasing/Stores/AppleAppStore/AppleAppStore.cs using Guid(a763945428094ce495d361f416fd8780) Importer(2089858483,b0f066a214c2f5e87bad3c948f4d605d) (ScriptedImporter) -> (artifact id: 'ad1a1f87ae5de334ea5ad9a507812633') in 0.3310118 seconds
Number of updated asset objects reloaded before import = 0Number of asset objects unloaded after import = 0

========================================================================
Received Import Request.
  Time since last request: 0.000046 seconds.
  path: Packages/com.unity.purchasing/Editor/Authoring/Import/CatalogImportState.cs
  artifactKey: Guid(29476bbcd78a54829a12b46135ba2748) Importer(2089858483,b0f066a214c2f5e87bad3c948f4d605d)
Start importing Packages/com.unity.purchasing/Editor/Authoring/Import/CatalogImportState.cs using Guid(29476bbcd78a54829a12b46135ba2748) Importer(2089858483,b0f066a214c2f5e87bad3c948f4d605d) (ScriptedImporter) -> (artifact id: 'a12b567f45c5738a48443de993e22ea5') in 0.0973403 seconds
Number of updated asset objects reloaded before import = 0Number of asset objects unloaded after import = 0

========================================================================
Received Import Request.
  Time since last request: 0.006830 seconds.
  path: Packages/com.unity.purchasing/Runtime/Purchasing/Core/Product/AppleAppStore/Extensions/UseCases/Interfaces/IFetchStorePromotionOrderUseCase.cs
  artifactKey: Guid(dadf77c1bd26049afb6f0e0fa1bd7ede) Importer(2089858483,b0f066a214c2f5e87bad3c948f4d605d)
Start importing Packages/com.unity.purchasing/Runtime/Purchasing/Core/Product/AppleAppStore/Extensions/UseCases/Interfaces/IFetchStorePromotionOrderUseCase.cs using Guid(dadf77c1bd26049afb6f0e0fa1bd7ede) Importer(2089858483,b0f066a214c2f5e87bad3c948f4d605d) (ScriptedImporter) -> (artifact id: '98dea167978f11ef9103045d1b5257bc') in 0.115419 seconds
Number of updated asset objects reloaded before import = 0Number of asset objects unloaded after import = 0

========================================================================
Received Import Request.
  Time since last request: 0.002278 seconds.
  path: Packages/com.unity.purchasing/Runtime/UnityPaymentProviders/Models/OrderData.cs
  artifactKey: Guid(29a6a72d2f804786915a6d9016612923) Importer(2089858483,b0f066a214c2f5e87bad3c948f4d605d)
Start importing Packages/com.unity.purchasing/Runtime/UnityPaymentProviders/Models/OrderData.cs using Guid(29a6a72d2f804786915a6d9016612923) Importer(2089858483,b0f066a214c2f5e87bad3c948f4d605d) (ScriptedImporter) -> (artifact id: '8e7b6e7d490e6ed23b60eac3d9fb862f') in 0.2384675 seconds
Number of updated asset objects reloaded before import = 0Number of asset objects unloaded after import = 0

========================================================================
Received Import Request.
  Time since last request: 0.000394 seconds.
  path: Packages/com.unity.purchasing/Editor/Authoring
  artifactKey: Guid(3780d4ffd84cced4ea919a40bb3c27c8) Importer(2089858483,b0f066a214c2f5e87bad3c948f4d605d)
Start importing Packages/com.unity.purchasing/Editor/Authoring using Guid(3780d4ffd84cced4ea919a40bb3c27c8) Importer(2089858483,b0f066a214c2f5e87bad3c948f4d605d) (ScriptedImporter) -> (artifact id: 'b1fce17103f5a2b0c75efb2fb439cbbb') in 0.0883224 seconds
Number of updated asset objects reloaded before import = 0Number of asset objects unloaded after import = 1

========================================================================
Received Import Request.
  Time since last request: 0.001049 seconds.
  path: Packages/com.unity.services.deployment/Editor/PlayMode/IDeployOnPlayItemRetriever.cs
  artifactKey: Guid(b78364218fc542eeaaeb6786fe6b83cc) Importer(2089858483,b0f066a214c2f5e87bad3c948f4d605d)
Start importing Packages/com.unity.services.deployment/Editor/PlayMode/IDeployOnPlayItemRetriever.cs using Guid(b78364218fc542eeaaeb6786fe6b83cc) Importer(2089858483,b0f066a214c2f5e87bad3c948f4d605d) (ScriptedImporter) -> (artifact id: '1ceb0043a0c560362a9f2dff9fa3713f') in 0.0426199 seconds
Number of updated asset objects reloaded before import = 0Number of asset objects unloaded after import = 0

========================================================================
Received Import Request.
  Time since last request: 0.000029 seconds.
  path: Packages/com.unity.services.deployment/Editor/Interface/UI/AuthoringWindow.cs
  artifactKey: Guid(7d827a9bb9b7f4cec8efb07a80e287c6) Importer(2089858483,b0f066a214c2f5e87bad3c948f4d605d)
Start importing Packages/com.unity.services.deployment/Editor/Interface/UI/AuthoringWindow.cs using Guid(7d827a9bb9b7f4cec8efb07a80e287c6) Importer(2089858483,b0f066a214c2f5e87bad3c948f4d605d) (ScriptedImporter) -> (artifact id: '581b5925e2f56f8a1d8109c9d0d9de7f') in 0.0568299 seconds
Number of updated asset objects reloaded before import = 0Number of asset objects unloaded after import = 0

========================================================================
Received Import Request.
  Time since last request: 0.000084 seconds.
  path: Packages/com.unity.purchasing/Editor/Obfuscation/Service/ObfuscationMigration.cs
  artifactKey: Guid(a400ecd42f0faf642a015818f10428e0) Importer(2089858483,b0f066a214c2f5e87bad3c948f4d605d)
Start importing Packages/com.unity.purchasing/Editor/Obfuscation/Service/ObfuscationMigration.cs using Guid(a400ecd42f0faf642a015818f10428e0) Importer(2089858483,b0f066a214c2f5e87bad3c948f4d605d) (ScriptedImporter) -> (artifact id: '661474b56d1b6c71a3cc4f83127eabc5') in 0.0583884 seconds
Number of updated asset objects reloaded before import = 0Number of asset objects unloaded after import = 0

========================================================================
Received Import Request.
  Time since last request: 0.000838 seconds.
  path: Packages/com.unity.purchasing/AiAssistantSkills/in-app-purchases/references/migration-v4-to-v5.md
  artifactKey: Guid(887f55fbb288d49078358f646ac3563c) Importer(2089858483,b0f066a214c2f5e87bad3c948f4d605d)
Start importing Packages/com.unity.purchasing/AiAssistantSkills/in-app-purchases/references/migration-v4-to-v5.md using Guid(887f55fbb288d49078358f646ac3563c) Importer(2089858483,b0f066a214c2f5e87bad3c948f4d605d) (ScriptedImporter) -> (artifact id: '92e3a65644e5c250116de4ef2fd26655') in 0.0489476 seconds
Number of updated asset objects reloaded before import = 0Number of asset objects unloaded after import = 1

========================================================================
Received Import Request.
  Time since last request: 0.007135 seconds.
  path: Packages/com.unity.purchasing/Runtime/Purchasing/PaymentOption/PurchaseChoiceFailedException.cs
  artifactKey: Guid(8b4dd1cf91ce7b54babd7a5ead1878b1) Importer(2089858483,b0f066a214c2f5e87bad3c948f4d605d)
Start importing Packages/com.unity.purchasing/Runtime/Purchasing/PaymentOption/PurchaseChoiceFailedException.cs using Guid(8b4dd1cf91ce7b54babd7a5ead1878b1) Importer(2089858483,b0f066a214c2f5e87bad3c948f4d605d) (ScriptedImporter) -> (artifact id: '14b18e3dfe2f9fcb1efa0ff30493c6a4') in 0.0454039 seconds
Number of updated asset objects reloaded before import = 0Number of asset objects unloaded after import = 0

========================================================================
Received Import Request.
  Time since last request: 0.003097 seconds.
  path: Packages/com.unity.purchasing/Runtime/Purchasing/Core/Store/Interfaces/IStoreFactory.cs
  artifactKey: Guid(99b80da082034b23b5a2cb12967c36ef) Importer(2089858483,b0f066a214c2f5e87bad3c948f4d605d)
Start importing Packages/com.unity.purchasing/Runtime/Purchasing/Core/Store/Interfaces/IStoreFactory.cs using Guid(99b80da082034b23b5a2cb12967c36ef) Importer(2089858483,b0f066a214c2f5e87bad3c948f4d605d) (ScriptedImporter) -> (artifact id: '4c276e54b775a4221820bab37b5b50ae') in 0.0397965 seconds
Number of updated asset objects reloaded before import = 0Number of asset objects unloaded after import = 0

========================================================================
Received Import Request.
  Time since last request: 0.020222 seconds.
  path: Packages/com.unity.purchasing/Runtime/Stores/PaymentProvider/UnresolvedOrders.cs
  artifactKey: Guid(6f2d787ab55d4ab3a8d5287365683b02) Importer(2089858483,b0f066a214c2f5e87bad3c948f4d605d)
Start importing Packages/com.unity.purchasing/Runtime/Stores/PaymentProvider/UnresolvedOrders.cs using Guid(6f2d787ab55d4ab3a8d5287365683b02) Importer(2089858483,b0f066a214c2f5e87bad3c948f4d605d) (ScriptedImporter) -> (artifact id: '6d7b1e0451d0cb14520fc3fc030ea18c') in 0.0832445 seconds
Number of updated asset objects reloaded before import = 0Number of asset objects unloaded after import = 0

========================================================================
Received Import Request.
  Time since last request: 0.002144 seconds.
  path: Packages/com.unity.purchasing/Runtime/Purchasing/Stores/Helpers/SelectedAndroidStoreHelper.cs
  artifactKey: Guid(52396bd190585df4285b3bf28a5ced8d) Importer(2089858483,b0f066a214c2f5e87bad3c948f4d605d)
Start importing Packages/com.unity.purchasing/Runtime/Purchasing/Stores/Helpers/SelectedAndroidStoreHelper.cs using Guid(52396bd190585df4285b3bf28a5ced8d) Importer(2089858483,b0f066a214c2f5e87bad3c948f4d605d) (ScriptedImporter) -> (artifact id: 'bab5d525f5111847077d2c4053fe0433') in 0.3622234 seconds
Number of updated asset objects reloaded before import = 0Number of asset objects unloaded after import = 0

========================================================================
Received Import Request.
  Time since last request: 0.070068 seconds.
  path: Packages/com.unity.purchasing/Runtime/Utilities/Interfaces
  artifactKey: Guid(4b607f6ea3fbb964aaae5333728e6971) Importer(2089858483,b0f066a214c2f5e87bad3c948f4d605d)
Start importing Packages/com.unity.purchasing/Runtime/Utilities/Interfaces using Guid(4b607f6ea3fbb964aaae5333728e6971) Importer(2089858483,b0f066a214c2f5e87bad3c948f4d605d) (ScriptedImporter) -> (artifact id: 'b7d944e4d3850eae1a021e5b5b03bdcc') in 0.0691997 seconds
Number of updated asset objects reloaded before import = 0Number of asset objects unloaded after import = 1

========================================================================
Received Import Request.
  Time since last request: 0.000575 seconds.
  path: Packages/com.unity.purchasing/Runtime/Purchasing/Core/Product/AppleAppStore/Extensions/UseCases/FetchStorePromotionVisibilityUseCase.cs
  artifactKey: Guid(fd8a24c478ea4ec381fff1833d8c69e1) Importer(2089858483,b0f066a214c2f5e87bad3c948f4d605d)
Start importing Packages/com.unity.purchasing/Runtime/Purchasing/Core/Product/AppleAppStore/Extensions/UseCases/FetchStorePromotionVisibilityUseCase.cs using Guid(fd8a24c478ea4ec381fff1833d8c69e1) Importer(2089858483,b0f066a214c2f5e87bad3c948f4d605d) (ScriptedImporter) -> (artifact id: '0d3beac46478d8147c662943283590c1') in 0.285045 seconds
Number of updated asset objects reloaded before import = 0Number of asset objects unloaded after import = 0

========================================================================
Received Import Request.
  Time since last request: 0.000602 seconds.
  path: Packages/com.unity.purchasing/Runtime/Purchasing/Stores/Android/AAR/GoogleAdvertisingIdClient.cs
  artifactKey: Guid(e5261e1dd471746809cb40c0e104834e) Importer(2089858483,b0f066a214c2f5e87bad3c948f4d605d)
Start importing Packages/com.unity.purchasing/Runtime/Purchasing/Stores/Android/AAR/GoogleAdvertisingIdClient.cs using Guid(e5261e1dd471746809cb40c0e104834e) Importer(2089858483,b0f066a214c2f5e87bad3c948f4d605d) (ScriptedImporter) -> (artifact id: '9b5cc9fe9b764556740306dd4de3a164') in 0.0492167 seconds
Number of updated asset objects reloaded before import = 0Number of asset objects unloaded after import = 0

========================================================================
Received Import Request.
  Time since last request: 0.000154 seconds.
  path: Packages/com.unity.purchasing/Editor/Authoring/PurchasingAdminApi/Client/Api/WebhookConfigurationApi.cs
  artifactKey: Guid(b5a28fa130ad542eea4f6795d279ba81) Importer(2089858483,b0f066a214c2f5e87bad3c948f4d605d)
Start importing Packages/com.unity.purchasing/Editor/Authoring/PurchasingAdminApi/Client/Api/WebhookConfigurationApi.cs using Guid(b5a28fa130ad542eea4f6795d279ba81) Importer(2089858483,b0f066a214c2f5e87bad3c948f4d605d) (ScriptedImporter) -> (artifact id: 'd99eb55b15b45850dde0e89093180850') in 0.0405538 seconds
Number of updated asset objects reloaded before import = 0Number of asset objects unloaded after import = 0

========================================================================
Received Import Request.
  Time since last request: 0.016911 seconds.
  path: Packages/com.unity.purchasing/Editor/Authoring/Deployment/RoutingDeleteRemoteCommand.cs
  artifactKey: Guid(7933be673ce0d496794e4011aa81a0ee) Importer(2089858483,b0f066a214c2f5e87bad3c948f4d605d)
Start importing Packages/com.unity.purchasing/Editor/Authoring/Deployment/RoutingDeleteRemoteCommand.cs using Guid(7933be673ce0d496794e4011aa81a0ee) Importer(2089858483,b0f066a214c2f5e87bad3c948f4d605d) (ScriptedImporter) -> (artifact id: '4824a7dd10297ff691b49d086b5ade7e') in 0.0511718 seconds
Number of updated asset objects reloaded before import = 0Number of asset objects unloaded after import = 0

========================================================================
Received Import Request.
  Time since last request: 0.002432 seconds.
  path: Packages/com.unity.purchasing/Runtime/Purchasing/Legacy/PurchaseFailedEventArgs.cs
  artifactKey: Guid(3bebba25b8084f07bcbd77702677dd6c) Importer(2089858483,b0f066a214c2f5e87bad3c948f4d605d)
Start importing Packages/com.unity.purchasing/Runtime/Purchasing/Legacy/PurchaseFailedEventArgs.cs using Guid(3bebba25b8084f07bcbd77702677dd6c) Importer(2089858483,b0f066a214c2f5e87bad3c948f4d605d) (ScriptedImporter) -> (artifact id: 'fa7001aba76a763ac97309f69f548982') in 0.0784427 seconds
Number of updated asset objects reloaded before import = 0Number of asset objects unloaded after import = 0

========================================================================
Received Import Request.
  Time since last request: 0.015570 seconds.
  path: Packages/com.unity.services.deployment/Core/Glob/AST/CharacterWildcard.Gen.cs
  artifactKey: Guid(eaea8335e3e2f44b8810f9290b37baee) Importer(2089858483,b0f066a214c2f5e87bad3c948f4d605d)
Start importing Packages/com.unity.services.deployment/Core/Glob/AST/CharacterWildcard.Gen.cs using Guid(eaea8335e3e2f44b8810f9290b37baee) Importer(2089858483,b0f066a214c2f5e87bad3c948f4d605d) (ScriptedImporter) -> (artifact id: '3465563b599463fa839271ba6f700c12') in 0.2560654 seconds
Number of updated asset objects reloaded before import = 0Number of asset objects unloaded after import = 0

========================================================================
Received Import Request.
  Time since last request: 0.018555 seconds.
  path: Packages/com.unity.purchasing/AiAssistantSkills/in-app-purchases/references/convert-essentialkit.md
  artifactKey: Guid(3ccc5f9dc0cdd974f8c0488f15f2f9e5) Importer(2089858483,b0f066a214c2f5e87bad3c948f4d605d)
Start importing Packages/com.unity.purchasing/AiAssistantSkills/in-app-purchases/references/convert-essentialkit.md using Guid(3ccc5f9dc0cdd974f8c0488f15f2f9e5) Importer(2089858483,b0f066a214c2f5e87bad3c948f4d605d) (ScriptedImporter) -> (artifact id: 'de28298e69069f7512978f70c542f423') in 0.1176784 seconds
Number of updated asset objects reloaded before import = 0Number of asset objects unloaded after import = 1

========================================================================
Received Import Request.
  Time since last request: 0.015122 seconds.
  path: Packages/com.unity.purchasing/Runtime/Purchasing/Extension/Interfaces/IReadOnlyProductCache.cs
  artifactKey: Guid(87c783e4e66346a88eff6a23b0c2bdd5) Importer(2089858483,b0f066a214c2f5e87bad3c948f4d605d)
Start importing Packages/com.unity.purchasing/Runtime/Purchasing/Extension/Interfaces/IReadOnlyProductCache.cs using Guid(87c783e4e66346a88eff6a23b0c2bdd5) Importer(2089858483,b0f066a214c2f5e87bad3c948f4d605d) (ScriptedImporter) -> (artifact id: 'af7436cd7a464fa5cbfc9712d9550dcb') in 0.1244137 seconds
Number of updated asset objects reloaded before import = 0Number of asset objects unloaded after import = 0

========================================================================
Received Import Request.
  Time since last request: 0.033366 seconds.
  path: Packages/com.unity.purchasing/Editor/Authoring/UI/Assets
  artifactKey: Guid(ce1e2427098324e2cb285ee969137612) Importer(2089858483,b0f066a214c2f5e87bad3c948f4d605d)
Start importing Packages/com.unity.purchasing/Editor/Authoring/UI/Assets using Guid(ce1e2427098324e2cb285ee969137612) Importer(2089858483,b0f066a214c2f5e87bad3c948f4d605d) (ScriptedImporter) -> (artifact id: 'c96c88c992d061ba5115d2b53c611b0f') in 0.2166654 seconds
Number of updated asset objects reloaded before import = 0Number of asset objects unloaded after import = 1

========================================================================
Received Import Request.
  Time since last request: 0.015380 seconds.
  path: Packages/com.unity.purchasing/Runtime/UnityLiveContentAdapter/Client/Models/ClientFile.cs
  artifactKey: Guid(2f44455231cd5425489c55c80f1a8f19) Importer(2089858483,b0f066a214c2f5e87bad3c948f4d605d)
Start importing Packages/com.unity.purchasing/Runtime/UnityLiveContentAdapter/Client/Models/ClientFile.cs using Guid(2f44455231cd5425489c55c80f1a8f19) Importer(2089858483,b0f066a214c2f5e87bad3c948f4d605d) (ScriptedImporter) -> (artifact id: '603c985186f329412c3c49f891be750e') in 0.3709223 seconds
Number of updated asset objects reloaded before import = 0Number of asset objects unloaded after import = 0

========================================================================
Received Import Request.
  Time since last request: 0.226686 seconds.
  path: Packages/com.unity.purchasing/Runtime/TransactionVerifier/Client/TransactionVerifierServiceProvider.cs
  artifactKey: Guid(9aee2c136c6314fe2bc07d4da9f6efd1) Importer(2089858483,b0f066a214c2f5e87bad3c948f4d605d)
Start importing Packages/com.unity.purchasing/Runtime/TransactionVerifier/Client/TransactionVerifierServiceProvider.cs using Guid(9aee2c136c6314fe2bc07d4da9f6efd1) Importer(2089858483,b0f066a214c2f5e87bad3c948f4d605d) (ScriptedImporter) -> (artifact id: '77b411cb0c78dda4b96c4a473791718e') in 0.1816818 seconds
Number of updated asset objects reloaded before import = 0Number of asset objects unloaded after import = 0

========================================================================
Received Import Request.
  Time since last request: 0.014116 seconds.
  path: Packages/com.unity.purchasing/Plugins/UnityPurchasing/iOS/SK2/UseCases/PurchaseUseCase.swift
  artifactKey: Guid(5a2110d9504e24bbeb16508635486b97) Importer(2089858483,b0f066a214c2f5e87bad3c948f4d605d)
Start importing Packages/com.unity.purchasing/Plugins/UnityPurchasing/iOS/SK2/UseCases/PurchaseUseCase.swift using Guid(5a2110d9504e24bbeb16508635486b97) Importer(2089858483,b0f066a214c2f5e87bad3c948f4d605d) (ScriptedImporter) -> (artifact id: '23208964cd25d50ea548b564de854de2') in 0.1215042 seconds
Number of updated asset objects reloaded before import = 0Number of asset objects unloaded after import = 0

========================================================================
Received Import Request.
  Time since last request: 0.000072 seconds.
  path: Packages/com.unity.purchasing/Editor/Authoring/LiveContentAdminApi/Client/Model/ConfigClientFile.cs
  artifactKey: Guid(be704e8a85484fdeb0c8319133f1b4b1) Importer(2089858483,b0f066a214c2f5e87bad3c948f4d605d)
Start importing Packages/com.unity.purchasing/Editor/Authoring/LiveContentAdminApi/Client/Model/ConfigClientFile.cs using Guid(be704e8a85484fdeb0c8319133f1b4b1) Importer(2089858483,b0f066a214c2f5e87bad3c948f4d605d) (ScriptedImporter) -> (artifact id: 'b13a20f8f4e2a33841b1c6f778064b79') in 0.0734829 seconds
Number of updated asset objects reloaded before import = 0Number of asset objects unloaded after import = 0

========================================================================
Received Import Request.
  Time since last request: 0.002248 seconds.
  path: Packages/com.unity.purchasing/Runtime/Stores/Data/Insights/PurchaseEventEmitter.cs
  artifactKey: Guid(b952452f2d03472787933f781b694264) Importer(2089858483,b0f066a214c2f5e87bad3c948f4d605d)
Start importing Packages/com.unity.purchasing/Runtime/Stores/Data/Insights/PurchaseEventEmitter.cs using Guid(b952452f2d03472787933f781b694264) Importer(2089858483,b0f066a214c2f5e87bad3c948f4d605d) (ScriptedImporter) -> (artifact id: '20a96a884ac0c4173780a006210e0e47') in 0.0752355 seconds
Number of updated asset objects reloaded before import = 0Number of asset objects unloaded after import = 0

========================================================================
Received Import Request.
  Time since last request: 0.001132 seconds.
  path: Packages/com.unity.purchasing/Runtime/Purchasing/Core/Purchasing/UseCases/Interfaces/IRestoreTransactionsUseCase.cs
  artifactKey: Guid(be19b7fd01f345d58fbf2eeff65bbe49) Importer(2089858483,b0f066a214c2f5e87bad3c948f4d605d)
Start importing Packages/com.unity.purchasing/Runtime/Purchasing/Core/Purchasing/UseCases/Interfaces/IRestoreTransactionsUseCase.cs using Guid(be19b7fd01f345d58fbf2eeff65bbe49) Importer(2089858483,b0f066a214c2f5e87bad3c948f4d605d) (ScriptedImporter) -> (artifact id: 'cc8537b625f2df6b8e8e95bc456fc2db') in 0.0324071 seconds
Number of updated asset objects reloaded before import = 0Number of asset objects unloaded after import = 0

========================================================================
Received Import Request.
  Time since last request: 0.002797 seconds.
  path: Packages/com.unity.purchasing/Runtime/Purchasing/Stores/BaseStore
  artifactKey: Guid(0afbbf20884caa04c9c96e6e2444cd28) Importer(2089858483,b0f066a214c2f5e87bad3c948f4d605d)
Start importing Packages/com.unity.purchasing/Runtime/Purchasing/Stores/BaseStore using Guid(0afbbf20884caa04c9c96e6e2444cd28) Importer(2089858483,b0f066a214c2f5e87bad3c948f4d605d) (ScriptedImporter) -> (artifact id: '6c17ebf6dc772862e75f71dbebf1339e') in 0.0353572 seconds
Number of updated asset objects reloaded before import = 0Number of asset objects unloaded after import = 1

========================================================================
Received Import Request.
  Time since last request: 0.004236 seconds.
  path: Packages/com.unity.purchasing/Runtime/Purchasing/Core/Store/PaymentProviders/Extensions/CheckoutPresentationMode.cs
  artifactKey: Guid(1abc9e8a78454706a2c218d9bb0215fc) Importer(2089858483,b0f066a214c2f5e87bad3c948f4d605d)
Start importing Packages/com.unity.purchasing/Runtime/Purchasing/Core/Store/PaymentProviders/Extensions/CheckoutPresentationMode.cs using Guid(1abc9e8a78454706a2c218d9bb0215fc) Importer(2089858483,b0f066a214c2f5e87bad3c948f4d605d) (ScriptedImporter) -> (artifact id: '89f64055fafdfea4c951ae9dd79da8b4') in 0.0237463 seconds
Number of updated asset objects reloaded before import = 0Number of asset objects unloaded after import = 0

========================================================================
Received Import Request.
  Time since last request: 0.000272 seconds.
  path: Packages/com.unity.purchasing/Runtime/UnityPaymentProviders/PaymentProviderServiceProvider.cs
  artifactKey: Guid(bf7b3230e8d88486ca9efc9897ac3985) Importer(2089858483,b0f066a214c2f5e87bad3c948f4d605d)
Start importing Packages/com.unity.purchasing/Runtime/UnityPaymentProviders/PaymentProviderServiceProvider.cs using Guid(bf7b3230e8d88486ca9efc9897ac3985) Importer(2089858483,b0f066a214c2f5e87bad3c948f4d605d) (ScriptedImporter) -> (artifact id: '3f1d1eb2e668f5af857e90bd42faf4e6') in 0.0391051 seconds
Number of updated asset objects reloaded before import = 0Number of asset objects unloaded after import = 0

========================================================================
Received Import Request.
  Time since last request: 0.000460 seconds.
  path: Packages/com.unity.purchasing/Runtime/Purchasing/Legacy/Configurations/Interfaces/IGooglePlayConfiguration.cs
  artifactKey: Guid(76e094383f964404ae4a5cb7dc0e8675) Importer(2089858483,b0f066a214c2f5e87bad3c948f4d605d)
Start importing Packages/com.unity.purchasing/Runtime/Purchasing/Legacy/Configurations/Interfaces/IGooglePlayConfiguration.cs using Guid(76e094383f964404ae4a5cb7dc0e8675) Importer(2089858483,b0f066a214c2f5e87bad3c948f4d605d) (ScriptedImporter) -> (artifact id: 'dfcf8288cc74924a873ca2078c17c6f3') in 0.0249585 seconds
Number of updated asset objects reloaded before import = 0Number of asset objects unloaded after import = 0

========================================================================
Received Import Request.
  Time since last request: 0.001200 seconds.
  path: Packages/com.unity.purchasing/Runtime/UnityPaymentProviders/Client/ErrorMitigation/RetryPolicyConfig.cs
  artifactKey: Guid(fd05c913456bc43c5b7b6a8ad6aedb97) Importer(2089858483,b0f066a214c2f5e87bad3c948f4d605d)
Start importing Packages/com.unity.purchasing/Runtime/UnityPaymentProviders/Client/ErrorMitigation/RetryPolicyConfig.cs using Guid(fd05c913456bc43c5b7b6a8ad6aedb97) Importer(2089858483,b0f066a214c2f5e87bad3c948f4d605d) (ScriptedImporter) -> (artifact id: '2377309a0c1960049c263f6cf65f306c') in 0.0446094 seconds
Number of updated asset objects reloaded before import = 0Number of asset objects unloaded after import = 0

========================================================================
Received Import Request.
  Time since last request: 0.002982 seconds.
  path: Packages/com.unity.purchasing/Runtime/Purchasing/Core/Store
  artifactKey: Guid(ee8a973ca00f0634484ea6940fa658ac) Importer(2089858483,b0f066a214c2f5e87bad3c948f4d605d)
Start importing Packages/com.unity.purchasing/Runtime/Purchasing/Core/Store using Guid(ee8a973ca00f0634484ea6940fa658ac) Importer(2089858483,b0f066a214c2f5e87bad3c948f4d605d) (ScriptedImporter) -> (artifact id: '2d8fd1fac765ced8eab98293bb263330') in 0.0349835 seconds
Number of updated asset objects reloaded before import = 0Number of asset objects unloaded after import = 1

========================================================================
Received Import Request.
  Time since last request: 0.000106 seconds.
  path: Packages/com.unity.purchasing/Editor/Authoring/Deployment/RoutingDeployCommand.cs
  artifactKey: Guid(2d929b6587f54254aa16a417535ec15a) Importer(2089858483,b0f066a214c2f5e87bad3c948f4d605d)
Start importing Packages/com.unity.purchasing/Editor/Authoring/Deployment/RoutingDeployCommand.cs using Guid(2d929b6587f54254aa16a417535ec15a) Importer(2089858483,b0f066a214c2f5e87bad3c948f4d605d) (ScriptedImporter) -> (artifact id: '6fb8e69cff77751ea2453f5aed3601b6') in 0.0275644 seconds
Number of updated asset objects reloaded before import = 0Number of asset objects unloaded after import = 0

========================================================================
Received Import Request.
  Time since last request: 0.006556 seconds.
  path: Packages/com.unity.purchasing/Runtime/Utilities/MiniJSON.cs
  artifactKey: Guid(87f910d770ff4f15baac7ba77bd5b8e8) Importer(2089858483,b0f066a214c2f5e87bad3c948f4d605d)
Start importing Packages/com.unity.purchasing/Runtime/Utilities/MiniJSON.cs using Guid(87f910d770ff4f15baac7ba77bd5b8e8) Importer(2089858483,b0f066a214c2f5e87bad3c948f4d605d) (ScriptedImporter) -> (artifact id: '91695a4897bbcc57f29ab32f3a025c74') in 0.0271572 seconds
Number of updated asset objects reloaded before import = 0Number of asset objects unloaded after import = 0

========================================================================
Received Import Request.
  Time since last request: 0.000035 seconds.
  path: Packages/com.unity.purchasing/Runtime/Stores/PaymentProvider/CheckoutLauncherCoordinator.cs
  artifactKey: Guid(548973a42f8f4d9e9f8bf49a7397c28c) Importer(2089858483,b0f066a214c2f5e87bad3c948f4d605d)
Start importing Packages/com.unity.purchasing/Runtime/Stores/PaymentProvider/CheckoutLauncherCoordinator.cs using Guid(548973a42f8f4d9e9f8bf49a7397c28c) Importer(2089858483,b0f066a214c2f5e87bad3c948f4d605d) (ScriptedImporter) -> (artifact id: '2ace2c0f75744433cb5af6a87620b670') in 0.0460457 seconds
Number of updated asset objects reloaded before import = 0Number of asset objects unloaded after import = 0

========================================================================
Received Import Request.
  Time since last request: 0.000333 seconds.
  path: Packages/com.unity.services.deployment/Core/Glob/Glob.Statics.Gen.cs
  artifactKey: Guid(bc13f67cd92a64d7a9e52f61151fe5f7) Importer(2089858483,b0f066a214c2f5e87bad3c948f4d605d)
Start importing Packages/com.unity.services.deployment/Core/Glob/Glob.Statics.Gen.cs using Guid(bc13f67cd92a64d7a9e52f61151fe5f7) Importer(2089858483,b0f066a214c2f5e87bad3c948f4d605d) (ScriptedImporter) -> (artifact id: '12d9a8c9f2fbf8c9caaf47e4f562b927') in 0.0555982 seconds
Number of updated asset objects reloaded before import = 0Number of asset objects unloaded after import = 0

========================================================================
Received Import Request.
  Time since last request: 0.000758 seconds.
  path: Packages/com.unity.purchasing/Runtime/Purchasing/Core/Product/AppleAppStore/Extensions/Interfaces
  artifactKey: Guid(ff00e62aeba442cb84b1ff8b826f1a3d) Importer(2089858483,b0f066a214c2f5e87bad3c948f4d605d)
Start importing Packages/com.unity.purchasing/Runtime/Purchasing/Core/Product/AppleAppStore/Extensions/Interfaces using Guid(ff00e62aeba442cb84b1ff8b826f1a3d) Importer(2089858483,b0f066a214c2f5e87bad3c948f4d605d) (ScriptedImporter) -> (artifact id: '43955c4dfe0394f587e1d6705564fccf') in 0.0248136 seconds
Number of updated asset objects reloaded before import = 0Number of asset objects unloaded after import = 1

========================================================================
Received Import Request.
  Time since last request: 0.000025 seconds.
  path: Packages/com.unity.purchasing/Runtime/UnityPaymentProviders/Client/Apis
  artifactKey: Guid(6861707458cf44b1abf5d0c2d9b3c1d4) Importer(2089858483,b0f066a214c2f5e87bad3c948f4d605d)
Start importing Packages/com.unity.purchasing/Runtime/UnityPaymentProviders/Client/Apis using Guid(6861707458cf44b1abf5d0c2d9b3c1d4) Importer(2089858483,b0f066a214c2f5e87bad3c948f4d605d) (ScriptedImporter) -> (artifact id: '40d4172c3013c7e66378053a436d3923') in 0.0277114 seconds
Number of updated asset objects reloaded before import = 0Number of asset objects unloaded after import = 1

========================================================================
Received Import Request.
  Time since last request: 0.000631 seconds.
  path: Packages/com.unity.purchasing/Editor/ServiceProjectSettings/Entity/Consts/UIResourceUtils.cs
  artifactKey: Guid(d967d21222b514bc6b5020d2b063ad4e) Importer(2089858483,b0f066a214c2f5e87bad3c948f4d605d)
Start importing Packages/com.unity.purchasing/Editor/ServiceProjectSettings/Entity/Consts/UIResourceUtils.cs using Guid(d967d21222b514bc6b5020d2b063ad4e) Importer(2089858483,b0f066a214c2f5e87bad3c948f4d605d) (ScriptedImporter) -> (artifact id: 'de60200751cfa351267048df5c79770b') in 0.0342067 seconds
Number of updated asset objects reloaded before import = 0Number of asset objects unloaded after import = 0

========================================================================
Received Import Request.
  Time since last request: 0.000082 seconds.
  path: Packages/com.unity.services.deployment/Editor/Interface/UI/Inspector/DeploymentItemInspectorHeader.cs
  artifactKey: Guid(969f99585a004e2e9c5f53aa4ab1545d) Importer(2089858483,b0f066a214c2f5e87bad3c948f4d605d)
Start importing Packages/com.unity.services.deployment/Editor/Interface/UI/Inspector/DeploymentItemInspectorHeader.cs using Guid(969f99585a004e2e9c5f53aa4ab1545d) Importer(2089858483,b0f066a214c2f5e87bad3c948f4d605d) (ScriptedImporter) -> (artifact id: '0a6a5e03e727b76a0c328696aaf35f2d') in 0.0179159 seconds
Number of updated asset objects reloaded before import = 0Number of asset objects unloaded after import = 0

========================================================================
Received Import Request.
  Time since last request: 0.000173 seconds.
  path: Packages/com.unity.purchasing/Runtime/UnityWebshops/Client/Http/ResponseHandler.cs
  artifactKey: Guid(b0d287b11f602442a8da3e43e07634dd) Importer(2089858483,b0f066a214c2f5e87bad3c948f4d605d)
Start importing Packages/com.unity.purchasing/Runtime/UnityWebshops/Client/Http/ResponseHandler.cs using Guid(b0d287b11f602442a8da3e43e07634dd) Importer(2089858483,b0f066a214c2f5e87bad3c948f4d605d) (ScriptedImporter) -> (artifact id: '25c8b2e701842e1794c2467264a9959c') in 0.0162488 seconds
Number of updated asset objects reloaded before import = 0Number of asset objects unloaded after import = 0

========================================================================
Received Import Request.
  Time since last request: 0.000027 seconds.
  path: Packages/com.unity.services.deployment/Editor/Environments/ProjectIdProvider.cs
  artifactKey: Guid(7e950d63f3824930868d68021f0aaa98) Importer(2089858483,b0f066a214c2f5e87bad3c948f4d605d)
Start importing Packages/com.unity.services.deployment/Editor/Environments/ProjectIdProvider.cs using Guid(7e950d63f3824930868d68021f0aaa98) Importer(2089858483,b0f066a214c2f5e87bad3c948f4d605d) (ScriptedImporter) -> (artifact id: 'ed5fb5552a880ca763ea923745888948') in 0.0179016 seconds
Number of updated asset objects reloaded before import = 0Number of asset objects unloaded after import = 0

========================================================================
Received Import Request.
  Time since last request: 0.000064 seconds.
  path: Packages/com.unity.purchasing/Runtime/UnityPaymentProviders/Client/Http/IDeserializable.cs
  artifactKey: Guid(09f20f5e7c1f3407f889c13d90d48778) Importer(2089858483,b0f066a214c2f5e87bad3c948f4d605d)
Start importing Packages/com.unity.purchasing/Runtime/UnityPaymentProviders/Client/Http/IDeserializable.cs using Guid(09f20f5e7c1f3407f889c13d90d48778) Importer(2089858483,b0f066a214c2f5e87bad3c948f4d605d) (ScriptedImporter) -> (artifact id: 'cb6ef90c2b75825641b926f500efb21a') in 0.0169623 seconds
Number of updated asset objects reloaded before import = 0Number of asset objects unloaded after import = 0

========================================================================
Received Import Request.
  Time since last request: 0.000029 seconds.
  path: Packages/com.unity.purchasing/Editor/Authoring/PurchasingAdminApi/Client/Model/UnauthorizedErrorResponse.cs
  artifactKey: Guid(f782e90f9521644b6ac639bf95317a3e) Importer(2089858483,b0f066a214c2f5e87bad3c948f4d605d)
Start importing Packages/com.unity.purchasing/Editor/Authoring/PurchasingAdminApi/Client/Model/UnauthorizedErrorResponse.cs using Guid(f782e90f9521644b6ac639bf95317a3e) Importer(2089858483,b0f066a214c2f5e87bad3c948f4d605d) (ScriptedImporter) -> (artifact id: '61e0a14077ed95e10e52e8590747346e') in 0.0218021 seconds
Number of updated asset objects reloaded before import = 0Number of asset objects unloaded after import = 0

========================================================================
Received Import Request.
  Time since last request: 0.000097 seconds.
  path: Packages/com.unity.services.deployment.api/Editor
  artifactKey: Guid(88c91e8edaaf24643befd98a167013bf) Importer(2089858483,b0f066a214c2f5e87bad3c948f4d605d)
Start importing Packages/com.unity.services.deployment.api/Editor using Guid(88c91e8edaaf24643befd98a167013bf) Importer(2089858483,b0f066a214c2f5e87bad3c948f4d605d) (ScriptedImporter) -> (artifact id: '14d4d6af4eb18022e643879b4bcf47f5') in 0.0147938 seconds
Number of updated asset objects reloaded before import = 0Number of asset objects unloaded after import = 1

========================================================================
Received Import Request.
  Time since last request: 0.000045 seconds.
  path: Packages/com.unity.purchasing/Editor/Authoring/IO
  artifactKey: Guid(9024141a0968eba45afe64978d61da24) Importer(2089858483,b0f066a214c2f5e87bad3c948f4d605d)
Start importing Packages/com.unity.purchasing/Editor/Authoring/IO using Guid(9024141a0968eba45afe64978d61da24) Importer(2089858483,b0f066a214c2f5e87bad3c948f4d605d) (ScriptedImporter) -> (artifact id: '6765676ab2ea94fb8c82c0469334f325') in 0.0140293 seconds
Number of updated asset objects reloaded before import = 0Number of asset objects unloaded after import = 1

========================================================================
Received Import Request.
  Time since last request: 0.000023 seconds.
  path: Packages/com.unity.purchasing/Runtime/Purchasing/PaymentOption/Resources/com.unity.purchasing/Brands/CodaWhite.png
  artifactKey: Guid(ce4e6db66902e604f950e816a61def86) Importer(2089858483,b0f066a214c2f5e87bad3c948f4d605d)
Start importing Packages/com.unity.purchasing/Runtime/Purchasing/PaymentOption/Resources/com.unity.purchasing/Brands/CodaWhite.png using Guid(ce4e6db66902e604f950e816a61def86) Importer(2089858483,b0f066a214c2f5e87bad3c948f4d605d) (ScriptedImporter) -> (artifact id: 'd6ee14d53c7bb57b52b78962e535072b') in 0.043023 seconds
Number of updated asset objects reloaded before import = 0Number of asset objects unloaded after import = 6

========================================================================
Received Import Request.
  Time since last request: 0.000023 seconds.
  path: Packages/com.unity.purchasing/Editor/Shared/Infrastructure/Collections/ReadOnlyObservableCollection.Gen.cs
  artifactKey: Guid(16be6712e22c494aafb5be884aad3c1a) Importer(2089858483,b0f066a214c2f5e87bad3c948f4d605d)
Start importing Packages/com.unity.purchasing/Editor/Shared/Infrastructure/Collections/ReadOnlyObservableCollection.Gen.cs using Guid(16be6712e22c494aafb5be884aad3c1a) Importer(2089858483,b0f066a214c2f5e87bad3c948f4d605d) (ScriptedImporter) -> (artifact id: '4a3ac651e5701465952cf9c51bdf0a27') in 0.0212643 seconds
Number of updated asset objects reloaded before import = 0Number of asset objects unloaded after import = 0

========================================================================
Received Import Request.
  Time since last request: 0.000217 seconds.
  path: Packages/com.unity.purchasing/Editor/Shared/Assets/AssetPostprocessorProxy.Gen.cs
  artifactKey: Guid(812e8eda57db474683efb2ab140125c8) Importer(2089858483,b0f066a214c2f5e87bad3c948f4d605d)
Start importing Packages/com.unity.purchasing/Editor/Shared/Assets/AssetPostprocessorProxy.Gen.cs using Guid(812e8eda57db474683efb2ab140125c8) Importer(2089858483,b0f066a214c2f5e87bad3c948f4d605d) (ScriptedImporter) -> (artifact id: '9678a60c87fe089a53d2e044aa98464d') in 0.0266814 seconds
Number of updated asset objects reloaded before import = 0Number of asset objects unloaded after import = 0

========================================================================
Received Import Request.
  Time since last request: 0.000186 seconds.
  path: Packages/com.unity.purchasing/Editor/Authoring/UI/CatalogCsvInspector.cs
  artifactKey: Guid(7839aa51046ee406dab75d0778edaba4) Importer(2089858483,b0f066a214c2f5e87bad3c948f4d605d)
Start importing Packages/com.unity.purchasing/Editor/Authoring/UI/CatalogCsvInspector.cs using Guid(7839aa51046ee406dab75d0778edaba4) Importer(2089858483,b0f066a214c2f5e87bad3c948f4d605d) (ScriptedImporter) -> (artifact id: '7f65b25d7dc0720859620516a86bbb78') in 0.0187977 seconds
Number of updated asset objects reloaded before import = 0Number of asset objects unloaded after import = 0

========================================================================
Received Import Request.
  Time since last request: 0.000113 seconds.
  path: Packages/com.unity.services.deployment/Editor/Analytics/IDeploymentWindowAnalytics.cs
  artifactKey: Guid(6cf16124668064150adc8f5e43ae1010) Importer(2089858483,b0f066a214c2f5e87bad3c948f4d605d)
Start importing Packages/com.unity.services.deployment/Editor/Analytics/IDeploymentWindowAnalytics.cs using Guid(6cf16124668064150adc8f5e43ae1010) Importer(2089858483,b0f066a214c2f5e87bad3c948f4d605d) (ScriptedImporter) -> (artifact id: 'cdc44e9d43806933df167c86d53a34ba') in 0.0190812 seconds
Number of updated asset objects reloaded before import = 0Number of asset objects unloaded after import = 0

========================================================================
Received Import Request.
  Time since last request: 0.000104 seconds.
  path: Packages/com.unity.purchasing/Runtime/Purchasing/Extension/IStoreOverrideReverseLookupService.cs
  artifactKey: Guid(7d6b1a85f1a14e2e9c0a8c1b5b9c6d11) Importer(2089858483,b0f066a214c2f5e87bad3c948f4d605d)
Start importing Packages/com.unity.purchasing/Runtime/Purchasing/Extension/IStoreOverrideReverseLookupService.cs using Guid(7d6b1a85f1a14e2e9c0a8c1b5b9c6d11) Importer(2089858483,b0f066a214c2f5e87bad3c948f4d605d) (ScriptedImporter) -> (artifact id: '3e694973eabca7f28292221cc95cba56') in 0.0221747 seconds
Number of updated asset objects reloaded before import = 0Number of asset objects unloaded after import = 0

========================================================================
Received Import Request.
  Time since last request: 0.000666 seconds.
  path: Packages/com.unity.purchasing/Runtime/Purchasing/Core/Product/UseCases/Interfaces/IFetchProductsUseCase.cs
  artifactKey: Guid(b44e794c894bd3f42a6f11b7e0851203) Importer(2089858483,b0f066a214c2f5e87bad3c948f4d605d)
Start importing Packages/com.unity.purchasing/Runtime/Purchasing/Core/Product/UseCases/Interfaces/IFetchProductsUseCase.cs using Guid(b44e794c894bd3f42a6f11b7e0851203) Importer(2089858483,b0f066a214c2f5e87bad3c948f4d605d) (ScriptedImporter) -> (artifact id: '30121ae03771324f10db4e739c2882eb') in 0.0192131 seconds
Number of updated asset objects reloaded before import = 0Number of asset objects unloaded after import = 0

========================================================================
Received Import Request.
  Time since last request: 0.000060 seconds.
  path: Packages/com.unity.purchasing/Runtime/Purchasing/Core/Purchasing/CartValidation/DistinctProductsCartValidator.cs
  artifactKey: Guid(69586e6eeaf3473684c319134c545460) Importer(2089858483,b0f066a214c2f5e87bad3c948f4d605d)
Start importing Packages/com.unity.purchasing/Runtime/Purchasing/Core/Purchasing/CartValidation/DistinctProductsCartValidator.cs using Guid(69586e6eeaf3473684c319134c545460) Importer(2089858483,b0f066a214c2f5e87bad3c948f4d605d) (ScriptedImporter) -> (artifact id: 'c011aaec5e110bd82858e86e08c7b929') in 0.0224913 seconds
Number of updated asset objects reloaded before import = 0Number of asset objects unloaded after import = 0

========================================================================
Received Import Request.
  Time since last request: 0.000362 seconds.
  path: Packages/com.unity.purchasing/Editor/Shared/WebApi/ApiUtils.cs
  artifactKey: Guid(0c006a79643f4143a5623ebbce914fc9) Importer(2089858483,b0f066a214c2f5e87bad3c948f4d605d)
Start importing Packages/com.unity.purchasing/Editor/Shared/WebApi/ApiUtils.cs using Guid(0c006a79643f4143a5623ebbce914fc9) Importer(2089858483,b0f066a214c2f5e87bad3c948f4d605d) (ScriptedImporter) -> (artifact id: '0ea82ebdead34691a363926a71f4d1e7') in 0.0170662 seconds
Number of updated asset objects reloaded before import = 0Number of asset objects unloaded after import = 0

========================================================================
Received Import Request.
  Time since last request: 0.000093 seconds.
  path: Packages/com.unity.purchasing/Runtime/Stores/PaymentProvider/Launchers
  artifactKey: Guid(bab5f634174e4cf18eeefd6dc58f1018) Importer(2089858483,b0f066a214c2f5e87bad3c948f4d605d)
Start importing Packages/com.unity.purchasing/Runtime/Stores/PaymentProvider/Launchers using Guid(bab5f634174e4cf18eeefd6dc58f1018) Importer(2089858483,b0f066a214c2f5e87bad3c948f4d605d) (ScriptedImporter) -> (artifact id: '751c4813a6e2da95c0d4525c627aa651') in 0.0161629 seconds
Number of updated asset objects reloaded before import = 0Number of asset objects unloaded after import = 1

========================================================================
Received Import Request.
  Time since last request: 0.000056 seconds.
  path: Packages/com.unity.purchasing/Runtime/Purchasing/Stores/Android/GooglePlay/Exceptions/GoogleFetchProductException.cs
  artifactKey: Guid(a3d5aa64a1ed4c44b6aa40e165eb09b2) Importer(2089858483,b0f066a214c2f5e87bad3c948f4d605d)
Start importing Packages/com.unity.purchasing/Runtime/Purchasing/Stores/Android/GooglePlay/Exceptions/GoogleFetchProductException.cs using Guid(a3d5aa64a1ed4c44b6aa40e165eb09b2) Importer(2089858483,b0f066a214c2f5e87bad3c948f4d605d) (ScriptedImporter) -> (artifact id: 'e73607a0ff8b0634f724f7c31255244d') in 0.018398 seconds
Number of updated asset objects reloaded before import = 0Number of asset objects unloaded after import = 0

========================================================================
Received Import Request.
  Time since last request: 0.000024 seconds.
  path: Packages/com.unity.purchasing/Runtime/Purchasing/Core/Store/Models/StoreConnectionFailureDescription.cs
  artifactKey: Guid(44c8fa416d0d48fab612eaf5d2af804d) Importer(2089858483,b0f066a214c2f5e87bad3c948f4d605d)
Start importing Packages/com.unity.purchasing/Runtime/Purchasing/Core/Store/Models/StoreConnectionFailureDescription.cs using Guid(44c8fa416d0d48fab612eaf5d2af804d) Importer(2089858483,b0f066a214c2f5e87bad3c948f4d605d) (ScriptedImporter) -> (artifact id: '1789dc878b75845089032122fd74004f') in 0.0161236 seconds
Number of updated asset objects reloaded before import = 0Number of asset objects unloaded after import = 0

========================================================================
Received Import Request.
  Time since last request: 0.000026 seconds.
  path: Packages/com.unity.purchasing/Runtime/Purchasing/Utilities/CatalogListingParser.cs
  artifactKey: Guid(d962c3fa3ef3b4aa080024d8ab56269a) Importer(2089858483,b0f066a214c2f5e87bad3c948f4d605d)
Start importing Packages/com.unity.purchasing/Runtime/Purchasing/Utilities/CatalogListingParser.cs using Guid(d962c3fa3ef3b4aa080024d8ab56269a) Importer(2089858483,b0f066a214c2f5e87bad3c948f4d605d) (ScriptedImporter) -> (artifact id: 'bb4604a555e4d69fba28929efff7c9f4') in 0.0173389 seconds
Number of updated asset objects reloaded before import = 0Number of asset objects unloaded after import = 0

========================================================================
Received Import Request.
  Time since last request: 0.000113 seconds.
  path: Packages/com.unity.purchasing/Runtime/Purchasing/Core/Purchasing/CartValidation/AggregateCartValidator.cs
  artifactKey: Guid(ee89210135fc405580c4df11f2889ca3) Importer(2089858483,b0f066a214c2f5e87bad3c948f4d605d)
Start importing Packages/com.unity.purchasing/Runtime/Purchasing/Core/Purchasing/CartValidation/AggregateCartValidator.cs using Guid(ee89210135fc405580c4df11f2889ca3) Importer(2089858483,b0f066a214c2f5e87bad3c948f4d605d) (ScriptedImporter) -> (artifact id: 'a9aecae3c8de52378ce671805ed6c52c') in 0.0193173 seconds
Number of updated asset objects reloaded before import = 0Number of asset objects unloaded after import = 0

========================================================================
Received Import Request.
  Time since last request: 0.000111 seconds.
  path: Packages/com.unity.purchasing/Editor/Authoring/Core/Service/IRoutingClient.cs
  artifactKey: Guid(fb95291907a8446c596be448ca68cc35) Importer(2089858483,b0f066a214c2f5e87bad3c948f4d605d)
Start importing Packages/com.unity.purchasing/Editor/Authoring/Core/Service/IRoutingClient.cs using Guid(fb95291907a8446c596be448ca68cc35) Importer(2089858483,b0f066a214c2f5e87bad3c948f4d605d) (ScriptedImporter) -> (artifact id: 'a9a7bbae6651c2fa866f2bac4bc48a6f') in 0.0187963 seconds
Number of updated asset objects reloaded before import = 0Number of asset objects unloaded after import = 0

========================================================================
Received Import Request.
  Time since last request: 0.000025 seconds.
  path: Packages/com.unity.purchasing/Runtime/Purchasing/Core/Purchasing/Models/UnknownPurchasedProductInfo.cs
  artifactKey: Guid(2512c8fb252844b7abe00c0b514b1e2a) Importer(2089858483,b0f066a214c2f5e87bad3c948f4d605d)
Start importing Packages/com.unity.purchasing/Runtime/Purchasing/Core/Purchasing/Models/UnknownPurchasedProductInfo.cs using Guid(2512c8fb252844b7abe00c0b514b1e2a) Importer(2089858483,b0f066a214c2f5e87bad3c948f4d605d) (ScriptedImporter) -> (artifact id: '145feff0e41c3aaa11b50912a9599d49') in 0.0184385 seconds
Number of updated asset objects reloaded before import = 0Number of asset objects unloaded after import = 0

========================================================================
Received Import Request.
  Time since last request: 0.000052 seconds.
  path: Packages/com.unity.purchasing/Runtime/Stores/Android/GooglePlay/AAR/GoogleQueryPurchasesUseCase.cs
  artifactKey: Guid(9fe1c696868604400b782d41f2146f8b) Importer(2089858483,b0f066a214c2f5e87bad3c948f4d605d)
Start importing Packages/com.unity.purchasing/Runtime/Stores/Android/GooglePlay/AAR/GoogleQueryPurchasesUseCase.cs using Guid(9fe1c696868604400b782d41f2146f8b) Importer(2089858483,b0f066a214c2f5e87bad3c948f4d605d) (ScriptedImporter) -> (artifact id: '543a2ec7076f7389073a8c6df4fba04e') in 0.0283514 seconds
Number of updated asset objects reloaded before import = 0Number of asset objects unloaded after import = 0

========================================================================
Received Import Request.
  Time since last request: 0.000271 seconds.
  path: Packages/com.unity.purchasing/Runtime/Security/CrossPlatformValidator.cs
  artifactKey: Guid(beea7c1949f754239a1557afab367620) Importer(2089858483,b0f066a214c2f5e87bad3c948f4d605d)
Start importing Packages/com.unity.purchasing/Runtime/Security/CrossPlatformValidator.cs using Guid(beea7c1949f754239a1557afab367620) Importer(2089858483,b0f066a214c2f5e87bad3c948f4d605d) (ScriptedImporter) -> (artifact id: '39abb2fce0297ca2550700cbc0fad582') in 0.0244541 seconds
Number of updated asset objects reloaded before import = 0Number of asset objects unloaded after import = 0

========================================================================
Received Import Request.
  Time since last request: 0.001184 seconds.
  path: Packages/com.unity.purchasing/Plugins/UnityPurchasing/iOS/UnityPurchasing.h
  artifactKey: Guid(df539a4f6e29041558c3299a6f550aad) Importer(2089858483,b0f066a214c2f5e87bad3c948f4d605d)
Start importing Packages/com.unity.purchasing/Plugins/UnityPurchasing/iOS/UnityPurchasing.h using Guid(df539a4f6e29041558c3299a6f550aad) Importer(2089858483,b0f066a214c2f5e87bad3c948f4d605d) (ScriptedImporter) -> (artifact id: '5111f3245471f32b49df76d459eae12d') in 0.0261629 seconds
Number of updated asset objects reloaded before import = 0Number of asset objects unloaded after import = 0

========================================================================
Received Import Request.
  Time since last request: 0.000075 seconds.
  path: Packages/com.unity.purchasing/Editor/Authoring/Model/ObservableRoutingAssets.cs
  artifactKey: Guid(13a77994d9a74aac847cdd8697683cca) Importer(2089858483,b0f066a214c2f5e87bad3c948f4d605d)
Start importing Packages/com.unity.purchasing/Editor/Authoring/Model/ObservableRoutingAssets.cs using Guid(13a77994d9a74aac847cdd8697683cca) Importer(2089858483,b0f066a214c2f5e87bad3c948f4d605d) (ScriptedImporter) -> (artifact id: '1a91a16e046c3acaee24a0910ed30dec') in 0.0208023 seconds
Number of updated asset objects reloaded before import = 0Number of asset objects unloaded after import = 0

========================================================================
Received Import Request.
  Time since last request: 0.000560 seconds.
  path: Packages/com.unity.purchasing/Editor/Authoring/PurchasingAdminApi/Client/Model/CatalogProductDetail.cs
  artifactKey: Guid(7f4bbffb7c3de42ca88fdf38097965ad) Importer(2089858483,b0f066a214c2f5e87bad3c948f4d605d)
Start importing Packages/com.unity.purchasing/Editor/Authoring/PurchasingAdminApi/Client/Model/CatalogProductDetail.cs using Guid(7f4bbffb7c3de42ca88fdf38097965ad) Importer(2089858483,b0f066a214c2f5e87bad3c948f4d605d) (ScriptedImporter) -> (artifact id: '47cc517c3bb2fce744def907e5566990') in 0.0204143 seconds
Number of updated asset objects reloaded before import = 0Number of asset objects unloaded after import = 0

========================================================================
Received Import Request.
  Time since last request: 0.001184 seconds.
  path: Packages/com.unity.services.deployment/Editor/Interface/UI/Assets/DeploymentWindow_uxml.uxml
  artifactKey: Guid(f9b3fcd8db01147cfa9804644f1175c9) Importer(2089858483,b0f066a214c2f5e87bad3c948f4d605d)
Start importing Packages/com.unity.services.deployment/Editor/Interface/UI/Assets/DeploymentWindow_uxml.uxml using Guid(f9b3fcd8db01147cfa9804644f1175c9) Importer(2089858483,b0f066a214c2f5e87bad3c948f4d605d) (ScriptedImporter) -> (artifact id: '5237767d9711e2dc6a4b58006e5b53e6') in 0.0935137 seconds
Number of updated asset objects reloaded before import = 0Number of asset objects unloaded after import = 4

========================================================================
Received Import Request.
  Time since last request: 0.003759 seconds.
  path: Packages/com.unity.purchasing/Runtime/TransactionVerifier/Client/ErrorMitigation/RetryPolicyConfig.cs
  artifactKey: Guid(872207bb786a9457f95b6775f0953144) Importer(2089858483,b0f066a214c2f5e87bad3c948f4d605d)
Start importing Packages/com.unity.purchasing/Runtime/TransactionVerifier/Client/ErrorMitigation/RetryPolicyConfig.cs using Guid(872207bb786a9457f95b6775f0953144) Importer(2089858483,b0f066a214c2f5e87bad3c948f4d605d) (ScriptedImporter) -> (artifact id: '210ca28e3e082423c496fe07187ec9a7') in 0.0215708 seconds
Number of updated asset objects reloaded before import = 0Number of asset objects unloaded after import = 0

========================================================================
Received Import Request.
  Time since last request: 0.000676 seconds.
  path: Packages/com.unity.purchasing/Runtime/Stores/Data/NativeDeviceLocale.cs
  artifactKey: Guid(bb63cd5e70072450081556650e49eef1) Importer(2089858483,b0f066a214c2f5e87bad3c948f4d605d)
Start importing Packages/com.unity.purchasing/Runtime/Stores/Data/NativeDeviceLocale.cs using Guid(bb63cd5e70072450081556650e49eef1) Importer(2089858483,b0f066a214c2f5e87bad3c948f4d605d) (ScriptedImporter) -> (artifact id: '4aeab28875f7ce8f66a1798044f70b34') in 0.0286157 seconds
Number of updated asset objects reloaded before import = 0Number of asset objects unloaded after import = 0

========================================================================
Received Import Request.
  Time since last request: 0.006892 seconds.
  path: Packages/com.unity.purchasing/Runtime/Purchasing/Core/Product/AppleAppStore/Extensions/UseCases/Interfaces/IFetchStorePromotionVisibilityUseCase.cs
  artifactKey: Guid(5325cd6c508f4206ae0401e8291c5406) Importer(2089858483,b0f066a214c2f5e87bad3c948f4d605d)
Start importing Packages/com.unity.purchasing/Runtime/Purchasing/Core/Product/AppleAppStore/Extensions/UseCases/Interfaces/IFetchStorePromotionVisibilityUseCase.cs using Guid(5325cd6c508f4206ae0401e8291c5406) Importer(2089858483,b0f066a214c2f5e87bad3c948f4d605d) (ScriptedImporter) -> (artifact id: '9314c2d44a1dd48b654e1b53dc7bd4db') in 0.0607628 seconds
Number of updated asset objects reloaded before import = 0Number of asset objects unloaded after import = 0

========================================================================
Received Import Request.
  Time since last request: 0.002881 seconds.
  path: Packages/com.unity.purchasing/Editor/Authoring/PurchasingAdminApi/Client/Model/EnvironmentEntityNotFoundErrorResponse.cs
  artifactKey: Guid(71000f9ff12b848be8d9180afe001f6c) Importer(2089858483,b0f066a214c2f5e87bad3c948f4d605d)
Start importing Packages/com.unity.purchasing/Editor/Authoring/PurchasingAdminApi/Client/Model/EnvironmentEntityNotFoundErrorResponse.cs using Guid(71000f9ff12b848be8d9180afe001f6c) Importer(2089858483,b0f066a214c2f5e87bad3c948f4d605d) (ScriptedImporter) -> (artifact id: 'ed55274da00112b9b7fdc0a7cffa2f9d') in 0.0388768 seconds
Number of updated asset objects reloaded before import = 0Number of asset objects unloaded after import = 0

========================================================================
Received Import Request.
  Time since last request: 0.003507 seconds.
  path: Packages/com.unity.purchasing/Runtime/UnityPaymentProviders/Interfaces
  artifactKey: Guid(84b78fa04f27495b80dafc0815383706) Importer(2089858483,b0f066a214c2f5e87bad3c948f4d605d)
Start importing Packages/com.unity.purchasing/Runtime/UnityPaymentProviders/Interfaces using Guid(84b78fa04f27495b80dafc0815383706) Importer(2089858483,b0f066a214c2f5e87bad3c948f4d605d) (ScriptedImporter) -> (artifact id: '456d78e0453e0478c5e1c864ede0fff1') in 0.0485754 seconds
Number of updated asset objects reloaded before import = 0Number of asset objects unloaded after import = 1

========================================================================
Received Import Request.
  Time since last request: 0.001506 seconds.
  path: Packages/com.unity.purchasing/Editor/Authoring/Core/UnityEditor.Purchasing.Editor.Authoring.Core.asmdef
  artifactKey: Guid(5fd64fe593e7a4d89b825a817cd6ae51) Importer(2089858483,b0f066a214c2f5e87bad3c948f4d605d)
Start importing Packages/com.unity.purchasing/Editor/Authoring/Core/UnityEditor.Purchasing.Editor.Authoring.Core.asmdef using Guid(5fd64fe593e7a4d89b825a817cd6ae51) Importer(2089858483,b0f066a214c2f5e87bad3c948f4d605d) (ScriptedImporter) -> (artifact id: '16df34327ef2dbce0a483f0fdcb00f49') in 0.0250104 seconds
Number of updated asset objects reloaded before import = 0Number of asset objects unloaded after import = 1

========================================================================
Received Import Request.
  Time since last request: 0.000027 seconds.
  path: Packages/com.unity.purchasing/Editor/Authoring/Model/ObservableCatalogItemAssets.cs
  artifactKey: Guid(bd4fab0816b81b847933bfbc9a41db8c) Importer(2089858483,b0f066a214c2f5e87bad3c948f4d605d)
Start importing Packages/com.unity.purchasing/Editor/Authoring/Model/ObservableCatalogItemAssets.cs using Guid(bd4fab0816b81b847933bfbc9a41db8c) Importer(2089858483,b0f066a214c2f5e87bad3c948f4d605d) (ScriptedImporter) -> (artifact id: 'ee67d00b5563de0c674adc3569090fc2') in 0.0185518 seconds
Number of updated asset objects reloaded before import = 0Number of asset objects unloaded after import = 0

========================================================================
Received Import Request.
  Time since last request: 0.000082 seconds.
  path: Packages/com.unity.services.deployment.api/LICENSE.md
  artifactKey: Guid(2ee706535ad3924449a3b7824c468ab2) Importer(2089858483,b0f066a214c2f5e87bad3c948f4d605d)
Start importing Packages/com.unity.services.deployment.api/LICENSE.md using Guid(2ee706535ad3924449a3b7824c468ab2) Importer(2089858483,b0f066a214c2f5e87bad3c948f4d605d) (ScriptedImporter) -> (artifact id: '32a5452eaccf47e45ff6ca3e817b9a08') in 0.0203606 seconds
Number of updated asset objects reloaded before import = 0Number of asset objects unloaded after import = 1

========================================================================
Received Import Request.
  Time since last request: 0.000026 seconds.
  path: Packages/com.unity.purchasing/Runtime/Stores/Android/GooglePlay/Services/Interfaces/IGooglePlayStoreFetchPurchasesService.cs
  artifactKey: Guid(e863927ea89b040bdbb701975f15ee83) Importer(2089858483,b0f066a214c2f5e87bad3c948f4d605d)
Start importing Packages/com.unity.purchasing/Runtime/Stores/Android/GooglePlay/Services/Interfaces/IGooglePlayStoreFetchPurchasesService.cs using Guid(e863927ea89b040bdbb701975f15ee83) Importer(2089858483,b0f066a214c2f5e87bad3c948f4d605d) (ScriptedImporter) -> (artifact id: 'b965faceb8d650675247a52eeeb4bbbe') in 0.0211187 seconds
Number of updated asset objects reloaded before import = 0Number of asset objects unloaded after import = 0

========================================================================
Received Import Request.
  Time since last request: 0.000024 seconds.
  path: Packages/com.unity.purchasing/Runtime/Purchasing/Core/Purchasing/CartValidation/SingleProductSingleQuantityCartValidator.cs
  artifactKey: Guid(2b3b3c5d1ce649108de3a29942c5d09a) Importer(2089858483,b0f066a214c2f5e87bad3c948f4d605d)
Start importing Packages/com.unity.purchasing/Runtime/Purchasing/Core/Purchasing/CartValidation/SingleProductSingleQuantityCartValidator.cs using Guid(2b3b3c5d1ce649108de3a29942c5d09a) Importer(2089858483,b0f066a214c2f5e87bad3c948f4d605d) (ScriptedImporter) -> (artifact id: '3857bc32717927d126784b69a21ed6e9') in 0.0197882 seconds
Number of updated asset objects reloaded before import = 0Number of asset objects unloaded after import = 0

========================================================================
Received Import Request.
  Time since last request: 0.000115 seconds.
  path: Packages/com.unity.purchasing/Editor/Authoring/LiveContentAdminApi/Client/Model/ResourceType.cs
  artifactKey: Guid(d4dc14d88f1674f1e9891ee62b81e9a2) Importer(2089858483,b0f066a214c2f5e87bad3c948f4d605d)
Start importing Packages/com.unity.purchasing/Editor/Authoring/LiveContentAdminApi/Client/Model/ResourceType.cs using Guid(d4dc14d88f1674f1e9891ee62b81e9a2) Importer(2089858483,b0f066a214c2f5e87bad3c948f4d605d) (ScriptedImporter) -> (artifact id: 'c3b7937a28ca01cc823aef28a7cfe6da') in 0.0264785 seconds
Number of updated asset objects reloaded before import = 0Number of asset objects unloaded after import = 0

========================================================================
Received Import Request.
  Time since last request: 0.000032 seconds.
  path: Packages/com.unity.services.deployment/Editor/Interface/UI/Serialization/ISerializableComponentFetcher.cs
  artifactKey: Guid(2c2e6d9ad2f9446d8a38bbe3f6fdb405) Importer(2089858483,b0f066a214c2f5e87bad3c948f4d605d)
Start importing Packages/com.unity.services.deployment/Editor/Interface/UI/Serialization/ISerializableComponentFetcher.cs using Guid(2c2e6d9ad2f9446d8a38bbe3f6fdb405) Importer(2089858483,b0f066a214c2f5e87bad3c948f4d605d) (ScriptedImporter) -> (artifact id: '99c07f96790bd84b193ab8e28298adaf') in 0.0225567 seconds
Number of updated asset objects reloaded before import = 0Number of asset objects unloaded after import = 0

========================================================================
Received Import Request.
  Time since last request: 0.000092 seconds.
  path: Packages/com.unity.purchasing/Runtime/UnityPaymentProviders/Client/Models/InitiatePaymentProviderOrder400Response.cs
  artifactKey: Guid(30762ad8d2d174f8dbad4282793850b9) Importer(2089858483,b0f066a214c2f5e87bad3c948f4d605d)
Start importing Packages/com.unity.purchasing/Runtime/UnityPaymentProviders/Client/Models/InitiatePaymentProviderOrder400Response.cs using Guid(30762ad8d2d174f8dbad4282793850b9) Importer(2089858483,b0f066a214c2f5e87bad3c948f4d605d) (ScriptedImporter) -> (artifact id: '0945d21d7e7668a9cf0f54d7fdb72650') in 0.0298673 seconds
Number of updated asset objects reloaded before import = 0Number of asset objects unloaded after import = 0

========================================================================
Received Import Request.
  Time since last request: 0.000025 seconds.
  path: Packages/com.unity.purchasing/Runtime/Purchasing/Stores/Android/GooglePlay/Interfaces/IGooglePlayStore.cs
  artifactKey: Guid(8350e0516f044ef58376faca4052950a) Importer(2089858483,b0f066a214c2f5e87bad3c948f4d605d)
Start importing Packages/com.unity.purchasing/Runtime/Purchasing/Stores/Android/GooglePlay/Interfaces/IGooglePlayStore.cs using Guid(8350e0516f044ef58376faca4052950a) Importer(2089858483,b0f066a214c2f5e87bad3c948f4d605d) (ScriptedImporter) -> (artifact id: '89738256a792031bdbad605dd43569db') in 0.0246608 seconds
Number of updated asset objects reloaded before import = 0Number of asset objects unloaded after import = 0

========================================================================
Received Import Request.
  Time since last request: 0.001074 seconds.
  path: Packages/com.unity.purchasing/Editor/Shared/Analytics/AnalyticsTimer.Gen.cs
  artifactKey: Guid(ea51d32eaf3d4875a10cb9003643c916) Importer(2089858483,b0f066a214c2f5e87bad3c948f4d605d)
Start importing Packages/com.unity.purchasing/Editor/Shared/Analytics/AnalyticsTimer.Gen.cs using Guid(ea51d32eaf3d4875a10cb9003643c916) Importer(2089858483,b0f066a214c2f5e87bad3c948f4d605d) (ScriptedImporter) -> (artifact id: '8388ce425634ac25c5a28bbefd14a78b') in 0.0239728 seconds
Number of updated asset objects reloaded before import = 0Number of asset objects unloaded after import = 0

========================================================================
Received Import Request.
  Time since last request: 0.000442 seconds.
  path: Packages/com.unity.purchasing/Runtime/Purchasing/Core/Store/Android/GooglePlay/Extensions/UseCases/GooglePlayStoreSetObfuscatedIdUseCase.cs
  artifactKey: Guid(edbf3471d9904881881912c9d93d1aa2) Importer(2089858483,b0f066a214c2f5e87bad3c948f4d605d)
Start importing Packages/com.unity.purchasing/Runtime/Purchasing/Core/Store/Android/GooglePlay/Extensions/UseCases/GooglePlayStoreSetObfuscatedIdUseCase.cs using Guid(edbf3471d9904881881912c9d93d1aa2) Importer(2089858483,b0f066a214c2f5e87bad3c948f4d605d) (ScriptedImporter) -> (artifact id: 'd27e9c324eaba7759c4c0295f894fec2') in 0.0261886 seconds
Number of updated asset objects reloaded before import = 0Number of asset objects unloaded after import = 0

========================================================================
Received Import Request.
  Time since last request: 0.000595 seconds.
  path: Packages/com.unity.purchasing/Runtime/Stores/PaymentProvider
  artifactKey: Guid(d7d86439207141e8b0778c513254f4b5) Importer(2089858483,b0f066a214c2f5e87bad3c948f4d605d)
Start importing Packages/com.unity.purchasing/Runtime/Stores/PaymentProvider using Guid(d7d86439207141e8b0778c513254f4b5) Importer(2089858483,b0f066a214c2f5e87bad3c948f4d605d) (ScriptedImporter) -> (artifact id: '0b3787fe646706145631942563ffaed2') in 0.0234677 seconds
Number of updated asset objects reloaded before import = 0Number of asset objects unloaded after import = 1

========================================================================
Received Import Request.
  Time since last request: 0.000032 seconds.
  path: Packages/com.unity.purchasing/Editor/Authoring/UnityEditor.Purchasing.Authoring.asmdef
  artifactKey: Guid(49ce1018129c48ceb25a0ffb09b1bc47) Importer(2089858483,b0f066a214c2f5e87bad3c948f4d605d)
Start importing Packages/com.unity.purchasing/Editor/Authoring/UnityEditor.Purchasing.Authoring.asmdef using Guid(49ce1018129c48ceb25a0ffb09b1bc47) Importer(2089858483,b0f066a214c2f5e87bad3c948f4d605d) (ScriptedImporter) -> (artifact id: 'b525dded80b9a64d387b31323d42d1cd') in 0.0281095 seconds
Number of updated asset objects reloaded before import = 0Number of asset objects unloaded after import = 1

========================================================================
Received Import Request.
  Time since last request: 0.000218 seconds.
  path: Packages/com.unity.purchasing/Runtime/Stores/Analytics
  artifactKey: Guid(9344586bda52ad242bbaa61d73530227) Importer(2089858483,b0f066a214c2f5e87bad3c948f4d605d)
Start importing Packages/com.unity.purchasing/Runtime/Stores/Analytics using Guid(9344586bda52ad242bbaa61d73530227) Importer(2089858483,b0f066a214c2f5e87bad3c948f4d605d) (ScriptedImporter) -> (artifact id: 'ad6d38456d78f763880f5b0323149e18') in 0.01809 seconds
Number of updated asset objects reloaded before import = 0Number of asset objects unloaded after import = 1

========================================================================
Received Import Request.
  Time since last request: 0.000029 seconds.
  path: Packages/com.unity.purchasing/Runtime/Purchasing/Core/Purchasing/PurchaseServiceDependencyInjector.cs
  artifactKey: Guid(606a19074c39f4e4ea1bc94f9ebea232) Importer(2089858483,b0f066a214c2f5e87bad3c948f4d605d)
Start importing Packages/com.unity.purchasing/Runtime/Purchasing/Core/Purchasing/PurchaseServiceDependencyInjector.cs using Guid(606a19074c39f4e4ea1bc94f9ebea232) Importer(2089858483,b0f066a214c2f5e87bad3c948f4d605d) (ScriptedImporter) -> (artifact id: '6334cf2e5c57530835abe6800e874585') in 0.019818 seconds
Number of updated asset objects reloaded before import = 0Number of asset objects unloaded after import = 0

========================================================================
Received Import Request.
  Time since last request: 0.000048 seconds.
  path: Packages/com.unity.purchasing/Runtime/Stores/AppleAppStore/ExternalPurchase
  artifactKey: Guid(3f2390e081c024560b7ed73f5d3e8329) Importer(2089858483,b0f066a214c2f5e87bad3c948f4d605d)
Start importing Packages/com.unity.purchasing/Runtime/Stores/AppleAppStore/ExternalPurchase using Guid(3f2390e081c024560b7ed73f5d3e8329) Importer(2089858483,b0f066a214c2f5e87bad3c948f4d605d) (ScriptedImporter) -> (artifact id: '5b714a2d6b016792e8152f36e3a1d1cc') in 0.0169104 seconds
Number of updated asset objects reloaded before import = 0Number of asset objects unloaded after import = 1

========================================================================
Received Import Request.
  Time since last request: 0.000025 seconds.
  path: Packages/com.unity.purchasing/Runtime/Purchasing/Core/Store/PaymentProviders/Extensions/Interfaces
  artifactKey: Guid(5fc7284793d3453a8bcc484094b166f8) Importer(2089858483,b0f066a214c2f5e87bad3c948f4d605d)
Start importing Packages/com.unity.purchasing/Runtime/Purchasing/Core/Store/PaymentProviders/Extensions/Interfaces using Guid(5fc7284793d3453a8bcc484094b166f8) Importer(2089858483,b0f066a214c2f5e87bad3c948f4d605d) (ScriptedImporter) -> (artifact id: 'cd3aeee5503a195270ef0199779964f5') in 0.0198646 seconds
Number of updated asset objects reloaded before import = 0Number of asset objects unloaded after import = 1

========================================================================
Received Import Request.
  Time since last request: 0.000186 seconds.
  path: Packages/com.unity.purchasing/Runtime/UnityLiveContentAdapter/Client/Models/ResourceType.cs
  artifactKey: Guid(29b2c22baaba245e3b9e39e1c74686b4) Importer(2089858483,b0f066a214c2f5e87bad3c948f4d605d)
Start importing Packages/com.unity.purchasing/Runtime/UnityLiveContentAdapter/Client/Models/ResourceType.cs using Guid(29b2c22baaba245e3b9e39e1c74686b4) Importer(2089858483,b0f066a214c2f5e87bad3c948f4d605d) (ScriptedImporter) -> (artifact id: 'c1e019fe83dff64695cda6f122f175ba') in 0.0181975 seconds
Number of updated asset objects reloaded before import = 0Number of asset objects unloaded after import = 0

========================================================================
Received Import Request.
  Time since last request: 0.000129 seconds.
  path: Packages/com.unity.purchasing/Runtime/Stores/XboxStore/Services
  artifactKey: Guid(88c9f5ea7d81a974dbce891f49679eb7) Importer(2089858483,b0f066a214c2f5e87bad3c948f4d605d)
Start importing Packages/com.unity.purchasing/Runtime/Stores/XboxStore/Services using Guid(88c9f5ea7d81a974dbce891f49679eb7) Importer(2089858483,b0f066a214c2f5e87bad3c948f4d605d) (ScriptedImporter) -> (artifact id: 'c77ec5ef2fdfcda4af4b8bda278e18d9') in 0.0168907 seconds
Number of updated asset objects reloaded before import = 0Number of asset objects unloaded after import = 1

========================================================================
Received Import Request.
  Time since last request: 0.000037 seconds.
  path: Packages/com.unity.purchasing/Runtime/Purchasing/DependencyInjection/DependencyInjectionException.cs
  artifactKey: Guid(d449ba34d9b64379a8a09ca181f99b64) Importer(2089858483,b0f066a214c2f5e87bad3c948f4d605d)
Start importing Packages/com.unity.purchasing/Runtime/Purchasing/DependencyInjection/DependencyInjectionException.cs using Guid(d449ba34d9b64379a8a09ca181f99b64) Importer(2089858483,b0f066a214c2f5e87bad3c948f4d605d) (ScriptedImporter) -> (artifact id: '58d43da0c46b1d9ba7cabe0938c52f6a') in 0.0162411 seconds
Number of updated asset objects reloaded before import = 0Number of asset objects unloaded after import = 0

========================================================================
Received Import Request.
  Time since last request: 0.000099 seconds.
  path: Packages/com.unity.purchasing/Runtime/Purchasing/Core/Retries/Interfaces/IRetryPolicy.cs
  artifactKey: Guid(b4df5741705fa4d7a83a3ebab4d2f76b) Importer(2089858483,b0f066a214c2f5e87bad3c948f4d605d)
Start importing Packages/com.unity.purchasing/Runtime/Purchasing/Core/Retries/Interfaces/IRetryPolicy.cs using Guid(b4df5741705fa4d7a83a3ebab4d2f76b) Importer(2089858483,b0f066a214c2f5e87bad3c948f4d605d) (ScriptedImporter) -> (artifact id: '5ae3ad6089339760fb96425fde402f72') in 0.0213282 seconds
Number of updated asset objects reloaded before import = 0Number of asset objects unloaded after import = 0

========================================================================
Received Import Request.
  Time since last request: 0.000113 seconds.
  path: Packages/com.unity.purchasing/Editor/ServiceProjectSettings/UI/Views/AISkillsSettingsBlock.cs
  artifactKey: Guid(cb2f41a09a4d1274c8c0e830eba45357) Importer(2089858483,b0f066a214c2f5e87bad3c948f4d605d)
Start importing Packages/com.unity.purchasing/Editor/ServiceProjectSettings/UI/Views/AISkillsSettingsBlock.cs using Guid(cb2f41a09a4d1274c8c0e830eba45357) Importer(2089858483,b0f066a214c2f5e87bad3c948f4d605d) (ScriptedImporter) -> (artifact id: '197ceb3543cbd822611c527f06c91bf3') in 0.0158123 seconds
Number of updated asset objects reloaded before import = 0Number of asset objects unloaded after import = 0

========================================================================
Received Import Request.
  Time since last request: 0.000083 seconds.
  path: Packages/com.unity.services.deployment/Editor/Commands/AggregateCommand.cs
  artifactKey: Guid(641e8d7955f84d3a9ff44700005b0322) Importer(2089858483,b0f066a214c2f5e87bad3c948f4d605d)
Start importing Packages/com.unity.services.deployment/Editor/Commands/AggregateCommand.cs using Guid(641e8d7955f84d3a9ff44700005b0322) Importer(2089858483,b0f066a214c2f5e87bad3c948f4d605d) (ScriptedImporter) -> (artifact id: '226445d5a33b998692a69d81a1ffd2ec') in 0.0170982 seconds
Number of updated asset objects reloaded before import = 0Number of asset objects unloaded after import = 0

========================================================================
Received Import Request.
  Time since last request: 0.000078 seconds.
  path: Packages/com.unity.purchasing/Runtime/Purchasing/Stores/AppStore.cs
  artifactKey: Guid(e84e5e1f59d14935b06f7201adff93d1) Importer(2089858483,b0f066a214c2f5e87bad3c948f4d605d)
Start importing Packages/com.unity.purchasing/Runtime/Purchasing/Stores/AppStore.cs using Guid(e84e5e1f59d14935b06f7201adff93d1) Importer(2089858483,b0f066a214c2f5e87bad3c948f4d605d) (ScriptedImporter) -> (artifact id: '82de1b0bf539314e0bf60beefa46c436') in 0.0171967 seconds
Number of updated asset objects reloaded before import = 0Number of asset objects unloaded after import = 0

========================================================================
Received Import Request.
  Time since last request: 0.000070 seconds.
  path: Packages/com.unity.services.deployment/Editor/Logging
  artifactKey: Guid(0a50773e723c47adb5c71529821ca183) Importer(2089858483,b0f066a214c2f5e87bad3c948f4d605d)
Start importing Packages/com.unity.services.deployment/Editor/Logging using Guid(0a50773e723c47adb5c71529821ca183) Importer(2089858483,b0f066a214c2f5e87bad3c948f4d605d) (ScriptedImporter) -> (artifact id: '448914a95170e77d1ebc58c4e074459d') in 0.0158435 seconds
Number of updated asset objects reloaded before import = 0Number of asset objects unloaded after import = 1

========================================================================
Received Import Request.
  Time since last request: 0.000031 seconds.
  path: Packages/com.unity.services.deployment/Editor/Shared/UI/EventBinding.Gen.cs
  artifactKey: Guid(083195bb258db457d967d7bd14553bc8) Importer(2089858483,b0f066a214c2f5e87bad3c948f4d605d)
Start importing Packages/com.unity.services.deployment/Editor/Shared/UI/EventBinding.Gen.cs using Guid(083195bb258db457d967d7bd14553bc8) Importer(2089858483,b0f066a214c2f5e87bad3c948f4d605d) (ScriptedImporter) -> (artifact id: 'b95b78bb278e14ca1590365ec82e6e47') in 0.016536 seconds
Number of updated asset objects reloaded before import = 0Number of asset objects unloaded after import = 0

========================================================================
Received Import Request.
  Time since last request: 0.000081 seconds.
  path: Packages/com.unity.purchasing/Runtime/Purchasing/Core/Store/StoreConnectionStateService.cs
  artifactKey: Guid(d723da3ada23455fbee84d652488f864) Importer(2089858483,b0f066a214c2f5e87bad3c948f4d605d)
Start importing Packages/com.unity.purchasing/Runtime/Purchasing/Core/Store/StoreConnectionStateService.cs using Guid(d723da3ada23455fbee84d652488f864) Importer(2089858483,b0f066a214c2f5e87bad3c948f4d605d) (ScriptedImporter) -> (artifact id: 'b40f44b79db3a3db9e0bae29f2332170') in 0.0173403 seconds
Number of updated asset objects reloaded before import = 0Number of asset objects unloaded after import = 0

========================================================================
Received Import Request.
  Time since last request: 0.000040 seconds.
  path: Packages/com.unity.purchasing/Runtime/Utilities/TaskQueue.cs
  artifactKey: Guid(0e9a9113ce7e4e599f4cfdde95ecc4cb) Importer(2089858483,b0f066a214c2f5e87bad3c948f4d605d)
Start importing Packages/com.unity.purchasing/Runtime/Utilities/TaskQueue.cs using Guid(0e9a9113ce7e4e599f4cfdde95ecc4cb) Importer(2089858483,b0f066a214c2f5e87bad3c948f4d605d) (ScriptedImporter) -> (artifact id: '0ac24aa79e363b17101650e565214052') in 0.0198458 seconds
Number of updated asset objects reloaded before import = 0Number of asset objects unloaded after import = 0

========================================================================
Received Import Request.
  Time since last request: 0.000049 seconds.
  path: Packages/com.unity.purchasing/Runtime/Purchasing/Core/Purchasing/Android/GooglePlay
  artifactKey: Guid(190cc1c978fdfd94494b1cb1516e8052) Importer(2089858483,b0f066a214c2f5e87bad3c948f4d605d)
Start importing Packages/com.unity.purchasing/Runtime/Purchasing/Core/Purchasing/Android/GooglePlay using Guid(190cc1c978fdfd94494b1cb1516e8052) Importer(2089858483,b0f066a214c2f5e87bad3c948f4d605d) (ScriptedImporter) -> (artifact id: 'e4bcfbbf6dda2c141012715ce0916620') in 0.0155913 seconds
Number of updated asset objects reloaded before import = 0Number of asset objects unloaded after import = 1

========================================================================
Received Import Request.
  Time since last request: 0.000090 seconds.
  path: Packages/com.unity.purchasing/package.json
  artifactKey: Guid(4797030ac1a4416a944aa07d854ffeb4) Importer(2089858483,b0f066a214c2f5e87bad3c948f4d605d)
Start importing Packages/com.unity.purchasing/package.json using Guid(4797030ac1a4416a944aa07d854ffeb4) Importer(2089858483,b0f066a214c2f5e87bad3c948f4d605d) (ScriptedImporter) -> (artifact id: '1ce5114bf13db5631f546128d018e29b') in 0.0176808 seconds
Number of updated asset objects reloaded before import = 0Number of asset objects unloaded after import = 1

========================================================================
Received Import Request.
  Time since last request: 0.000027 seconds.
  path: Packages/com.unity.purchasing/Runtime/UnityWebshops
  artifactKey: Guid(7fd095af991534b4cac6c4cb63b851f8) Importer(2089858483,b0f066a214c2f5e87bad3c948f4d605d)
Start importing Packages/com.unity.purchasing/Runtime/UnityWebshops using Guid(7fd095af991534b4cac6c4cb63b851f8) Importer(2089858483,b0f066a214c2f5e87bad3c948f4d605d) (ScriptedImporter) -> (artifact id: '0977fa6bb2cf048fef1d866718419ae0') in 0.0169206 seconds
Number of updated asset objects reloaded before import = 0Number of asset objects unloaded after import = 1

========================================================================
Received Import Request.
  Time since last request: 0.000040 seconds.
  path: Packages/com.unity.services.deployment/Editor/Interface/DeploymentDefinitionViewModel.cs
  artifactKey: Guid(b200330fcb2c49c89dbd67fed3042ce6) Importer(2089858483,b0f066a214c2f5e87bad3c948f4d605d)
Start importing Packages/com.unity.services.deployment/Editor/Interface/DeploymentDefinitionViewModel.cs using Guid(b200330fcb2c49c89dbd67fed3042ce6) Importer(2089858483,b0f066a214c2f5e87bad3c948f4d605d) (ScriptedImporter) -> (artifact id: '07ec542a758d4efff71c131e491c1d43') in 0.0177277 seconds
Number of updated asset objects reloaded before import = 0Number of asset objects unloaded after import = 0

========================================================================
Received Import Request.
  Time since last request: 0.000103 seconds.
  path: Packages/com.unity.services.deployment/Editor/Shared/UI/DeploymentConfigInspectorFooter/Assets/DeploymentConfigInspectorFooterLight.uss
  artifactKey: Guid(e2e58464a9612594a9b28e54d1b2c87e) Importer(2089858483,b0f066a214c2f5e87bad3c948f4d605d)
Start importing Packages/com.unity.services.deployment/Editor/Shared/UI/DeploymentConfigInspectorFooter/Assets/DeploymentConfigInspectorFooterLight.uss using Guid(e2e58464a9612594a9b28e54d1b2c87e) Importer(2089858483,b0f066a214c2f5e87bad3c948f4d605d) (ScriptedImporter) -> (artifact id: '2676f7528a2b35da5eda93f83b1bda07') in 0.0279366 seconds
Number of updated asset objects reloaded before import = 0Number of asset objects unloaded after import = 1

========================================================================
Received Import Request.
  Time since last request: 0.000157 seconds.
  path: Packages/com.unity.purchasing/Runtime/Codeless/IAPButton.cs
  artifactKey: Guid(36a5f511b0d8142cba0aeb92d0b264c9) Importer(2089858483,b0f066a214c2f5e87bad3c948f4d605d)
Start importing Packages/com.unity.purchasing/Runtime/Codeless/IAPButton.cs using Guid(36a5f511b0d8142cba0aeb92d0b264c9) Importer(2089858483,b0f066a214c2f5e87bad3c948f4d605d) (ScriptedImporter) -> (artifact id: '7dda7323ec34e1c00ad2c8c598801ad4') in 0.0203492 seconds
Number of updated asset objects reloaded before import = 0Number of asset objects unloaded after import = 1

========================================================================
Received Import Request.
  Time since last request: 0.000027 seconds.
  path: Packages/com.unity.purchasing/Runtime/Purchasing/Legacy/Extensions/AppleExtensions.cs
  artifactKey: Guid(1b56f006306346fdb6f2a0bf3807c44a) Importer(2089858483,b0f066a214c2f5e87bad3c948f4d605d)
Start importing Packages/com.unity.purchasing/Runtime/Purchasing/Legacy/Extensions/AppleExtensions.cs using Guid(1b56f006306346fdb6f2a0bf3807c44a) Importer(2089858483,b0f066a214c2f5e87bad3c948f4d605d) (ScriptedImporter) -> (artifact id: '56196d7f043668e91fa69eb6b279a3d7') in 0.0246689 seconds
Number of updated asset objects reloaded before import = 0Number of asset objects unloaded after import = 0

========================================================================
Received Import Request.
  Time since last request: 0.000025 seconds.
  path: Packages/com.unity.services.deployment/Editor/Analytics/DeploymentAnalytics.cs
  artifactKey: Guid(b9ce58868827431eac6d40b3bf7daaed) Importer(2089858483,b0f066a214c2f5e87bad3c948f4d605d)
Start importing Packages/com.unity.services.deployment/Editor/Analytics/DeploymentAnalytics.cs using Guid(b9ce58868827431eac6d40b3bf7daaed) Importer(2089858483,b0f066a214c2f5e87bad3c948f4d605d) (ScriptedImporter) -> (artifact id: '75d8df418258e1c3442388c4fb6661d7') in 0.0230962 seconds
Number of updated asset objects reloaded before import = 0Number of asset objects unloaded after import = 0

========================================================================
Received Import Request.
  Time since last request: 0.000121 seconds.
  path: Packages/com.unity.purchasing/Runtime/Purchasing/DependencyInjection/InjectAttribute.cs
  artifactKey: Guid(eaf4451b4ef242949073c3f10302f36e) Importer(2089858483,b0f066a214c2f5e87bad3c948f4d605d)
Start importing Packages/com.unity.purchasing/Runtime/Purchasing/DependencyInjection/InjectAttribute.cs using Guid(eaf4451b4ef242949073c3f10302f36e) Importer(2089858483,b0f066a214c2f5e87bad3c948f4d605d) (ScriptedImporter) -> (artifact id: '56f4ec0ed2c8ffc2b97fc79047ec7f7f') in 0.0224842 seconds
Number of updated asset objects reloaded before import = 0Number of asset objects unloaded after import = 0

========================================================================
Received Import Request.
  Time since last request: 0.000432 seconds.
  path: Packages/com.unity.services.deployment/Editor/Shared/Serialization/IsolatedJsonConvert.Gen.cs
  artifactKey: Guid(823b7494101ba4950a40d70ef0138005) Importer(2089858483,b0f066a214c2f5e87bad3c948f4d605d)
Start importing Packages/com.unity.services.deployment/Editor/Shared/Serialization/IsolatedJsonConvert.Gen.cs using Guid(823b7494101ba4950a40d70ef0138005) Importer(2089858483,b0f066a214c2f5e87bad3c948f4d605d) (ScriptedImporter) -> (artifact id: '199ff8294c1a62c069c2dc1779f260f0') in 0.0172632 seconds
Number of updated asset objects reloaded before import = 0Number of asset objects unloaded after import = 0

========================================================================
Received Import Request.
  Time since last request: 0.000267 seconds.
  path: Packages/com.unity.purchasing/Editor/Authoring/Core/Model/LiveContentMetadata.cs
  artifactKey: Guid(c189099f29404c2c8c63a8d189180bf7) Importer(2089858483,b0f066a214c2f5e87bad3c948f4d605d)
Start importing Packages/com.unity.purchasing/Editor/Authoring/Core/Model/LiveContentMetadata.cs using Guid(c189099f29404c2c8c63a8d189180bf7) Importer(2089858483,b0f066a214c2f5e87bad3c948f4d605d) (ScriptedImporter) -> (artifact id: 'be55145e8c5c139a0fb47bebf0477c24') in 0.0206309 seconds
Number of updated asset objects reloaded before import = 0Number of asset objects unloaded after import = 0

========================================================================
Received Import Request.
  Time since last request: 0.000248 seconds.
  path: Packages/com.unity.purchasing/Runtime/UnityWebshops/Client/Http/JsonObjectConverter.cs
  artifactKey: Guid(db47d8a8ca8414d1190bfa750b3a0340) Importer(2089858483,b0f066a214c2f5e87bad3c948f4d605d)
Start importing Packages/com.unity.purchasing/Runtime/UnityWebshops/Client/Http/JsonObjectConverter.cs using Guid(db47d8a8ca8414d1190bfa750b3a0340) Importer(2089858483,b0f066a214c2f5e87bad3c948f4d605d) (ScriptedImporter) -> (artifact id: '8ce4c225cb7d618f27ae0a43b57efd97') in 0.0251722 seconds
Number of updated asset objects reloaded before import = 0Number of asset objects unloaded after import = 0

========================================================================
Received Import Request.
  Time since last request: 0.000366 seconds.
  path: Packages/com.unity.purchasing/Runtime/UnityLiveContentAdapter/Client/Http/IsolatedJsonConvert.cs
  artifactKey: Guid(7cb21984ba4474a6da73fba4cc431411) Importer(2089858483,b0f066a214c2f5e87bad3c948f4d605d)
Start importing Packages/com.unity.purchasing/Runtime/UnityLiveContentAdapter/Client/Http/IsolatedJsonConvert.cs using Guid(7cb21984ba4474a6da73fba4cc431411) Importer(2089858483,b0f066a214c2f5e87bad3c948f4d605d) (ScriptedImporter) -> (artifact id: 'e3ba14e38f1db1f5f27c37e0b3e0647d') in 0.0278041 seconds
Number of updated asset objects reloaded before import = 0Number of asset objects unloaded after import = 0

========================================================================
Received Import Request.
  Time since last request: 0.000785 seconds.
  path: Packages/com.unity.purchasing/Editor/Authoring/Core/Model/CatalogItem.cs
  artifactKey: Guid(0784b797c85f55c48acfefc10945fbcc) Importer(2089858483,b0f066a214c2f5e87bad3c948f4d605d)
Start importing Packages/com.unity.purchasing/Editor/Authoring/Core/Model/CatalogItem.cs using Guid(0784b797c85f55c48acfefc10945fbcc) Importer(2089858483,b0f066a214c2f5e87bad3c948f4d605d) (ScriptedImporter) -> (artifact id: '6ffff9f9776a0f2796c7b7424907ae67') in 0.0184678 seconds
Number of updated asset objects reloaded before import = 0Number of asset objects unloaded after import = 0

========================================================================
Received Import Request.
  Time since last request: 0.000121 seconds.
  path: Packages/com.unity.purchasing/Runtime/Purchasing/Core/Product/Android/ScriptingUnityCallback.cs
  artifactKey: Guid(e5cd6461dccb4dd7ae9fcf7b8f72dc7d) Importer(2089858483,b0f066a214c2f5e87bad3c948f4d605d)
Start importing Packages/com.unity.purchasing/Runtime/Purchasing/Core/Product/Android/ScriptingUnityCallback.cs using Guid(e5cd6461dccb4dd7ae9fcf7b8f72dc7d) Importer(2089858483,b0f066a214c2f5e87bad3c948f4d605d) (ScriptedImporter) -> (artifact id: '05008e8418a241f5c90da563c79090b8') in 0.0822503 seconds
Number of updated asset objects reloaded before import = 0Number of asset objects unloaded after import = 0

========================================================================
Received Import Request.
  Time since last request: 0.000062 seconds.
  path: Packages/com.unity.purchasing/Runtime/UnityPaymentProviders/PaymentProviderToken.cs
  artifactKey: Guid(c5ca096e8e7614f92905ba3a79d209a0) Importer(2089858483,b0f066a214c2f5e87bad3c948f4d605d)
Start importing Packages/com.unity.purchasing/Runtime/UnityPaymentProviders/PaymentProviderToken.cs using Guid(c5ca096e8e7614f92905ba3a79d209a0) Importer(2089858483,b0f066a214c2f5e87bad3c948f4d605d) (ScriptedImporter) -> (artifact id: 'd1d6d2b10d8dd70ae86fbdaa6c812ba6') in 0.0749354 seconds
Number of updated asset objects reloaded before import = 0Number of asset objects unloaded after import = 0

========================================================================
Received Import Request.
  Time since last request: 0.000103 seconds.
  path: Packages/com.unity.purchasing/Editor/Shared/WebApi/ApiConfiguration.cs
  artifactKey: Guid(9bd53bce9269458596dcfeb328f787de) Importer(2089858483,b0f066a214c2f5e87bad3c948f4d605d)
Start importing Packages/com.unity.purchasing/Editor/Shared/WebApi/ApiConfiguration.cs using Guid(9bd53bce9269458596dcfeb328f787de) Importer(2089858483,b0f066a214c2f5e87bad3c948f4d605d) (ScriptedImporter) -> (artifact id: 'd04736b15c8c4e652930fca909177784') in 0.0901048 seconds
Number of updated asset objects reloaded before import = 0Number of asset objects unloaded after import = 0

========================================================================
Received Import Request.
  Time since last request: 0.000093 seconds.
  path: Packages/com.unity.purchasing/Runtime/Stores/PaymentProvider/DeepLinkCheckoutSignal.cs
  artifactKey: Guid(f2d29a64d7314caaafea7b9746a5fac7) Importer(2089858483,b0f066a214c2f5e87bad3c948f4d605d)
Start importing Packages/com.unity.purchasing/Runtime/Stores/PaymentProvider/DeepLinkCheckoutSignal.cs using Guid(f2d29a64d7314caaafea7b9746a5fac7) Importer(2089858483,b0f066a214c2f5e87bad3c948f4d605d) (ScriptedImporter) -> (artifact id: 'eca0d0d573b47647f192dcd80420d59d') in 0.0883802 seconds
Number of updated asset objects reloaded before import = 0Number of asset objects unloaded after import = 0

========================================================================
Received Import Request.
  Time since last request: 0.000159 seconds.
  path: Packages/com.unity.purchasing/Editor/Authoring/Core/Model/Statuses.cs
  artifactKey: Guid(0c16945b17331434fa2fc6b0ac23f70c) Importer(2089858483,b0f066a214c2f5e87bad3c948f4d605d)
Start importing Packages/com.unity.purchasing/Editor/Authoring/Core/Model/Statuses.cs using Guid(0c16945b17331434fa2fc6b0ac23f70c) Importer(2089858483,b0f066a214c2f5e87bad3c948f4d605d) (ScriptedImporter) -> (artifact id: '53e4092e2add333018b3520477ee3407') in 0.0142346 seconds
Number of updated asset objects reloaded before import = 0Number of asset objects unloaded after import = 0

========================================================================
Received Import Request.
  Time since last request: 0.000107 seconds.
  path: Packages/com.unity.purchasing/Runtime/UnityLiveContentAdapter/README.md
  artifactKey: Guid(30d1265dce3dd428785bd56651fff5b9) Importer(2089858483,b0f066a214c2f5e87bad3c948f4d605d)
Start importing Packages/com.unity.purchasing/Runtime/UnityLiveContentAdapter/README.md using Guid(30d1265dce3dd428785bd56651fff5b9) Importer(2089858483,b0f066a214c2f5e87bad3c948f4d605d) (ScriptedImporter) -> (artifact id: '5199380ab2814e4ba83d64b686770939') in 0.0170205 seconds
Number of updated asset objects reloaded before import = 0Number of asset objects unloaded after import = 1

========================================================================
Received Import Request.
  Time since last request: 0.000068 seconds.
  path: Packages/com.unity.purchasing/Plugins/UnityPurchasing/iOS/SK2/Extensions/RenewalInfoExtensions.swift
  artifactKey: Guid(570c353e426ee4418872a563d91990d3) Importer(2089858483,b0f066a214c2f5e87bad3c948f4d605d)
Start importing Packages/com.unity.purchasing/Plugins/UnityPurchasing/iOS/SK2/Extensions/RenewalInfoExtensions.swift using Guid(570c353e426ee4418872a563d91990d3) Importer(2089858483,b0f066a214c2f5e87bad3c948f4d605d) (ScriptedImporter) -> (artifact id: 'e2ebb7c3095d50df8b586adf9d62537e') in 0.022639 seconds
Number of updated asset objects reloaded before import = 0Number of asset objects unloaded after import = 0

========================================================================
Received Import Request.
  Time since last request: 0.001059 seconds.
  path: Packages/com.unity.purchasing/AiAssistantSkills/in-app-purchases
  artifactKey: Guid(b0212c36946b4174793cbeba2f5b7b5c) Importer(2089858483,b0f066a214c2f5e87bad3c948f4d605d)
Start importing Packages/com.unity.purchasing/AiAssistantSkills/in-app-purchases using Guid(b0212c36946b4174793cbeba2f5b7b5c) Importer(2089858483,b0f066a214c2f5e87bad3c948f4d605d) (ScriptedImporter) -> (artifact id: '3f987f81bc189e721c9d06a0b6d72e1d') in 0.016981 seconds
Number of updated asset objects reloaded before import = 0Number of asset objects unloaded after import = 1

========================================================================
Received Import Request.
  Time since last request: 0.000181 seconds.
  path: Packages/com.unity.purchasing/Runtime/UnityPaymentProviders/Client/Models/PlayerIdentity.cs
  artifactKey: Guid(4a6c41f7b7d534b06bab706f3b64bbba) Importer(2089858483,b0f066a214c2f5e87bad3c948f4d605d)
Start importing Packages/com.unity.purchasing/Runtime/UnityPaymentProviders/Client/Models/PlayerIdentity.cs using Guid(4a6c41f7b7d534b06bab706f3b64bbba) Importer(2089858483,b0f066a214c2f5e87bad3c948f4d605d) (ScriptedImporter) -> (artifact id: '45d9e35113513c8db8497264f3ed8107') in 0.0290546 seconds
Number of updated asset objects reloaded before import = 0Number of asset objects unloaded after import = 0

========================================================================
Received Import Request.
  Time since last request: 0.000082 seconds.
  path: Packages/com.unity.purchasing/Editor/Authoring/LiveContentAdminApi/ConfigMetadataExtensions.cs
  artifactKey: Guid(b2ece0fa92bfe4ac68b1c6bca8ccc9cd) Importer(2089858483,b0f066a214c2f5e87bad3c948f4d605d)
Start importing Packages/com.unity.purchasing/Editor/Authoring/LiveContentAdminApi/ConfigMetadataExtensions.cs using Guid(b2ece0fa92bfe4ac68b1c6bca8ccc9cd) Importer(2089858483,b0f066a214c2f5e87bad3c948f4d605d) (ScriptedImporter) -> (artifact id: 'b4f6c6669c18f30058eca4ebc30c1faa') in 0.0185451 seconds
Number of updated asset objects reloaded before import = 0Number of asset objects unloaded after import = 0

========================================================================
Received Import Request.
  Time since last request: 0.000099 seconds.
  path: Packages/com.unity.purchasing/Editor/Authoring/Deployment/DeleteRemoteCommand.cs
  artifactKey: Guid(d785ac1e2259de4419f206d31a3975ab) Importer(2089858483,b0f066a214c2f5e87bad3c948f4d605d)
Start importing Packages/com.unity.purchasing/Editor/Authoring/Deployment/DeleteRemoteCommand.cs using Guid(d785ac1e2259de4419f206d31a3975ab) Importer(2089858483,b0f066a214c2f5e87bad3c948f4d605d) (ScriptedImporter) -> (artifact id: 'bc1ffb88c3ae692a93f3f867a37598c5') in 0.0140427 seconds
Number of updated asset objects reloaded before import = 0Number of asset objects unloaded after import = 0

========================================================================
Received Import Request.
  Time since last request: 0.000055 seconds.
  path: Packages/com.unity.purchasing/Runtime/Stores/Android/GooglePlay/AAR/Listeners/BillingConfigResponseListener.cs
  artifactKey: Guid(56042dd5421644a018e0b5503fdd038a) Importer(2089858483,b0f066a214c2f5e87bad3c948f4d605d)
Start importing Packages/com.unity.purchasing/Runtime/Stores/Android/GooglePlay/AAR/Listeners/BillingConfigResponseListener.cs using Guid(56042dd5421644a018e0b5503fdd038a) Importer(2089858483,b0f066a214c2f5e87bad3c948f4d605d) (ScriptedImporter) -> (artifact id: '0a5b7f89034590f50ad3183183240965') in 0.012606 seconds
Number of updated asset objects reloaded before import = 0Number of asset objects unloaded after import = 0

========================================================================
Received Import Request.
  Time since last request: 0.000090 seconds.
  path: Packages/com.unity.purchasing/Runtime/Stores/BaseStore/NativeStoreProvider.cs
  artifactKey: Guid(3301919c80ee4ad080b02ee4ca75cdf8) Importer(2089858483,b0f066a214c2f5e87bad3c948f4d605d)
Start importing Packages/com.unity.purchasing/Runtime/Stores/BaseStore/NativeStoreProvider.cs using Guid(3301919c80ee4ad080b02ee4ca75cdf8) Importer(2089858483,b0f066a214c2f5e87bad3c948f4d605d) (ScriptedImporter) -> (artifact id: '1b3a690b5df100aeb93ac92419abc07c') in 0.0133868 seconds
Number of updated asset objects reloaded before import = 0Number of asset objects unloaded after import = 0

========================================================================
Received Import Request.
  Time since last request: 0.000040 seconds.
  path: Packages/com.unity.purchasing/Runtime/UnityLiveContentAdapter/AssemblyInfo.cs
  artifactKey: Guid(1ff49116c22f74a6783c6a1b9d4bbfb7) Importer(2089858483,b0f066a214c2f5e87bad3c948f4d605d)
Start importing Packages/com.unity.purchasing/Runtime/UnityLiveContentAdapter/AssemblyInfo.cs using Guid(1ff49116c22f74a6783c6a1b9d4bbfb7) Importer(2089858483,b0f066a214c2f5e87bad3c948f4d605d) (ScriptedImporter) -> (artifact id: '0276a21a10ea21fa664c5599bc93f42a') in 0.0141962 seconds
Number of updated asset objects reloaded before import = 0Number of asset objects unloaded after import = 0

========================================================================
Received Import Request.
  Time since last request: 0.000082 seconds.
  path: Packages/com.unity.purchasing/Editor/ServiceProjectSettings/UI/Views/Obfuscator/AppleObfuscatorSection.cs
  artifactKey: Guid(2445f8090cdc49b9aa128c66798b53a8) Importer(2089858483,b0f066a214c2f5e87bad3c948f4d605d)
Start importing Packages/com.unity.purchasing/Editor/ServiceProjectSettings/UI/Views/Obfuscator/AppleObfuscatorSection.cs using Guid(2445f8090cdc49b9aa128c66798b53a8) Importer(2089858483,b0f066a214c2f5e87bad3c948f4d605d) (ScriptedImporter) -> (artifact id: 'c5f9cfa8bddd55cc8283260f6cef5c4b') in 0.016765 seconds
Number of updated asset objects reloaded before import = 0Number of asset objects unloaded after import = 0

========================================================================
Received Import Request.
  Time since last request: 0.000080 seconds.
  path: Packages/com.unity.purchasing/Runtime/Purchasing/Core/Purchasing/AppleAppStore/Extensions/UseCases/AppReceiptUseCase.cs
  artifactKey: Guid(fbc642a3b9e4458691e34e3c8f84d97f) Importer(2089858483,b0f066a214c2f5e87bad3c948f4d605d)
Start importing Packages/com.unity.purchasing/Runtime/Purchasing/Core/Purchasing/AppleAppStore/Extensions/UseCases/AppReceiptUseCase.cs using Guid(fbc642a3b9e4458691e34e3c8f84d97f) Importer(2089858483,b0f066a214c2f5e87bad3c948f4d605d) (ScriptedImporter) -> (artifact id: '1d2d362d14a8272b5eb3e1a3abfe45dc') in 0.0157904 seconds
Number of updated asset objects reloaded before import = 0Number of asset objects unloaded after import = 0

========================================================================
Received Import Request.
  Time since last request: 0.000078 seconds.
  path: Packages/com.unity.purchasing/Runtime/Purchasing/Core/Purchasing/Android/GooglePlay/Extensions/GooglePlayStoreExtendedPurchaseService.cs
  artifactKey: Guid(05fdfe4150ee49c1abd805e867d46465) Importer(2089858483,b0f066a214c2f5e87bad3c948f4d605d)
Start importing Packages/com.unity.purchasing/Runtime/Purchasing/Core/Purchasing/Android/GooglePlay/Extensions/GooglePlayStoreExtendedPurchaseService.cs using Guid(05fdfe4150ee49c1abd805e867d46465) Importer(2089858483,b0f066a214c2f5e87bad3c948f4d605d) (ScriptedImporter) -> (artifact id: '1ff128ff2b332cb95f2517684280558a') in 0.0151622 seconds
Number of updated asset objects reloaded before import = 0Number of asset objects unloaded after import = 0

========================================================================
Received Import Request.
  Time since last request: 0.000034 seconds.
  path: Packages/com.unity.purchasing/Editor/Shared/Infrastructure/SystemEnvironment
  artifactKey: Guid(12c9dc7fbe0240ec8f337b9fa5ccbbd2) Importer(2089858483,b0f066a214c2f5e87bad3c948f4d605d)
Start importing Packages/com.unity.purchasing/Editor/Shared/Infrastructure/SystemEnvironment using Guid(12c9dc7fbe0240ec8f337b9fa5ccbbd2) Importer(2089858483,b0f066a214c2f5e87bad3c948f4d605d) (ScriptedImporter) -> (artifact id: '3a87b129c7b91a50e403a3e714a58aca') in 0.0146974 seconds
Number of updated asset objects reloaded before import = 0Number of asset objects unloaded after import = 1

========================================================================
Received Import Request.
  Time since last request: 0.000030 seconds.
  path: Packages/com.unity.purchasing/Runtime/UnityLiveContentAdapter/Client/Http/HttpClient.cs
  artifactKey: Guid(4a38a8759ebd4478eae9c865b05be43a) Importer(2089858483,b0f066a214c2f5e87bad3c948f4d605d)
Start importing Packages/com.unity.purchasing/Runtime/UnityLiveContentAdapter/Client/Http/HttpClient.cs using Guid(4a38a8759ebd4478eae9c865b05be43a) Importer(2089858483,b0f066a214c2f5e87bad3c948f4d605d) (ScriptedImporter) -> (artifact id: '3a82f48d43fe0e0194571e6a42183e97') in 0.0159095 seconds
Number of updated asset objects reloaded before import = 0Number of asset objects unloaded after import = 0

========================================================================
Received Import Request.
  Time since last request: 0.000068 seconds.
  path: Packages/com.unity.services.deployment/Editor/Shared/Assets/PostProcessEventArgs.Gen.cs
  artifactKey: Guid(61a89fac1b7ff4500acd4c78c051271b) Importer(2089858483,b0f066a214c2f5e87bad3c948f4d605d)
Start importing Packages/com.unity.services.deployment/Editor/Shared/Assets/PostProcessEventArgs.Gen.cs using Guid(61a89fac1b7ff4500acd4c78c051271b) Importer(2089858483,b0f066a214c2f5e87bad3c948f4d605d) (ScriptedImporter) -> (artifact id: 'd85826f7d548561cb707908bfabec373') in 0.0154188 seconds
Number of updated asset objects reloaded before import = 0Number of asset objects unloaded after import = 0

========================================================================
Received Import Request.
  Time since last request: 0.000073 seconds.
  path: Packages/com.unity.purchasing/Runtime/UnityPaymentProviders/Client/Configuration
  artifactKey: Guid(665489a681fa54f2992ccc7a283e0a24) Importer(2089858483,b0f066a214c2f5e87bad3c948f4d605d)
Start importing Packages/com.unity.purchasing/Runtime/UnityPaymentProviders/Client/Configuration using Guid(665489a681fa54f2992ccc7a283e0a24) Importer(2089858483,b0f066a214c2f5e87bad3c948f4d605d) (ScriptedImporter) -> (artifact id: 'dead50b1f4ab8de5fed5997945d14adc') in 0.0177364 seconds
Number of updated asset objects reloaded before import = 0Number of asset objects unloaded after import = 1

========================================================================
Received Import Request.
  Time since last request: 0.000603 seconds.
  path: Packages/com.unity.purchasing/Runtime/UnityLiveContentAdapter/Models
  artifactKey: Guid(18f9b3afdf5ee4adeb99c6cab11659e6) Importer(2089858483,b0f066a214c2f5e87bad3c948f4d605d)
Start importing Packages/com.unity.purchasing/Runtime/UnityLiveContentAdapter/Models using Guid(18f9b3afdf5ee4adeb99c6cab11659e6) Importer(2089858483,b0f066a214c2f5e87bad3c948f4d605d) (ScriptedImporter) -> (artifact id: '285882f80ecf0f248170cff2cf446eff') in 0.0163282 seconds
Number of updated asset objects reloaded before import = 0Number of asset objects unloaded after import = 1

========================================================================
Received Import Request.
  Time since last request: 0.001370 seconds.
  path: Packages/com.unity.services.deployment/Editor/Analytics/Events
  artifactKey: Guid(cd1f26c83ae24d738bb004f8cbeac007) Importer(2089858483,b0f066a214c2f5e87bad3c948f4d605d)
Start importing Packages/com.unity.services.deployment/Editor/Analytics/Events using Guid(cd1f26c83ae24d738bb004f8cbeac007) Importer(2089858483,b0f066a214c2f5e87bad3c948f4d605d) (ScriptedImporter) -> (artifact id: '7acb567abad7cddc41c3acf3798df313') in 0.026787 seconds
Number of updated asset objects reloaded before import = 0Number of asset objects unloaded after import = 1

========================================================================
Received Import Request.
  Time since last request: 0.000222 seconds.
  path: Packages/com.unity.services.deployment/Core/Glob/AST/Root.Gen.cs
  artifactKey: Guid(909a526844a414be6be6ccc123804262) Importer(2089858483,b0f066a214c2f5e87bad3c948f4d605d)
Start importing Packages/com.unity.services.deployment/Core/Glob/AST/Root.Gen.cs using Guid(909a526844a414be6be6ccc123804262) Importer(2089858483,b0f066a214c2f5e87bad3c948f4d605d) (ScriptedImporter) -> (artifact id: 'da7cf3744892d0adbcc924e970f384db') in 0.028135 seconds
Number of updated asset objects reloaded before import = 0Number of asset objects unloaded after import = 0

========================================================================
Received Import Request.
  Time since last request: 0.000110 seconds.
  path: Packages/com.unity.purchasing/Editor/Authoring/Import/UI/Assets
  artifactKey: Guid(2e88a9e116cb445dab193e354c18c735) Importer(2089858483,b0f066a214c2f5e87bad3c948f4d605d)
Start importing Packages/com.unity.purchasing/Editor/Authoring/Import/UI/Assets using Guid(2e88a9e116cb445dab193e354c18c735) Importer(2089858483,b0f066a214c2f5e87bad3c948f4d605d) (ScriptedImporter) -> (artifact id: 'f6f757951ce53fcce7e5729f0b8de7fb') in 0.0153674 seconds
Number of updated asset objects reloaded before import = 0Number of asset objects unloaded after import = 1

========================================================================
Received Import Request.
  Time since last request: 0.000249 seconds.
  path: Packages/com.unity.services.deployment/Editor/Shared/DependencyInversion/Transient.Gen.cs
  artifactKey: Guid(1016b256bc2e94358a3820086d49d820) Importer(2089858483,b0f066a214c2f5e87bad3c948f4d605d)
Start importing Packages/com.unity.services.deployment/Editor/Shared/DependencyInversion/Transient.Gen.cs using Guid(1016b256bc2e94358a3820086d49d820) Importer(2089858483,b0f066a214c2f5e87bad3c948f4d605d) (ScriptedImporter) -> (artifact id: '8ecb29bf19f0aa7a654b7ab9afec4ae7') in 0.0209861 seconds
Number of updated asset objects reloaded before import = 0Number of asset objects unloaded after import = 0

========================================================================
Received Import Request.
  Time since last request: 0.000072 seconds.
  path: Packages/com.unity.purchasing/Runtime/Purchasing/Core/Product/Android
  artifactKey: Guid(4dff1a5d4eb50324b84abb7e29ff1276) Importer(2089858483,b0f066a214c2f5e87bad3c948f4d605d)
Start importing Packages/com.unity.purchasing/Runtime/Purchasing/Core/Product/Android using Guid(4dff1a5d4eb50324b84abb7e29ff1276) Importer(2089858483,b0f066a214c2f5e87bad3c948f4d605d) (ScriptedImporter) -> (artifact id: 'd1a2387a21582d6791dd66d93a530f65') in 0.0176625 seconds
Number of updated asset objects reloaded before import = 0Number of asset objects unloaded after import = 1

========================================================================
Received Import Request.
  Time since last request: 0.000136 seconds.
  path: Packages/com.unity.purchasing/Runtime/Purchasing/Core/Product/ExtensibleProductService.cs
  artifactKey: Guid(158fff7937e07904caa7992e304fc6d8) Importer(2089858483,b0f066a214c2f5e87bad3c948f4d605d)
Start importing Packages/com.unity.purchasing/Runtime/Purchasing/Core/Product/ExtensibleProductService.cs using Guid(158fff7937e07904caa7992e304fc6d8) Importer(2089858483,b0f066a214c2f5e87bad3c948f4d605d) (ScriptedImporter) -> (artifact id: '4d605b6a77dd74e939e93f3559795e49') in 0.0162853 seconds
Number of updated asset objects reloaded before import = 0Number of asset objects unloaded after import = 0

========================================================================
Received Import Request.
  Time since last request: 0.000082 seconds.
  path: Packages/com.unity.services.deployment/Core/Glob/AST/Tree.Gen.cs
  artifactKey: Guid(18bff280452e642f19b7438644b7110c) Importer(2089858483,b0f066a214c2f5e87bad3c948f4d605d)
Start importing Packages/com.unity.services.deployment/Core/Glob/AST/Tree.Gen.cs using Guid(18bff280452e642f19b7438644b7110c) Importer(2089858483,b0f066a214c2f5e87bad3c948f4d605d) (ScriptedImporter) -> (artifact id: '89a7e2d06ee71b98f4a4f154e4b337c0') in 0.0251575 seconds
Number of updated asset objects reloaded before import = 0Number of asset objects unloaded after import = 0

========================================================================
Received Import Request.
  Time since last request: 0.000875 seconds.
  path: Packages/com.unity.purchasing/Editor/ServiceProjectSettings/Service/Networking/GoogleConfigurationWebRequests.cs
  artifactKey: Guid(611c457a7378a4b449440667e1fa48e2) Importer(2089858483,b0f066a214c2f5e87bad3c948f4d605d)
Start importing Packages/com.unity.purchasing/Editor/ServiceProjectSettings/Service/Networking/GoogleConfigurationWebRequests.cs using Guid(611c457a7378a4b449440667e1fa48e2) Importer(2089858483,b0f066a214c2f5e87bad3c948f4d605d) (ScriptedImporter) -> (artifact id: '099745c2f5b14b0c68935ab9135f4145') in 0.0243559 seconds
Number of updated asset objects reloaded before import = 0Number of asset objects unloaded after import = 0

========================================================================
Received Import Request.
  Time since last request: 0.002179 seconds.
  path: Packages/com.unity.purchasing/Runtime/Stores/FakeStore/FakeStoreCartValidator.cs
  artifactKey: Guid(eb49924048f14e84a52a80cd907b9e4d) Importer(2089858483,b0f066a214c2f5e87bad3c948f4d605d)
Start importing Packages/com.unity.purchasing/Runtime/Stores/FakeStore/FakeStoreCartValidator.cs using Guid(eb49924048f14e84a52a80cd907b9e4d) Importer(2089858483,b0f066a214c2f5e87bad3c948f4d605d) (ScriptedImporter) -> (artifact id: 'cae9be5f94d63f186874ed85c24c9e83') in 0.0301009 seconds
Number of updated asset objects reloaded before import = 0Number of asset objects unloaded after import = 0

========================================================================
Received Import Request.
  Time since last request: 0.003921 seconds.
  path: Packages/com.unity.purchasing/Runtime/Stores/Android/GooglePlay/AndroidDeviceInfoBuilder.cs
  artifactKey: Guid(a2b3f9c40d534e9887ed70efdea85141) Importer(2089858483,b0f066a214c2f5e87bad3c948f4d605d)
Start importing Packages/com.unity.purchasing/Runtime/Stores/Android/GooglePlay/AndroidDeviceInfoBuilder.cs using Guid(a2b3f9c40d534e9887ed70efdea85141) Importer(2089858483,b0f066a214c2f5e87bad3c948f4d605d) (ScriptedImporter) -> (artifact id: '2ca0fc81dd756ba0ba1ed0bb99d26a40') in 0.0326684 seconds
Number of updated asset objects reloaded before import = 0Number of asset objects unloaded after import = 0

========================================================================
Received Import Request.
  Time since last request: 0.000559 seconds.
  path: Packages/com.unity.services.deployment/Editor/SyncWithRemote/DeploymentItemSync.cs
  artifactKey: Guid(4d4581c41329425785253f4d37011665) Importer(2089858483,b0f066a214c2f5e87bad3c948f4d605d)
Start importing Packages/com.unity.services.deployment/Editor/SyncWithRemote/DeploymentItemSync.cs using Guid(4d4581c41329425785253f4d37011665) Importer(2089858483,b0f066a214c2f5e87bad3c948f4d605d) (ScriptedImporter) -> (artifact id: '6d4b2d752da125ab449294e0260c4868') in 0.0327858 seconds
Number of updated asset objects reloaded before import = 0Number of asset objects unloaded after import = 0

========================================================================
Received Import Request.
  Time since last request: 0.000257 seconds.
  path: Packages/com.unity.purchasing/Runtime/Purchasing/Stores/AppleAppStore/Interfaces/IAppleStoreCallbacks.cs
  artifactKey: Guid(18de4490da404f17bb9d57c44748be1b) Importer(2089858483,b0f066a214c2f5e87bad3c948f4d605d)
Start importing Packages/com.unity.purchasing/Runtime/Purchasing/Stores/AppleAppStore/Interfaces/IAppleStoreCallbacks.cs using Guid(18de4490da404f17bb9d57c44748be1b) Importer(2089858483,b0f066a214c2f5e87bad3c948f4d605d) (ScriptedImporter) -> (artifact id: '5c0d3e3d8d1eeaaecc5ec145cc3931e6') in 0.1395862 seconds
Number of updated asset objects reloaded before import = 0Number of asset objects unloaded after import = 0

========================================================================
Received Import Request.
  Time since last request: 0.001267 seconds.
  path: Packages/com.unity.purchasing/Runtime/Purchasing/Core/Store/Interfaces/IStoreManager.cs
  artifactKey: Guid(43d20ec554614cc98c961384f5994b91) Importer(2089858483,b0f066a214c2f5e87bad3c948f4d605d)
Start importing Packages/com.unity.purchasing/Runtime/Purchasing/Core/Store/Interfaces/IStoreManager.cs using Guid(43d20ec554614cc98c961384f5994b91) Importer(2089858483,b0f066a214c2f5e87bad3c948f4d605d) (ScriptedImporter) -> (artifact id: 'eaa0b05e9f5c1e891ef389c74fcc4f83') in 0.0269727 seconds
Number of updated asset objects reloaded before import = 0Number of asset objects unloaded after import = 0

========================================================================
Received Import Request.
  Time since last request: 0.000491 seconds.
  path: Packages/com.unity.purchasing/Editor/Authoring/Deployment/SyncItemsWithRemoteCommand.cs
  artifactKey: Guid(afd02aa6ecdc34983b18f50b1ba32921) Importer(2089858483,b0f066a214c2f5e87bad3c948f4d605d)
Start importing Packages/com.unity.purchasing/Editor/Authoring/Deployment/SyncItemsWithRemoteCommand.cs using Guid(afd02aa6ecdc34983b18f50b1ba32921) Importer(2089858483,b0f066a214c2f5e87bad3c948f4d605d) (ScriptedImporter) -> (artifact id: 'f8a378fd941e569782426ff072fc3dd6') in 0.0214869 seconds
Number of updated asset objects reloaded before import = 0Number of asset objects unloaded after import = 0

========================================================================
Received Import Request.
  Time since last request: 0.000099 seconds.
  path: Packages/com.unity.purchasing/Runtime/UnityPaymentProviders/Client/ErrorMitigation/RetryPolicy.cs
  artifactKey: Guid(ca3c3cc1140544f589eded91a61516ad) Importer(2089858483,b0f066a214c2f5e87bad3c948f4d605d)
Start importing Packages/com.unity.purchasing/Runtime/UnityPaymentProviders/Client/ErrorMitigation/RetryPolicy.cs using Guid(ca3c3cc1140544f589eded91a61516ad) Importer(2089858483,b0f066a214c2f5e87bad3c948f4d605d) (ScriptedImporter) -> (artifact id: 'c857a7d4533a84913ccabbbd60c3391a') in 0.0176069 seconds
Number of updated asset objects reloaded before import = 0Number of asset objects unloaded after import = 0

========================================================================
Received Import Request.
  Time since last request: 0.000319 seconds.
  path: Packages/com.unity.purchasing/Runtime/Purchasing/Core/Retries/Interfaces/IRetryPolicyInformation.cs
  artifactKey: Guid(1a05f7ab21af494eb9581ed100870318) Importer(2089858483,b0f066a214c2f5e87bad3c948f4d605d)
Start importing Packages/com.unity.purchasing/Runtime/Purchasing/Core/Retries/Interfaces/IRetryPolicyInformation.cs using Guid(1a05f7ab21af494eb9581ed100870318) Importer(2089858483,b0f066a214c2f5e87bad3c948f4d605d) (ScriptedImporter) -> (artifact id: 'b976d53b6378ef6ca5ebaf58e0ef958f') in 0.0196452 seconds
Number of updated asset objects reloaded before import = 0Number of asset objects unloaded after import = 0

========================================================================
Received Import Request.
  Time since last request: 0.000878 seconds.
  path: Packages/com.unity.purchasing/Runtime/UnityWebshops/Client/Scheduler/ThreadHelper.cs
  artifactKey: Guid(cc8fb72a49b3a48b4b86db0ce67635dc) Importer(2089858483,b0f066a214c2f5e87bad3c948f4d605d)
Start importing Packages/com.unity.purchasing/Runtime/UnityWebshops/Client/Scheduler/ThreadHelper.cs using Guid(cc8fb72a49b3a48b4b86db0ce67635dc) Importer(2089858483,b0f066a214c2f5e87bad3c948f4d605d) (ScriptedImporter) -> (artifact id: '7810b5cae7c6a0aa243d15715495b3d2') in 0.0231794 seconds
Number of updated asset objects reloaded before import = 0Number of asset objects unloaded after import = 0

========================================================================
Received Import Request.
  Time since last request: 0.005110 seconds.
  path: Packages/com.unity.purchasing/Runtime/Stores/Android/GooglePlay/AAR/GoogleFinishTransactionUseCase.cs
  artifactKey: Guid(23eff58b073764220a8805d336183792) Importer(2089858483,b0f066a214c2f5e87bad3c948f4d605d)
Start importing Packages/com.unity.purchasing/Runtime/Stores/Android/GooglePlay/AAR/GoogleFinishTransactionUseCase.cs using Guid(23eff58b073764220a8805d336183792) Importer(2089858483,b0f066a214c2f5e87bad3c948f4d605d) (ScriptedImporter) -> (artifact id: 'bb1ae1195ff057e3d7c7d40c49fa222d') in 0.0168358 seconds
Number of updated asset objects reloaded before import = 0Number of asset objects unloaded after import = 0

========================================================================
Received Import Request.
  Time since last request: 0.000241 seconds.
  path: Packages/com.unity.purchasing/Runtime/Stores/Core/Purchasing
  artifactKey: Guid(3f3782e2d3a54fe6b5e086dbbfb5057f) Importer(2089858483,b0f066a214c2f5e87bad3c948f4d605d)
Start importing Packages/com.unity.purchasing/Runtime/Stores/Core/Purchasing using Guid(3f3782e2d3a54fe6b5e086dbbfb5057f) Importer(2089858483,b0f066a214c2f5e87bad3c948f4d605d) (ScriptedImporter) -> (artifact id: '8e0efc303fc68db5f4773bc1bb9461e3') in 0.0185003 seconds
Number of updated asset objects reloaded before import = 0Number of asset objects unloaded after import = 1

========================================================================
Received Import Request.
  Time since last request: 0.000637 seconds.
  path: Packages/com.unity.services.deployment/Editor/Interface/UI/Components/KeyboardSelectionLogic.cs
  artifactKey: Guid(276b6a39b9884dcd889e14739d13f701) Importer(2089858483,b0f066a214c2f5e87bad3c948f4d605d)
Start importing Packages/com.unity.services.deployment/Editor/Interface/UI/Components/KeyboardSelectionLogic.cs using Guid(276b6a39b9884dcd889e14739d13f701) Importer(2089858483,b0f066a214c2f5e87bad3c948f4d605d) (ScriptedImporter) -> (artifact id: 'b941f3c464db1819cf6a36783e21479d') in 0.0206217 seconds
Number of updated asset objects reloaded before import = 0Number of asset objects unloaded after import = 0

========================================================================
Received Import Request.
  Time since last request: 0.000291 seconds.
  path: Packages/com.unity.purchasing/Runtime/Security/Asn1Processor/Asn1Util.cs
  artifactKey: Guid(d6b8caf7703494e0e901f2f15145ab69) Importer(2089858483,b0f066a214c2f5e87bad3c948f4d605d)
Start importing Packages/com.unity.purchasing/Runtime/Security/Asn1Processor/Asn1Util.cs using Guid(d6b8caf7703494e0e901f2f15145ab69) Importer(2089858483,b0f066a214c2f5e87bad3c948f4d605d) (ScriptedImporter) -> (artifact id: '534d7b401d10fef36900b40ec810a5b5') in 0.0197121 seconds
Number of updated asset objects reloaded before import = 0Number of asset objects unloaded after import = 0

========================================================================
Received Import Request.
  Time since last request: 0.000069 seconds.
  path: Packages/com.unity.purchasing/Runtime/Purchasing/Core/Store/Android/GooglePlay/Extensions/UseCases/GooglePlayStoreConnectionUseCase.cs
  artifactKey: Guid(55006efdd8064029b22567d1baaa4a41) Importer(2089858483,b0f066a214c2f5e87bad3c948f4d605d)
Start importing Packages/com.unity.purchasing/Runtime/Purchasing/Core/Store/Android/GooglePlay/Extensions/UseCases/GooglePlayStoreConnectionUseCase.cs using Guid(55006efdd8064029b22567d1baaa4a41) Importer(2089858483,b0f066a214c2f5e87bad3c948f4d605d) (ScriptedImporter) -> (artifact id: '35cf8f30f999a4f70673a0594ec02e86') in 0.024076 seconds
Number of updated asset objects reloaded before import = 0Number of asset objects unloaded after import = 0

========================================================================
Received Import Request.
  Time since last request: 0.002860 seconds.
  path: Packages/com.unity.purchasing/Runtime/Purchasing/Core/Store/UseCases
  artifactKey: Guid(27c09a17ce3b48a5a104ef35ce4610c4) Importer(2089858483,b0f066a214c2f5e87bad3c948f4d605d)
Start importing Packages/com.unity.purchasing/Runtime/Purchasing/Core/Store/UseCases using Guid(27c09a17ce3b48a5a104ef35ce4610c4) Importer(2089858483,b0f066a214c2f5e87bad3c948f4d605d) (ScriptedImporter) -> (artifact id: '06552765065b6624d1946765fe043c39') in 0.0320017 seconds
Number of updated asset objects reloaded before import = 0Number of asset objects unloaded after import = 1

========================================================================
Received Import Request.
  Time since last request: 0.000068 seconds.
  path: Packages/com.unity.purchasing/Runtime/Purchasing/Core/Store/Interfaces/IStoreServiceFactory.cs
  artifactKey: Guid(85fb65e7f1e21504490f23f0bab0b23d) Importer(2089858483,b0f066a214c2f5e87bad3c948f4d605d)
Start importing Packages/com.unity.purchasing/Runtime/Purchasing/Core/Store/Interfaces/IStoreServiceFactory.cs using Guid(85fb65e7f1e21504490f23f0bab0b23d) Importer(2089858483,b0f066a214c2f5e87bad3c948f4d605d) (ScriptedImporter) -> (artifact id: 'a725b47c645c9b4b8f43ca5b79a9bcdb') in 0.0226585 seconds
Number of updated asset objects reloaded before import = 0Number of asset objects unloaded after import = 0

========================================================================
Received Import Request.
  Time since last request: 0.000160 seconds.
  path: Packages/com.unity.purchasing/Runtime/TransactionVerifier
  artifactKey: Guid(e60ad877f24b44319320ccaca78bb0b2) Importer(2089858483,b0f066a214c2f5e87bad3c948f4d605d)
Start importing Packages/com.unity.purchasing/Runtime/TransactionVerifier using Guid(e60ad877f24b44319320ccaca78bb0b2) Importer(2089858483,b0f066a214c2f5e87bad3c948f4d605d) (ScriptedImporter) -> (artifact id: '145ca68f01efb82afc810515404afe80') in 0.0284315 seconds
Number of updated asset objects reloaded before import = 0Number of asset objects unloaded after import = 1

========================================================================
Received Import Request.
  Time since last request: 0.001538 seconds.
  path: Packages/com.unity.purchasing/Runtime/Purchasing/Core/Store/Interfaces/IStoreServiceFactoryManagerInjectionPoint.cs
  artifactKey: Guid(2b36584e542c67242912dea54cb6ce74) Importer(2089858483,b0f066a214c2f5e87bad3c948f4d605d)
Start importing Packages/com.unity.purchasing/Runtime/Purchasing/Core/Store/Interfaces/IStoreServiceFactoryManagerInjectionPoint.cs using Guid(2b36584e542c67242912dea54cb6ce74) Importer(2089858483,b0f066a214c2f5e87bad3c948f4d605d) (ScriptedImporter) -> (artifact id: 'fa260e807ec4eb1467a5743996a0e2db') in 0.039028 seconds
Number of updated asset objects reloaded before import = 0Number of asset objects unloaded after import = 0

========================================================================
Received Import Request.
  Time since last request: 0.000645 seconds.
  path: Packages/com.unity.purchasing/Runtime/Purchasing/Core/Purchasing/CartValidation/StoreCartValidator.cs
  artifactKey: Guid(4971c678845345d49d6dac47c2404a39) Importer(2089858483,b0f066a214c2f5e87bad3c948f4d605d)
Start importing Packages/com.unity.purchasing/Runtime/Purchasing/Core/Purchasing/CartValidation/StoreCartValidator.cs using Guid(4971c678845345d49d6dac47c2404a39) Importer(2089858483,b0f066a214c2f5e87bad3c948f4d605d) (ScriptedImporter) -> (artifact id: '3677e4dafcc45d4c32caa8d2e2256cc7') in 0.0247193 seconds
Number of updated asset objects reloaded before import = 0Number of asset objects unloaded after import = 0

========================================================================
Received Import Request.
  Time since last request: 0.000106 seconds.
  path: Packages/com.unity.purchasing/Runtime/Purchasing/Legacy/Interfaces
  artifactKey: Guid(3dfdac3b0e1e482b9a1f5f24e8d7a385) Importer(2089858483,b0f066a214c2f5e87bad3c948f4d605d)
Start importing Packages/com.unity.purchasing/Runtime/Purchasing/Legacy/Interfaces using Guid(3dfdac3b0e1e482b9a1f5f24e8d7a385) Importer(2089858483,b0f066a214c2f5e87bad3c948f4d605d) (ScriptedImporter) -> (artifact id: '13d1ec4241417c24e193672c465352b9') in 0.0230862 seconds
Number of updated asset objects reloaded before import = 0Number of asset objects unloaded after import = 1

========================================================================
Received Import Request.
  Time since last request: 0.000030 seconds.
  path: Packages/com.unity.services.deployment/Editor/Shared/DependencyInversion/MethodNotFoundException.Gen.cs
  artifactKey: Guid(963855127b32546848dba1c238774fba) Importer(2089858483,b0f066a214c2f5e87bad3c948f4d605d)
Start importing Packages/com.unity.services.deployment/Editor/Shared/DependencyInversion/MethodNotFoundException.Gen.cs using Guid(963855127b32546848dba1c238774fba) Importer(2089858483,b0f066a214c2f5e87bad3c948f4d605d) (ScriptedImporter) -> (artifact id: '54079d3a9b899f0a770cfb21f6e85332') in 0.0189688 seconds
Number of updated asset objects reloaded before import = 0Number of asset objects unloaded after import = 0

========================================================================
Received Import Request.
  Time since last request: 0.000487 seconds.
  path: Packages/com.unity.purchasing/Editor/Shared/Infrastructure/SystemEnvironment/SystemEnvironmentPathUtils.Gen.cs
  artifactKey: Guid(e7b8a65712ef42e68888294e768cb9f2) Importer(2089858483,b0f066a214c2f5e87bad3c948f4d605d)
Start importing Packages/com.unity.purchasing/Editor/Shared/Infrastructure/SystemEnvironment/SystemEnvironmentPathUtils.Gen.cs using Guid(e7b8a65712ef42e68888294e768cb9f2) Importer(2089858483,b0f066a214c2f5e87bad3c948f4d605d) (ScriptedImporter) -> (artifact id: 'a292ceeb40276f0ebc66a4ddd8fdf99e') in 0.0231707 seconds
Number of updated asset objects reloaded before import = 0Number of asset objects unloaded after import = 0

========================================================================
Received Import Request.
  Time since last request: 0.000316 seconds.
  path: Packages/com.unity.purchasing/Runtime/Purchasing/Extension/CatalogListings/ICatalogListingClient.cs
  artifactKey: Guid(6612b22915499460ea989c29ab0ddb1d) Importer(2089858483,b0f066a214c2f5e87bad3c948f4d605d)
Start importing Packages/com.unity.purchasing/Runtime/Purchasing/Extension/CatalogListings/ICatalogListingClient.cs using Guid(6612b22915499460ea989c29ab0ddb1d) Importer(2089858483,b0f066a214c2f5e87bad3c948f4d605d) (ScriptedImporter) -> (artifact id: '38b54f952aca14d95590fd76b6199b94') in 0.0184387 seconds
Number of updated asset objects reloaded before import = 0Number of asset objects unloaded after import = 0

========================================================================
Received Import Request.
  Time since last request: 0.000920 seconds.
  path: Packages/com.unity.purchasing/CHANGELOG.md
  artifactKey: Guid(51f03e3b6d8394dd595f181250b943dc) Importer(2089858483,b0f066a214c2f5e87bad3c948f4d605d)
Start importing Packages/com.unity.purchasing/CHANGELOG.md using Guid(51f03e3b6d8394dd595f181250b943dc) Importer(2089858483,b0f066a214c2f5e87bad3c948f4d605d) (ScriptedImporter) -> (artifact id: 'f2c364246f00456d09f0a8753a2a8104') in 0.0195606 seconds
Number of updated asset objects reloaded before import = 0Number of asset objects unloaded after import = 1

========================================================================
Received Import Request.
  Time since last request: 0.000037 seconds.
  path: Packages/com.unity.purchasing/Runtime/Purchasing/Legacy/InitializationFailureReason.cs
  artifactKey: Guid(5a712b695f254997baa5fb199c4b9bde) Importer(2089858483,b0f066a214c2f5e87bad3c948f4d605d)
Start importing Packages/com.unity.purchasing/Runtime/Purchasing/Legacy/InitializationFailureReason.cs using Guid(5a712b695f254997baa5fb199c4b9bde) Importer(2089858483,b0f066a214c2f5e87bad3c948f4d605d) (ScriptedImporter) -> (artifact id: '94c14115383d47e7e94e206e9b41bd66') in 0.0198407 seconds
Number of updated asset objects reloaded before import = 0Number of asset objects unloaded after import = 0

========================================================================
Received Import Request.
  Time since last request: 0.000410 seconds.
  path: Packages/com.unity.services.deployment/Editor/Interface/UI/Views/UnlinkedProjectView.cs
  artifactKey: Guid(d994a5514000d49479d517d0bd977163) Importer(2089858483,b0f066a214c2f5e87bad3c948f4d605d)
Start importing Packages/com.unity.services.deployment/Editor/Interface/UI/Views/UnlinkedProjectView.cs using Guid(d994a5514000d49479d517d0bd977163) Importer(2089858483,b0f066a214c2f5e87bad3c948f4d605d) (ScriptedImporter) -> (artifact id: 'f84d9764186e8c8392d5c3b063ebf822') in 0.026675 seconds
Number of updated asset objects reloaded before import = 0Number of asset objects unloaded after import = 0

========================================================================
Received Import Request.
  Time since last request: 0.002586 seconds.
  path: Packages/com.unity.services.deployment/Editor/Interface/UI/Views/NoConnectionView.cs
  artifactKey: Guid(c950f92e555ad458aa891dd493c9aef9) Importer(2089858483,b0f066a214c2f5e87bad3c948f4d605d)
Start importing Packages/com.unity.services.deployment/Editor/Interface/UI/Views/NoConnectionView.cs using Guid(c950f92e555ad458aa891dd493c9aef9) Importer(2089858483,b0f066a214c2f5e87bad3c948f4d605d) (ScriptedImporter) -> (artifact id: '0958f7b86dd3ba78e15f2b2b8714b8a3') in 0.0349437 seconds
Number of updated asset objects reloaded before import = 0Number of asset objects unloaded after import = 0

========================================================================
Received Import Request.
  Time since last request: 0.000880 seconds.
  path: Packages/com.unity.purchasing/Runtime/UnityLiveContentAdapter/Client/ErrorMitigation/RetryPolicyConfig.cs
  artifactKey: Guid(8bb90084ab5584655a1b1911b31ad5cd) Importer(2089858483,b0f066a214c2f5e87bad3c948f4d605d)
Start importing Packages/com.unity.purchasing/Runtime/UnityLiveContentAdapter/Client/ErrorMitigation/RetryPolicyConfig.cs using Guid(8bb90084ab5584655a1b1911b31ad5cd) Importer(2089858483,b0f066a214c2f5e87bad3c948f4d605d) (ScriptedImporter) -> (artifact id: 'b00daed9e343918e3074650a599b6235') in 0.024464 seconds
Number of updated asset objects reloaded before import = 0Number of asset objects unloaded after import = 0

========================================================================
Received Import Request.
  Time since last request: 0.001867 seconds.
  path: Packages/com.unity.purchasing/Editor/Apple/AppleIncRootCertificate.cer
  artifactKey: Guid(cc7769ad10934b4fadcf648ad7165e8b) Importer(2089858483,b0f066a214c2f5e87bad3c948f4d605d)
Start importing Packages/com.unity.purchasing/Editor/Apple/AppleIncRootCertificate.cer using Guid(cc7769ad10934b4fadcf648ad7165e8b) Importer(2089858483,b0f066a214c2f5e87bad3c948f4d605d) (ScriptedImporter) -> (artifact id: 'c48976cea818a6ece8a29bc7bd09a34b') in 0.0257131 seconds
Number of updated asset objects reloaded before import = 0Number of asset objects unloaded after import = 1

========================================================================
Received Import Request.
  Time since last request: 0.000044 seconds.
  path: Packages/com.unity.purchasing/Runtime/Stores/SubscriptionManager.cs
  artifactKey: Guid(8020c850434a4719b5697bfc87dc919d) Importer(2089858483,b0f066a214c2f5e87bad3c948f4d605d)
Start importing Packages/com.unity.purchasing/Runtime/Stores/SubscriptionManager.cs using Guid(8020c850434a4719b5697bfc87dc919d) Importer(2089858483,b0f066a214c2f5e87bad3c948f4d605d) (ScriptedImporter) -> (artifact id: '548bb6c44c3cffaf456b20f2c20549cc') in 0.0238672 seconds
Number of updated asset objects reloaded before import = 0Number of asset objects unloaded after import = 0

========================================================================
Received Import Request.
  Time since last request: 0.009693 seconds.
  path: Packages/com.unity.purchasing/Editor/Authoring/Core/Model/WebshopCategories.cs
  artifactKey: Guid(d990ca02f9617404aa156a09d4dfe466) Importer(2089858483,b0f066a214c2f5e87bad3c948f4d605d)
Start importing Packages/com.unity.purchasing/Editor/Authoring/Core/Model/WebshopCategories.cs using Guid(d990ca02f9617404aa156a09d4dfe466) Importer(2089858483,b0f066a214c2f5e87bad3c948f4d605d) (ScriptedImporter) -> (artifact id: '63c18952b55e92d2586b164d337cfdb8') in 0.0436393 seconds
Number of updated asset objects reloaded before import = 0Number of asset objects unloaded after import = 0

========================================================================
Received Import Request.
  Time since last request: 0.012399 seconds.
  path: Packages/com.unity.purchasing/Runtime/Stores/Unity.Purchasing.Stores.asmdef
  artifactKey: Guid(08d1c582746949b40ba6a45cdb776bdf) Importer(2089858483,b0f066a214c2f5e87bad3c948f4d605d)
Start importing Packages/com.unity.purchasing/Runtime/Stores/Unity.Purchasing.Stores.asmdef using Guid(08d1c582746949b40ba6a45cdb776bdf) Importer(2089858483,b0f066a214c2f5e87bad3c948f4d605d) (ScriptedImporter) -> (artifact id: '97c860356e512dda80754d711e8d9fd3') in 0.0323675 seconds
Number of updated asset objects reloaded before import = 0Number of asset objects unloaded after import = 1

========================================================================
Received Import Request.
  Time since last request: 0.000563 seconds.
  path: Packages/com.unity.services.deployment/Editor/DeploymentDefinitions/DeploymentDefinitionResources.cs
  artifactKey: Guid(183456116967b4d66949d343b0d0198a) Importer(2089858483,b0f066a214c2f5e87bad3c948f4d605d)
Start importing Packages/com.unity.services.deployment/Editor/DeploymentDefinitions/DeploymentDefinitionResources.cs using Guid(183456116967b4d66949d343b0d0198a) Importer(2089858483,b0f066a214c2f5e87bad3c948f4d605d) (ScriptedImporter) -> (artifact id: 'a52968d76d0935b2906e31a4bc62d182') in 0.0309642 seconds
Number of updated asset objects reloaded before import = 0Number of asset objects unloaded after import = 0

========================================================================
Received Import Request.
  Time since last request: 0.000277 seconds.
  path: Packages/com.unity.purchasing/Editor/Authoring/Core/Retry
  artifactKey: Guid(3f52224feda747f8a6eba9be43cfcf63) Importer(2089858483,b0f066a214c2f5e87bad3c948f4d605d)
Start importing Packages/com.unity.purchasing/Editor/Authoring/Core/Retry using Guid(3f52224feda747f8a6eba9be43cfcf63) Importer(2089858483,b0f066a214c2f5e87bad3c948f4d605d) (ScriptedImporter) -> (artifact id: 'b89c118c6491a67e1f7d62ae1556e4db') in 0.0316522 seconds
Number of updated asset objects reloaded before import = 0Number of asset objects unloaded after import = 1

========================================================================
Received Import Request.
  Time since last request: 0.000767 seconds.
  path: Packages/com.unity.purchasing/Runtime/Stores/PaymentProvider/Launchers/AndroidCustomTabsLauncher.cs
  artifactKey: Guid(7da5166de70f4341ade60aad46e93bbf) Importer(2089858483,b0f066a214c2f5e87bad3c948f4d605d)
Start importing Packages/com.unity.purchasing/Runtime/Stores/PaymentProvider/Launchers/AndroidCustomTabsLauncher.cs using Guid(7da5166de70f4341ade60aad46e93bbf) Importer(2089858483,b0f066a214c2f5e87bad3c948f4d605d) (ScriptedImporter) -> (artifact id: '138031eb84bdd02700e7602b57b1d9ea') in 0.0291663 seconds
Number of updated asset objects reloaded before import = 0Number of asset objects unloaded after import = 0

========================================================================
Received Import Request.
  Time since last request: 0.000350 seconds.
  path: Packages/com.unity.purchasing/Editor/Authoring/PurchasingAdminApi/Client/Model/CodaPayConfiguration.cs
  artifactKey: Guid(b7e8e50985e554349a4c55b7ba4ba58e) Importer(2089858483,b0f066a214c2f5e87bad3c948f4d605d)
Start importing Packages/com.unity.purchasing/Editor/Authoring/PurchasingAdminApi/Client/Model/CodaPayConfiguration.cs using Guid(b7e8e50985e554349a4c55b7ba4ba58e) Importer(2089858483,b0f066a214c2f5e87bad3c948f4d605d) (ScriptedImporter) -> (artifact id: '4ac335062449f083910fc8bd494aafd9') in 0.0205488 seconds
Number of updated asset objects reloaded before import = 0Number of asset objects unloaded after import = 0

========================================================================
Received Import Request.
  Time since last request: 0.000032 seconds.
  path: Packages/com.unity.purchasing/Runtime/Purchasing/Extension/ResolvedUSku.cs
  artifactKey: Guid(469a97227cf5d43818b9606fff219ece) Importer(2089858483,b0f066a214c2f5e87bad3c948f4d605d)
Start importing Packages/com.unity.purchasing/Runtime/Purchasing/Extension/ResolvedUSku.cs using Guid(469a97227cf5d43818b9606fff219ece) Importer(2089858483,b0f066a214c2f5e87bad3c948f4d605d) (ScriptedImporter) -> (artifact id: 'f69a04402aff5f55d27d3ace17e3d6aa') in 0.0187859 seconds
Number of updated asset objects reloaded before import = 0Number of asset objects unloaded after import = 0

========================================================================
Received Import Request.
  Time since last request: 0.000479 seconds.
  path: Packages/com.unity.purchasing/Runtime/UnityPaymentProviders/Client/Http/HttpClientResponse.cs
  artifactKey: Guid(57fcce210c1fb4477b3be7aa6791f1f5) Importer(2089858483,b0f066a214c2f5e87bad3c948f4d605d)
Start importing Packages/com.unity.purchasing/Runtime/UnityPaymentProviders/Client/Http/HttpClientResponse.cs using Guid(57fcce210c1fb4477b3be7aa6791f1f5) Importer(2089858483,b0f066a214c2f5e87bad3c948f4d605d) (ScriptedImporter) -> (artifact id: '8b0b60797014c1278be459b67026567f') in 0.0253778 seconds
Number of updated asset objects reloaded before import = 0Number of asset objects unloaded after import = 0

========================================================================
Received Import Request.
  Time since last request: 0.000159 seconds.
  path: Packages/com.unity.purchasing/Runtime/Purchasing/Core/Retries/RetryPolicies/AggregateRetryPolicy.cs
  artifactKey: Guid(ef784551289047b489249d6c6c310e40) Importer(2089858483,b0f066a214c2f5e87bad3c948f4d605d)
Start importing Packages/com.unity.purchasing/Runtime/Purchasing/Core/Retries/RetryPolicies/AggregateRetryPolicy.cs using Guid(ef784551289047b489249d6c6c310e40) Importer(2089858483,b0f066a214c2f5e87bad3c948f4d605d) (ScriptedImporter) -> (artifact id: 'fbf18be31dcc0a534b1544fe18a334f0') in 0.0333715 seconds
Number of updated asset objects reloaded before import = 0Number of asset objects unloaded after import = 0

========================================================================
Received Import Request.
  Time since last request: 0.000541 seconds.
  path: Packages/com.unity.purchasing/Runtime/UnityLiveContentAdapter/Client/Scheduler/ThreadHelper.cs
  artifactKey: Guid(2dddc5f8337e647ee96b6faeff5d4119) Importer(2089858483,b0f066a214c2f5e87bad3c948f4d605d)
Start importing Packages/com.unity.purchasing/Runtime/UnityLiveContentAdapter/Client/Scheduler/ThreadHelper.cs using Guid(2dddc5f8337e647ee96b6faeff5d4119) Importer(2089858483,b0f066a214c2f5e87bad3c948f4d605d) (ScriptedImporter) -> (artifact id: '7cdd89b23d8072c2a979da60cc5aafcc') in 0.0211499 seconds
Number of updated asset objects reloaded before import = 0Number of asset objects unloaded after import = 0

========================================================================
Received Import Request.
  Time since last request: 0.000042 seconds.
  path: Packages/com.unity.purchasing/Editor/Shared/WebApi/IApiConfiguration.cs
  artifactKey: Guid(8d4ee59209034f6587d753d4cccf98b2) Importer(2089858483,b0f066a214c2f5e87bad3c948f4d605d)
Start importing Packages/com.unity.purchasing/Editor/Shared/WebApi/IApiConfiguration.cs using Guid(8d4ee59209034f6587d753d4cccf98b2) Importer(2089858483,b0f066a214c2f5e87bad3c948f4d605d) (ScriptedImporter) -> (artifact id: '545e59a3bbdae8b24a324d9d67e17c54') in 0.0170677 seconds
Number of updated asset objects reloaded before import = 0Number of asset objects unloaded after import = 0

========================================================================
Received Import Request.
  Time since last request: 0.000141 seconds.
  path: Packages/com.unity.purchasing/Runtime/UnityWebshops/Client/Http/IDeserializable.cs
  artifactKey: Guid(2433878de7cf54d7f828a819588b9c38) Importer(2089858483,b0f066a214c2f5e87bad3c948f4d605d)
Start importing Packages/com.unity.purchasing/Runtime/UnityWebshops/Client/Http/IDeserializable.cs using Guid(2433878de7cf54d7f828a819588b9c38) Importer(2089858483,b0f066a214c2f5e87bad3c948f4d605d) (ScriptedImporter) -> (artifact id: '1bb721224afc568a077867fec8f8b70c') in 0.0162078 seconds
Number of updated asset objects reloaded before import = 0Number of asset objects unloaded after import = 0

========================================================================
Received Import Request.
  Time since last request: 0.000025 seconds.
  path: Packages/com.unity.purchasing/Runtime/Stores/BaseStore/Interfaces
  artifactKey: Guid(732fc4215e524d34b78f9f9d42727546) Importer(2089858483,b0f066a214c2f5e87bad3c948f4d605d)
Start importing Packages/com.unity.purchasing/Runtime/Stores/BaseStore/Interfaces using Guid(732fc4215e524d34b78f9f9d42727546) Importer(2089858483,b0f066a214c2f5e87bad3c948f4d605d) (ScriptedImporter) -> (artifact id: '5ca61a140acde4f3d7675e96c4d63a94') in 0.0163595 seconds
Number of updated asset objects reloaded before import = 0Number of asset objects unloaded after import = 1

========================================================================
Received Import Request.
  Time since last request: 0.000059 seconds.
  path: Packages/com.unity.purchasing/Runtime/Purchasing/Utilities/UnityUtilContainer.cs
  artifactKey: Guid(4e50df7605f7473693f49b3e8f01091e) Importer(2089858483,b0f066a214c2f5e87bad3c948f4d605d)
Start importing Packages/com.unity.purchasing/Runtime/Purchasing/Utilities/UnityUtilContainer.cs using Guid(4e50df7605f7473693f49b3e8f01091e) Importer(2089858483,b0f066a214c2f5e87bad3c948f4d605d) (ScriptedImporter) -> (artifact id: 'f2f22987091d6621a00f9809785b7843') in 0.0183573 seconds
Number of updated asset objects reloaded before import = 0Number of asset objects unloaded after import = 0

========================================================================
Received Import Request.
  Time since last request: 0.000247 seconds.
  path: Packages/com.unity.services.deployment/Editor/Shared/Unity.Services.Deployment.Editor.Shared.asmdef
  artifactKey: Guid(12b801c4048948a2bfd94d2628dc2fc0) Importer(2089858483,b0f066a214c2f5e87bad3c948f4d605d)
Start importing Packages/com.unity.services.deployment/Editor/Shared/Unity.Services.Deployment.Editor.Shared.asmdef using Guid(12b801c4048948a2bfd94d2628dc2fc0) Importer(2089858483,b0f066a214c2f5e87bad3c948f4d605d) (ScriptedImporter) -> (artifact id: '41c0ca87134bc52897cdecfbf52bd066') in 0.0215523 seconds
Number of updated asset objects reloaded before import = 0Number of asset objects unloaded after import = 1

========================================================================
Received Import Request.
  Time since last request: 0.000625 seconds.
  path: Packages/com.unity.purchasing/Runtime/Stores/Android/GooglePlay/AAR/GooglePurchaseService.cs
  artifactKey: Guid(31701289561e54e629512bd110968d29) Importer(2089858483,b0f066a214c2f5e87bad3c948f4d605d)
Start importing Packages/com.unity.purchasing/Runtime/Stores/Android/GooglePlay/AAR/GooglePurchaseService.cs using Guid(31701289561e54e629512bd110968d29) Importer(2089858483,b0f066a214c2f5e87bad3c948f4d605d) (ScriptedImporter) -> (artifact id: '566902c9ac7a3c457b33f537e3091684') in 0.015687 seconds
Number of updated asset objects reloaded before import = 0Number of asset objects unloaded after import = 0

========================================================================
Received Import Request.
  Time since last request: 0.000058 seconds.
  path: Packages/com.unity.purchasing/Runtime/UnityPaymentProviders/Client/Http/HttpException.cs
  artifactKey: Guid(d9d27d2a939984e1880f694923f864ec) Importer(2089858483,b0f066a214c2f5e87bad3c948f4d605d)
Start importing Packages/com.unity.purchasing/Runtime/UnityPaymentProviders/Client/Http/HttpException.cs using Guid(d9d27d2a939984e1880f694923f864ec) Importer(2089858483,b0f066a214c2f5e87bad3c948f4d605d) (ScriptedImporter) -> (artifact id: '1ee3e822cd49320bb9c513ced551422d') in 0.015578 seconds
Number of updated asset objects reloaded before import = 0Number of asset objects unloaded after import = 0

========================================================================
Received Import Request.
  Time since last request: 0.000028 seconds.
  path: Packages/com.unity.services.deployment/Editor/Shared/DependencyInversion/IScopedServiceProvider.Gen.cs
  artifactKey: Guid(554343204813445c2a540e62c2acc47b) Importer(2089858483,b0f066a214c2f5e87bad3c948f4d605d)
Start importing Packages/com.unity.services.deployment/Editor/Shared/DependencyInversion/IScopedServiceProvider.Gen.cs using Guid(554343204813445c2a540e62c2acc47b) Importer(2089858483,b0f066a214c2f5e87bad3c948f4d605d) (ScriptedImporter) -> (artifact id: 'e703693c4937082a8404a64ed438c9dd') in 0.0183284 seconds
Number of updated asset objects reloaded before import = 0Number of asset objects unloaded after import = 0

========================================================================
Received Import Request.
  Time since last request: 0.000034 seconds.
  path: Packages/com.unity.purchasing/Runtime/Purchasing/Legacy/Interfaces/IDetailedStoreListener.cs
  artifactKey: Guid(0853c878f8034457bf55ba4635a30d4b) Importer(2089858483,b0f066a214c2f5e87bad3c948f4d605d)
Start importing Packages/com.unity.purchasing/Runtime/Purchasing/Legacy/Interfaces/IDetailedStoreListener.cs using Guid(0853c878f8034457bf55ba4635a30d4b) Importer(2089858483,b0f066a214c2f5e87bad3c948f4d605d) (ScriptedImporter) -> (artifact id: '47b4d577e2c01a0619d275b57e909a17') in 0.0166859 seconds
Number of updated asset objects reloaded before import = 0Number of asset objects unloaded after import = 0

========================================================================
Received Import Request.
  Time since last request: 0.000070 seconds.
  path: Packages/com.unity.purchasing/Editor/Obfuscation/UI/ObfuscatorWindow.cs
  artifactKey: Guid(79cb6b9bf8fd38d47bf44caff139eb88) Importer(2089858483,b0f066a214c2f5e87bad3c948f4d605d)
Start importing Packages/com.unity.purchasing/Editor/Obfuscation/UI/ObfuscatorWindow.cs using Guid(79cb6b9bf8fd38d47bf44caff139eb88) Importer(2089858483,b0f066a214c2f5e87bad3c948f4d605d) (ScriptedImporter) -> (artifact id: '209ca4f65b3750dca9565884a39a84dc') in 0.021363 seconds
Number of updated asset objects reloaded before import = 0Number of asset objects unloaded after import = 0

========================================================================
Received Import Request.
  Time since last request: 0.000075 seconds.
  path: Packages/com.unity.services.deployment/Editor/DocumentationHelper.cs
  artifactKey: Guid(399c5d5aca7f4555b73dbd78cf6616b1) Importer(2089858483,b0f066a214c2f5e87bad3c948f4d605d)
Start importing Packages/com.unity.services.deployment/Editor/DocumentationHelper.cs using Guid(399c5d5aca7f4555b73dbd78cf6616b1) Importer(2089858483,b0f066a214c2f5e87bad3c948f4d605d) (ScriptedImporter) -> (artifact id: '5f043285e4365c457fc4142ef5fbd9e4') in 0.0160763 seconds
Number of updated asset objects reloaded before import = 0Number of asset objects unloaded after import = 0

========================================================================
Received Import Request.
  Time since last request: 0.000512 seconds.
  path: Packages/com.unity.services.deployment/Editor/Unity.Services.Deployment.api
  artifactKey: Guid(d17cf3da7ad0b44d5bbadbfda606c634) Importer(2089858483,b0f066a214c2f5e87bad3c948f4d605d)
Start importing Packages/com.unity.services.deployment/Editor/Unity.Services.Deployment.api using Guid(d17cf3da7ad0b44d5bbadbfda606c634) Importer(2089858483,b0f066a214c2f5e87bad3c948f4d605d) (ScriptedImporter) -> (artifact id: 'cca2431a5220a0135587af89024a7114') in 0.033278 seconds
Number of updated asset objects reloaded before import = 0Number of asset objects unloaded after import = 1

========================================================================
Received Import Request.
  Time since last request: 0.000096 seconds.
  path: Packages/com.unity.purchasing/Runtime/Purchasing/PaymentOption/Resources/com.unity.purchasing/Brands/GooglePlayWordmark.svg
  artifactKey: Guid(9e228e36ed08a43759028773fa8219ca) Importer(2089858483,b0f066a214c2f5e87bad3c948f4d605d)
Start importing Packages/com.unity.purchasing/Runtime/Purchasing/PaymentOption/Resources/com.unity.purchasing/Brands/GooglePlayWordmark.svg using Guid(9e228e36ed08a43759028773fa8219ca) Importer(2089858483,b0f066a214c2f5e87bad3c948f4d605d) (ScriptedImporter) -> (artifact id: '3eec387a1a65b4dc1d51c53a91a4b5a4') in 0.0272377 seconds
Number of updated asset objects reloaded before import = 0Number of asset objects unloaded after import = 2

========================================================================
Received Import Request.
  Time since last request: 0.000335 seconds.
  path: Packages/com.unity.purchasing/Editor/Authoring/Core/IO
  artifactKey: Guid(0c0a62f155ed86f428d7cb934d20ef0c) Importer(2089858483,b0f066a214c2f5e87bad3c948f4d605d)
Start importing Packages/com.unity.purchasing/Editor/Authoring/Core/IO using Guid(0c0a62f155ed86f428d7cb934d20ef0c) Importer(2089858483,b0f066a214c2f5e87bad3c948f4d605d) (ScriptedImporter) -> (artifact id: 'ed8a4b4285ab73e51610f546dc6f45dc') in 0.1312181 seconds
Number of updated asset objects reloaded before import = 0Number of asset objects unloaded after import = 1

========================================================================
Received Import Request.
  Time since last request: 0.000211 seconds.
  path: Packages/com.unity.purchasing/Runtime/UnityPaymentProviders/Client/Apis/PaymentProviderApiRequests.cs
  artifactKey: Guid(73687eb2dd25648c5b3f2653dd90b555) Importer(2089858483,b0f066a214c2f5e87bad3c948f4d605d)
Start importing Packages/com.unity.purchasing/Runtime/UnityPaymentProviders/Client/Apis/PaymentProviderApiRequests.cs using Guid(73687eb2dd25648c5b3f2653dd90b555) Importer(2089858483,b0f066a214c2f5e87bad3c948f4d605d) (ScriptedImporter) -> (artifact id: '543a74cf68a285bed401b319c76337d4') in 0.0191311 seconds
Number of updated asset objects reloaded before import = 0Number of asset objects unloaded after import = 0

========================================================================
Received Import Request.
  Time since last request: 0.000093 seconds.
  path: Packages/com.unity.purchasing/Runtime/Stores/ServicesCore/IapCoreInitializeCallback.cs
  artifactKey: Guid(83f92647bc99413c98c5e8946f8d4c60) Importer(2089858483,b0f066a214c2f5e87bad3c948f4d605d)
Start importing Packages/com.unity.purchasing/Runtime/Stores/ServicesCore/IapCoreInitializeCallback.cs using Guid(83f92647bc99413c98c5e8946f8d4c60) Importer(2089858483,b0f066a214c2f5e87bad3c948f4d605d) (ScriptedImporter) -> (artifact id: '58d2fa69601415f5a0032c41762a7512') in 0.0237661 seconds
Number of updated asset objects reloaded before import = 0Number of asset objects unloaded after import = 0

========================================================================
Received Import Request.
  Time since last request: 0.000110 seconds.
  path: Packages/com.unity.purchasing/Runtime/UnityPaymentProviders/Models/CloudProjectAuthenticationException.cs
  artifactKey: Guid(e60da398459f44dcacf5bdcfcb17dba0) Importer(2089858483,b0f066a214c2f5e87bad3c948f4d605d)
Start importing Packages/com.unity.purchasing/Runtime/UnityPaymentProviders/Models/CloudProjectAuthenticationException.cs using Guid(e60da398459f44dcacf5bdcfcb17dba0) Importer(2089858483,b0f066a214c2f5e87bad3c948f4d605d) (ScriptedImporter) -> (artifact id: '565074c25379668d30aa36515b86e6ab') in 0.0299377 seconds
Number of updated asset objects reloaded before import = 0Number of asset objects unloaded after import = 0

========================================================================
Received Import Request.
  Time since last request: 0.001618 seconds.
  path: Packages/com.unity.purchasing/Runtime/Stores/Data/AppInstallInfo.cs
  artifactKey: Guid(3757169757f6147e1813119a2b35d2e3) Importer(2089858483,b0f066a214c2f5e87bad3c948f4d605d)
Start importing Packages/com.unity.purchasing/Runtime/Stores/Data/AppInstallInfo.cs using Guid(3757169757f6147e1813119a2b35d2e3) Importer(2089858483,b0f066a214c2f5e87bad3c948f4d605d) (ScriptedImporter) -> (artifact id: '8e9214be8d47e6b36a926354432d95dc') in 0.0221652 seconds
Number of updated asset objects reloaded before import = 0Number of asset objects unloaded after import = 0

========================================================================
Received Import Request.
  Time since last request: 0.000093 seconds.
  path: Packages/com.unity.services.deployment/Editor/Shared/UI/ModelBinding.Gen.cs
  artifactKey: Guid(6bc8ae66654df4859936adf4f0a51f80) Importer(2089858483,b0f066a214c2f5e87bad3c948f4d605d)
Start importing Packages/com.unity.services.deployment/Editor/Shared/UI/ModelBinding.Gen.cs using Guid(6bc8ae66654df4859936adf4f0a51f80) Importer(2089858483,b0f066a214c2f5e87bad3c948f4d605d) (ScriptedImporter) -> (artifact id: '1da7f0a90caf277dc0485756ebea8542') in 0.0263612 seconds
Number of updated asset objects reloaded before import = 0Number of asset objects unloaded after import = 0

========================================================================
Received Import Request.
  Time since last request: 0.000279 seconds.
  path: Packages/com.unity.purchasing/Runtime/Stores/Core/Resolvers/StoreOverrideLookupClient.cs
  artifactKey: Guid(9d3e5fa42bc74c7283b8d9e3f4b2c6a5) Importer(2089858483,b0f066a214c2f5e87bad3c948f4d605d)
Start importing Packages/com.unity.purchasing/Runtime/Stores/Core/Resolvers/StoreOverrideLookupClient.cs using Guid(9d3e5fa42bc74c7283b8d9e3f4b2c6a5) Importer(2089858483,b0f066a214c2f5e87bad3c948f4d605d) (ScriptedImporter) -> (artifact id: '04228271c1064b236ca0945d8b138e19') in 0.0263084 seconds
Number of updated asset objects reloaded before import = 0Number of asset objects unloaded after import = 0

========================================================================
Received Import Request.
  Time since last request: 0.001184 seconds.
  path: Packages/com.unity.services.deployment.api/Editor/DeploymentWindowApi/Unity.Services.DeploymentApi.asmdef
  artifactKey: Guid(92ca58cb8e483fd4e8b09ec3047180ba) Importer(2089858483,b0f066a214c2f5e87bad3c948f4d605d)
Start importing Packages/com.unity.services.deployment.api/Editor/DeploymentWindowApi/Unity.Services.DeploymentApi.asmdef using Guid(92ca58cb8e483fd4e8b09ec3047180ba) Importer(2089858483,b0f066a214c2f5e87bad3c948f4d605d) (ScriptedImporter) -> (artifact id: 'dc2fa9fecc3b1c0de6e39a38b7472400') in 0.0198563 seconds
Number of updated asset objects reloaded before import = 0Number of asset objects unloaded after import = 1

========================================================================
Received Import Request.
  Time since last request: 0.000133 seconds.
  path: Packages/com.unity.purchasing/Runtime/TransactionVerifier/Client/Http/HttpClient.cs
  artifactKey: Guid(79d86ec7fdf984617936c3b181a8962e) Importer(2089858483,b0f066a214c2f5e87bad3c948f4d605d)
Start importing Packages/com.unity.purchasing/Runtime/TransactionVerifier/Client/Http/HttpClient.cs using Guid(79d86ec7fdf984617936c3b181a8962e) Importer(2089858483,b0f066a214c2f5e87bad3c948f4d605d) (ScriptedImporter) -> (artifact id: '78fed234f19347b059f7203c7c2e19e5') in 0.0218376 seconds
Number of updated asset objects reloaded before import = 0Number of asset objects unloaded after import = 0

========================================================================
Received Import Request.
  Time since last request: 0.000092 seconds.
  path: Packages/com.unity.services.deployment/Editor/Interface/UI/Assets/CheckmarkToggle.uss
  artifactKey: Guid(5b26772964f114af0b39555dc35201cb) Importer(2089858483,b0f066a214c2f5e87bad3c948f4d605d)
Start importing Packages/com.unity.services.deployment/Editor/Interface/UI/Assets/CheckmarkToggle.uss using Guid(5b26772964f114af0b39555dc35201cb) Importer(2089858483,b0f066a214c2f5e87bad3c948f4d605d) (ScriptedImporter) -> (artifact id: 'dfa8592aee44eb26770c917b5f12763c') in 0.0347219 seconds
Number of updated asset objects reloaded before import = 0Number of asset objects unloaded after import = 1

========================================================================
Received Import Request.
  Time since last request: 0.001003 seconds.
  path: Packages/com.unity.purchasing/Runtime/Purchasing/Core/Purchasing/Models/PaymentProvidersOrderInfo.cs
  artifactKey: Guid(de510883b5fa413590ac8024b41d0649) Importer(2089858483,b0f066a214c2f5e87bad3c948f4d605d)
Start importing Packages/com.unity.purchasing/Runtime/Purchasing/Core/Purchasing/Models/PaymentProvidersOrderInfo.cs using Guid(de510883b5fa413590ac8024b41d0649) Importer(2089858483,b0f066a214c2f5e87bad3c948f4d605d) (ScriptedImporter) -> (artifact id: '0648456f4be3f384778e0ed8048a4b09') in 0.0310714 seconds
Number of updated asset objects reloaded before import = 0Number of asset objects unloaded after import = 0

========================================================================
Received Import Request.
  Time since last request: 0.011793 seconds.
  path: Packages/com.unity.purchasing/Runtime/UnityLiveContentAdapter/Client/Http/Responses.cs
  artifactKey: Guid(965263a4e8760435393365b8b7ad6dab) Importer(2089858483,b0f066a214c2f5e87bad3c948f4d605d)
Start importing Packages/com.unity.purchasing/Runtime/UnityLiveContentAdapter/Client/Http/Responses.cs using Guid(965263a4e8760435393365b8b7ad6dab) Importer(2089858483,b0f066a214c2f5e87bad3c948f4d605d) (ScriptedImporter) -> (artifact id: '8c98f9c30a317993722fe087eebce816') in 0.5121634 seconds
Number of updated asset objects reloaded before import = 0Number of asset objects unloaded after import = 0

========================================================================
Received Import Request.
  Time since last request: 0.002123 seconds.
  path: Packages/com.unity.services.deployment/Editor/Interface/UI/Assets
  artifactKey: Guid(5441cf65994244cb798bc40d4c5ff8eb) Importer(2089858483,b0f066a214c2f5e87bad3c948f4d605d)
Start importing Packages/com.unity.services.deployment/Editor/Interface/UI/Assets using Guid(5441cf65994244cb798bc40d4c5ff8eb) Importer(2089858483,b0f066a214c2f5e87bad3c948f4d605d) (ScriptedImporter) -> (artifact id: 'de19737ddd7c1b4d38b9c487fe5e32b2') in 0.0882181 seconds
Number of updated asset objects reloaded before import = 0Number of asset objects unloaded after import = 1

========================================================================
Received Import Request.
  Time since last request: 0.003687 seconds.
  path: Packages/com.unity.purchasing/Runtime/UnityPaymentProviders/script-regenerate-code.sh
  artifactKey: Guid(087a381e6b6f04bd38f35e450fa33055) Importer(2089858483,b0f066a214c2f5e87bad3c948f4d605d)
Start importing Packages/com.unity.purchasing/Runtime/UnityPaymentProviders/script-regenerate-code.sh using Guid(087a381e6b6f04bd38f35e450fa33055) Importer(2089858483,b0f066a214c2f5e87bad3c948f4d605d) (ScriptedImporter) -> (artifact id: '14b7f73a03a9e65a7d89226b96536617') in 0.0242577 seconds
Number of updated asset objects reloaded before import = 0Number of asset objects unloaded after import = 1

========================================================================
Received Import Request.
  Time since last request: 0.008232 seconds.
  path: Packages/com.unity.purchasing/Editor/Shared/EditorUtils/ICopyable.Gen.cs
  artifactKey: Guid(414fe450ea784fa28ab04bb46695fd9f) Importer(2089858483,b0f066a214c2f5e87bad3c948f4d605d)
Start importing Packages/com.unity.purchasing/Editor/Shared/EditorUtils/ICopyable.Gen.cs using Guid(414fe450ea784fa28ab04bb46695fd9f) Importer(2089858483,b0f066a214c2f5e87bad3c948f4d605d) (ScriptedImporter) -> (artifact id: '9d87df72251d5fcd00cf17bbddb33648') in 0.0527049 seconds
Number of updated asset objects reloaded before import = 0Number of asset objects unloaded after import = 0

========================================================================
Received Import Request.
  Time since last request: 0.000247 seconds.
  path: Packages/com.unity.purchasing/Editor/Authoring/Model/CatalogAssetHelper.cs
  artifactKey: Guid(3fc68d6e6162408a97e055e095c800d3) Importer(2089858483,b0f066a214c2f5e87bad3c948f4d605d)
Start importing Packages/com.unity.purchasing/Editor/Authoring/Model/CatalogAssetHelper.cs using Guid(3fc68d6e6162408a97e055e095c800d3) Importer(2089858483,b0f066a214c2f5e87bad3c948f4d605d) (ScriptedImporter) -> (artifact id: '67a3da05d0863eefbbecc56da0ef282d') in 0.0264417 seconds
Number of updated asset objects reloaded before import = 0Number of asset objects unloaded after import = 0

========================================================================
Received Import Request.
  Time since last request: 0.000463 seconds.
  path: Packages/com.unity.purchasing/Runtime/Purchasing/Core/Purchasing/Android/GooglePlay/Models/SubscriptionChangeRequest.cs
  artifactKey: Guid(8c333812b2c34905bebd5ad0a413cb34) Importer(2089858483,b0f066a214c2f5e87bad3c948f4d605d)
Start importing Packages/com.unity.purchasing/Runtime/Purchasing/Core/Purchasing/Android/GooglePlay/Models/SubscriptionChangeRequest.cs using Guid(8c333812b2c34905bebd5ad0a413cb34) Importer(2089858483,b0f066a214c2f5e87bad3c948f4d605d) (ScriptedImporter) -> (artifact id: '0a4a5ba7e26ef2158c46b9aa201602e6') in 0.0205508 seconds
Number of updated asset objects reloaded before import = 0Number of asset objects unloaded after import = 0

========================================================================
Received Import Request.
  Time since last request: 0.000661 seconds.
  path: Packages/com.unity.purchasing/Runtime/Utilities/MonoBehaviorUtil.cs
  artifactKey: Guid(c7cb79cfa1e84bf4b2ef8e7600668da4) Importer(2089858483,b0f066a214c2f5e87bad3c948f4d605d)
Start importing Packages/com.unity.purchasing/Runtime/Utilities/MonoBehaviorUtil.cs using Guid(c7cb79cfa1e84bf4b2ef8e7600668da4) Importer(2089858483,b0f066a214c2f5e87bad3c948f4d605d) (ScriptedImporter) -> (artifact id: '0255ff182a080c63262c9c8eb58b32ab') in 0.0204962 seconds
Number of updated asset objects reloaded before import = 0Number of asset objects unloaded after import = 0

========================================================================
Received Import Request.
  Time since last request: 0.000042 seconds.
  path: Packages/com.unity.purchasing/Runtime/TransactionVerifier/VerificationResponse.cs
  artifactKey: Guid(7f571c0f74fb4dabbfd7407b35f3b214) Importer(2089858483,b0f066a214c2f5e87bad3c948f4d605d)
Start importing Packages/com.unity.purchasing/Runtime/TransactionVerifier/VerificationResponse.cs using Guid(7f571c0f74fb4dabbfd7407b35f3b214) Importer(2089858483,b0f066a214c2f5e87bad3c948f4d605d) (ScriptedImporter) -> (artifact id: 'afc6466702d4bc270c6ddfdcf88d66ee') in 0.1528088 seconds
Number of updated asset objects reloaded before import = 0Number of asset objects unloaded after import = 0

========================================================================
Received Import Request.
  Time since last request: 0.000680 seconds.
  path: Packages/com.unity.services.deployment/Editor/Interface/UI/Assets/DeploymentWindowStateTemplates/DeploymentWindow_EnvironmentNotSet.uxml
  artifactKey: Guid(3b58b604297e44d3a9a6977ce959d193) Importer(2089858483,b0f066a214c2f5e87bad3c948f4d605d)
Start importing Packages/com.unity.services.deployment/Editor/Interface/UI/Assets/DeploymentWindowStateTemplates/DeploymentWindow_EnvironmentNotSet.uxml using Guid(3b58b604297e44d3a9a6977ce959d193) Importer(2089858483,b0f066a214c2f5e87bad3c948f4d605d) (ScriptedImporter) -> (artifact id: '34993a75d2ed74d5e9ecb3c0ff3185e6') in 0.033279 seconds
Number of updated asset objects reloaded before import = 0Number of asset objects unloaded after import = 3

========================================================================
Received Import Request.
  Time since last request: 0.000634 seconds.
  path: Packages/com.unity.purchasing/Runtime/Purchasing/Core/Purchasing/Interfaces/ICart.cs
  artifactKey: Guid(9efd2877225c46d8802268cd4ba0bbf1) Importer(2089858483,b0f066a214c2f5e87bad3c948f4d605d)
Start importing Packages/com.unity.purchasing/Runtime/Purchasing/Core/Purchasing/Interfaces/ICart.cs using Guid(9efd2877225c46d8802268cd4ba0bbf1) Importer(2089858483,b0f066a214c2f5e87bad3c948f4d605d) (ScriptedImporter) -> (artifact id: '07438162478a41180c0f8c4ecf3bf491') in 0.0292311 seconds
Number of updated asset objects reloaded before import = 0Number of asset objects unloaded after import = 0

========================================================================
Received Import Request.
  Time since last request: 0.000845 seconds.
  path: Packages/com.unity.purchasing/Editor/Authoring/Core/Deploy/CatalogDeploymentHandler.cs
  artifactKey: Guid(0359d22e5326fb84c983d6662b68c311) Importer(2089858483,b0f066a214c2f5e87bad3c948f4d605d)
Start importing Packages/com.unity.purchasing/Editor/Authoring/Core/Deploy/CatalogDeploymentHandler.cs using Guid(0359d22e5326fb84c983d6662b68c311) Importer(2089858483,b0f066a214c2f5e87bad3c948f4d605d) (ScriptedImporter) -> (artifact id: '1be8b0d117adfcf48d0fb000b06222fa') in 0.0260298 seconds
Number of updated asset objects reloaded before import = 0Number of asset objects unloaded after import = 0

========================================================================
Received Import Request.
  Time since last request: 0.000124 seconds.
  path: Packages/com.unity.purchasing/Runtime/Purchasing/Core/Store/Interfaces/IStoreServiceExtension.cs
  artifactKey: Guid(0563af751a58429fbaea08a96926756a) Importer(2089858483,b0f066a214c2f5e87bad3c948f4d605d)
Start importing Packages/com.unity.purchasing/Runtime/Purchasing/Core/Store/Interfaces/IStoreServiceExtension.cs using Guid(0563af751a58429fbaea08a96926756a) Importer(2089858483,b0f066a214c2f5e87bad3c948f4d605d) (ScriptedImporter) -> (artifact id: 'e9e15ae9c9260666ca970e3673757180') in 0.0285436 seconds
Number of updated asset objects reloaded before import = 0Number of asset objects unloaded after import = 0

========================================================================
Received Import Request.
  Time since last request: 0.004671 seconds.
  path: Packages/com.unity.purchasing/Runtime/UnityWebshops/Client/Http/ResponseDeserializationException.cs
  artifactKey: Guid(ac8f1290a8f934bc69d6eae6aafe5d32) Importer(2089858483,b0f066a214c2f5e87bad3c948f4d605d)
Start importing Packages/com.unity.purchasing/Runtime/UnityWebshops/Client/Http/ResponseDeserializationException.cs using Guid(ac8f1290a8f934bc69d6eae6aafe5d32) Importer(2089858483,b0f066a214c2f5e87bad3c948f4d605d) (ScriptedImporter) -> (artifact id: '96386d060b10b6107f4bd5ba53c54e39') in 0.0220724 seconds
Number of updated asset objects reloaded before import = 0Number of asset objects unloaded after import = 0

========================================================================
Received Import Request.
  Time since last request: 0.002035 seconds.
  path: Packages/com.unity.purchasing/Runtime/Purchasing/Core/Purchasing/UseCases
  artifactKey: Guid(3269727354512aa43ac7b25301fb3d74) Importer(2089858483,b0f066a214c2f5e87bad3c948f4d605d)
Start importing Packages/com.unity.purchasing/Runtime/Purchasing/Core/Purchasing/UseCases using Guid(3269727354512aa43ac7b25301fb3d74) Importer(2089858483,b0f066a214c2f5e87bad3c948f4d605d) (ScriptedImporter) -> (artifact id: '7cc38fcf508a14135c3f8e57d8c1eaf7') in 0.0173372 seconds
Number of updated asset objects reloaded before import = 0Number of asset objects unloaded after import = 1

========================================================================
Received Import Request.
  Time since last request: 0.000023 seconds.
  path: Packages/com.unity.purchasing/Runtime/UnityLiveContentAdapter/Client/Http/UnityWebRequestHelpers.cs
  artifactKey: Guid(b0bedf14afe9844fc897685c6aec2f2a) Importer(2089858483,b0f066a214c2f5e87bad3c948f4d605d)
Start importing Packages/com.unity.purchasing/Runtime/UnityLiveContentAdapter/Client/Http/UnityWebRequestHelpers.cs using Guid(b0bedf14afe9844fc897685c6aec2f2a) Importer(2089858483,b0f066a214c2f5e87bad3c948f4d605d) (ScriptedImporter) -> (artifact id: '9bda1d6b790c0c2623816c9dc848fd84') in 0.1349563 seconds
Number of updated asset objects reloaded before import = 0Number of asset objects unloaded after import = 0

========================================================================
Received Import Request.
  Time since last request: 0.000622 seconds.
  path: Packages/com.unity.services.deployment/Editor/IO
  artifactKey: Guid(360cf05ba7294237b2cb51021d9fcc15) Importer(2089858483,b0f066a214c2f5e87bad3c948f4d605d)
Start importing Packages/com.unity.services.deployment/Editor/IO using Guid(360cf05ba7294237b2cb51021d9fcc15) Importer(2089858483,b0f066a214c2f5e87bad3c948f4d605d) (ScriptedImporter) -> (artifact id: '9de97e33f0749e3d78a352d23497d7e3') in 0.1340872 seconds
Number of updated asset objects reloaded before import = 0Number of asset objects unloaded after import = 1

========================================================================
Received Import Request.
  Time since last request: 0.000067 seconds.
  path: Packages/com.unity.services.deployment/Core/Glob/TraverseOptions.Gen.cs
  artifactKey: Guid(b4dd10090bdad4382880d351754b69cd) Importer(2089858483,b0f066a214c2f5e87bad3c948f4d605d)
Start importing Packages/com.unity.services.deployment/Core/Glob/TraverseOptions.Gen.cs using Guid(b4dd10090bdad4382880d351754b69cd) Importer(2089858483,b0f066a214c2f5e87bad3c948f4d605d) (ScriptedImporter) -> (artifact id: '27b147ad62fe60a2e6519ddfb648f0f3') in 0.1202378 seconds
Number of updated asset objects reloaded before import = 0Number of asset objects unloaded after import = 0

========================================================================
Received Import Request.
  Time since last request: 0.000056 seconds.
  path: Packages/com.unity.purchasing/Editor/Authoring/LiveContentAdminApi/Client/Model/FileWithStatePreviousFile.cs
  artifactKey: Guid(09d8b7b16ba045b791e4ff9e8d56db8e) Importer(2089858483,b0f066a214c2f5e87bad3c948f4d605d)
Start importing Packages/com.unity.purchasing/Editor/Authoring/LiveContentAdminApi/Client/Model/FileWithStatePreviousFile.cs using Guid(09d8b7b16ba045b791e4ff9e8d56db8e) Importer(2089858483,b0f066a214c2f5e87bad3c948f4d605d) (ScriptedImporter) -> (artifact id: 'dac2f8e376956e5d71b48e556af198b7') in 0.1154664 seconds
Number of updated asset objects reloaded before import = 0Number of asset objects unloaded after import = 0

========================================================================
Received Import Request.
  Time since last request: 0.000067 seconds.
  path: Packages/com.unity.purchasing/Runtime/Purchasing/Core/Store/Interfaces/IStoreService.cs
  artifactKey: Guid(906539c556fcf114393ddeca53782b78) Importer(2089858483,b0f066a214c2f5e87bad3c948f4d605d)
Start importing Packages/com.unity.purchasing/Runtime/Purchasing/Core/Store/Interfaces/IStoreService.cs using Guid(906539c556fcf114393ddeca53782b78) Importer(2089858483,b0f066a214c2f5e87bad3c948f4d605d) (ScriptedImporter) -> (artifact id: '537f57cc0f81d5c9351761d07a69e59f') in 0.0142246 seconds
Number of updated asset objects reloaded before import = 0Number of asset objects unloaded after import = 0

========================================================================
Received Import Request.
  Time since last request: 0.000100 seconds.
  path: Packages/com.unity.purchasing/Runtime/UnityWebshops/Client/Http/IHttpClient.cs
  artifactKey: Guid(b8bc73048cc8b42b5acc1c9d246dddc6) Importer(2089858483,b0f066a214c2f5e87bad3c948f4d605d)
Start importing Packages/com.unity.purchasing/Runtime/UnityWebshops/Client/Http/IHttpClient.cs using Guid(b8bc73048cc8b42b5acc1c9d246dddc6) Importer(2089858483,b0f066a214c2f5e87bad3c948f4d605d) (ScriptedImporter) -> (artifact id: 'c82ab67596280cdea5249d9032380ba9') in 0.01652 seconds
Number of updated asset objects reloaded before import = 0Number of asset objects unloaded after import = 0

========================================================================
Received Import Request.
  Time since last request: 0.000090 seconds.
  path: Packages/com.unity.purchasing/Runtime/Purchasing/Core/Purchasing/AppleAppStore/Extensions/Interfaces/IAppleStoreExtendedPurchaseService.cs
  artifactKey: Guid(409f1701985b4d77a7620da5f1503cb9) Importer(2089858483,b0f066a214c2f5e87bad3c948f4d605d)
Start importing Packages/com.unity.purchasing/Runtime/Purchasing/Core/Purchasing/AppleAppStore/Extensions/Interfaces/IAppleStoreExtendedPurchaseService.cs using Guid(409f1701985b4d77a7620da5f1503cb9) Importer(2089858483,b0f066a214c2f5e87bad3c948f4d605d) (ScriptedImporter) -> (artifact id: '4ec6de9abc8a2152b200921379f7131b') in 0.0158877 seconds
Number of updated asset objects reloaded before import = 0Number of asset objects unloaded after import = 0

========================================================================
Received Import Request.
  Time since last request: 0.000110 seconds.
  path: Packages/com.unity.purchasing/Editor/Authoring/UI/CatalogInspectorHelper.cs
  artifactKey: Guid(b4a0c280d826f412eaf4d23856c6255c) Importer(2089858483,b0f066a214c2f5e87bad3c948f4d605d)
Start importing Packages/com.unity.purchasing/Editor/Authoring/UI/CatalogInspectorHelper.cs using Guid(b4a0c280d826f412eaf4d23856c6255c) Importer(2089858483,b0f066a214c2f5e87bad3c948f4d605d) (ScriptedImporter) -> (artifact id: '8093b58db3429eceaab4f0a9d4451af1') in 0.016738 seconds
Number of updated asset objects reloaded before import = 0Number of asset objects unloaded after import = 0

========================================================================
Received Import Request.
  Time since last request: 0.000083 seconds.
  path: Packages/com.unity.services.deployment/Editor/Interface/UI/Serialization/SerializationManager.cs
  artifactKey: Guid(2aa36032a9c44a5a82da14b485ec1ca9) Importer(2089858483,b0f066a214c2f5e87bad3c948f4d605d)
Start importing Packages/com.unity.services.deployment/Editor/Interface/UI/Serialization/SerializationManager.cs using Guid(2aa36032a9c44a5a82da14b485ec1ca9) Importer(2089858483,b0f066a214c2f5e87bad3c948f4d605d) (ScriptedImporter) -> (artifact id: '182271d6eeea675f5e4da94573d75150') in 0.0163413 seconds
Number of updated asset objects reloaded before import = 0Number of asset objects unloaded after import = 0

========================================================================
Received Import Request.
  Time since last request: 0.000096 seconds.
  path: Packages/com.unity.services.deployment/Editor/Shared/UI/DeploymentConfigInspectorFooter/Assets
  artifactKey: Guid(fc3dda54756cf43459c49581e8ab28b0) Importer(2089858483,b0f066a214c2f5e87bad3c948f4d605d)
Start importing Packages/com.unity.services.deployment/Editor/Shared/UI/DeploymentConfigInspectorFooter/Assets using Guid(fc3dda54756cf43459c49581e8ab28b0) Importer(2089858483,b0f066a214c2f5e87bad3c948f4d605d) (ScriptedImporter) -> (artifact id: '70e39e3ff147edf04e3c6dfe3b9455a4') in 0.0148346 seconds
Number of updated asset objects reloaded before import = 0Number of asset objects unloaded after import = 1

========================================================================
Received Import Request.
  Time since last request: 0.000044 seconds.
  path: Packages/com.unity.services.deployment/Editor/Shared/NotifyPropertyChangedBase.Gen.cs
  artifactKey: Guid(a755ab785595a45758c04d5083ac3954) Importer(2089858483,b0f066a214c2f5e87bad3c948f4d605d)
Start importing Packages/com.unity.services.deployment/Editor/Shared/NotifyPropertyChangedBase.Gen.cs using Guid(a755ab785595a45758c04d5083ac3954) Importer(2089858483,b0f066a214c2f5e87bad3c948f4d605d) (ScriptedImporter) -> (artifact id: '92b2722558c714464cdd914724db326a') in 0.0165139 seconds
Number of updated asset objects reloaded before import = 0Number of asset objects unloaded after import = 0

========================================================================
Received Import Request.
  Time since last request: 0.000073 seconds.
  path: Packages/com.unity.purchasing/Runtime/UnityLiveContentAdapter/Client/Models/ClientFileWithContent.cs
  artifactKey: Guid(ee347362cc7f044db9b291a381d26155) Importer(2089858483,b0f066a214c2f5e87bad3c948f4d605d)
Start importing Packages/com.unity.purchasing/Runtime/UnityLiveContentAdapter/Client/Models/ClientFileWithContent.cs using Guid(ee347362cc7f044db9b291a381d26155) Importer(2089858483,b0f066a214c2f5e87bad3c948f4d605d) (ScriptedImporter) -> (artifact id: 'ff854dcf48acc1db3bba175405173106') in 0.0157754 seconds
Number of updated asset objects reloaded before import = 0Number of asset objects unloaded after import = 0

========================================================================
Received Import Request.
  Time since last request: 0.000057 seconds.
  path: Packages/com.unity.purchasing/Runtime/Purchasing/Product.cs
  artifactKey: Guid(84bcb808ac1e4d8d81abbadf94c98f93) Importer(2089858483,b0f066a214c2f5e87bad3c948f4d605d)
Start importing Packages/com.unity.purchasing/Runtime/Purchasing/Product.cs using Guid(84bcb808ac1e4d8d81abbadf94c98f93) Importer(2089858483,b0f066a214c2f5e87bad3c948f4d605d) (ScriptedImporter) -> (artifact id: '0a642b525fcfd1eeb3825f2b72e82326') in 0.0156772 seconds
Number of updated asset objects reloaded before import = 0Number of asset objects unloaded after import = 0

========================================================================
Received Import Request.
  Time since last request: 0.000068 seconds.
  path: Packages/com.unity.purchasing/Runtime/Purchasing/PaymentOption/Resources/com.unity.purchasing/Brands/GooglePlayWordmark.png
  artifactKey: Guid(0e5f56414d5c14e669bbafd38a45ad7a) Importer(2089858483,b0f066a214c2f5e87bad3c948f4d605d)
Start importing Packages/com.unity.purchasing/Runtime/Purchasing/PaymentOption/Resources/com.unity.purchasing/Brands/GooglePlayWordmark.png using Guid(0e5f56414d5c14e669bbafd38a45ad7a) Importer(2089858483,b0f066a214c2f5e87bad3c948f4d605d) (ScriptedImporter) -> (artifact id: 'b5bead4fe0c0187c986e762007dd1243') in 0.0549329 seconds
Number of updated asset objects reloaded before import = 0Number of asset objects unloaded after import = 13

========================================================================
Received Import Request.
  Time since last request: 0.000026 seconds.
  path: Packages/com.unity.services.deployment/Core/IDeploymentDefinitionService.cs
  artifactKey: Guid(f8aa49caa3e754719990ba1283821dac) Importer(2089858483,b0f066a214c2f5e87bad3c948f4d605d)
Start importing Packages/com.unity.services.deployment/Core/IDeploymentDefinitionService.cs using Guid(f8aa49caa3e754719990ba1283821dac) Importer(2089858483,b0f066a214c2f5e87bad3c948f4d605d) (ScriptedImporter) -> (artifact id: 'a3852a6d146a56336b966672f5d029a6') in 0.0190572 seconds
Number of updated asset objects reloaded before import = 0Number of asset objects unloaded after import = 0

========================================================================
Received Import Request.
  Time since last request: 0.000201 seconds.
  path: Packages/com.unity.purchasing/Runtime/Stores/BaseStore/Interfaces/IStoreInternal.cs
  artifactKey: Guid(1fb4cca4bf524381815e7df0e5a3887b) Importer(2089858483,b0f066a214c2f5e87bad3c948f4d605d)
Start importing Packages/com.unity.purchasing/Runtime/Stores/BaseStore/Interfaces/IStoreInternal.cs using Guid(1fb4cca4bf524381815e7df0e5a3887b) Importer(2089858483,b0f066a214c2f5e87bad3c948f4d605d) (ScriptedImporter) -> (artifact id: '1238a8503f4576acee71ac929dc5b9e5') in 0.0216816 seconds
Number of updated asset objects reloaded before import = 0Number of asset objects unloaded after import = 0

========================================================================
Received Import Request.
  Time since last request: 0.000709 seconds.
  path: Packages/com.unity.services.deployment/Editor/Logging/Logger.cs
  artifactKey: Guid(dc608e1c734c497fab890839c97341c7) Importer(2089858483,b0f066a214c2f5e87bad3c948f4d605d)
Start importing Packages/com.unity.services.deployment/Editor/Logging/Logger.cs using Guid(dc608e1c734c497fab890839c97341c7) Importer(2089858483,b0f066a214c2f5e87bad3c948f4d605d) (ScriptedImporter) -> (artifact id: 'acc0e992345cb33316d4be7af47917fc') in 0.0233911 seconds
Number of updated asset objects reloaded before import = 0Number of asset objects unloaded after import = 0

========================================================================
Received Import Request.
  Time since last request: 0.000030 seconds.
  path: Packages/com.unity.services.deployment/Editor/Interface/UI/Components/MultiSelect.cs
  artifactKey: Guid(0613b567e0c7941e1b21baf52c71fdf9) Importer(2089858483,b0f066a214c2f5e87bad3c948f4d605d)
Start importing Packages/com.unity.services.deployment/Editor/Interface/UI/Components/MultiSelect.cs using Guid(0613b567e0c7941e1b21baf52c71fdf9) Importer(2089858483,b0f066a214c2f5e87bad3c948f4d605d) (ScriptedImporter) -> (artifact id: '6ec1f9f2d6d9ed084f977b140b6588f8') in 0.0167186 seconds
Number of updated asset objects reloaded before import = 0Number of asset objects unloaded after import = 0

========================================================================
Received Import Request.
  Time since last request: 0.000138 seconds.
  path: Packages/com.unity.services.deployment/Editor/SyncWithRemote
  artifactKey: Guid(be174d707801446ab888cab1dd6ccd8e) Importer(2089858483,b0f066a214c2f5e87bad3c948f4d605d)
Start importing Packages/com.unity.services.deployment/Editor/SyncWithRemote using Guid(be174d707801446ab888cab1dd6ccd8e) Importer(2089858483,b0f066a214c2f5e87bad3c948f4d605d) (ScriptedImporter) -> (artifact id: '7eb1f7de2bf34d1bfa5d1a71b6b1bb30') in 0.0182638 seconds
Number of updated asset objects reloaded before import = 0Number of asset objects unloaded after import = 1

========================================================================
Received Import Request.
  Time since last request: 0.000038 seconds.
  path: Packages/com.unity.purchasing/Runtime/Purchasing/Core/Product/ProductServiceContainer.cs
  artifactKey: Guid(ced8f8650a619b44d823748d8dab8ae0) Importer(2089858483,b0f066a214c2f5e87bad3c948f4d605d)
Start importing Packages/com.unity.purchasing/Runtime/Purchasing/Core/Product/ProductServiceContainer.cs using Guid(ced8f8650a619b44d823748d8dab8ae0) Importer(2089858483,b0f066a214c2f5e87bad3c948f4d605d) (ScriptedImporter) -> (artifact id: '87192058df4a6292efb8ddedb4c19e3d') in 0.0159772 seconds
Number of updated asset objects reloaded before import = 0Number of asset objects unloaded after import = 0

========================================================================
Received Import Request.
  Time since last request: 0.000060 seconds.
  path: Packages/com.unity.purchasing/Runtime/Purchasing/Core/Purchasing/AppleAppStore/Extensions/UseCases/AppleRefreshAppReceiptUseCase.cs
  artifactKey: Guid(f3c33779d2544c44b8f25b3ebd83a321) Importer(2089858483,b0f066a214c2f5e87bad3c948f4d605d)
Start importing Packages/com.unity.purchasing/Runtime/Purchasing/Core/Purchasing/AppleAppStore/Extensions/UseCases/AppleRefreshAppReceiptUseCase.cs using Guid(f3c33779d2544c44b8f25b3ebd83a321) Importer(2089858483,b0f066a214c2f5e87bad3c948f4d605d) (ScriptedImporter) -> (artifact id: '68116b332843889a9177a1bf44f91b96') in 0.0178655 seconds
Number of updated asset objects reloaded before import = 0Number of asset objects unloaded after import = 0

========================================================================
Received Import Request.
  Time since last request: 0.000078 seconds.
  path: Packages/com.unity.services.deployment/Editor/Validation/DeploymentItemValidator.cs
  artifactKey: Guid(2e06d9963e454bdc8dd28a01e901059f) Importer(2089858483,b0f066a214c2f5e87bad3c948f4d605d)
Start importing Packages/com.unity.services.deployment/Editor/Validation/DeploymentItemValidator.cs using Guid(2e06d9963e454bdc8dd28a01e901059f) Importer(2089858483,b0f066a214c2f5e87bad3c948f4d605d) (ScriptedImporter) -> (artifact id: '2c2b867665dfdf9e66568dcc5f2c558a') in 0.018443 seconds
Number of updated asset objects reloaded before import = 0Number of asset objects unloaded after import = 0

========================================================================
Received Import Request.
  Time since last request: 0.000029 seconds.
  path: Packages/com.unity.services.deployment/Editor/Shared/DependencyInversion/Singleton.Gen.cs
  artifactKey: Guid(2b224d62cab274dc5b018515012e45b1) Importer(2089858483,b0f066a214c2f5e87bad3c948f4d605d)
Start importing Packages/com.unity.services.deployment/Editor/Shared/DependencyInversion/Singleton.Gen.cs using Guid(2b224d62cab274dc5b018515012e45b1) Importer(2089858483,b0f066a214c2f5e87bad3c948f4d605d) (ScriptedImporter) -> (artifact id: '0f52ec2e3d299a85ac95d9d52e4d586b') in 0.0171812 seconds
Number of updated asset objects reloaded before import = 0Number of asset objects unloaded after import = 0

========================================================================
Received Import Request.
  Time since last request: 0.000402 seconds.
  path: Packages/com.unity.purchasing/Runtime/Purchasing/Core/Purchasing/AppleAppStore/Extensions/UseCases
  artifactKey: Guid(8d6a6de3bd855fe4fa285daeb8919bd0) Importer(2089858483,b0f066a214c2f5e87bad3c948f4d605d)
Start importing Packages/com.unity.purchasing/Runtime/Purchasing/Core/Purchasing/AppleAppStore/Extensions/UseCases using Guid(8d6a6de3bd855fe4fa285daeb8919bd0) Importer(2089858483,b0f066a214c2f5e87bad3c948f4d605d) (ScriptedImporter) -> (artifact id: '7c6a6759e0e3e283caa0c4545bc12f77') in 0.0684095 seconds
Number of updated asset objects reloaded before import = 0Number of asset objects unloaded after import = 1

========================================================================
Received Import Request.
  Time since last request: 0.000865 seconds.
  path: Packages/com.unity.purchasing/Runtime/Purchasing/Core/Purchasing/AppleAppStore/Extensions/UseCases/Interfaces/IRefreshAppReceiptUseCase.cs
  artifactKey: Guid(6f184bf217554130870dd5feadb68683) Importer(2089858483,b0f066a214c2f5e87bad3c948f4d605d)
Start importing Packages/com.unity.purchasing/Runtime/Purchasing/Core/Purchasing/AppleAppStore/Extensions/UseCases/Interfaces/IRefreshAppReceiptUseCase.cs using Guid(6f184bf217554130870dd5feadb68683) Importer(2089858483,b0f066a214c2f5e87bad3c948f4d605d) (ScriptedImporter) -> (artifact id: '526c7b85b37c4a20ab93a29896783e45') in 0.0792409 seconds
Number of updated asset objects reloaded before import = 0Number of asset objects unloaded after import = 0

========================================================================
Received Import Request.
  Time since last request: 0.001973 seconds.
  path: Packages/com.unity.purchasing/Editor/Authoring/Model/RoutingAsset.cs
  artifactKey: Guid(89e32005b6074212b37f74efbcf46549) Importer(2089858483,b0f066a214c2f5e87bad3c948f4d605d)
Start importing Packages/com.unity.purchasing/Editor/Authoring/Model/RoutingAsset.cs using Guid(89e32005b6074212b37f74efbcf46549) Importer(2089858483,b0f066a214c2f5e87bad3c948f4d605d) (ScriptedImporter) -> (artifact id: '3232469ce855d4f55f90a473603ed8a8') in 0.065982 seconds
Number of updated asset objects reloaded before import = 0Number of asset objects unloaded after import = 0

========================================================================
Received Import Request.
  Time since last request: 0.002044 seconds.
  path: Packages/com.unity.purchasing/Runtime/Purchasing/PaymentOption/IPaymentOptionProvider.cs
  artifactKey: Guid(7a6e05944ad865a4896d986dd1382905) Importer(2089858483,b0f066a214c2f5e87bad3c948f4d605d)
Start importing Packages/com.unity.purchasing/Runtime/Purchasing/PaymentOption/IPaymentOptionProvider.cs using Guid(7a6e05944ad865a4896d986dd1382905) Importer(2089858483,b0f066a214c2f5e87bad3c948f4d605d) (ScriptedImporter) -> (artifact id: '3de9c59ee82a7cd7d4aafeaddbd51d87') in 0.0368073 seconds
Number of updated asset objects reloaded before import = 0Number of asset objects unloaded after import = 0

========================================================================
Received Import Request.
  Time since last request: 0.002111 seconds.
  path: Packages/com.unity.purchasing/Runtime/UnityPaymentProviders/Models
  artifactKey: Guid(ee5d764346e148de902c7c70d26a52fa) Importer(2089858483,b0f066a214c2f5e87bad3c948f4d605d)
Start importing Packages/com.unity.purchasing/Runtime/UnityPaymentProviders/Models using Guid(ee5d764346e148de902c7c70d26a52fa) Importer(2089858483,b0f066a214c2f5e87bad3c948f4d605d) (ScriptedImporter) -> (artifact id: 'af8ee94032a88f3bce9552fccd62f1f2') in 0.1131924 seconds
Number of updated asset objects reloaded before import = 0Number of asset objects unloaded after import = 1

========================================================================
Received Import Request.
  Time since last request: 0.000105 seconds.
  path: Packages/com.unity.purchasing/Editor/Authoring/PurchasingAdminApi/Client/Model/StripeConfiguration.cs
  artifactKey: Guid(c488c6d37b7db4e0383a208b5134a200) Importer(2089858483,b0f066a214c2f5e87bad3c948f4d605d)
Start importing Packages/com.unity.purchasing/Editor/Authoring/PurchasingAdminApi/Client/Model/StripeConfiguration.cs using Guid(c488c6d37b7db4e0383a208b5134a200) Importer(2089858483,b0f066a214c2f5e87bad3c948f4d605d) (ScriptedImporter) -> (artifact id: 'e50510cff99b8cea0c52b40b3b84b32e') in 0.0286735 seconds
Number of updated asset objects reloaded before import = 0Number of asset objects unloaded after import = 0

========================================================================
Received Import Request.
  Time since last request: 0.001331 seconds.
  path: Packages/com.unity.purchasing/Runtime/Purchasing/Telemetry/Diagnostics/TelemetryDiagnostics.cs
  artifactKey: Guid(a84a2636a2b84429b495cd03f0cc97cd) Importer(2089858483,b0f066a214c2f5e87bad3c948f4d605d)
Start importing Packages/com.unity.purchasing/Runtime/Purchasing/Telemetry/Diagnostics/TelemetryDiagnostics.cs using Guid(a84a2636a2b84429b495cd03f0cc97cd) Importer(2089858483,b0f066a214c2f5e87bad3c948f4d605d) (ScriptedImporter) -> (artifact id: '03d978a3c2259acbc0a6aeb6648dddc4') in 0.0222236 seconds
Number of updated asset objects reloaded before import = 0Number of asset objects unloaded after import = 0

========================================================================
Received Import Request.
  Time since last request: 0.000069 seconds.
  path: Packages/com.unity.services.deployment/Core/AssemblyInfo.cs
  artifactKey: Guid(487480d09f1a6473b9f2bb6731afc452) Importer(2089858483,b0f066a214c2f5e87bad3c948f4d605d)
Start importing Packages/com.unity.services.deployment/Core/AssemblyInfo.cs using Guid(487480d09f1a6473b9f2bb6731afc452) Importer(2089858483,b0f066a214c2f5e87bad3c948f4d605d) (ScriptedImporter) -> (artifact id: '947d71f5c6060af1fdcb001949c56a32') in 0.0205441 seconds
Number of updated asset objects reloaded before import = 0Number of asset objects unloaded after import = 0

========================================================================
Received Import Request.
  Time since last request: 0.000439 seconds.
  path: Packages/com.unity.purchasing/Editor/Authoring/UI/DeploymentConfigInspectorFooter/DeploymentConfigInspectorFooter.cs
  artifactKey: Guid(a92838357b6c85947bb300ec97d5a1c5) Importer(2089858483,b0f066a214c2f5e87bad3c948f4d605d)
Start importing Packages/com.unity.purchasing/Editor/Authoring/UI/DeploymentConfigInspectorFooter/DeploymentConfigInspectorFooter.cs using Guid(a92838357b6c85947bb300ec97d5a1c5) Importer(2089858483,b0f066a214c2f5e87bad3c948f4d605d) (ScriptedImporter) -> (artifact id: '69df78d96eabe36952418f9206ac43bc') in 0.0232616 seconds
Number of updated asset objects reloaded before import = 0Number of asset objects unloaded after import = 0

========================================================================
Received Import Request.
  Time since last request: 0.000104 seconds.
  path: Packages/com.unity.purchasing/Runtime/Stores/Data/Insights/Models/OrderData.cs
  artifactKey: Guid(564417a6fa364c29b67cf2e89060c0b3) Importer(2089858483,b0f066a214c2f5e87bad3c948f4d605d)
Start importing Packages/com.unity.purchasing/Runtime/Stores/Data/Insights/Models/OrderData.cs using Guid(564417a6fa364c29b67cf2e89060c0b3) Importer(2089858483,b0f066a214c2f5e87bad3c948f4d605d) (ScriptedImporter) -> (artifact id: '06acc853da48e2a45289a3a40e16a3d8') in 0.0180909 seconds
Number of updated asset objects reloaded before import = 0Number of asset objects unloaded after import = 0

========================================================================
Received Import Request.
  Time since last request: 0.000079 seconds.
  path: Packages/com.unity.purchasing/Runtime/Stores/Android/GooglePlay/AAR/Models/BillingClientBase.cs
  artifactKey: Guid(95247eba33544aed9a7a98503368491c) Importer(2089858483,b0f066a214c2f5e87bad3c948f4d605d)
Start importing Packages/com.unity.purchasing/Runtime/Stores/Android/GooglePlay/AAR/Models/BillingClientBase.cs using Guid(95247eba33544aed9a7a98503368491c) Importer(2089858483,b0f066a214c2f5e87bad3c948f4d605d) (ScriptedImporter) -> (artifact id: 'e41929fc6fd7f8eb083ea075c673a78e') in 0.0345904 seconds
Number of updated asset objects reloaded before import = 0Number of asset objects unloaded after import = 0

========================================================================
Received Import Request.
  Time since last request: 0.000653 seconds.
  path: Packages/com.unity.purchasing/Editor/Authoring/Model/CatalogCsvAssetImporter.cs
  artifactKey: Guid(f25f0c3bc225d4560979a7432d96796c) Importer(2089858483,b0f066a214c2f5e87bad3c948f4d605d)
Start importing Packages/com.unity.purchasing/Editor/Authoring/Model/CatalogCsvAssetImporter.cs using Guid(f25f0c3bc225d4560979a7432d96796c) Importer(2089858483,b0f066a214c2f5e87bad3c948f4d605d) (ScriptedImporter) -> (artifact id: '894c85c167cc235cb6fc9782e7d2f6d2') in 0.041263 seconds
Number of updated asset objects reloaded before import = 0Number of asset objects unloaded after import = 0

========================================================================
Received Import Request.
  Time since last request: 0.000436 seconds.
  path: Packages/com.unity.purchasing/Runtime/Purchasing/Core/Purchasing/Interfaces/Callbacks/IStorePurchaseFetchCallback.cs
  artifactKey: Guid(7e78f9a8f73610f44ba34639de1375bf) Importer(2089858483,b0f066a214c2f5e87bad3c948f4d605d)
Start importing Packages/com.unity.purchasing/Runtime/Purchasing/Core/Purchasing/Interfaces/Callbacks/IStorePurchaseFetchCallback.cs using Guid(7e78f9a8f73610f44ba34639de1375bf) Importer(2089858483,b0f066a214c2f5e87bad3c948f4d605d) (ScriptedImporter) -> (artifact id: '929cdb9d25f1546c458b9ce7a6c4935b') in 0.0184316 seconds
Number of updated asset objects reloaded before import = 0Number of asset objects unloaded after import = 0

========================================================================
Received Import Request.
  Time since last request: 0.000090 seconds.
  path: Packages/com.unity.services.deployment.api/package.json
  artifactKey: Guid(dd1e497f7b1fd1349b66ba9c4a1c5795) Importer(2089858483,b0f066a214c2f5e87bad3c948f4d605d)
Start importing Packages/com.unity.services.deployment.api/package.json using Guid(dd1e497f7b1fd1349b66ba9c4a1c5795) Importer(2089858483,b0f066a214c2f5e87bad3c948f4d605d) (ScriptedImporter) -> (artifact id: 'f238b5e6c9d8d63fdbeec9ea8c03a3fa') in 0.1225036 seconds
Number of updated asset objects reloaded before import = 0Number of asset objects unloaded after import = 1

========================================================================
Received Import Request.
  Time since last request: 0.000237 seconds.
  path: Packages/com.unity.purchasing/Runtime/Stores/Analytics/CoreAnalyticsAdapter.cs
  artifactKey: Guid(4d2b177ceba14d8c93d4a7f487980a82) Importer(2089858483,b0f066a214c2f5e87bad3c948f4d605d)
Start importing Packages/com.unity.purchasing/Runtime/Stores/Analytics/CoreAnalyticsAdapter.cs using Guid(4d2b177ceba14d8c93d4a7f487980a82) Importer(2089858483,b0f066a214c2f5e87bad3c948f4d605d) (ScriptedImporter) -> (artifact id: '535ea95de65cd9e4c58e00d1927939a7') in 0.0234205 seconds
Number of updated asset objects reloaded before import = 0Number of asset objects unloaded after import = 0

========================================================================
Received Import Request.
  Time since last request: 0.000363 seconds.
  path: Packages/com.unity.purchasing/Runtime/Purchasing/Stores/AppleAppStore/AppleFetchProductsService.cs
  artifactKey: Guid(15894c8c211942a8b8a83263bed39101) Importer(2089858483,b0f066a214c2f5e87bad3c948f4d605d)
Start importing Packages/com.unity.purchasing/Runtime/Purchasing/Stores/AppleAppStore/AppleFetchProductsService.cs using Guid(15894c8c211942a8b8a83263bed39101) Importer(2089858483,b0f066a214c2f5e87bad3c948f4d605d) (ScriptedImporter) -> (artifact id: 'feb2ff93b94183373e6097eeeb20cfeb') in 0.0296801 seconds
Number of updated asset objects reloaded before import = 0Number of asset objects unloaded after import = 0

========================================================================
Received Import Request.
  Time since last request: 0.000124 seconds.
  path: Packages/com.unity.purchasing/Runtime/Purchasing/Core/Store/Interfaces/Callbacks/IStoreConnectCallback.cs
  artifactKey: Guid(4ac2131b2b1c46b881d7d82d6756ba28) Importer(2089858483,b0f066a214c2f5e87bad3c948f4d605d)
Start importing Packages/com.unity.purchasing/Runtime/Purchasing/Core/Store/Interfaces/Callbacks/IStoreConnectCallback.cs using Guid(4ac2131b2b1c46b881d7d82d6756ba28) Importer(2089858483,b0f066a214c2f5e87bad3c948f4d605d) (ScriptedImporter) -> (artifact id: '6640fbd8b8be86d918067ee92226d769') in 0.0231287 seconds
Number of updated asset objects reloaded before import = 0Number of asset objects unloaded after import = 0

========================================================================
Received Import Request.
  Time since last request: 0.000418 seconds.
  path: Packages/com.unity.purchasing/Runtime/Purchasing/Core/Purchasing/AppleAppStore/Extensions/UseCases/Interfaces/IAppReceiptUseCase.cs
  artifactKey: Guid(56901242d9424049a2c7deb83d9e245d) Importer(2089858483,b0f066a214c2f5e87bad3c948f4d605d)
Start importing Packages/com.unity.purchasing/Runtime/Purchasing/Core/Purchasing/AppleAppStore/Extensions/UseCases/Interfaces/IAppReceiptUseCase.cs using Guid(56901242d9424049a2c7deb83d9e245d) Importer(2089858483,b0f066a214c2f5e87bad3c948f4d605d) (ScriptedImporter) -> (artifact id: 'fb4fe38b1eb0a153089ba4d8ccdfe7e8') in 0.032736 seconds
Number of updated asset objects reloaded before import = 0Number of asset objects unloaded after import = 0

========================================================================
Received Import Request.
  Time since last request: 0.000231 seconds.
  path: Packages/com.unity.purchasing/Runtime/Purchasing/PaymentOption/PurchaseOptionViewModel.cs
  artifactKey: Guid(c19da8d85fb6cc245b21ddd3dc574029) Importer(2089858483,b0f066a214c2f5e87bad3c948f4d605d)
Start importing Packages/com.unity.purchasing/Runtime/Purchasing/PaymentOption/PurchaseOptionViewModel.cs using Guid(c19da8d85fb6cc245b21ddd3dc574029) Importer(2089858483,b0f066a214c2f5e87bad3c948f4d605d) (ScriptedImporter) -> (artifact id: 'ce2a6b409975f761cc09bda7748c4752') in 0.017843 seconds
Number of updated asset objects reloaded before import = 0Number of asset objects unloaded after import = 0

========================================================================
Received Import Request.
  Time since last request: 0.000111 seconds.
  path: Packages/com.unity.purchasing/Runtime/Purchasing/Stores/PaymentProvider/PaymentProviderProductMetadata.cs
  artifactKey: Guid(067c5b32e3fd456abe2b5fe20b0873cd) Importer(2089858483,b0f066a214c2f5e87bad3c948f4d605d)
Start importing Packages/com.unity.purchasing/Runtime/Purchasing/Stores/PaymentProvider/PaymentProviderProductMetadata.cs using Guid(067c5b32e3fd456abe2b5fe20b0873cd) Importer(2089858483,b0f066a214c2f5e87bad3c948f4d605d) (ScriptedImporter) -> (artifact id: '872c335e081721f44b10f86f1498ceb5') in 0.020785 seconds
Number of updated asset objects reloaded before import = 0Number of asset objects unloaded after import = 0

========================================================================
Received Import Request.
  Time since last request: 0.000263 seconds.
  path: Packages/com.unity.purchasing/Editor/Shared/Analytics/CommonAnalyticEvent.Gen.cs
  artifactKey: Guid(cd58ff96df534cd9b389e0d3c55fbdb5) Importer(2089858483,b0f066a214c2f5e87bad3c948f4d605d)
Start importing Packages/com.unity.purchasing/Editor/Shared/Analytics/CommonAnalyticEvent.Gen.cs using Guid(cd58ff96df534cd9b389e0d3c55fbdb5) Importer(2089858483,b0f066a214c2f5e87bad3c948f4d605d) (ScriptedImporter) -> (artifact id: 'a398e7fe04cc76447909bd7f7aba909c') in 0.0240624 seconds
Number of updated asset objects reloaded before import = 0Number of asset objects unloaded after import = 0

========================================================================
Received Import Request.
  Time since last request: 0.000797 seconds.
  path: Packages/com.unity.purchasing/Runtime/Purchasing/Extension/Interfaces/IBaseCatalogProvider.cs
  artifactKey: Guid(980c1a07355543ad97d20b61ef0a51ff) Importer(2089858483,b0f066a214c2f5e87bad3c948f4d605d)
Start importing Packages/com.unity.purchasing/Runtime/Purchasing/Extension/Interfaces/IBaseCatalogProvider.cs using Guid(980c1a07355543ad97d20b61ef0a51ff) Importer(2089858483,b0f066a214c2f5e87bad3c948f4d605d) (ScriptedImporter) -> (artifact id: '6323c719c0d39f852b1b176773a2e57d') in 0.0239069 seconds
Number of updated asset objects reloaded before import = 0Number of asset objects unloaded after import = 0

========================================================================
Received Import Request.
  Time since last request: 0.000207 seconds.
  path: Packages/com.unity.services.deployment/Editor/DeploymentDefinitions/UI/Assets/DeploymentDefinitionEditorUi.uxml
  artifactKey: Guid(b0765eb6c649b43c58d39fb0b50d8a2c) Importer(2089858483,b0f066a214c2f5e87bad3c948f4d605d)
Start importing Packages/com.unity.services.deployment/Editor/DeploymentDefinitions/UI/Assets/DeploymentDefinitionEditorUi.uxml using Guid(b0765eb6c649b43c58d39fb0b50d8a2c) Importer(2089858483,b0f066a214c2f5e87bad3c948f4d605d) (ScriptedImporter) -> (artifact id: '0a0726f1a6e6b77f2e2c670dbc0bcfa8') in 0.0314015 seconds
Number of updated asset objects reloaded before import = 0Number of asset objects unloaded after import = 3

========================================================================
Received Import Request.
  Time since last request: 0.000026 seconds.
  path: Packages/com.unity.services.deployment.api/Editor/DeploymentWindowApi/IDeploymentItem.cs
  artifactKey: Guid(aaf02df631767324496f841328833bbf) Importer(2089858483,b0f066a214c2f5e87bad3c948f4d605d)
Start importing Packages/com.unity.services.deployment.api/Editor/DeploymentWindowApi/IDeploymentItem.cs using Guid(aaf02df631767324496f841328833bbf) Importer(2089858483,b0f066a214c2f5e87bad3c948f4d605d) (ScriptedImporter) -> (artifact id: '1926ca08564a0b7bb90718b24bf31649') in 0.0189147 seconds
Number of updated asset objects reloaded before import = 0Number of asset objects unloaded after import = 0

========================================================================
Received Import Request.
  Time since last request: 0.000253 seconds.
  path: Packages/com.unity.purchasing/Runtime/UnityWebshops/Client/Configuration
  artifactKey: Guid(d2d0aa461be1746c6ac0ca27ce98899b) Importer(2089858483,b0f066a214c2f5e87bad3c948f4d605d)
Start importing Packages/com.unity.purchasing/Runtime/UnityWebshops/Client/Configuration using Guid(d2d0aa461be1746c6ac0ca27ce98899b) Importer(2089858483,b0f066a214c2f5e87bad3c948f4d605d) (ScriptedImporter) -> (artifact id: 'd4a9bf2b86ce093bf4f4f33f19008192') in 0.0194611 seconds
Number of updated asset objects reloaded before import = 0Number of asset objects unloaded after import = 1

========================================================================
Received Import Request.
  Time since last request: 0.000775 seconds.
  path: Packages/com.unity.purchasing/Editor/Shared/DependencyInversion/Scope.Gen.cs
  artifactKey: Guid(6cb33f4846d944899ae470eb8386b918) Importer(2089858483,b0f066a214c2f5e87bad3c948f4d605d)
Start importing Packages/com.unity.purchasing/Editor/Shared/DependencyInversion/Scope.Gen.cs using Guid(6cb33f4846d944899ae470eb8386b918) Importer(2089858483,b0f066a214c2f5e87bad3c948f4d605d) (ScriptedImporter) -> (artifact id: '1dcce1f4ef73a7bab4afad4912e80477') in 0.0193598 seconds
Number of updated asset objects reloaded before import = 0Number of asset objects unloaded after import = 0

========================================================================
Received Import Request.
  Time since last request: 0.000213 seconds.
  path: Packages/com.unity.purchasing/Runtime/Purchasing/Core/Purchasing/PurchaseServiceFactoryManager.cs
  artifactKey: Guid(71c4f4a732e8f804e86f2c0a005a75ee) Importer(2089858483,b0f066a214c2f5e87bad3c948f4d605d)
Start importing Packages/com.unity.purchasing/Runtime/Purchasing/Core/Purchasing/PurchaseServiceFactoryManager.cs using Guid(71c4f4a732e8f804e86f2c0a005a75ee) Importer(2089858483,b0f066a214c2f5e87bad3c948f4d605d) (ScriptedImporter) -> (artifact id: 'c7c45bcd378c27d4a9445e60b9de1ff0') in 0.0171972 seconds
Number of updated asset objects reloaded before import = 0Number of asset objects unloaded after import = 0

========================================================================
Received Import Request.
  Time since last request: 0.000262 seconds.
  path: Packages/com.unity.purchasing/Runtime/Purchasing/Telemetry/Metrics/TelemetryMetricsInstanceWrapper.cs
  artifactKey: Guid(757df1bf595d4524a56504167404cbd1) Importer(2089858483,b0f066a214c2f5e87bad3c948f4d605d)
Start importing Packages/com.unity.purchasing/Runtime/Purchasing/Telemetry/Metrics/TelemetryMetricsInstanceWrapper.cs using Guid(757df1bf595d4524a56504167404cbd1) Importer(2089858483,b0f066a214c2f5e87bad3c948f4d605d) (ScriptedImporter) -> (artifact id: '31e15286f5e1e8a3d29e2990ce61cd47') in 0.0190919 seconds
Number of updated asset objects reloaded before import = 0Number of asset objects unloaded after import = 0

========================================================================
Received Import Request.
  Time since last request: 0.000536 seconds.
  path: Packages/com.unity.services.deployment/Editor/Interface/UI/Views/ViewBase.cs
  artifactKey: Guid(e88a29abe76914c5e97c740b15913b32) Importer(2089858483,b0f066a214c2f5e87bad3c948f4d605d)
Start importing Packages/com.unity.services.deployment/Editor/Interface/UI/Views/ViewBase.cs using Guid(e88a29abe76914c5e97c740b15913b32) Importer(2089858483,b0f066a214c2f5e87bad3c948f4d605d) (ScriptedImporter) -> (artifact id: '2571795e582477da8c70a20305e55e1d') in 0.0236036 seconds
Number of updated asset objects reloaded before import = 0Number of asset objects unloaded after import = 0

========================================================================
Received Import Request.
  Time since last request: 0.000799 seconds.
  path: Packages/com.unity.purchasing/Runtime/TransactionVerifier/Client/Models/BasicErrorResponse.cs
  artifactKey: Guid(5590e738cce7a4956b1c3ba034c9a10a) Importer(2089858483,b0f066a214c2f5e87bad3c948f4d605d)
Start importing Packages/com.unity.purchasing/Runtime/TransactionVerifier/Client/Models/BasicErrorResponse.cs using Guid(5590e738cce7a4956b1c3ba034c9a10a) Importer(2089858483,b0f066a214c2f5e87bad3c948f4d605d) (ScriptedImporter) -> (artifact id: 'c82b0f3e8e1c8ec5805bbeecc0887c98') in 0.0178491 seconds
Number of updated asset objects reloaded before import = 0Number of asset objects unloaded after import = 0

========================================================================
Received Import Request.
  Time since last request: 0.000096 seconds.
  path: Packages/com.unity.purchasing/Runtime/Purchasing/Stores/AppleAppStore/AppleFirebaseAnalyticsClient.cs
  artifactKey: Guid(99f79549f5a5b478a8b7398cb0b4562b) Importer(2089858483,b0f066a214c2f5e87bad3c948f4d605d)
Start importing Packages/com.unity.purchasing/Runtime/Purchasing/Stores/AppleAppStore/AppleFirebaseAnalyticsClient.cs using Guid(99f79549f5a5b478a8b7398cb0b4562b) Importer(2089858483,b0f066a214c2f5e87bad3c948f4d605d) (ScriptedImporter) -> (artifact id: '80bc4a17aa8fddf8998a249c229d8300') in 0.0238982 seconds
Number of updated asset objects reloaded before import = 0Number of asset objects unloaded after import = 0

========================================================================
Received Import Request.
  Time since last request: 0.001516 seconds.
  path: Packages/com.unity.purchasing/Runtime/Stores/Android/GooglePlay/AAR/Listeners/GoogleConsumeResponseListener.cs
  artifactKey: Guid(da7a34333ec1d4d7ba3f4ca3cf03de84) Importer(2089858483,b0f066a214c2f5e87bad3c948f4d605d)
Start importing Packages/com.unity.purchasing/Runtime/Stores/Android/GooglePlay/AAR/Listeners/GoogleConsumeResponseListener.cs using Guid(da7a34333ec1d4d7ba3f4ca3cf03de84) Importer(2089858483,b0f066a214c2f5e87bad3c948f4d605d) (ScriptedImporter) -> (artifact id: '2e5e83b3d9d980fd7d9b37c5ea025b29') in 0.0273215 seconds
Number of updated asset objects reloaded before import = 0Number of asset objects unloaded after import = 0

========================================================================
Received Import Request.
  Time since last request: 0.000240 seconds.
  path: Packages/com.unity.services.deployment/CHANGELOG.md
  artifactKey: Guid(5c3856f0a443e4372b4f7e7c5d34fff4) Importer(2089858483,b0f066a214c2f5e87bad3c948f4d605d)
Start importing Packages/com.unity.services.deployment/CHANGELOG.md using Guid(5c3856f0a443e4372b4f7e7c5d34fff4) Importer(2089858483,b0f066a214c2f5e87bad3c948f4d605d) (ScriptedImporter) -> (artifact id: '45c62415d3cfd1d01609769acb3ee7ce') in 0.0311448 seconds
Number of updated asset objects reloaded before import = 0Number of asset objects unloaded after import = 1

========================================================================
Received Import Request.
  Time since last request: 0.000431 seconds.
  path: Packages/com.unity.purchasing/Runtime/Purchasing/PaymentOption/Resources/com.unity.purchasing/Brands/AppleInAppPurchase1lnWhite.png
  artifactKey: Guid(1f92448d554f040cc94ad62b9bdb0508) Importer(2089858483,b0f066a214c2f5e87bad3c948f4d605d)
Start importing Packages/com.unity.purchasing/Runtime/Purchasing/PaymentOption/Resources/com.unity.purchasing/Brands/AppleInAppPurchase1lnWhite.png using Guid(1f92448d554f040cc94ad62b9bdb0508) Importer(2089858483,b0f066a214c2f5e87bad3c948f4d605d) (ScriptedImporter) -> (artifact id: '6ef4d555d40ecbded6ea564d0d6dd1fd') in 0.0914006 seconds
Number of updated asset objects reloaded before import = 0Number of asset objects unloaded after import = 17

========================================================================
Received Import Request.
  Time since last request: 0.000032 seconds.
  path: Packages/com.unity.purchasing/Editor/ServiceProjectSettings/Entity/IapEditorProjectSettings.cs
  artifactKey: Guid(fdd636edd81734ba3906bef7cfbb0cbc) Importer(2089858483,b0f066a214c2f5e87bad3c948f4d605d)
Start importing Packages/com.unity.purchasing/Editor/ServiceProjectSettings/Entity/IapEditorProjectSettings.cs using Guid(fdd636edd81734ba3906bef7cfbb0cbc) Importer(2089858483,b0f066a214c2f5e87bad3c948f4d605d) (ScriptedImporter) -> (artifact id: 'c9b937f02570ca565bd6c694d0d865ea') in 0.0175944 seconds
Number of updated asset objects reloaded before import = 0Number of asset objects unloaded after import = 0

========================================================================
Received Import Request.
  Time since last request: 0.000040 seconds.
  path: Packages/com.unity.purchasing/Editor/Authoring/PurchasingAdminApi/Client/Model/BadRequestErrorResponse.cs
  artifactKey: Guid(2107a609362bb4412affbc893910fd40) Importer(2089858483,b0f066a214c2f5e87bad3c948f4d605d)
Start importing Packages/com.unity.purchasing/Editor/Authoring/PurchasingAdminApi/Client/Model/BadRequestErrorResponse.cs using Guid(2107a609362bb4412affbc893910fd40) Importer(2089858483,b0f066a214c2f5e87bad3c948f4d605d) (ScriptedImporter) -> (artifact id: '39c09e8c3c9c8e4fdf7c5518583f79b2') in 0.0216313 seconds
Number of updated asset objects reloaded before import = 0Number of asset objects unloaded after import = 0

========================================================================
Received Import Request.
  Time since last request: 0.000028 seconds.
  path: Packages/com.unity.purchasing/Runtime/TransactionVerifier/Unity.Purchasing.TransactionVerifier.asmdef
  artifactKey: Guid(93cae6db0a5b749a6ba29e4952552ff6) Importer(2089858483,b0f066a214c2f5e87bad3c948f4d605d)
Start importing Packages/com.unity.purchasing/Runtime/TransactionVerifier/Unity.Purchasing.TransactionVerifier.asmdef using Guid(93cae6db0a5b749a6ba29e4952552ff6) Importer(2089858483,b0f066a214c2f5e87bad3c948f4d605d) (ScriptedImporter) -> (artifact id: '186f8c3d4227f15270690d7d230e682a') in 0.1225924 seconds
Number of updated asset objects reloaded before import = 0Number of asset objects unloaded after import = 1

========================================================================
Received Import Request.
  Time since last request: 0.000062 seconds.
  path: Packages/com.unity.purchasing/Editor/Authoring/Core/Model/CsvSchemaAttributes.cs
  artifactKey: Guid(01c5b344a19e247c6a3458185185a42f) Importer(2089858483,b0f066a214c2f5e87bad3c948f4d605d)
Start importing Packages/com.unity.purchasing/Editor/Authoring/Core/Model/CsvSchemaAttributes.cs using Guid(01c5b344a19e247c6a3458185185a42f) Importer(2089858483,b0f066a214c2f5e87bad3c948f4d605d) (ScriptedImporter) -> (artifact id: 'b77ae3d834be3021fcc7407d1ba6c204') in 0.0157605 seconds
Number of updated asset objects reloaded before import = 0Number of asset objects unloaded after import = 0

========================================================================
Received Import Request.
  Time since last request: 0.000305 seconds.
  path: Packages/com.unity.purchasing/Runtime/Purchasing/Core/Purchasing/AppleAppStore/Extensions/UseCases/Interfaces/ISetPromotionalPurchaseInterceptorCallbackUseCase.cs
  artifactKey: Guid(a3f0c302b5f2412db28187563816e4df) Importer(2089858483,b0f066a214c2f5e87bad3c948f4d605d)
Start importing Packages/com.unity.purchasing/Runtime/Purchasing/Core/Purchasing/AppleAppStore/Extensions/UseCases/Interfaces/ISetPromotionalPurchaseInterceptorCallbackUseCase.cs using Guid(a3f0c302b5f2412db28187563816e4df) Importer(2089858483,b0f066a214c2f5e87bad3c948f4d605d) (ScriptedImporter) -> (artifact id: '0e4f116ec87392f9aaf89952a7a429fd') in 0.0164801 seconds
Number of updated asset objects reloaded before import = 0Number of asset objects unloaded after import = 0

========================================================================
Received Import Request.
  Time since last request: 0.000108 seconds.
  path: Packages/com.unity.purchasing/Runtime/Purchasing/Core/Purchasing/CartValidation/MultipleConsumableQuantityCartValidator.cs
  artifactKey: Guid(f2a2790925c7466ca2dbaf7143e53c27) Importer(2089858483,b0f066a214c2f5e87bad3c948f4d605d)
Start importing Packages/com.unity.purchasing/Runtime/Purchasing/Core/Purchasing/CartValidation/MultipleConsumableQuantityCartValidator.cs using Guid(f2a2790925c7466ca2dbaf7143e53c27) Importer(2089858483,b0f066a214c2f5e87bad3c948f4d605d) (ScriptedImporter) -> (artifact id: '79fcf4f986be01e7e57dbc13d69674f4') in 0.0158203 seconds
Number of updated asset objects reloaded before import = 0Number of asset objects unloaded after import = 0

========================================================================
Received Import Request.
  Time since last request: 0.000097 seconds.
  path: Packages/com.unity.purchasing/Runtime/Apple/AssemblyInfo.cs
  artifactKey: Guid(bd713fe3326640a899cfe32f8419aecf) Importer(2089858483,b0f066a214c2f5e87bad3c948f4d605d)
Start importing Packages/com.unity.purchasing/Runtime/Apple/AssemblyInfo.cs using Guid(bd713fe3326640a899cfe32f8419aecf) Importer(2089858483,b0f066a214c2f5e87bad3c948f4d605d) (ScriptedImporter) -> (artifact id: 'f0be7989df10d67b743153ef0c9861e7') in 0.0152598 seconds
Number of updated asset objects reloaded before import = 0Number of asset objects unloaded after import = 0

========================================================================
Received Import Request.
  Time since last request: 0.000029 seconds.
  path: Packages/com.unity.purchasing/Editor/Authoring/Deployment/DeploymentItemForwarder.cs
  artifactKey: Guid(d2cfad9f7b27410388aa3dbe921b987c) Importer(2089858483,b0f066a214c2f5e87bad3c948f4d605d)
Start importing Packages/com.unity.purchasing/Editor/Authoring/Deployment/DeploymentItemForwarder.cs using Guid(d2cfad9f7b27410388aa3dbe921b987c) Importer(2089858483,b0f066a214c2f5e87bad3c948f4d605d) (ScriptedImporter) -> (artifact id: '395065bbdb1ae6ff96b2ffc687592a8d') in 0.018166 seconds
Number of updated asset objects reloaded before import = 0Number of asset objects unloaded after import = 0

========================================================================
Received Import Request.
  Time since last request: 0.000066 seconds.
  path: Packages/com.unity.purchasing/Runtime/Stores/Android/GooglePlay/AAR/Listeners/BillingProgramReportingDetailsListener.cs
  artifactKey: Guid(5269121fc41343009a8644d6b34b5b9e) Importer(2089858483,b0f066a214c2f5e87bad3c948f4d605d)
Start importing Packages/com.unity.purchasing/Runtime/Stores/Android/GooglePlay/AAR/Listeners/BillingProgramReportingDetailsListener.cs using Guid(5269121fc41343009a8644d6b34b5b9e) Importer(2089858483,b0f066a214c2f5e87bad3c948f4d605d) (ScriptedImporter) -> (artifact id: '4c600922fa3903efc4f1a2eb3fbfaa79') in 0.0153693 seconds
Number of updated asset objects reloaded before import = 0Number of asset objects unloaded after import = 0

========================================================================
Received Import Request.
  Time since last request: 0.000083 seconds.
  path: Packages/com.unity.purchasing/Runtime/Purchasing/Core/Store/Models
  artifactKey: Guid(fb1fa6771e92ea749954bbf15ecb7a26) Importer(2089858483,b0f066a214c2f5e87bad3c948f4d605d)
Start importing Packages/com.unity.purchasing/Runtime/Purchasing/Core/Store/Models using Guid(fb1fa6771e92ea749954bbf15ecb7a26) Importer(2089858483,b0f066a214c2f5e87bad3c948f4d605d) (ScriptedImporter) -> (artifact id: '60e7d465a95f67c0c936744e0a02a659') in 0.0167796 seconds
Number of updated asset objects reloaded before import = 0Number of asset objects unloaded after import = 1

========================================================================
Received Import Request.
  Time since last request: 0.000047 seconds.
  path: Packages/com.unity.purchasing/Runtime/Stores/Analytics/Interfaces
  artifactKey: Guid(98140e6db74d36145b91ba411d87032c) Importer(2089858483,b0f066a214c2f5e87bad3c948f4d605d)
Start importing Packages/com.unity.purchasing/Runtime/Stores/Analytics/Interfaces using Guid(98140e6db74d36145b91ba411d87032c) Importer(2089858483,b0f066a214c2f5e87bad3c948f4d605d) (ScriptedImporter) -> (artifact id: 'bf2380ef7423a6b2e908ecfcb79a1587') in 0.0141694 seconds
Number of updated asset objects reloaded before import = 0Number of asset objects unloaded after import = 1

========================================================================
Received Import Request.
  Time since last request: 0.000047 seconds.
  path: Packages/com.unity.purchasing/Runtime/Purchasing/Telemetry/Metrics/TelemetryMetricDefinitions.cs
  artifactKey: Guid(d4c484718cfa4b7d9ae7ac7e00b6bee2) Importer(2089858483,b0f066a214c2f5e87bad3c948f4d605d)
Start importing Packages/com.unity.purchasing/Runtime/Purchasing/Telemetry/Metrics/TelemetryMetricDefinitions.cs using Guid(d4c484718cfa4b7d9ae7ac7e00b6bee2) Importer(2089858483,b0f066a214c2f5e87bad3c948f4d605d) (ScriptedImporter) -> (artifact id: '11fcc9a4e05ed9f5ff6f1efb9ef12ed8') in 0.0174601 seconds
Number of updated asset objects reloaded before import = 0Number of asset objects unloaded after import = 0

========================================================================
Received Import Request.
  Time since last request: 0.000073 seconds.
  path: Packages/com.unity.purchasing/Runtime/Security/AssemblyInfo.cs
  artifactKey: Guid(6e9bc469440084509aad36c08f60fc79) Importer(2089858483,b0f066a214c2f5e87bad3c948f4d605d)
Start importing Packages/com.unity.purchasing/Runtime/Security/AssemblyInfo.cs using Guid(6e9bc469440084509aad36c08f60fc79) Importer(2089858483,b0f066a214c2f5e87bad3c948f4d605d) (ScriptedImporter) -> (artifact id: '8d391c900bf5453ed8bd8dd84899f6f7') in 0.0178026 seconds
Number of updated asset objects reloaded before import = 0Number of asset objects unloaded after import = 0

========================================================================
Received Import Request.
  Time since last request: 0.000083 seconds.
  path: Packages/com.unity.services.deployment/Editor/Interface/UI/Assets/Icons/Deployment.png
  artifactKey: Guid(b0bd3d6c41993426e9b7ab2763372de5) Importer(2089858483,b0f066a214c2f5e87bad3c948f4d605d)
Start importing Packages/com.unity.services.deployment/Editor/Interface/UI/Assets/Icons/Deployment.png using Guid(b0bd3d6c41993426e9b7ab2763372de5) Importer(2089858483,b0f066a214c2f5e87bad3c948f4d605d) (ScriptedImporter) -> (artifact id: '5e739d492a89ddd0cae03eb8bed0e6f4') in 0.0316229 seconds
Number of updated asset objects reloaded before import = 0Number of asset objects unloaded after import = 1

========================================================================
Received Import Request.
  Time since last request: 0.000943 seconds.
  path: Packages/com.unity.purchasing/Runtime/UnityPaymentProviders/Client/Http/DeserializationSettings.cs
  artifactKey: Guid(fa8d1340cc9034b39828e8d2ce57a1e1) Importer(2089858483,b0f066a214c2f5e87bad3c948f4d605d)
Start importing Packages/com.unity.purchasing/Runtime/UnityPaymentProviders/Client/Http/DeserializationSettings.cs using Guid(fa8d1340cc9034b39828e8d2ce57a1e1) Importer(2089858483,b0f066a214c2f5e87bad3c948f4d605d) (ScriptedImporter) -> (artifact id: '37b4d4e201c3de94c981c2efc4f33371') in 0.0292511 seconds
Number of updated asset objects reloaded before import = 0Number of asset objects unloaded after import = 0

========================================================================
Received Import Request.
  Time since last request: 0.000029 seconds.
  path: Packages/com.unity.purchasing/Editor/Authoring/Core/Model/ProviderRoutingConfig.cs
  artifactKey: Guid(f9058d694f544275b09f2cb0060a8559) Importer(2089858483,b0f066a214c2f5e87bad3c948f4d605d)
Start importing Packages/com.unity.purchasing/Editor/Authoring/Core/Model/ProviderRoutingConfig.cs using Guid(f9058d694f544275b09f2cb0060a8559) Importer(2089858483,b0f066a214c2f5e87bad3c948f4d605d) (ScriptedImporter) -> (artifact id: 'b65083736112001b43be48e1f28761f7') in 0.0200836 seconds
Number of updated asset objects reloaded before import = 0Number of asset objects unloaded after import = 0

========================================================================
Received Import Request.
  Time since last request: 0.001434 seconds.
  path: Packages/com.unity.purchasing/Editor/Authoring/UI/DeploymentConfigInspectorFooter/Assets
  artifactKey: Guid(ad9d869ab909b7942845b8ac3159a202) Importer(2089858483,b0f066a214c2f5e87bad3c948f4d605d)
Start importing Packages/com.unity.purchasing/Editor/Authoring/UI/DeploymentConfigInspectorFooter/Assets using Guid(ad9d869ab909b7942845b8ac3159a202) Importer(2089858483,b0f066a214c2f5e87bad3c948f4d605d) (ScriptedImporter) -> (artifact id: '6c9d6f4cc720812de0cc2227e10e1f94') in 0.017434 seconds
Number of updated asset objects reloaded before import = 0Number of asset objects unloaded after import = 1

========================================================================
Received Import Request.
  Time since last request: 0.000072 seconds.
  path: Packages/com.unity.purchasing/AiAssistantSkills/in-app-purchases/references/convert-revenuecat.md
  artifactKey: Guid(0a648d67d0fc5a04296a777d3dfd1f54) Importer(2089858483,b0f066a214c2f5e87bad3c948f4d605d)
Start importing Packages/com.unity.purchasing/AiAssistantSkills/in-app-purchases/references/convert-revenuecat.md using Guid(0a648d67d0fc5a04296a777d3dfd1f54) Importer(2089858483,b0f066a214c2f5e87bad3c948f4d605d) (ScriptedImporter) -> (artifact id: '2e626593eb1e2a022cc474ddb50abbab') in 0.0166305 seconds
Number of updated asset objects reloaded before import = 0Number of asset objects unloaded after import = 1

========================================================================
Received Import Request.
  Time since last request: 0.000026 seconds.
  path: Packages/com.unity.purchasing/Runtime/UnityWebshops/Client/Apis/WebshopLinkApiRequests.cs
  artifactKey: Guid(cff2d0d30a0d74f97808e2a302fafd51) Importer(2089858483,b0f066a214c2f5e87bad3c948f4d605d)
Start importing Packages/com.unity.purchasing/Runtime/UnityWebshops/Client/Apis/WebshopLinkApiRequests.cs using Guid(cff2d0d30a0d74f97808e2a302fafd51) Importer(2089858483,b0f066a214c2f5e87bad3c948f4d605d) (ScriptedImporter) -> (artifact id: 'bbf612f670decc7ef591d14fe7643421') in 0.0166427 seconds
Number of updated asset objects reloaded before import = 0Number of asset objects unloaded after import = 0

========================================================================
Received Import Request.
  Time since last request: 0.000280 seconds.
  path: Packages/com.unity.purchasing/Runtime/Stores/Android/GooglePlay/AAR/Models/BillingClient.cs
  artifactKey: Guid(e8e7a267538ea43a19abb3a435a86e36) Importer(2089858483,b0f066a214c2f5e87bad3c948f4d605d)
Start importing Packages/com.unity.purchasing/Runtime/Stores/Android/GooglePlay/AAR/Models/BillingClient.cs using Guid(e8e7a267538ea43a19abb3a435a86e36) Importer(2089858483,b0f066a214c2f5e87bad3c948f4d605d) (ScriptedImporter) -> (artifact id: 'b4818c449cee7b79dbb91b0884a33857') in 0.0182344 seconds
Number of updated asset objects reloaded before import = 0Number of asset objects unloaded after import = 0

========================================================================
Received Import Request.
  Time since last request: 0.000026 seconds.
  path: Packages/com.unity.purchasing/Editor/Authoring/Import/UI/Assets/CatalogImportWindow.uss
  artifactKey: Guid(618f860a278c43e099ac48e898c78249) Importer(2089858483,b0f066a214c2f5e87bad3c948f4d605d)
Start importing Packages/com.unity.purchasing/Editor/Authoring/Import/UI/Assets/CatalogImportWindow.uss using Guid(618f860a278c43e099ac48e898c78249) Importer(2089858483,b0f066a214c2f5e87bad3c948f4d605d) (ScriptedImporter) -> (artifact id: 'f4f74c6a563b6ae13e28eb3fd3d546fd') in 0.0929067 seconds
Number of updated asset objects reloaded before import = 0Number of asset objects unloaded after import = 2

========================================================================
Received Import Request.
  Time since last request: 0.000835 seconds.
  path: Packages/com.unity.purchasing/Plugins/UnityPurchasing/iOS/UnityAttribution
  artifactKey: Guid(1c5b46e68190840a099927988f4ec301) Importer(2089858483,b0f066a214c2f5e87bad3c948f4d605d)
Start importing Packages/com.unity.purchasing/Plugins/UnityPurchasing/iOS/UnityAttribution using Guid(1c5b46e68190840a099927988f4ec301) Importer(2089858483,b0f066a214c2f5e87bad3c948f4d605d) (ScriptedImporter) -> (artifact id: 'a6a01d36073ac986f6e23bc748aa1679') in 0.0567736 seconds
Number of updated asset objects reloaded before import = 0Number of asset objects unloaded after import = 1

========================================================================
Received Import Request.
  Time since last request: 0.002677 seconds.
  path: Packages/com.unity.purchasing/Runtime/Purchasing/Legacy/Configurations/StoreConfiguration.cs
  artifactKey: Guid(2141614c07584271ab2cf1fcc8eaefee) Importer(2089858483,b0f066a214c2f5e87bad3c948f4d605d)
Start importing Packages/com.unity.purchasing/Runtime/Purchasing/Legacy/Configurations/StoreConfiguration.cs using Guid(2141614c07584271ab2cf1fcc8eaefee) Importer(2089858483,b0f066a214c2f5e87bad3c948f4d605d) (ScriptedImporter) -> (artifact id: 'cd791bc7fc24342a25604746ea20ae5d') in 0.0411951 seconds
Number of updated asset objects reloaded before import = 0Number of asset objects unloaded after import = 0

========================================================================
Received Import Request.
  Time since last request: 0.005647 seconds.
  path: Packages/com.unity.purchasing/Plugins/UnityPurchasing/iOS/SK2/UseCases/TransactionObserverUseCase.swift
  artifactKey: Guid(8a5897e2d5fa042e7bba856179e508fd) Importer(2089858483,b0f066a214c2f5e87bad3c948f4d605d)
Start importing Packages/com.unity.purchasing/Plugins/UnityPurchasing/iOS/SK2/UseCases/TransactionObserverUseCase.swift using Guid(8a5897e2d5fa042e7bba856179e508fd) Importer(2089858483,b0f066a214c2f5e87bad3c948f4d605d) (ScriptedImporter) -> (artifact id: 'b856e483b1312acd553db76d9ae372ec') in 0.0548847 seconds
Number of updated asset objects reloaded before import = 0Number of asset objects unloaded after import = 0

========================================================================
Received Import Request.
  Time since last request: 0.001069 seconds.
  path: Packages/com.unity.purchasing/Editor/Shared/DependencyInversion
  artifactKey: Guid(04d61556b7cf469b9f797f5e3f982017) Importer(2089858483,b0f066a214c2f5e87bad3c948f4d605d)
Start importing Packages/com.unity.purchasing/Editor/Shared/DependencyInversion using Guid(04d61556b7cf469b9f797f5e3f982017) Importer(2089858483,b0f066a214c2f5e87bad3c948f4d605d) (ScriptedImporter) -> (artifact id: '2a892522998da2dcf9c053542323de87') in 0.1248714 seconds
Number of updated asset objects reloaded before import = 0Number of asset objects unloaded after import = 1

========================================================================
Received Import Request.
  Time since last request: 0.000103 seconds.
  path: Packages/com.unity.purchasing/Runtime/Purchasing/StoreSpecificIds.cs
  artifactKey: Guid(54ca8d1185ac4db4a5fbfa37b9b744ef) Importer(2089858483,b0f066a214c2f5e87bad3c948f4d605d)
Start importing Packages/com.unity.purchasing/Runtime/Purchasing/StoreSpecificIds.cs using Guid(54ca8d1185ac4db4a5fbfa37b9b744ef) Importer(2089858483,b0f066a214c2f5e87bad3c948f4d605d) (ScriptedImporter) -> (artifact id: '163bae077fc91817afbcc78031180290') in 0.0366745 seconds
Number of updated asset objects reloaded before import = 0Number of asset objects unloaded after import = 0

========================================================================
Received Import Request.
  Time since last request: 0.002124 seconds.
  path: Packages/com.unity.purchasing/Runtime/UnityPaymentProviders/Client/Models/OrderResponse.cs
  artifactKey: Guid(babc19317f6b74790b1b3eda4d7e4688) Importer(2089858483,b0f066a214c2f5e87bad3c948f4d605d)
Start importing Packages/com.unity.purchasing/Runtime/UnityPaymentProviders/Client/Models/OrderResponse.cs using Guid(babc19317f6b74790b1b3eda4d7e4688) Importer(2089858483,b0f066a214c2f5e87bad3c948f4d605d) (ScriptedImporter) -> (artifact id: '0e33085920370baf3503d528c65a95fe') in 0.0564279 seconds
Number of updated asset objects reloaded before import = 0Number of asset objects unloaded after import = 0

========================================================================
Received Import Request.
  Time since last request: 0.001009 seconds.
  path: Packages/com.unity.purchasing/Runtime/Stores/Data/Insights/Models/PlayerIdentity.cs
  artifactKey: Guid(7eac5ffd9fb84e06b626c1562ae7752f) Importer(2089858483,b0f066a214c2f5e87bad3c948f4d605d)
Start importing Packages/com.unity.purchasing/Runtime/Stores/Data/Insights/Models/PlayerIdentity.cs using Guid(7eac5ffd9fb84e06b626c1562ae7752f) Importer(2089858483,b0f066a214c2f5e87bad3c948f4d605d) (ScriptedImporter) -> (artifact id: '3cb1aa9833c59df678755caf5256b405') in 0.0479602 seconds
Number of updated asset objects reloaded before import = 0Number of asset objects unloaded after import = 0

========================================================================
Received Import Request.
  Time since last request: 0.000131 seconds.
  path: Packages/com.unity.purchasing/Runtime/Stores/Android/GooglePlay/AAR/Interfaces/IGooglePurchaseStateEnumProvider.cs
  artifactKey: Guid(363f99239cb5428288571d45851dc72b) Importer(2089858483,b0f066a214c2f5e87bad3c948f4d605d)
Start importing Packages/com.unity.purchasing/Runtime/Stores/Android/GooglePlay/AAR/Interfaces/IGooglePurchaseStateEnumProvider.cs using Guid(363f99239cb5428288571d45851dc72b) Importer(2089858483,b0f066a214c2f5e87bad3c948f4d605d) (ScriptedImporter) -> (artifact id: '40cf8082f8936a3e48e6e36e5dcbdae1') in 0.0303911 seconds
Number of updated asset objects reloaded before import = 0Number of asset objects unloaded after import = 0

========================================================================
Received Import Request.
  Time since last request: 0.000069 seconds.
  path: Packages/com.unity.services.deployment/Editor/Interface/UI/Assets/Icons/Warning.png
  artifactKey: Guid(f7341c10e04b4ed1a81ae3b8d64d535b) Importer(2089858483,b0f066a214c2f5e87bad3c948f4d605d)
Start importing Packages/com.unity.services.deployment/Editor/Interface/UI/Assets/Icons/Warning.png using Guid(f7341c10e04b4ed1a81ae3b8d64d535b) Importer(2089858483,b0f066a214c2f5e87bad3c948f4d605d) (ScriptedImporter) -> (artifact id: '8e7ab4945ad612d1387ae3dbca0f342d') in 0.1033407 seconds
Number of updated asset objects reloaded before import = 0Number of asset objects unloaded after import = 1

========================================================================
Received Import Request.
  Time since last request: 0.000051 seconds.
  path: Packages/com.unity.microsoft.gdk/Runtime/Interop/XNetworkingInterop.cs
  artifactKey: Guid(a56608b8e2527c340b5054b508b902d6) Importer(2089858483,b0f066a214c2f5e87bad3c948f4d605d)
Start importing Packages/com.unity.microsoft.gdk/Runtime/Interop/XNetworkingInterop.cs using Guid(a56608b8e2527c340b5054b508b902d6) Importer(2089858483,b0f066a214c2f5e87bad3c948f4d605d) (ScriptedImporter) -> (artifact id: '2ae157f43aff6b599d1983ac5b2b9b67') in 0.0420293 seconds
Number of updated asset objects reloaded before import = 0Number of asset objects unloaded after import = 0

========================================================================
Received Import Request.
  Time since last request: 0.000034 seconds.
  path: Packages/com.unity.purchasing/Editor/Shared/Assets/ObservableAssets.Gen.cs
  artifactKey: Guid(a9057924d29c47b5b1f77bfd709331a9) Importer(2089858483,b0f066a214c2f5e87bad3c948f4d605d)
Start importing Packages/com.unity.purchasing/Editor/Shared/Assets/ObservableAssets.Gen.cs using Guid(a9057924d29c47b5b1f77bfd709331a9) Importer(2089858483,b0f066a214c2f5e87bad3c948f4d605d) (ScriptedImporter) -> (artifact id: '7d35cc0a34d532020f9960daf86e75c6') in 0.0189177 seconds
Number of updated asset objects reloaded before import = 0Number of asset objects unloaded after import = 0

========================================================================
Received Import Request.
  Time since last request: 0.000298 seconds.
  path: Packages/com.unity.microsoft.gdk/Runtime/XBL/SocialManager/XblSocialManagerUser.cs
  artifactKey: Guid(df974df7e87e4f2fa0ab4096e9eca287) Importer(2089858483,b0f066a214c2f5e87bad3c948f4d605d)
Start importing Packages/com.unity.microsoft.gdk/Runtime/XBL/SocialManager/XblSocialManagerUser.cs using Guid(df974df7e87e4f2fa0ab4096e9eca287) Importer(2089858483,b0f066a214c2f5e87bad3c948f4d605d) (ScriptedImporter) -> (artifact id: '975bf0b64e3c47232e8bfc79ce6b5bec') in 0.0267161 seconds
Number of updated asset objects reloaded before import = 0Number of asset objects unloaded after import = 0

========================================================================
Received Import Request.
  Time since last request: 0.000160 seconds.
  path: Packages/com.unity.purchasing/Plugins/UnityPurchasing/iOS/SK2/Responses/ProductResponse.swift
  artifactKey: Guid(335c41bf132ed45a2b43e49c40f3e9d2) Importer(2089858483,b0f066a214c2f5e87bad3c948f4d605d)
Start importing Packages/com.unity.purchasing/Plugins/UnityPurchasing/iOS/SK2/Responses/ProductResponse.swift using Guid(335c41bf132ed45a2b43e49c40f3e9d2) Importer(2089858483,b0f066a214c2f5e87bad3c948f4d605d) (ScriptedImporter) -> (artifact id: 'f2a072f0ecc961a7390e489c43df3b58') in 0.0385185 seconds
Number of updated asset objects reloaded before import = 0Number of asset objects unloaded after import = 0

========================================================================
Received Import Request.
  Time since last request: 0.006020 seconds.
  path: Packages/com.unity.purchasing/Runtime/Purchasing/Legacy/ConfigurationBuilder.cs
  artifactKey: Guid(ec5bb1e92a964dbcb29b5a332c336316) Importer(2089858483,b0f066a214c2f5e87bad3c948f4d605d)
Start importing Packages/com.unity.purchasing/Runtime/Purchasing/Legacy/ConfigurationBuilder.cs using Guid(ec5bb1e92a964dbcb29b5a332c336316) Importer(2089858483,b0f066a214c2f5e87bad3c948f4d605d) (ScriptedImporter) -> (artifact id: '9a122f359225fd444dde4756ec04496b') in 0.0295522 seconds
Number of updated asset objects reloaded before import = 0Number of asset objects unloaded after import = 0

========================================================================
Received Import Request.
  Time since last request: 0.000026 seconds.
  path: Packages/com.unity.microsoft.gdk/Runtime/XBL/Profile/XblUserProfile.cs
  artifactKey: Guid(7ffa88d5f6364fc2a6f3da5d0d9c3d68) Importer(2089858483,b0f066a214c2f5e87bad3c948f4d605d)
Start importing Packages/com.unity.microsoft.gdk/Runtime/XBL/Profile/XblUserProfile.cs using Guid(7ffa88d5f6364fc2a6f3da5d0d9c3d68) Importer(2089858483,b0f066a214c2f5e87bad3c948f4d605d) (ScriptedImporter) -> (artifact id: '791eecca472d0b3e5f1d8d6c66e73ce0') in 0.035924 seconds
Number of updated asset objects reloaded before import = 0Number of asset objects unloaded after import = 0

========================================================================
Received Import Request.
  Time since last request: 0.000622 seconds.
  path: Packages/com.unity.microsoft.gdk/package.json
  artifactKey: Guid(3643e9d3ceb454b4fb164b53adcda9ff) Importer(2089858483,b0f066a214c2f5e87bad3c948f4d605d)
Start importing Packages/com.unity.microsoft.gdk/package.json using Guid(3643e9d3ceb454b4fb164b53adcda9ff) Importer(2089858483,b0f066a214c2f5e87bad3c948f4d605d) (ScriptedImporter) -> (artifact id: '3451308767999d383cc731f7577a04a4') in 0.0216597 seconds
Number of updated asset objects reloaded before import = 0Number of asset objects unloaded after import = 1

========================================================================
Received Import Request.
  Time since last request: 0.000207 seconds.
  path: Packages/com.unity.microsoft.gdk/Tests/PlayModeTests
  artifactKey: Guid(c83497681b663404981f22c1e521c700) Importer(2089858483,b0f066a214c2f5e87bad3c948f4d605d)
Start importing Packages/com.unity.microsoft.gdk/Tests/PlayModeTests using Guid(c83497681b663404981f22c1e521c700) Importer(2089858483,b0f066a214c2f5e87bad3c948f4d605d) (ScriptedImporter) -> (artifact id: '12088f76f59d18d74ec2446a717b4150') in 0.0245642 seconds
Number of updated asset objects reloaded before import = 0Number of asset objects unloaded after import = 1

========================================================================
Received Import Request.
  Time since last request: 0.001165 seconds.
  path: Packages/com.unity.microsoft.gdk/Runtime/XBL/Leaderboards
  artifactKey: Guid(7151319a340249858f887ee3fda25e7e) Importer(2089858483,b0f066a214c2f5e87bad3c948f4d605d)
Start importing Packages/com.unity.microsoft.gdk/Runtime/XBL/Leaderboards using Guid(7151319a340249858f887ee3fda25e7e) Importer(2089858483,b0f066a214c2f5e87bad3c948f4d605d) (ScriptedImporter) -> (artifact id: 'ad799bbc823871f0b4b2e7d7d64644ff') in 0.0247505 seconds
Number of updated asset objects reloaded before import = 0Number of asset objects unloaded after import = 1

========================================================================
Received Import Request.
  Time since last request: 0.000452 seconds.
  path: Packages/com.unity.microsoft.gdk/Runtime/Interop/XBL/Achievements/XblAchievementsResultHandle.cs
  artifactKey: Guid(406a1210bf4c4e1da7da3fe2ac5b7236) Importer(2089858483,b0f066a214c2f5e87bad3c948f4d605d)
Start importing Packages/com.unity.microsoft.gdk/Runtime/Interop/XBL/Achievements/XblAchievementsResultHandle.cs using Guid(406a1210bf4c4e1da7da3fe2ac5b7236) Importer(2089858483,b0f066a214c2f5e87bad3c948f4d605d) (ScriptedImporter) -> (artifact id: '3572a056db0562e3a4e28bfcb8b56f8e') in 0.025264 seconds
Number of updated asset objects reloaded before import = 0Number of asset objects unloaded after import = 0

========================================================================
Received Import Request.
  Time since last request: 0.000745 seconds.
  path: Packages/com.unity.microsoft.gdk/Runtime/Interop/XBL/XblErrorsInterop.cs
  artifactKey: Guid(7d6b0e88c8e34868b886a6a8e19289e4) Importer(2089858483,b0f066a214c2f5e87bad3c948f4d605d)
Start importing Packages/com.unity.microsoft.gdk/Runtime/Interop/XBL/XblErrorsInterop.cs using Guid(7d6b0e88c8e34868b886a6a8e19289e4) Importer(2089858483,b0f066a214c2f5e87bad3c948f4d605d) (ScriptedImporter) -> (artifact id: 'e19af717d4c1a69c76786131c81bf7f9') in 0.0241354 seconds
Number of updated asset objects reloaded before import = 0Number of asset objects unloaded after import = 0

========================================================================
Received Import Request.
  Time since last request: 0.000539 seconds.
  path: Packages/com.unity.microsoft.gdk/Runtime/XBL/MultiplayerManager/XblMultiplayerEventType.cs
  artifactKey: Guid(4767703789fc7e747abfdd766d466766) Importer(2089858483,b0f066a214c2f5e87bad3c948f4d605d)
Start importing Packages/com.unity.microsoft.gdk/Runtime/XBL/MultiplayerManager/XblMultiplayerEventType.cs using Guid(4767703789fc7e747abfdd766d466766) Importer(2089858483,b0f066a214c2f5e87bad3c948f4d605d) (ScriptedImporter) -> (artifact id: '76acb7a9824e631e3392f8c9b468165f') in 0.023894 seconds
Number of updated asset objects reloaded before import = 0Number of asset objects unloaded after import = 0

========================================================================
Received Import Request.
  Time since last request: 0.000046 seconds.
  path: Packages/com.unity.purchasing/Editor/Authoring/Core/Model/ClientException.cs
  artifactKey: Guid(b099e9822183edc4d8831f2065a4e7e0) Importer(2089858483,b0f066a214c2f5e87bad3c948f4d605d)
Start importing Packages/com.unity.purchasing/Editor/Authoring/Core/Model/ClientException.cs using Guid(b099e9822183edc4d8831f2065a4e7e0) Importer(2089858483,b0f066a214c2f5e87bad3c948f4d605d) (ScriptedImporter) -> (artifact id: '2c1e32f7f4d07584d79f3fc3bbebd835') in 0.0393314 seconds
Number of updated asset objects reloaded before import = 0Number of asset objects unloaded after import = 0

========================================================================
Received Import Request.
  Time since last request: 0.000654 seconds.
  path: Packages/com.unity.services.deployment/Editor/Interface/UI/Components/KeyboardShortcuts.cs
  artifactKey: Guid(630fe381ed6c498fbccb25e9fff3164a) Importer(2089858483,b0f066a214c2f5e87bad3c948f4d605d)
Start importing Packages/com.unity.services.deployment/Editor/Interface/UI/Components/KeyboardShortcuts.cs using Guid(630fe381ed6c498fbccb25e9fff3164a) Importer(2089858483,b0f066a214c2f5e87bad3c948f4d605d) (ScriptedImporter) -> (artifact id: '9376bb1aa1396f4465f6d6deb29f7d8c') in 0.0343313 seconds
Number of updated asset objects reloaded before import = 0Number of asset objects unloaded after import = 0

========================================================================
Received Import Request.
  Time since last request: 0.001321 seconds.
  path: Packages/com.unity.purchasing/Editor/Shared/DependencyInversion/IScopedServiceProvider.Gen.cs
  artifactKey: Guid(e70f7955fbab47db9244b164abf5f93c) Importer(2089858483,b0f066a214c2f5e87bad3c948f4d605d)
Start importing Packages/com.unity.purchasing/Editor/Shared/DependencyInversion/IScopedServiceProvider.Gen.cs using Guid(e70f7955fbab47db9244b164abf5f93c) Importer(2089858483,b0f066a214c2f5e87bad3c948f4d605d) (ScriptedImporter) -> (artifact id: '80717de07a322f998eafdde6b803a0b9') in 0.1755085 seconds
Number of updated asset objects reloaded before import = 0Number of asset objects unloaded after import = 0

========================================================================
Received Import Request.
  Time since last request: 0.000033 seconds.
  path: Packages/com.unity.microsoft.gdk/Runtime/XBL/MultiplayerManager/XblMultiplayerSessionMemberStatus.cs
  artifactKey: Guid(6168567d71b2d244bb4f5134fbda8d1b) Importer(2089858483,b0f066a214c2f5e87bad3c948f4d605d)
Start importing Packages/com.unity.microsoft.gdk/Runtime/XBL/MultiplayerManager/XblMultiplayerSessionMemberStatus.cs using Guid(6168567d71b2d244bb4f5134fbda8d1b) Importer(2089858483,b0f066a214c2f5e87bad3c948f4d605d) (ScriptedImporter) -> (artifact id: 'ee80c4dcba7e0a1a48f99f5a70c5ead0') in 0.0484579 seconds
Number of updated asset objects reloaded before import = 0Number of asset objects unloaded after import = 0

========================================================================
Received Import Request.
  Time since last request: 0.000687 seconds.
  path: Packages/com.unity.microsoft.gdk/Editor/FileWatcherService.cs
  artifactKey: Guid(bdb224d1c0764a7b8e1365fee97e7a36) Importer(2089858483,b0f066a214c2f5e87bad3c948f4d605d)
Start importing Packages/com.unity.microsoft.gdk/Editor/FileWatcherService.cs using Guid(bdb224d1c0764a7b8e1365fee97e7a36) Importer(2089858483,b0f066a214c2f5e87bad3c948f4d605d) (ScriptedImporter) -> (artifact id: '51f4761914113b3782caf99df26c6963') in 0.0415706 seconds
Number of updated asset objects reloaded before import = 0Number of asset objects unloaded after import = 0

========================================================================
Received Import Request.
  Time since last request: 0.000228 seconds.
  path: Packages/com.unity.microsoft.gdk/Runtime/Interop/XThreadInterop.cs
  artifactKey: Guid(f4a8c3d98886f144a8259db1f2fe1c49) Importer(2089858483,b0f066a214c2f5e87bad3c948f4d605d)
Start importing Packages/com.unity.microsoft.gdk/Runtime/Interop/XThreadInterop.cs using Guid(f4a8c3d98886f144a8259db1f2fe1c49) Importer(2089858483,b0f066a214c2f5e87bad3c948f4d605d) (ScriptedImporter) -> (artifact id: '7a374cab86008511531a5a81aa867af9') in 0.0287338 seconds
Number of updated asset objects reloaded before import = 0Number of asset objects unloaded after import = 0

========================================================================
Received Import Request.
  Time since last request: 0.000030 seconds.
  path: Packages/com.unity.microsoft.gdk/Runtime/Interop/XAsyncProviderInterop.cs
  artifactKey: Guid(948e6d8bf9b1df649982e29ebddd0c86) Importer(2089858483,b0f066a214c2f5e87bad3c948f4d605d)
Start importing Packages/com.unity.microsoft.gdk/Runtime/Interop/XAsyncProviderInterop.cs using Guid(948e6d8bf9b1df649982e29ebddd0c86) Importer(2089858483,b0f066a214c2f5e87bad3c948f4d605d) (ScriptedImporter) -> (artifact id: 'a63f4141cc585deeb371eeb0be6f26a0') in 0.0241203 seconds
Number of updated asset objects reloaded before import = 0Number of asset objects unloaded after import = 0

========================================================================
Received Import Request.
  Time since last request: 0.000131 seconds.
  path: Packages/com.unity.microsoft.gdk/Runtime/Interop/XBL/Http/XblHttpInterop.cs
  artifactKey: Guid(9922124944f9456184c60a11bc603df2) Importer(2089858483,b0f066a214c2f5e87bad3c948f4d605d)
Start importing Packages/com.unity.microsoft.gdk/Runtime/Interop/XBL/Http/XblHttpInterop.cs using Guid(9922124944f9456184c60a11bc603df2) Importer(2089858483,b0f066a214c2f5e87bad3c948f4d605d) (ScriptedImporter) -> (artifact id: '4971b7decd1ed238a12c148dbb9215bb') in 0.0252696 seconds
Number of updated asset objects reloaded before import = 0Number of asset objects unloaded after import = 0

========================================================================
Received Import Request.
  Time since last request: 0.000024 seconds.
  path: Packages/com.unity.microsoft.gdk/Runtime/XTaskQueueHandle.cs
  artifactKey: Guid(827a59051bdfd254391590f40e6138ea) Importer(2089858483,b0f066a214c2f5e87bad3c948f4d605d)
Start importing Packages/com.unity.microsoft.gdk/Runtime/XTaskQueueHandle.cs using Guid(827a59051bdfd254391590f40e6138ea) Importer(2089858483,b0f066a214c2f5e87bad3c948f4d605d) (ScriptedImporter) -> (artifact id: 'f508cf0e731d999c1022ef98193d4f0c') in 0.0324238 seconds
Number of updated asset objects reloaded before import = 0Number of asset objects unloaded after import = 0

========================================================================
Received Import Request.
  Time since last request: 0.000444 seconds.
  path: Packages/com.unity.microsoft.gdk/Runtime/XBL/Achievements
  artifactKey: Guid(8262ddea69f94c0aa6ca8633488f0140) Importer(2089858483,b0f066a214c2f5e87bad3c948f4d605d)
Start importing Packages/com.unity.microsoft.gdk/Runtime/XBL/Achievements using Guid(8262ddea69f94c0aa6ca8633488f0140) Importer(2089858483,b0f066a214c2f5e87bad3c948f4d605d) (ScriptedImporter) -> (artifact id: '7e4c69376d24aeda9cd9ee056df639a0') in 0.0200643 seconds
Number of updated asset objects reloaded before import = 0Number of asset objects unloaded after import = 1

========================================================================
Received Import Request.
  Time since last request: 0.000029 seconds.
  path: Packages/com.unity.microsoft.gdk/Runtime/Interop/XBL/StringVerify/XblStringVerifyInterop.cs
  artifactKey: Guid(a129d0fd230744b789ee522b7606fe72) Importer(2089858483,b0f066a214c2f5e87bad3c948f4d605d)
Start importing Packages/com.unity.microsoft.gdk/Runtime/Interop/XBL/StringVerify/XblStringVerifyInterop.cs using Guid(a129d0fd230744b789ee522b7606fe72) Importer(2089858483,b0f066a214c2f5e87bad3c948f4d605d) (ScriptedImporter) -> (artifact id: '5d1643ce93d18bbf88261ed557c4eb5b') in 0.0258226 seconds
Number of updated asset objects reloaded before import = 0Number of asset objects unloaded after import = 0

========================================================================
Received Import Request.
  Time since last request: 0.000156 seconds.
  path: Packages/com.unity.microsoft.gdk/Runtime/Interop/XBL/Multiplayer
  artifactKey: Guid(41ccfafb19154e3fa5533465ea3547cf) Importer(2089858483,b0f066a214c2f5e87bad3c948f4d605d)
Start importing Packages/com.unity.microsoft.gdk/Runtime/Interop/XBL/Multiplayer using Guid(41ccfafb19154e3fa5533465ea3547cf) Importer(2089858483,b0f066a214c2f5e87bad3c948f4d605d) (ScriptedImporter) -> (artifact id: 'd443e351447c3f9e7b33af9efe5297a2') in 0.03003 seconds
Number of updated asset objects reloaded before import = 0Number of asset objects unloaded after import = 1

========================================================================
Received Import Request.
  Time since last request: 0.000028 seconds.
  path: Packages/com.unity.microsoft.gdk/Runtime/XAsyncBlock.cs
  artifactKey: Guid(f1524964b88e33b4ebab18ff5ab08f02) Importer(2089858483,b0f066a214c2f5e87bad3c948f4d605d)
Start importing Packages/com.unity.microsoft.gdk/Runtime/XAsyncBlock.cs using Guid(f1524964b88e33b4ebab18ff5ab08f02) Importer(2089858483,b0f066a214c2f5e87bad3c948f4d605d) (ScriptedImporter) -> (artifact id: '0ca1da3ee4cc2da6c5c011f20c8e5641') in 0.0256251 seconds
Number of updated asset objects reloaded before import = 0Number of asset objects unloaded after import = 0

========================================================================
Received Import Request.
  Time since last request: 0.000032 seconds.
  path: Packages/com.unity.microsoft.gdk/Runtime/XBL/MultiplayerActivity/XblMultiplayerActivityEncounterType.cs
  artifactKey: Guid(8d4ea7cf5627d934292b305ad5f0a15f) Importer(2089858483,b0f066a214c2f5e87bad3c948f4d605d)
Start importing Packages/com.unity.microsoft.gdk/Runtime/XBL/MultiplayerActivity/XblMultiplayerActivityEncounterType.cs using Guid(8d4ea7cf5627d934292b305ad5f0a15f) Importer(2089858483,b0f066a214c2f5e87bad3c948f4d605d) (ScriptedImporter) -> (artifact id: '28e42faf448c3c9611be792b2102116f') in 0.0293192 seconds
Number of updated asset objects reloaded before import = 0Number of asset objects unloaded after import = 0

========================================================================
Received Import Request.
  Time since last request: 0.000031 seconds.
  path: Packages/com.unity.microsoft.gdk/Runtime/Interop/XBL/SocialManager/XblSocialManagerEvent.cs
  artifactKey: Guid(411190e947154c03b952e08b4dea4b04) Importer(2089858483,b0f066a214c2f5e87bad3c948f4d605d)
Start importing Packages/com.unity.microsoft.gdk/Runtime/Interop/XBL/SocialManager/XblSocialManagerEvent.cs using Guid(411190e947154c03b952e08b4dea4b04) Importer(2089858483,b0f066a214c2f5e87bad3c948f4d605d) (ScriptedImporter) -> (artifact id: '8a2f702f16ab607bacffd78b16b42516') in 0.0341109 seconds
Number of updated asset objects reloaded before import = 0Number of asset objects unloaded after import = 0

========================================================================
Received Import Request.
  Time since last request: 0.002172 seconds.
  path: Packages/com.unity.microsoft.gdk/Runtime/XBL/MultiplayerManager/XblMultiplayerSessionConstants.cs
  artifactKey: Guid(df31e9a31ca0b6843a987e52512c2e02) Importer(2089858483,b0f066a214c2f5e87bad3c948f4d605d)
Start importing Packages/com.unity.microsoft.gdk/Runtime/XBL/MultiplayerManager/XblMultiplayerSessionConstants.cs using Guid(df31e9a31ca0b6843a987e52512c2e02) Importer(2089858483,b0f066a214c2f5e87bad3c948f4d605d) (ScriptedImporter) -> (artifact id: '003d40f857a0bfdee39673bda116de86') in 0.0241815 seconds
Number of updated asset objects reloaded before import = 0Number of asset objects unloaded after import = 0

========================================================================
Received Import Request.
  Time since last request: 0.000824 seconds.
  path: Packages/com.unity.microsoft.gdk/Editor/GdkUtility.cs
  artifactKey: Guid(69ccbf5475ba42a9bb7995d3dd32a32b) Importer(2089858483,b0f066a214c2f5e87bad3c948f4d605d)
Start importing Packages/com.unity.microsoft.gdk/Editor/GdkUtility.cs using Guid(69ccbf5475ba42a9bb7995d3dd32a32b) Importer(2089858483,b0f066a214c2f5e87bad3c948f4d605d) (ScriptedImporter) -> (artifact id: '6b8f9e496492b61bb814fbc51e3cc060') in 0.0204195 seconds
Number of updated asset objects reloaded before import = 0Number of asset objects unloaded after import = 0

========================================================================
Received Import Request.
  Time since last request: 0.002476 seconds.
  path: Packages/com.unity.microsoft.gdk/Runtime/XBL/Multiplayer/XblMultiplayerSessionInitializationInfo.cs
  artifactKey: Guid(0f6884efcce75ba4399ce61e6807bd1f) Importer(2089858483,b0f066a214c2f5e87bad3c948f4d605d)
Start importing Packages/com.unity.microsoft.gdk/Runtime/XBL/Multiplayer/XblMultiplayerSessionInitializationInfo.cs using Guid(0f6884efcce75ba4399ce61e6807bd1f) Importer(2089858483,b0f066a214c2f5e87bad3c948f4d605d) (ScriptedImporter) -> (artifact id: 'efb0b8c12e5678e2d6ca38c84ef535b4') in 0.0274289 seconds
Number of updated asset objects reloaded before import = 0Number of asset objects unloaded after import = 0

========================================================================
Received Import Request.
  Time since last request: 0.000039 seconds.
  path: Packages/com.unity.microsoft.gdk/Runtime/XBL/MultiplayerActivity/XblMultiplayerActivityRecentPlayerUpdate.cs
  artifactKey: Guid(e6e553778604a28488da6b0501e6d58f) Importer(2089858483,b0f066a214c2f5e87bad3c948f4d605d)
Start importing Packages/com.unity.microsoft.gdk/Runtime/XBL/MultiplayerActivity/XblMultiplayerActivityRecentPlayerUpdate.cs using Guid(e6e553778604a28488da6b0501e6d58f) Importer(2089858483,b0f066a214c2f5e87bad3c948f4d605d) (ScriptedImporter) -> (artifact id: '899a0e6fd252063036d22d7fd5d58093') in 0.117372 seconds
Number of updated asset objects reloaded before import = 0Number of asset objects unloaded after import = 0

========================================================================
Received Import Request.
  Time since last request: 0.000074 seconds.
  path: Packages/com.unity.microsoft.gdk/Runtime/Interop/XBL/MultiplayerManager/XblMultiplayerSessionReference.cs
  artifactKey: Guid(4676b3eb11cdcaa429789d6d63e2282d) Importer(2089858483,b0f066a214c2f5e87bad3c948f4d605d)
Start importing Packages/com.unity.microsoft.gdk/Runtime/Interop/XBL/MultiplayerManager/XblMultiplayerSessionReference.cs using Guid(4676b3eb11cdcaa429789d6d63e2282d) Importer(2089858483,b0f066a214c2f5e87bad3c948f4d605d) (ScriptedImporter) -> (artifact id: 'cfab477efafc2c4c890f464dc99b3ef3') in 0.0197681 seconds
Number of updated asset objects reloaded before import = 0Number of asset objects unloaded after import = 0

========================================================================
Received Import Request.
  Time since last request: 0.000127 seconds.
  path: Packages/com.unity.microsoft.gdk/Runtime/XBL/AchievementsManager/XblAchievementsManager.cs
  artifactKey: Guid(ea054bfeef3cf834f857927eb603ee7b) Importer(2089858483,b0f066a214c2f5e87bad3c948f4d605d)
Start importing Packages/com.unity.microsoft.gdk/Runtime/XBL/AchievementsManager/XblAchievementsManager.cs using Guid(ea054bfeef3cf834f857927eb603ee7b) Importer(2089858483,b0f066a214c2f5e87bad3c948f4d605d) (ScriptedImporter) -> (artifact id: 'de1ab7e2a387c80e9fa553e5b1b6d6d5') in 0.0181032 seconds
Number of updated asset objects reloaded before import = 0Number of asset objects unloaded after import = 0

========================================================================
Received Import Request.
  Time since last request: 0.000068 seconds.
  path: Packages/com.unity.microsoft.gdk/Runtime/XBL/SocialManager/XblTitleHistory.cs
  artifactKey: Guid(34c74faa86cd47a28211c52a38f370ee) Importer(2089858483,b0f066a214c2f5e87bad3c948f4d605d)
Start importing Packages/com.unity.microsoft.gdk/Runtime/XBL/SocialManager/XblTitleHistory.cs using Guid(34c74faa86cd47a28211c52a38f370ee) Importer(2089858483,b0f066a214c2f5e87bad3c948f4d605d) (ScriptedImporter) -> (artifact id: '215a694e1e265cca2a4650a6798cd205') in 0.0124246 seconds
Number of updated asset objects reloaded before import = 0Number of asset objects unloaded after import = 0

========================================================================
Received Import Request.
  Time since last request: 0.000254 seconds.
  path: Packages/com.unity.microsoft.gdk/Runtime/Interop/__GENERATED/XBL/XboxLiveContext
  artifactKey: Guid(deaecb1bd5b84eb58bf48442f0d7aa67) Importer(2089858483,b0f066a214c2f5e87bad3c948f4d605d)
Start importing Packages/com.unity.microsoft.gdk/Runtime/Interop/__GENERATED/XBL/XboxLiveContext using Guid(deaecb1bd5b84eb58bf48442f0d7aa67) Importer(2089858483,b0f066a214c2f5e87bad3c948f4d605d) (ScriptedImporter) -> (artifact id: '7b0965cdfa65684cfa227a93c6326565') in 0.0173986 seconds
Number of updated asset objects reloaded before import = 0Number of asset objects unloaded after import = 1

========================================================================
Received Import Request.
  Time since last request: 0.000075 seconds.
  path: Packages/com.unity.microsoft.gdk/Runtime/XDisplayTimeoutDeferralHandle.cs
  artifactKey: Guid(dd38a506c65ab924eb1190b5c7e1235c) Importer(2089858483,b0f066a214c2f5e87bad3c948f4d605d)
Start importing Packages/com.unity.microsoft.gdk/Runtime/XDisplayTimeoutDeferralHandle.cs using Guid(dd38a506c65ab924eb1190b5c7e1235c) Importer(2089858483,b0f066a214c2f5e87bad3c948f4d605d) (ScriptedImporter) -> (artifact id: 'b6e01fe37d8835781cfbf04abcb51df6') in 0.0164363 seconds
Number of updated asset objects reloaded before import = 0Number of asset objects unloaded after import = 0

========================================================================
Received Import Request.
  Time since last request: 0.000087 seconds.
  path: Packages/com.unity.purchasing/Runtime/UnityWebshops/Client/Models
  artifactKey: Guid(e062835a827364675b5f8302caaba23e) Importer(2089858483,b0f066a214c2f5e87bad3c948f4d605d)
Start importing Packages/com.unity.purchasing/Runtime/UnityWebshops/Client/Models using Guid(e062835a827364675b5f8302caaba23e) Importer(2089858483,b0f066a214c2f5e87bad3c948f4d605d) (ScriptedImporter) -> (artifact id: '51e46c7350a1beec8b46ec2f20c5daec') in 0.017542 seconds
Number of updated asset objects reloaded before import = 0Number of asset objects unloaded after import = 1

========================================================================
Received Import Request.
  Time since last request: 0.000153 seconds.
  path: Packages/com.unity.purchasing/Editor/Analytics/Helpers/GenericEditorMenuItemClickEventSenderHelpers.cs
  artifactKey: Guid(3727b7b1239f8764c829b471caaee316) Importer(2089858483,b0f066a214c2f5e87bad3c948f4d605d)
Start importing Packages/com.unity.purchasing/Editor/Analytics/Helpers/GenericEditorMenuItemClickEventSenderHelpers.cs using Guid(3727b7b1239f8764c829b471caaee316) Importer(2089858483,b0f066a214c2f5e87bad3c948f4d605d) (ScriptedImporter) -> (artifact id: '02325a36035b0dd316037f7a9bc20d21') in 0.0154708 seconds
Number of updated asset objects reloaded before import = 0Number of asset objects unloaded after import = 0

========================================================================
Received Import Request.
  Time since last request: 0.000070 seconds.
  path: Packages/com.unity.purchasing/Runtime/UnityWebshops/Client/Scheduler/EngineStateHelper.cs
  artifactKey: Guid(c43c5fcc242dc4a65997410b0c2f64ce) Importer(2089858483,b0f066a214c2f5e87bad3c948f4d605d)
Start importing Packages/com.unity.purchasing/Runtime/UnityWebshops/Client/Scheduler/EngineStateHelper.cs using Guid(c43c5fcc242dc4a65997410b0c2f64ce) Importer(2089858483,b0f066a214c2f5e87bad3c948f4d605d) (ScriptedImporter) -> (artifact id: '4d568ec96c7cf6b5ffa0300a2804decf') in 0.019211 seconds
Number of updated asset objects reloaded before import = 0Number of asset objects unloaded after import = 0

========================================================================
Received Import Request.
  Time since last request: 0.000025 seconds.
  path: Packages/com.unity.services.deployment/Editor/Interface/UI/Assets/Icons/Error.png
  artifactKey: Guid(6e86c54b3c6f4df4953fcdf2204f5127) Importer(2089858483,b0f066a214c2f5e87bad3c948f4d605d)
Start importing Packages/com.unity.services.deployment/Editor/Interface/UI/Assets/Icons/Error.png using Guid(6e86c54b3c6f4df4953fcdf2204f5127) Importer(2089858483,b0f066a214c2f5e87bad3c948f4d605d) (ScriptedImporter) -> (artifact id: 'e020f8023e1a1c68cdd6f1eabd7c0956') in 0.0285142 seconds
Number of updated asset objects reloaded before import = 0Number of asset objects unloaded after import = 1

========================================================================
Received Import Request.
  Time since last request: 0.000073 seconds.
  path: Packages/com.unity.purchasing/Editor/RichEditorWindow.cs
  artifactKey: Guid(47e1f82e75254cff9e8a5f710e966756) Importer(2089858483,b0f066a214c2f5e87bad3c948f4d605d)
Start importing Packages/com.unity.purchasing/Editor/RichEditorWindow.cs using Guid(47e1f82e75254cff9e8a5f710e966756) Importer(2089858483,b0f066a214c2f5e87bad3c948f4d605d) (ScriptedImporter) -> (artifact id: 'f664d8d0f60ac26027751cb996395169') in 0.0213619 seconds
Number of updated asset objects reloaded before import = 0Number of asset objects unloaded after import = 0

========================================================================
Received Import Request.
  Time since last request: 0.000157 seconds.
  path: Packages/com.unity.purchasing/Editor/ServiceProjectSettings/UI/Views/XboxConfigurationSettingsBlock.cs
  artifactKey: Guid(77cb9845e5a4d6a469c8d67feef20ad3) Importer(2089858483,b0f066a214c2f5e87bad3c948f4d605d)
Start importing Packages/com.unity.purchasing/Editor/ServiceProjectSettings/UI/Views/XboxConfigurationSettingsBlock.cs using Guid(77cb9845e5a4d6a469c8d67feef20ad3) Importer(2089858483,b0f066a214c2f5e87bad3c948f4d605d) (ScriptedImporter) -> (artifact id: 'ff47062d0142d5f18ded440302fa9756') in 0.0179021 seconds
Number of updated asset objects reloaded before import = 0Number of asset objects unloaded after import = 0

========================================================================
Received Import Request.
  Time since last request: 0.000079 seconds.
  path: Packages/com.unity.purchasing/Runtime/UnityPaymentProviders/Client/Scheduler/EngineStateHelper.cs
  artifactKey: Guid(bd0fee311bec84836aee72fd36b0896f) Importer(2089858483,b0f066a214c2f5e87bad3c948f4d605d)
Start importing Packages/com.unity.purchasing/Runtime/UnityPaymentProviders/Client/Scheduler/EngineStateHelper.cs using Guid(bd0fee311bec84836aee72fd36b0896f) Importer(2089858483,b0f066a214c2f5e87bad3c948f4d605d) (ScriptedImporter) -> (artifact id: 'b98893e470a7690ab54c66fa133ddf69') in 0.0175401 seconds
Number of updated asset objects reloaded before import = 0Number of asset objects unloaded after import = 0

========================================================================
Received Import Request.
  Time since last request: 0.000026 seconds.
  path: Packages/com.unity.purchasing/Runtime/Stores/Android/GooglePlay/AAR/Listeners/GoogleAcknowledgePurchaseListener.cs
  artifactKey: Guid(52b46e75988184d7faafd0a7bbf50476) Importer(2089858483,b0f066a214c2f5e87bad3c948f4d605d)
Start importing Packages/com.unity.purchasing/Runtime/Stores/Android/GooglePlay/AAR/Listeners/GoogleAcknowledgePurchaseListener.cs using Guid(52b46e75988184d7faafd0a7bbf50476) Importer(2089858483,b0f066a214c2f5e87bad3c948f4d605d) (ScriptedImporter) -> (artifact id: '1947e958c0cfd0d3a584cc985d67e9ea') in 0.0161328 seconds
Number of updated asset objects reloaded before import = 0Number of asset objects unloaded after import = 0

========================================================================
Received Import Request.
  Time since last request: 0.000027 seconds.
  path: Packages/com.unity.services.deployment/Editor/Interface/UI/Inspector/DeploymentItemEditorLookup.cs
  artifactKey: Guid(a7b0ff69ba994bd089f4f5aefd168547) Importer(2089858483,b0f066a214c2f5e87bad3c948f4d605d)
Start importing Packages/com.unity.services.deployment/Editor/Interface/UI/Inspector/DeploymentItemEditorLookup.cs using Guid(a7b0ff69ba994bd089f4f5aefd168547) Importer(2089858483,b0f066a214c2f5e87bad3c948f4d605d) (ScriptedImporter) -> (artifact id: 'fa8a9eada604ed04b0077867d32cdfae') in 0.0198827 seconds
Number of updated asset objects reloaded before import = 0Number of asset objects unloaded after import = 0

========================================================================
Received Import Request.
  Time since last request: 0.000026 seconds.
  path: Packages/com.unity.microsoft.gdk/Runtime/Interop/__GENERATED/XBL/RealTimeActivity/XblRealTimeActivityConnectionState.cs
  artifactKey: Guid(c2bb5db1965344e2b9f3051a3cd54178) Importer(2089858483,b0f066a214c2f5e87bad3c948f4d605d)
Start importing Packages/com.unity.microsoft.gdk/Runtime/Interop/__GENERATED/XBL/RealTimeActivity/XblRealTimeActivityConnectionState.cs using Guid(c2bb5db1965344e2b9f3051a3cd54178) Importer(2089858483,b0f066a214c2f5e87bad3c948f4d605d) (ScriptedImporter) -> (artifact id: '11fa78be79f0e888188d5e02b6357324') in 0.0173048 seconds
Number of updated asset objects reloaded before import = 0Number of asset objects unloaded after import = 0

========================================================================
Received Import Request.
  Time since last request: 0.000357 seconds.
  path: Packages/com.unity.microsoft.gdk/Editor/GdkApiPostBuild.cs
  artifactKey: Guid(bcdde10330f04f7296cfe003a279622d) Importer(2089858483,b0f066a214c2f5e87bad3c948f4d605d)
Start importing Packages/com.unity.microsoft.gdk/Editor/GdkApiPostBuild.cs using Guid(bcdde10330f04f7296cfe003a279622d) Importer(2089858483,b0f066a214c2f5e87bad3c948f4d605d) (ScriptedImporter) -> (artifact id: 'a9db90fc45a5253b48a4feaaf239b027') in 0.016178 seconds
Number of updated asset objects reloaded before import = 0Number of asset objects unloaded after import = 0

========================================================================
Received Import Request.
  Time since last request: 0.000028 seconds.
  path: Packages/com.unity.microsoft.gdk/Runtime/XGameEvent.cs
  artifactKey: Guid(876ac94ea8368ef4680e0dc8a94fab9d) Importer(2089858483,b0f066a214c2f5e87bad3c948f4d605d)
Start importing Packages/com.unity.microsoft.gdk/Runtime/XGameEvent.cs using Guid(876ac94ea8368ef4680e0dc8a94fab9d) Importer(2089858483,b0f066a214c2f5e87bad3c948f4d605d) (ScriptedImporter) -> (artifact id: '4640597c11fea2434b44e418e7124441') in 0.0160411 seconds
Number of updated asset objects reloaded before import = 0Number of asset objects unloaded after import = 0

========================================================================
Received Import Request.
  Time since last request: 0.000049 seconds.
  path: Packages/com.unity.microsoft.gdk/Runtime/XBL/SocialManager/XblSocialManager.cs
  artifactKey: Guid(9d55295dc332436381672833ea494487) Importer(2089858483,b0f066a214c2f5e87bad3c948f4d605d)
Start importing Packages/com.unity.microsoft.gdk/Runtime/XBL/SocialManager/XblSocialManager.cs using Guid(9d55295dc332436381672833ea494487) Importer(2089858483,b0f066a214c2f5e87bad3c948f4d605d) (ScriptedImporter) -> (artifact id: 'baa50956c27a5cf7c64c4d3e5145923f') in 0.0183399 seconds
Number of updated asset objects reloaded before import = 0Number of asset objects unloaded after import = 0

========================================================================
Received Import Request.
  Time since last request: 0.000234 seconds.
  path: Packages/com.unity.microsoft.gdk/Runtime/XBL/MultiplayerManager/XblDeviceToken.cs
  artifactKey: Guid(76e4780145c09c544a5e6b327b4bba9b) Importer(2089858483,b0f066a214c2f5e87bad3c948f4d605d)
Start importing Packages/com.unity.microsoft.gdk/Runtime/XBL/MultiplayerManager/XblDeviceToken.cs using Guid(76e4780145c09c544a5e6b327b4bba9b) Importer(2089858483,b0f066a214c2f5e87bad3c948f4d605d) (ScriptedImporter) -> (artifact id: 'f373e65d3546fc88b987465f06f6d826') in 0.0246054 seconds
Number of updated asset objects reloaded before import = 0Number of asset objects unloaded after import = 0

========================================================================
Received Import Request.
  Time since last request: 0.000069 seconds.
  path: Packages/com.unity.microsoft.gdk/Runtime/Interop/XBL/UserStatistics/XblStatistic.cs
  artifactKey: Guid(2d4cb295d7964491b698df1a87da1d56) Importer(2089858483,b0f066a214c2f5e87bad3c948f4d605d)
Start importing Packages/com.unity.microsoft.gdk/Runtime/Interop/XBL/UserStatistics/XblStatistic.cs using Guid(2d4cb295d7964491b698df1a87da1d56) Importer(2089858483,b0f066a214c2f5e87bad3c948f4d605d) (ScriptedImporter) -> (artifact id: '1a3f8ff43da5f4fa998905b2e28346ab') in 0.0332403 seconds
Number of updated asset objects reloaded before import = 0Number of asset objects unloaded after import = 0

========================================================================
Received Import Request.
  Time since last request: 0.000087 seconds.
  path: Packages/com.unity.microsoft.gdk/Runtime/Interop/XBL/Multiplayer/XblMultiplayerSessionInitArgs.cs
  artifactKey: Guid(9005b3c30f44f9d40abde203df40b041) Importer(2089858483,b0f066a214c2f5e87bad3c948f4d605d)
Start importing Packages/com.unity.microsoft.gdk/Runtime/Interop/XBL/Multiplayer/XblMultiplayerSessionInitArgs.cs using Guid(9005b3c30f44f9d40abde203df40b041) Importer(2089858483,b0f066a214c2f5e87bad3c948f4d605d) (ScriptedImporter) -> (artifact id: '1aee639df7c0a743e6e61732b3d3c92c') in 0.0212816 seconds
Number of updated asset objects reloaded before import = 0Number of asset objects unloaded after import = 0

========================================================================
Received Import Request.
  Time since last request: 0.000291 seconds.
  path: Packages/com.unity.microsoft.gdk/Runtime/Interop/XBL/AchievementsManager/XblAchievementsManagerInterop.cs
  artifactKey: Guid(0f60c6bb1f448cf43b31b68279d9e5f8) Importer(2089858483,b0f066a214c2f5e87bad3c948f4d605d)
Start importing Packages/com.unity.microsoft.gdk/Runtime/Interop/XBL/AchievementsManager/XblAchievementsManagerInterop.cs using Guid(0f60c6bb1f448cf43b31b68279d9e5f8) Importer(2089858483,b0f066a214c2f5e87bad3c948f4d605d) (ScriptedImporter) -> (artifact id: 'de6120a28deafe0c18a9eaf01d71c818') in 0.0279289 seconds
Number of updated asset objects reloaded before import = 0Number of asset objects unloaded after import = 0

========================================================================
Received Import Request.
  Time since last request: 0.000210 seconds.
  path: Packages/com.unity.microsoft.gdk/Runtime/XGameProtocol.cs
  artifactKey: Guid(86384fa83ebdd534c8993af6f1b5c6fa) Importer(2089858483,b0f066a214c2f5e87bad3c948f4d605d)
Start importing Packages/com.unity.microsoft.gdk/Runtime/XGameProtocol.cs using Guid(86384fa83ebdd534c8993af6f1b5c6fa) Importer(2089858483,b0f066a214c2f5e87bad3c948f4d605d) (ScriptedImporter) -> (artifact id: 'fe4c5364b46bf9c287084e368d694e2e') in 0.0284057 seconds
Number of updated asset objects reloaded before import = 0Number of asset objects unloaded after import = 0

========================================================================
Received Import Request.
  Time since last request: 0.000068 seconds.
  path: Packages/com.unity.microsoft.gdk/Runtime/XRegistrationToken.cs
  artifactKey: Guid(2ab0beed5ee14b838120e7b144fcbfce) Importer(2089858483,b0f066a214c2f5e87bad3c948f4d605d)
Start importing Packages/com.unity.microsoft.gdk/Runtime/XRegistrationToken.cs using Guid(2ab0beed5ee14b838120e7b144fcbfce) Importer(2089858483,b0f066a214c2f5e87bad3c948f4d605d) (ScriptedImporter) -> (artifact id: '48e3b4a3b7e21f91f5eb0e3d1245c257') in 0.0185669 seconds
Number of updated asset objects reloaded before import = 0Number of asset objects unloaded after import = 0

========================================================================
Received Import Request.
  Time since last request: 0.000025 seconds.
  path: Packages/com.unity.microsoft.gdk/Runtime/XBL/MultiplayerActivity/MultiplayerActivity.cs
  artifactKey: Guid(1247ee945d3d16247885aa46ca299f66) Importer(2089858483,b0f066a214c2f5e87bad3c948f4d605d)
Start importing Packages/com.unity.microsoft.gdk/Runtime/XBL/MultiplayerActivity/MultiplayerActivity.cs using Guid(1247ee945d3d16247885aa46ca299f66) Importer(2089858483,b0f066a214c2f5e87bad3c948f4d605d) (ScriptedImporter) -> (artifact id: 'c582b831b81c2171e7c387eb8ff901e2') in 0.0150507 seconds
Number of updated asset objects reloaded before import = 0Number of asset objects unloaded after import = 0

========================================================================
Received Import Request.
  Time since last request: 0.000069 seconds.
  path: Packages/com.unity.microsoft.gdk/Runtime/XBL/Http/XblHttpCallHandle.cs
  artifactKey: Guid(8b026cc97b6142d9b8fdf64606c3a42b) Importer(2089858483,b0f066a214c2f5e87bad3c948f4d605d)
Start importing Packages/com.unity.microsoft.gdk/Runtime/XBL/Http/XblHttpCallHandle.cs using Guid(8b026cc97b6142d9b8fdf64606c3a42b) Importer(2089858483,b0f066a214c2f5e87bad3c948f4d605d) (ScriptedImporter) -> (artifact id: 'cf9e019311f974b916593401803200e4') in 0.0181744 seconds
Number of updated asset objects reloaded before import = 0Number of asset objects unloaded after import = 0

========================================================================
Received Import Request.
  Time since last request: 0.000087 seconds.
  path: Packages/com.unity.microsoft.gdk/Runtime/XBL/Multiplayer/XblWriteSessionStatus.cs
  artifactKey: Guid(1db7b7a4a14bbd84ab063ad8296fdf9a) Importer(2089858483,b0f066a214c2f5e87bad3c948f4d605d)
Start importing Packages/com.unity.microsoft.gdk/Runtime/XBL/Multiplayer/XblWriteSessionStatus.cs using Guid(1db7b7a4a14bbd84ab063ad8296fdf9a) Importer(2089858483,b0f066a214c2f5e87bad3c948f4d605d) (ScriptedImporter) -> (artifact id: '2a505f8add483a7b65afa5bb33798380') in 0.0233231 seconds
Number of updated asset objects reloaded before import = 0Number of asset objects unloaded after import = 0

========================================================================
Received Import Request.
  Time since last request: 0.000930 seconds.
  path: Packages/com.unity.microsoft.gdk/Runtime/XBL/MultiplayerManager/XblMultiplayerPerformQoSMeasurementsArgs.cs
  artifactKey: Guid(290d5d510fc745245b5ee143ac04cd00) Importer(2089858483,b0f066a214c2f5e87bad3c948f4d605d)
Start importing Packages/com.unity.microsoft.gdk/Runtime/XBL/MultiplayerManager/XblMultiplayerPerformQoSMeasurementsArgs.cs using Guid(290d5d510fc745245b5ee143ac04cd00) Importer(2089858483,b0f066a214c2f5e87bad3c948f4d605d) (ScriptedImporter) -> (artifact id: '1bee0592a7f4a504cb3d41481d9ca180') in 0.0212602 seconds
Number of updated asset objects reloaded before import = 0Number of asset objects unloaded after import = 0

========================================================================
Received Import Request.
  Time since last request: 0.000025 seconds.
  path: Packages/com.unity.microsoft.gdk/Runtime/Interop/XBL/XblEventsInterop.cs
  artifactKey: Guid(33406972a88440ea96d6ce5386068f06) Importer(2089858483,b0f066a214c2f5e87bad3c948f4d605d)
Start importing Packages/com.unity.microsoft.gdk/Runtime/Interop/XBL/XblEventsInterop.cs using Guid(33406972a88440ea96d6ce5386068f06) Importer(2089858483,b0f066a214c2f5e87bad3c948f4d605d) (ScriptedImporter) -> (artifact id: '3a7c96a95628dfb26916530efa5b6bc6') in 0.0240507 seconds
Number of updated asset objects reloaded before import = 0Number of asset objects unloaded after import = 0

========================================================================
Received Import Request.
  Time since last request: 0.000048 seconds.
  path: Packages/com.unity.microsoft.gdk/Runtime/XBL/Privacy/XblPermission.cs
  artifactKey: Guid(308950c45aeb469384926dff9229e851) Importer(2089858483,b0f066a214c2f5e87bad3c948f4d605d)
Start importing Packages/com.unity.microsoft.gdk/Runtime/XBL/Privacy/XblPermission.cs using Guid(308950c45aeb469384926dff9229e851) Importer(2089858483,b0f066a214c2f5e87bad3c948f4d605d) (ScriptedImporter) -> (artifact id: 'cf8e3c787894532b88b621e30274bd4d') in 0.1270844 seconds
Number of updated asset objects reloaded before import = 0Number of asset objects unloaded after import = 0

========================================================================
Received Import Request.
  Time since last request: 0.000025 seconds.
  path: Packages/com.unity.microsoft.gdk/Runtime/Interop/XBL/MultiplayerManager/XblMultiplayerEvent.cs
  artifactKey: Guid(9b50896529575b842afbf1d7a4709d4f) Importer(2089858483,b0f066a214c2f5e87bad3c948f4d605d)
Start importing Packages/com.unity.microsoft.gdk/Runtime/Interop/XBL/MultiplayerManager/XblMultiplayerEvent.cs using Guid(9b50896529575b842afbf1d7a4709d4f) Importer(2089858483,b0f066a214c2f5e87bad3c948f4d605d) (ScriptedImporter) -> (artifact id: 'a7e8394cc26d977d75d75e24ac0850a3') in 0.0186174 seconds
Number of updated asset objects reloaded before import = 0Number of asset objects unloaded after import = 0

========================================================================
Received Import Request.
  Time since last request: 0.000037 seconds.
  path: Packages/com.unity.microsoft.gdk/Runtime/XBL/Leaderboards/XblLeaderboard.cs
  artifactKey: Guid(a6fdc799f1604887b838600f0e435f35) Importer(2089858483,b0f066a214c2f5e87bad3c948f4d605d)
Start importing Packages/com.unity.microsoft.gdk/Runtime/XBL/Leaderboards/XblLeaderboard.cs using Guid(a6fdc799f1604887b838600f0e435f35) Importer(2089858483,b0f066a214c2f5e87bad3c948f4d605d) (ScriptedImporter) -> (artifact id: '1f0d5137dc453cf7692cd44fb4944d68') in 0.0183086 seconds
Number of updated asset objects reloaded before import = 0Number of asset objects unloaded after import = 0

========================================================================
Received Import Request.
  Time since last request: 0.000267 seconds.
  path: Packages/com.unity.microsoft.gdk/Runtime/Interop/XBL/Achievements/XblAchievementProgression.cs
  artifactKey: Guid(f87ab44597644a22b503ad1615461e89) Importer(2089858483,b0f066a214c2f5e87bad3c948f4d605d)
Start importing Packages/com.unity.microsoft.gdk/Runtime/Interop/XBL/Achievements/XblAchievementProgression.cs using Guid(f87ab44597644a22b503ad1615461e89) Importer(2089858483,b0f066a214c2f5e87bad3c948f4d605d) (ScriptedImporter) -> (artifact id: '7beb4c554d625311fc1323793d9618eb') in 0.0216038 seconds
Number of updated asset objects reloaded before import = 0Number of asset objects unloaded after import = 0

========================================================================
Received Import Request.
  Time since last request: 0.000392 seconds.
  path: Packages/com.unity.microsoft.gdk/Runtime/Interop/__GENERATED/XBL/UserStatistics/XblStatistic.cs
  artifactKey: Guid(468a59a1adfa4e2386db1f2a7eafcd08) Importer(2089858483,b0f066a214c2f5e87bad3c948f4d605d)
Start importing Packages/com.unity.microsoft.gdk/Runtime/Interop/__GENERATED/XBL/UserStatistics/XblStatistic.cs using Guid(468a59a1adfa4e2386db1f2a7eafcd08) Importer(2089858483,b0f066a214c2f5e87bad3c948f4d605d) (ScriptedImporter) -> (artifact id: '826312d8fd43d94e9f8cae0ac9d92190') in 0.0203188 seconds
Number of updated asset objects reloaded before import = 0Number of asset objects unloaded after import = 0

========================================================================
Received Import Request.
  Time since last request: 0.000041 seconds.
  path: Packages/com.unity.microsoft.gdk/Runtime/XThread.cs
  artifactKey: Guid(9c39474eb3abafd498383472467cdd49) Importer(2089858483,b0f066a214c2f5e87bad3c948f4d605d)
Start importing Packages/com.unity.microsoft.gdk/Runtime/XThread.cs using Guid(9c39474eb3abafd498383472467cdd49) Importer(2089858483,b0f066a214c2f5e87bad3c948f4d605d) (ScriptedImporter) -> (artifact id: '5568f0f8ad7cd023b04e824587f03325') in 0.1131681 seconds
Number of updated asset objects reloaded before import = 0Number of asset objects unloaded after import = 0

========================================================================
Received Import Request.
  Time since last request: 0.000267 seconds.
  path: Packages/com.unity.microsoft.gdk/Runtime/XBL/MultiplayerManager/XblTournamentGameResultWithRank.cs
  artifactKey: Guid(82647209317d8754289a4b81c1975b8d) Importer(2089858483,b0f066a214c2f5e87bad3c948f4d605d)
Start importing Packages/com.unity.microsoft.gdk/Runtime/XBL/MultiplayerManager/XblTournamentGameResultWithRank.cs using Guid(82647209317d8754289a4b81c1975b8d) Importer(2089858483,b0f066a214c2f5e87bad3c948f4d605d) (ScriptedImporter) -> (artifact id: '46021a26bbb870e9a76b3da82d198afe') in 0.0264768 seconds
Number of updated asset objects reloaded before import = 0Number of asset objects unloaded after import = 0

========================================================================
Received Import Request.
  Time since last request: 0.000069 seconds.
  path: Packages/com.unity.microsoft.gdk/Runtime/Interop/ExtensionLibraries/HttpClient
  artifactKey: Guid(70b8da47164d4570a61708840eb29bf3) Importer(2089858483,b0f066a214c2f5e87bad3c948f4d605d)
Start importing Packages/com.unity.microsoft.gdk/Runtime/Interop/ExtensionLibraries/HttpClient using Guid(70b8da47164d4570a61708840eb29bf3) Importer(2089858483,b0f066a214c2f5e87bad3c948f4d605d) (ScriptedImporter) -> (artifact id: 'fc28cd93e270362fc7854aa9d97726cc') in 0.0243493 seconds
Number of updated asset objects reloaded before import = 0Number of asset objects unloaded after import = 1

========================================================================
Received Import Request.
  Time since last request: 0.000065 seconds.
  path: Packages/com.unity.microsoft.gdk/Runtime/Interop/__GENERATED/XBL/RealTimeActivity
  artifactKey: Guid(de8273ba2f2546a2a223f3abc6c7574e) Importer(2089858483,b0f066a214c2f5e87bad3c948f4d605d)
Start importing Packages/com.unity.microsoft.gdk/Runtime/Interop/__GENERATED/XBL/RealTimeActivity using Guid(de8273ba2f2546a2a223f3abc6c7574e) Importer(2089858483,b0f066a214c2f5e87bad3c948f4d605d) (ScriptedImporter) -> (artifact id: '8db77f9a50c04e21c006483acbe4f03e') in 0.0285945 seconds
Number of updated asset objects reloaded before import = 0Number of asset objects unloaded after import = 1

========================================================================
Received Import Request.
  Time since last request: 0.002883 seconds.
  path: Packages/com.unity.microsoft.gdk/Runtime/Interop/XBL/Achievements/XblAchievementProgressChangeEntry.cs
  artifactKey: Guid(e883230bb2390c54780a1a55bb534f9d) Importer(2089858483,b0f066a214c2f5e87bad3c948f4d605d)
Start importing Packages/com.unity.microsoft.gdk/Runtime/Interop/XBL/Achievements/XblAchievementProgressChangeEntry.cs using Guid(e883230bb2390c54780a1a55bb534f9d) Importer(2089858483,b0f066a214c2f5e87bad3c948f4d605d) (ScriptedImporter) -> (artifact id: '104b36bdf5f50ed7c21094b52447a343') in 0.0242851 seconds
Number of updated asset objects reloaded before import = 0Number of asset objects unloaded after import = 0

========================================================================
Received Import Request.
  Time since last request: 0.000114 seconds.
  path: Packages/com.unity.microsoft.gdk/Runtime/Interop/XBL/RealTimeActivity
  artifactKey: Guid(70889cf964c5432891e0e724629263bb) Importer(2089858483,b0f066a214c2f5e87bad3c948f4d605d)
Start importing Packages/com.unity.microsoft.gdk/Runtime/Interop/XBL/RealTimeActivity using Guid(70889cf964c5432891e0e724629263bb) Importer(2089858483,b0f066a214c2f5e87bad3c948f4d605d) (ScriptedImporter) -> (artifact id: 'ddc551ca1fb4400483b7442e69fe905b') in 0.0222117 seconds
Number of updated asset objects reloaded before import = 0Number of asset objects unloaded after import = 1

========================================================================
Received Import Request.
  Time since last request: 0.000026 seconds.
  path: Packages/com.unity.microsoft.gdk/Runtime/Interop/XBL/Multiplayer/XblMultiplayerActivityDetails.cs
  artifactKey: Guid(c049351263f5ff04ea7825aa34348629) Importer(2089858483,b0f066a214c2f5e87bad3c948f4d605d)
Start importing Packages/com.unity.microsoft.gdk/Runtime/Interop/XBL/Multiplayer/XblMultiplayerActivityDetails.cs using Guid(c049351263f5ff04ea7825aa34348629) Importer(2089858483,b0f066a214c2f5e87bad3c948f4d605d) (ScriptedImporter) -> (artifact id: '7b9c6114d5baca66b9db9d6facb2851a') in 0.0324329 seconds
Number of updated asset objects reloaded before import = 0Number of asset objects unloaded after import = 0

========================================================================
Received Import Request.
  Time since last request: 0.000228 seconds.
  path: Packages/com.unity.microsoft.gdk/Assemblies
  artifactKey: Guid(9a1e4f5a2348a384c98bfa582788ed76) Importer(2089858483,b0f066a214c2f5e87bad3c948f4d605d)
Start importing Packages/com.unity.microsoft.gdk/Assemblies using Guid(9a1e4f5a2348a384c98bfa582788ed76) Importer(2089858483,b0f066a214c2f5e87bad3c948f4d605d) (ScriptedImporter) -> (artifact id: '1b9cdf22ff9c36ae34b2763b54d7cad8') in 0.0215902 seconds
Number of updated asset objects reloaded before import = 0Number of asset objects unloaded after import = 1

========================================================================
Received Import Request.
  Time since last request: 0.000746 seconds.
  path: Packages/com.unity.microsoft.gdk.discovery/Editor
  artifactKey: Guid(58c51ea9c23eca64a83d622c26f66e90) Importer(2089858483,b0f066a214c2f5e87bad3c948f4d605d)
Start importing Packages/com.unity.microsoft.gdk.discovery/Editor using Guid(58c51ea9c23eca64a83d622c26f66e90) Importer(2089858483,b0f066a214c2f5e87bad3c948f4d605d) (ScriptedImporter) -> (artifact id: '14cbfbe652bb686757341d50fc2456f7') in 0.0179304 seconds
Number of updated asset objects reloaded before import = 0Number of asset objects unloaded after import = 1

========================================================================
Received Import Request.
  Time since last request: 0.000028 seconds.
  path: Packages/com.unity.microsoft.gdk/Runtime/Interop/XGameRuntimeInitInterop.cs
  artifactKey: Guid(48c42b5a4510c2a478f96ddafb341764) Importer(2089858483,b0f066a214c2f5e87bad3c948f4d605d)
Start importing Packages/com.unity.microsoft.gdk/Runtime/Interop/XGameRuntimeInitInterop.cs using Guid(48c42b5a4510c2a478f96ddafb341764) Importer(2089858483,b0f066a214c2f5e87bad3c948f4d605d) (ScriptedImporter) -> (artifact id: 'd1288e9469df0a03e8b70d1dfd940e5e') in 0.0168645 seconds
Number of updated asset objects reloaded before import = 0Number of asset objects unloaded after import = 0

========================================================================
Received Import Request.
  Time since last request: 0.000074 seconds.
  path: Packages/com.unity.microsoft.gdk/Runtime/Interop/XBL/MultiplayerManager/XblMultiplayerSessionCapabilities.cs
  artifactKey: Guid(8fac5fdf802b0174bb2ef25220033581) Importer(2089858483,b0f066a214c2f5e87bad3c948f4d605d)
Start importing Packages/com.unity.microsoft.gdk/Runtime/Interop/XBL/MultiplayerManager/XblMultiplayerSessionCapabilities.cs using Guid(8fac5fdf802b0174bb2ef25220033581) Importer(2089858483,b0f066a214c2f5e87bad3c948f4d605d) (ScriptedImporter) -> (artifact id: '95b9df4b95396d61b6e891cb034e30f9') in 0.0155084 seconds
Number of updated asset objects reloaded before import = 0Number of asset objects unloaded after import = 0

========================================================================
Received Import Request.
  Time since last request: 0.000079 seconds.
  path: Packages/com.unity.microsoft.gdk/Editor/Unity.Microsoft.GDK.Editor.asmdef
  artifactKey: Guid(78d52374eaa8d4446a9ba3004a7d9221) Importer(2089858483,b0f066a214c2f5e87bad3c948f4d605d)
Start importing Packages/com.unity.microsoft.gdk/Editor/Unity.Microsoft.GDK.Editor.asmdef using Guid(78d52374eaa8d4446a9ba3004a7d9221) Importer(2089858483,b0f066a214c2f5e87bad3c948f4d605d) (ScriptedImporter) -> (artifact id: '0ff1f2b4d2d6524e4365dcc23ee7d3b2') in 0.0136191 seconds
Number of updated asset objects reloaded before import = 0Number of asset objects unloaded after import = 1

========================================================================
Received Import Request.
  Time since last request: 0.000051 seconds.
  path: Packages/com.unity.microsoft.gdk/Runtime/XBL/MultiplayerManager/XblMultiplayerPeerToPeerRequirements.cs
  artifactKey: Guid(2e2917b1720d10042bfefd34ef277f06) Importer(2089858483,b0f066a214c2f5e87bad3c948f4d605d)
Start importing Packages/com.unity.microsoft.gdk/Runtime/XBL/MultiplayerManager/XblMultiplayerPeerToPeerRequirements.cs using Guid(2e2917b1720d10042bfefd34ef277f06) Importer(2089858483,b0f066a214c2f5e87bad3c948f4d605d) (ScriptedImporter) -> (artifact id: 'f626b29d867e59674118f76cb3a7e620') in 0.0146113 seconds
Number of updated asset objects reloaded before import = 0Number of asset objects unloaded after import = 0

========================================================================
Received Import Request.
  Time since last request: 0.000069 seconds.
  path: Packages/com.unity.microsoft.gdk/Runtime/XBL/Multiplayer/XblMultiplayerSessionNumberAttribute.cs
  artifactKey: Guid(3022b657f16cef043b49e681365e6c9d) Importer(2089858483,b0f066a214c2f5e87bad3c948f4d605d)
Start importing Packages/com.unity.microsoft.gdk/Runtime/XBL/Multiplayer/XblMultiplayerSessionNumberAttribute.cs using Guid(3022b657f16cef043b49e681365e6c9d) Importer(2089858483,b0f066a214c2f5e87bad3c948f4d605d) (ScriptedImporter) -> (artifact id: '117b1a3de7c1f357c4e0bcecbf09ae2e') in 0.0161855 seconds
Number of updated asset objects reloaded before import = 0Number of asset objects unloaded after import = 0

========================================================================
Received Import Request.
  Time since last request: 0.000041 seconds.
  path: Packages/com.unity.microsoft.gdk/Runtime/XAsyncExtensions.cs
  artifactKey: Guid(6a2da244bf320b64b8b4a2081a7d97b3) Importer(2089858483,b0f066a214c2f5e87bad3c948f4d605d)
Start importing Packages/com.unity.microsoft.gdk/Runtime/XAsyncExtensions.cs using Guid(6a2da244bf320b64b8b4a2081a7d97b3) Importer(2089858483,b0f066a214c2f5e87bad3c948f4d605d) (ScriptedImporter) -> (artifact id: 'd2ca95229ee346fe99dadff0f1ac74e4') in 0.015622 seconds
Number of updated asset objects reloaded before import = 0Number of asset objects unloaded after import = 0

========================================================================
Received Import Request.
  Time since last request: 0.000071 seconds.
  path: Packages/com.unity.microsoft.gdk/Editor/UnityVersion.cs
  artifactKey: Guid(603b9a4dc67849869cb31a24c01d14ae) Importer(2089858483,b0f066a214c2f5e87bad3c948f4d605d)
Start importing Packages/com.unity.microsoft.gdk/Editor/UnityVersion.cs using Guid(603b9a4dc67849869cb31a24c01d14ae) Importer(2089858483,b0f066a214c2f5e87bad3c948f4d605d) (ScriptedImporter) -> (artifact id: '20e435944f0830b4c841a87fecb6b486') in 0.0162526 seconds
Number of updated asset objects reloaded before import = 0Number of asset objects unloaded after import = 0

========================================================================
Received Import Request.
  Time since last request: 0.000037 seconds.
  path: Packages/com.unity.microsoft.gdk/Runtime/Interop/ExtensionLibraries/HttpClient/HttpClientInterop.cs
  artifactKey: Guid(48fdbfd8176147b78ebba6c5599cbe7c) Importer(2089858483,b0f066a214c2f5e87bad3c948f4d605d)
Start importing Packages/com.unity.microsoft.gdk/Runtime/Interop/ExtensionLibraries/HttpClient/HttpClientInterop.cs using Guid(48fdbfd8176147b78ebba6c5599cbe7c) Importer(2089858483,b0f066a214c2f5e87bad3c948f4d605d) (ScriptedImporter) -> (artifact id: 'b6ae1e21aeea595ee9569c09c537c1ac') in 0.016811 seconds
Number of updated asset objects reloaded before import = 0Number of asset objects unloaded after import = 0

========================================================================
Received Import Request.
  Time since last request: 0.000175 seconds.
  path: Packages/com.unity.microsoft.gdk/Runtime/Interop/XBL/Multiplayer/XblMultiplayerSessionHandle.cs
  artifactKey: Guid(9ec79aa53e808a440a45ab9b8dcc9279) Importer(2089858483,b0f066a214c2f5e87bad3c948f4d605d)
Start importing Packages/com.unity.microsoft.gdk/Runtime/Interop/XBL/Multiplayer/XblMultiplayerSessionHandle.cs using Guid(9ec79aa53e808a440a45ab9b8dcc9279) Importer(2089858483,b0f066a214c2f5e87bad3c948f4d605d) (ScriptedImporter) -> (artifact id: 'e28f36414d4dffad0b3569fd1f880ae4') in 0.0159029 seconds
Number of updated asset objects reloaded before import = 0Number of asset objects unloaded after import = 0

========================================================================
Received Import Request.
  Time since last request: 0.000031 seconds.
  path: Packages/com.unity.microsoft.gdk/Runtime/Interop/NativeTypeNameAttribute.cs
  artifactKey: Guid(897fc3d83758462b8fb02a0a13cb8625) Importer(2089858483,b0f066a214c2f5e87bad3c948f4d605d)
Start importing Packages/com.unity.microsoft.gdk/Runtime/Interop/NativeTypeNameAttribute.cs using Guid(897fc3d83758462b8fb02a0a13cb8625) Importer(2089858483,b0f066a214c2f5e87bad3c948f4d605d) (ScriptedImporter) -> (artifact id: '244c1af2d154ab49384b7fda22fffd88') in 0.0180632 seconds
Number of updated asset objects reloaded before import = 0Number of asset objects unloaded after import = 0

========================================================================
Received Import Request.
  Time since last request: 0.000134 seconds.
  path: Packages/com.unity.microsoft.gdk/Runtime/XBL/Leaderboards/XblLeaderboardStatType.cs
  artifactKey: Guid(d2a6164afc464bc4a28e2e1ddfaea56a) Importer(2089858483,b0f066a214c2f5e87bad3c948f4d605d)
Start importing Packages/com.unity.microsoft.gdk/Runtime/XBL/Leaderboards/XblLeaderboardStatType.cs using Guid(d2a6164afc464bc4a28e2e1ddfaea56a) Importer(2089858483,b0f066a214c2f5e87bad3c948f4d605d) (ScriptedImporter) -> (artifact id: '2309fb03c2656c025996a993039616c7') in 0.0186772 seconds
Number of updated asset objects reloaded before import = 0Number of asset objects unloaded after import = 0

========================================================================
Received Import Request.
  Time since last request: 0.000048 seconds.
  path: Packages/com.unity.microsoft.gdk/Runtime/XBL/Achievements/XblAchievementsResultHandle.cs
  artifactKey: Guid(6096e608104b43729f48def26af1bdac) Importer(2089858483,b0f066a214c2f5e87bad3c948f4d605d)
Start importing Packages/com.unity.microsoft.gdk/Runtime/XBL/Achievements/XblAchievementsResultHandle.cs using Guid(6096e608104b43729f48def26af1bdac) Importer(2089858483,b0f066a214c2f5e87bad3c948f4d605d) (ScriptedImporter) -> (artifact id: '5bf07bf5cb4f10d580b046f572e65093') in 0.0147027 seconds
Number of updated asset objects reloaded before import = 0Number of asset objects unloaded after import = 0

========================================================================
Received Import Request.
  Time since last request: 0.000086 seconds.
  path: Packages/com.unity.microsoft.gdk/Runtime/XBL/Social/XblSocialRelationship.cs
  artifactKey: Guid(38354f1ae1f231a40a96d25a9aecef2e) Importer(2089858483,b0f066a214c2f5e87bad3c948f4d605d)
Start importing Packages/com.unity.microsoft.gdk/Runtime/XBL/Social/XblSocialRelationship.cs using Guid(38354f1ae1f231a40a96d25a9aecef2e) Importer(2089858483,b0f066a214c2f5e87bad3c948f4d605d) (ScriptedImporter) -> (artifact id: '9e4e27904e25b3a203114599c0d64df8') in 0.0143292 seconds
Number of updated asset objects reloaded before import = 0Number of asset objects unloaded after import = 0

========================================================================
Received Import Request.
  Time since last request: 0.000073 seconds.
  path: Packages/com.unity.microsoft.gdk/Runtime/Interop/XBL/Matchmaking/XblMatchTicketDetailsResponse.cs
  artifactKey: Guid(10f6f7ac203449ed994c7a71b83276e4) Importer(2089858483,b0f066a214c2f5e87bad3c948f4d605d)
Start importing Packages/com.unity.microsoft.gdk/Runtime/Interop/XBL/Matchmaking/XblMatchTicketDetailsResponse.cs using Guid(10f6f7ac203449ed994c7a71b83276e4) Importer(2089858483,b0f066a214c2f5e87bad3c948f4d605d) (ScriptedImporter) -> (artifact id: '5a63d0fc59cb7b651ccbca8c91a41661') in 0.0154243 seconds
Number of updated asset objects reloaded before import = 0Number of asset objects unloaded after import = 0

========================================================================
Received Import Request.
  Time since last request: 0.000050 seconds.
  path: Packages/com.unity.microsoft.gdk/Runtime/XBL/Presence/XblPresenceTitleViewState.cs
  artifactKey: Guid(07d195adaec8419891aa23a77056738c) Importer(2089858483,b0f066a214c2f5e87bad3c948f4d605d)
Start importing Packages/com.unity.microsoft.gdk/Runtime/XBL/Presence/XblPresenceTitleViewState.cs using Guid(07d195adaec8419891aa23a77056738c) Importer(2089858483,b0f066a214c2f5e87bad3c948f4d605d) (ScriptedImporter) -> (artifact id: 'b6d48d10c961737933ff085ad88d5572') in 0.0127558 seconds
Number of updated asset objects reloaded before import = 0Number of asset objects unloaded after import = 0

========================================================================
Received Import Request.
  Time since last request: 0.000027 seconds.
  path: Packages/com.unity.microsoft.gdk/Editor/GdkEditionTracker.cs
  artifactKey: Guid(88a07fd3c5ce480aa0d0d6139dfb9ff9) Importer(2089858483,b0f066a214c2f5e87bad3c948f4d605d)
Start importing Packages/com.unity.microsoft.gdk/Editor/GdkEditionTracker.cs using Guid(88a07fd3c5ce480aa0d0d6139dfb9ff9) Importer(2089858483,b0f066a214c2f5e87bad3c948f4d605d) (ScriptedImporter) -> (artifact id: 'b789e9b0c6e43708e5554061e496a437') in 0.0161599 seconds
Number of updated asset objects reloaded before import = 0Number of asset objects unloaded after import = 0

========================================================================
Received Import Request.
  Time since last request: 0.000127 seconds.
  path: Packages/com.unity.microsoft.gdk/Third Party Notices.md
  artifactKey: Guid(324ff2dde16242946a2a32d7c9878917) Importer(2089858483,b0f066a214c2f5e87bad3c948f4d605d)
Start importing Packages/com.unity.microsoft.gdk/Third Party Notices.md using Guid(324ff2dde16242946a2a32d7c9878917) Importer(2089858483,b0f066a214c2f5e87bad3c948f4d605d) (ScriptedImporter) -> (artifact id: '2492dd3d7680d2a402479d5acf32e16c') in 0.0163034 seconds
Number of updated asset objects reloaded before import = 0Number of asset objects unloaded after import = 1

========================================================================
Received Import Request.
  Time since last request: 0.000039 seconds.
  path: Packages/com.unity.purchasing/Runtime/Purchasing/Core/Purchasing/Models/ConfirmOrderRequest.cs
  artifactKey: Guid(7fcec0e831b101440affc5f93e1cdfd5) Importer(2089858483,b0f066a214c2f5e87bad3c948f4d605d)
Start importing Packages/com.unity.purchasing/Runtime/Purchasing/Core/Purchasing/Models/ConfirmOrderRequest.cs using Guid(7fcec0e831b101440affc5f93e1cdfd5) Importer(2089858483,b0f066a214c2f5e87bad3c948f4d605d) (ScriptedImporter) -> (artifact id: '3f258b01d485cece252bdaca7218c3b4') in 0.0178051 seconds
Number of updated asset objects reloaded before import = 0Number of asset objects unloaded after import = 0

========================================================================
Received Import Request.
  Time since last request: 0.000071 seconds.
  path: Packages/com.unity.purchasing/Plugins/UnityPurchasing/iOS/SK2/Responses/PurchaseProductResponse.swift
  artifactKey: Guid(6b49c11d2323d46b99b620ce49b23228) Importer(2089858483,b0f066a214c2f5e87bad3c948f4d605d)
Start importing Packages/com.unity.purchasing/Plugins/UnityPurchasing/iOS/SK2/Responses/PurchaseProductResponse.swift using Guid(6b49c11d2323d46b99b620ce49b23228) Importer(2089858483,b0f066a214c2f5e87bad3c948f4d605d) (ScriptedImporter) -> (artifact id: '76155b0946e23400171dc8b87c2817ad') in 0.0181418 seconds
Number of updated asset objects reloaded before import = 0Number of asset objects unloaded after import = 0

========================================================================
Received Import Request.
  Time since last request: 0.000082 seconds.
  path: Packages/com.unity.microsoft.gdk.discovery/README.md
  artifactKey: Guid(d3fd927294f753e41bf999b855de64c0) Importer(2089858483,b0f066a214c2f5e87bad3c948f4d605d)
Start importing Packages/com.unity.microsoft.gdk.discovery/README.md using Guid(d3fd927294f753e41bf999b855de64c0) Importer(2089858483,b0f066a214c2f5e87bad3c948f4d605d) (ScriptedImporter) -> (artifact id: '5902f1b9806e4432ea22413a0a018115') in 0.0141086 seconds
Number of updated asset objects reloaded before import = 0Number of asset objects unloaded after import = 1

========================================================================
Received Import Request.
  Time since last request: 0.000026 seconds.
  path: Packages/com.unity.microsoft.gdk/Tests/PlayModeTests/XGameSaveTests.cs
  artifactKey: Guid(de28edd0dea8fdf42942229ed749332c) Importer(2089858483,b0f066a214c2f5e87bad3c948f4d605d)
Start importing Packages/com.unity.microsoft.gdk/Tests/PlayModeTests/XGameSaveTests.cs using Guid(de28edd0dea8fdf42942229ed749332c) Importer(2089858483,b0f066a214c2f5e87bad3c948f4d605d) (ScriptedImporter) -> (artifact id: '85ddb15b2c700ae79d0682a4b035f7d9') in 0.0158543 seconds
Number of updated asset objects reloaded before import = 0Number of asset objects unloaded after import = 0

========================================================================
Received Import Request.
  Time since last request: 0.000039 seconds.
  path: Packages/com.unity.microsoft.gdk/Runtime/XBL/MultiplayerManager/XblMultiplayerPeerToHostRequirements.cs
  artifactKey: Guid(be4bb15368d04dc43b04d89cce10e4b4) Importer(2089858483,b0f066a214c2f5e87bad3c948f4d605d)
Start importing Packages/com.unity.microsoft.gdk/Runtime/XBL/MultiplayerManager/XblMultiplayerPeerToHostRequirements.cs using Guid(be4bb15368d04dc43b04d89cce10e4b4) Importer(2089858483,b0f066a214c2f5e87bad3c948f4d605d) (ScriptedImporter) -> (artifact id: '4b2ba05bf1da0074db6d89b694023982') in 0.0171128 seconds
Number of updated asset objects reloaded before import = 0Number of asset objects unloaded after import = 0

========================================================================
Received Import Request.
  Time since last request: 0.000209 seconds.
  path: Packages/com.unity.microsoft.gdk/Tests/PlayModeTests/Unity.Microsoft.GDK.Tests.asmdef
  artifactKey: Guid(2901c3d4bdd9f344eac59e11d8814b72) Importer(2089858483,b0f066a214c2f5e87bad3c948f4d605d)
Start importing Packages/com.unity.microsoft.gdk/Tests/PlayModeTests/Unity.Microsoft.GDK.Tests.asmdef using Guid(2901c3d4bdd9f344eac59e11d8814b72) Importer(2089858483,b0f066a214c2f5e87bad3c948f4d605d) (ScriptedImporter) -> (artifact id: '094f83ca618df957fd8d024af35bf0b1') in 0.0196902 seconds
Number of updated asset objects reloaded before import = 0Number of asset objects unloaded after import = 1

========================================================================
Received Import Request.
  Time since last request: 0.000028 seconds.
  path: Packages/com.unity.microsoft.gdk/Runtime/XBL/Matchmaking/XblMatchmakingStatus.cs
  artifactKey: Guid(16fb89dfeeac4183aa057f7ba5f93a3f) Importer(2089858483,b0f066a214c2f5e87bad3c948f4d605d)
Start importing Packages/com.unity.microsoft.gdk/Runtime/XBL/Matchmaking/XblMatchmakingStatus.cs using Guid(16fb89dfeeac4183aa057f7ba5f93a3f) Importer(2089858483,b0f066a214c2f5e87bad3c948f4d605d) (ScriptedImporter) -> (artifact id: 'e458f64059f85b8f6ab3f641146b0e1c') in 0.0171568 seconds
Number of updated asset objects reloaded before import = 0Number of asset objects unloaded after import = 0

========================================================================
Received Import Request.
  Time since last request: 0.000051 seconds.
  path: Packages/com.unity.microsoft.gdk/Runtime/Interop/XBL/SocialManager/XblTitleHistory.cs
  artifactKey: Guid(d60677f52cbe46f6b24c851abe1193e6) Importer(2089858483,b0f066a214c2f5e87bad3c948f4d605d)
Start importing Packages/com.unity.microsoft.gdk/Runtime/Interop/XBL/SocialManager/XblTitleHistory.cs using Guid(d60677f52cbe46f6b24c851abe1193e6) Importer(2089858483,b0f066a214c2f5e87bad3c948f4d605d) (ScriptedImporter) -> (artifact id: 'a2643486fcff28fd0d82c1dcd70a1dab') in 0.0281297 seconds
Number of updated asset objects reloaded before import = 0Number of asset objects unloaded after import = 0

========================================================================
Received Import Request.
  Time since last request: 0.000167 seconds.
  path: Packages/com.unity.microsoft.gdk/Runtime/XBL/Multiplayer/XblMultiplayerSessionMemberRole.cs
  artifactKey: Guid(b9cd1532c05c9ec41a4a906c51b36203) Importer(2089858483,b0f066a214c2f5e87bad3c948f4d605d)
Start importing Packages/com.unity.microsoft.gdk/Runtime/XBL/Multiplayer/XblMultiplayerSessionMemberRole.cs using Guid(b9cd1532c05c9ec41a4a906c51b36203) Importer(2089858483,b0f066a214c2f5e87bad3c948f4d605d) (ScriptedImporter) -> (artifact id: '3aa0a4015d5a2ab2376a81114bf0d6fd') in 0.0190836 seconds
Number of updated asset objects reloaded before import = 0Number of asset objects unloaded after import = 0

========================================================================
Received Import Request.
  Time since last request: 0.000069 seconds.
  path: Packages/com.unity.microsoft.gdk
  artifactKey: Guid(1258d969f8c66948a6689a062a21763d) Importer(2089858483,b0f066a214c2f5e87bad3c948f4d605d)
Start importing Packages/com.unity.microsoft.gdk using Guid(1258d969f8c66948a6689a062a21763d) Importer(2089858483,b0f066a214c2f5e87bad3c948f4d605d) (ScriptedImporter) -> (artifact id: '727d78b19861adf02e471e014cd2b008') in 0.0181623 seconds
Number of updated asset objects reloaded before import = 0Number of asset objects unloaded after import = 1

========================================================================
Received Import Request.
  Time since last request: 0.000025 seconds.
  path: Packages/com.unity.microsoft.gdk/Runtime/Interop/XBL/Leaderboards/XblLeaderboardQuery.cs
  artifactKey: Guid(054ed3ff69b44659aab29e58cfd0dd47) Importer(2089858483,b0f066a214c2f5e87bad3c948f4d605d)
Start importing Packages/com.unity.microsoft.gdk/Runtime/Interop/XBL/Leaderboards/XblLeaderboardQuery.cs using Guid(054ed3ff69b44659aab29e58cfd0dd47) Importer(2089858483,b0f066a214c2f5e87bad3c948f4d605d) (ScriptedImporter) -> (artifact id: 'c0771e15f79b286c283209518bbc341c') in 0.0172612 seconds
Number of updated asset objects reloaded before import = 0Number of asset objects unloaded after import = 0

========================================================================
Received Import Request.
  Time since last request: 0.000029 seconds.
  path: Packages/com.unity.microsoft.gdk/Runtime/Interop/AsyncHelpers.cs
  artifactKey: Guid(52012ff3982846a4a423300844daeebb) Importer(2089858483,b0f066a214c2f5e87bad3c948f4d605d)
Start importing Packages/com.unity.microsoft.gdk/Runtime/Interop/AsyncHelpers.cs using Guid(52012ff3982846a4a423300844daeebb) Importer(2089858483,b0f066a214c2f5e87bad3c948f4d605d) (ScriptedImporter) -> (artifact id: '538eb415a554e3ed91a584d9f20a299c') in 0.0201276 seconds
Number of updated asset objects reloaded before import = 0Number of asset objects unloaded after import = 0

========================================================================
Received Import Request.
  Time since last request: 0.000041 seconds.
  path: Packages/com.unity.microsoft.gdk/Runtime/XBL/Http/HCTraceLevel.cs
  artifactKey: Guid(b510726526634354825f382add5469ea) Importer(2089858483,b0f066a214c2f5e87bad3c948f4d605d)
Start importing Packages/com.unity.microsoft.gdk/Runtime/XBL/Http/HCTraceLevel.cs using Guid(b510726526634354825f382add5469ea) Importer(2089858483,b0f066a214c2f5e87bad3c948f4d605d) (ScriptedImporter) -> (artifact id: 'dde20c228d9c26accb731b23b0c00c71') in 0.0178299 seconds
Number of updated asset objects reloaded before import = 0Number of asset objects unloaded after import = 0

========================================================================
Received Import Request.
  Time since last request: 0.000152 seconds.
  path: Packages/com.unity.microsoft.gdk/Runtime
  artifactKey: Guid(a319cc3a4447d6b47bff183e2b1330ad) Importer(2089858483,b0f066a214c2f5e87bad3c948f4d605d)
Start importing Packages/com.unity.microsoft.gdk/Runtime using Guid(a319cc3a4447d6b47bff183e2b1330ad) Importer(2089858483,b0f066a214c2f5e87bad3c948f4d605d) (ScriptedImporter) -> (artifact id: '812834325386aa5b806edc24f9222214') in 0.0154101 seconds
Number of updated asset objects reloaded before import = 0Number of asset objects unloaded after import = 1

========================================================================
Received Import Request.
  Time since last request: 0.000087 seconds.
  path: Packages/com.unity.microsoft.gdk/Runtime/XBL/Achievements/XblAchievementMediaAssetType.cs
  artifactKey: Guid(2ec4e69fcc0f4f37b3f9b2a542a048b9) Importer(2089858483,b0f066a214c2f5e87bad3c948f4d605d)
Start importing Packages/com.unity.microsoft.gdk/Runtime/XBL/Achievements/XblAchievementMediaAssetType.cs using Guid(2ec4e69fcc0f4f37b3f9b2a542a048b9) Importer(2089858483,b0f066a214c2f5e87bad3c948f4d605d) (ScriptedImporter) -> (artifact id: 'cd77dd029f680eec308c0f47a77b21e0') in 0.0169689 seconds
Number of updated asset objects reloaded before import = 0Number of asset objects unloaded after import = 0

========================================================================
Received Import Request.
  Time since last request: 0.000026 seconds.
  path: Packages/com.unity.microsoft.gdk/Runtime/Interop/XDisplayInterop.cs
  artifactKey: Guid(1dc99035418d0af4c8ece2578d2c86b8) Importer(2089858483,b0f066a214c2f5e87bad3c948f4d605d)
Start importing Packages/com.unity.microsoft.gdk/Runtime/Interop/XDisplayInterop.cs using Guid(1dc99035418d0af4c8ece2578d2c86b8) Importer(2089858483,b0f066a214c2f5e87bad3c948f4d605d) (ScriptedImporter) -> (artifact id: '88032e30f0971b8e73ee850beee82d4c') in 0.0171637 seconds
Number of updated asset objects reloaded before import = 0Number of asset objects unloaded after import = 0

========================================================================
Received Import Request.
  Time since last request: 0.000095 seconds.
  path: Packages/com.unity.microsoft.gdk/Runtime/XBL/UserStatistics/XblUserStatisticsResult.cs
  artifactKey: Guid(dce0821ef0b8490f86c2b660edb4a1f6) Importer(2089858483,b0f066a214c2f5e87bad3c948f4d605d)
Start importing Packages/com.unity.microsoft.gdk/Runtime/XBL/UserStatistics/XblUserStatisticsResult.cs using Guid(dce0821ef0b8490f86c2b660edb4a1f6) Importer(2089858483,b0f066a214c2f5e87bad3c948f4d605d) (ScriptedImporter) -> (artifact id: '120432dcad42c506609be26bbbecb340') in 0.0183415 seconds
Number of updated asset objects reloaded before import = 0Number of asset objects unloaded after import = 0

========================================================================
Received Import Request.
  Time since last request: 0.000457 seconds.
  path: Packages/com.unity.microsoft.gdk/Runtime/XBL/MultiplayerManager/XblMultiplayerManagerLobby.cs
  artifactKey: Guid(cc0ecf91b42ba1f4eac14875ff22e99d) Importer(2089858483,b0f066a214c2f5e87bad3c948f4d605d)
Start importing Packages/com.unity.microsoft.gdk/Runtime/XBL/MultiplayerManager/XblMultiplayerManagerLobby.cs using Guid(cc0ecf91b42ba1f4eac14875ff22e99d) Importer(2089858483,b0f066a214c2f5e87bad3c948f4d605d) (ScriptedImporter) -> (artifact id: '4ebe8889d965f83ba7d86e2aaaaead7f') in 0.0175362 seconds
Number of updated asset objects reloaded before import = 0Number of asset objects unloaded after import = 0

========================================================================
Received Import Request.
  Time since last request: 0.000067 seconds.
  path: Packages/com.unity.microsoft.gdk/Runtime/Interop/XBL/XblGlobalInterop.cs
  artifactKey: Guid(ad2fa38522d44eedaf42b5a454f92dc8) Importer(2089858483,b0f066a214c2f5e87bad3c948f4d605d)
Start importing Packages/com.unity.microsoft.gdk/Runtime/Interop/XBL/XblGlobalInterop.cs using Guid(ad2fa38522d44eedaf42b5a454f92dc8) Importer(2089858483,b0f066a214c2f5e87bad3c948f4d605d) (ScriptedImporter) -> (artifact id: '88a9272516a12051d82627420eab9e9a') in 0.0136066 seconds
Number of updated asset objects reloaded before import = 0Number of asset objects unloaded after import = 0

========================================================================
Received Import Request.
  Time since last request: 0.000069 seconds.
  path: Packages/com.unity.microsoft.gdk.discovery/Editor/Unity.Microsoft.GDK.Discovery.asmdef
  artifactKey: Guid(e0b255ed2ada12d4d87852a1f40b53ce) Importer(2089858483,b0f066a214c2f5e87bad3c948f4d605d)
Start importing Packages/com.unity.microsoft.gdk.discovery/Editor/Unity.Microsoft.GDK.Discovery.asmdef using Guid(e0b255ed2ada12d4d87852a1f40b53ce) Importer(2089858483,b0f066a214c2f5e87bad3c948f4d605d) (ScriptedImporter) -> (artifact id: '0d3f6a4deeaf96a00d84327693f3cfcc') in 0.0122151 seconds
Number of updated asset objects reloaded before import = 0Number of asset objects unloaded after import = 1

========================================================================
Received Import Request.
  Time since last request: 0.000051 seconds.
  path: Packages/com.unity.microsoft.gdk/Runtime/Interop/ExtensionLibraries/HttpClient/WebSocketCompletionResult.cs
  artifactKey: Guid(abb4f1f659404d0eb25a6c9b3640a487) Importer(2089858483,b0f066a214c2f5e87bad3c948f4d605d)
Start importing Packages/com.unity.microsoft.gdk/Runtime/Interop/ExtensionLibraries/HttpClient/WebSocketCompletionResult.cs using Guid(abb4f1f659404d0eb25a6c9b3640a487) Importer(2089858483,b0f066a214c2f5e87bad3c948f4d605d) (ScriptedImporter) -> (artifact id: 'ec8530a1a3d2045b52a31df874848677') in 0.0154695 seconds
Number of updated asset objects reloaded before import = 0Number of asset objects unloaded after import = 0

========================================================================
Received Import Request.
  Time since last request: 0.000061 seconds.
  path: Packages/com.unity.microsoft.gdk/Runtime/Interop/XBL/Multiplayer/XblMultiplayerSessionProperties.cs
  artifactKey: Guid(d635f037323b4784db2199b4b7de3c56) Importer(2089858483,b0f066a214c2f5e87bad3c948f4d605d)
Start importing Packages/com.unity.microsoft.gdk/Runtime/Interop/XBL/Multiplayer/XblMultiplayerSessionProperties.cs using Guid(d635f037323b4784db2199b4b7de3c56) Importer(2089858483,b0f066a214c2f5e87bad3c948f4d605d) (ScriptedImporter) -> (artifact id: '964562c4c36b97ab804b7c722e264d06') in 0.0152468 seconds
Number of updated asset objects reloaded before import = 0Number of asset objects unloaded after import = 0

========================================================================
Received Import Request.
  Time since last request: 0.000057 seconds.
  path: Packages/com.unity.microsoft.gdk/Runtime/Interop/XBL/Multiplayer/XblMultiplayerSessionMemberRole.cs
  artifactKey: Guid(e3108411a7fb05b4bbb722fd84bb6216) Importer(2089858483,b0f066a214c2f5e87bad3c948f4d605d)
Start importing Packages/com.unity.microsoft.gdk/Runtime/Interop/XBL/Multiplayer/XblMultiplayerSessionMemberRole.cs using Guid(e3108411a7fb05b4bbb722fd84bb6216) Importer(2089858483,b0f066a214c2f5e87bad3c948f4d605d) (ScriptedImporter) -> (artifact id: 'd4b649bdb67f7c6eb979dd5c1c05f780') in 0.0178745 seconds
Number of updated asset objects reloaded before import = 0Number of asset objects unloaded after import = 0

========================================================================
Received Import Request.
  Time since last request: 0.000055 seconds.
  path: Packages/com.unity.microsoft.gdk/Runtime/XBL/MultiplayerManager/XblMultiplayerConnectionAddressDeviceTokenPair.cs
  artifactKey: Guid(a5fe5ba20f03e944f9db8b2d18a22551) Importer(2089858483,b0f066a214c2f5e87bad3c948f4d605d)
Start importing Packages/com.unity.microsoft.gdk/Runtime/XBL/MultiplayerManager/XblMultiplayerConnectionAddressDeviceTokenPair.cs using Guid(a5fe5ba20f03e944f9db8b2d18a22551) Importer(2089858483,b0f066a214c2f5e87bad3c948f4d605d) (ScriptedImporter) -> (artifact id: '187b6b402274b1cb70fca65e92123621') in 0.0163631 seconds
Number of updated asset objects reloaded before import = 0Number of asset objects unloaded after import = 0

========================================================================
Received Import Request.
  Time since last request: 0.000051 seconds.
  path: Packages/com.unity.microsoft.gdk/Runtime/XUserHandle.cs
  artifactKey: Guid(aa7d4eff154ba4a40aaad6f002c4373d) Importer(2089858483,b0f066a214c2f5e87bad3c948f4d605d)
Start importing Packages/com.unity.microsoft.gdk/Runtime/XUserHandle.cs using Guid(aa7d4eff154ba4a40aaad6f002c4373d) Importer(2089858483,b0f066a214c2f5e87bad3c948f4d605d) (ScriptedImporter) -> (artifact id: '126333779e71c2c746868a6f2c2376bf') in 0.0161784 seconds
Number of updated asset objects reloaded before import = 0Number of asset objects unloaded after import = 0

========================================================================
Received Import Request.
  Time since last request: 0.000061 seconds.
  path: Packages/com.unity.microsoft.gdk/Runtime/XBL/Privacy/XblPrivilege.cs
  artifactKey: Guid(b749e4be30c9405b82221f4651420087) Importer(2089858483,b0f066a214c2f5e87bad3c948f4d605d)
Start importing Packages/com.unity.microsoft.gdk/Runtime/XBL/Privacy/XblPrivilege.cs using Guid(b749e4be30c9405b82221f4651420087) Importer(2089858483,b0f066a214c2f5e87bad3c948f4d605d) (ScriptedImporter) -> (artifact id: 'f6ca521803b9d2c033e19f871cc74b96') in 0.0143606 seconds
Number of updated asset objects reloaded before import = 0Number of asset objects unloaded after import = 0

========================================================================
Received Import Request.
  Time since last request: 0.000069 seconds.
  path: Packages/com.unity.microsoft.gdk/Runtime/XBL/Multiplayer/XblMultiplayerSessionWriteMode.cs
  artifactKey: Guid(b0efa140e2dc84049ab8d82d363ef163) Importer(2089858483,b0f066a214c2f5e87bad3c948f4d605d)
Start importing Packages/com.unity.microsoft.gdk/Runtime/XBL/Multiplayer/XblMultiplayerSessionWriteMode.cs using Guid(b0efa140e2dc84049ab8d82d363ef163) Importer(2089858483,b0f066a214c2f5e87bad3c948f4d605d) (ScriptedImporter) -> (artifact id: '1d003fc7459f62016fc9f11554df5607') in 0.0172956 seconds
Number of updated asset objects reloaded before import = 0Number of asset objects unloaded after import = 0

========================================================================
Received Import Request.
  Time since last request: 0.000022 seconds.
  path: Assets/Resources/BillingMode.json
  artifactKey: Guid(7bf4d5df18861f14fa3401a1afc514c7) Importer(2089858483,b0f066a214c2f5e87bad3c948f4d605d)
Start importing Assets/Resources/BillingMode.json using Guid(7bf4d5df18861f14fa3401a1afc514c7) Importer(2089858483,b0f066a214c2f5e87bad3c948f4d605d) (ScriptedImporter) -> (artifact id: '640a46c4bd78b1d3ba645937b0eb6f94') in 0.022724 seconds
Number of updated asset objects reloaded before import = 0Number of asset objects unloaded after import = 1

========================================================================
Received Import Request.
  Time since last request: 0.000065 seconds.
  path: Packages/com.unity.microsoft.gdk/Runtime/XBL/Privacy/XblAnonymousUserType.cs
  artifactKey: Guid(cd1913ee3746471693625812fbac61ea) Importer(2089858483,b0f066a214c2f5e87bad3c948f4d605d)
Start importing Packages/com.unity.microsoft.gdk/Runtime/XBL/Privacy/XblAnonymousUserType.cs using Guid(cd1913ee3746471693625812fbac61ea) Importer(2089858483,b0f066a214c2f5e87bad3c948f4d605d) (ScriptedImporter) -> (artifact id: '0009033d58eac68a9908f1fa5d05a17a') in 0.0158323 seconds
Number of updated asset objects reloaded before import = 0Number of asset objects unloaded after import = 0

========================================================================
Received Import Request.
  Time since last request: 0.000060 seconds.
  path: Packages/com.unity.microsoft.gdk/Runtime/Interop/XBL/Presence/XblPresenceDeviceRecord.cs
  artifactKey: Guid(bf801bd2a27d4e0aac7386a4c6b44ec3) Importer(2089858483,b0f066a214c2f5e87bad3c948f4d605d)
Start importing Packages/com.unity.microsoft.gdk/Runtime/Interop/XBL/Presence/XblPresenceDeviceRecord.cs using Guid(bf801bd2a27d4e0aac7386a4c6b44ec3) Importer(2089858483,b0f066a214c2f5e87bad3c948f4d605d) (ScriptedImporter) -> (artifact id: '8997a7d9951105214a9aa231a2c21684') in 0.0146768 seconds
Number of updated asset objects reloaded before import = 0Number of asset objects unloaded after import = 0

========================================================================
Received Import Request.
  Time since last request: 0.000080 seconds.
  path: Packages/com.unity.microsoft.gdk.discovery/Editor/GdkEnumerator.cs
  artifactKey: Guid(8cab899168531584a995ae0a0ae550f3) Importer(2089858483,b0f066a214c2f5e87bad3c948f4d605d)
Start importing Packages/com.unity.microsoft.gdk.discovery/Editor/GdkEnumerator.cs using Guid(8cab899168531584a995ae0a0ae550f3) Importer(2089858483,b0f066a214c2f5e87bad3c948f4d605d) (ScriptedImporter) -> (artifact id: 'b0a1dc4046d22a43714c48d7e72cdac1') in 0.0158211 seconds
Number of updated asset objects reloaded before import = 0Number of asset objects unloaded after import = 0

========================================================================
Received Import Request.
  Time since last request: 0.000075 seconds.
  path: Packages/com.unity.microsoft.gdk/Runtime/XStore.cs
  artifactKey: Guid(0f7ab48054b662048bf1f78fbe999f51) Importer(2089858483,b0f066a214c2f5e87bad3c948f4d605d)
Start importing Packages/com.unity.microsoft.gdk/Runtime/XStore.cs using Guid(0f7ab48054b662048bf1f78fbe999f51) Importer(2089858483,b0f066a214c2f5e87bad3c948f4d605d) (ScriptedImporter) -> (artifact id: 'd966ab836db3e4e36718a8a8afd2784d') in 0.0144419 seconds
Number of updated asset objects reloaded before import = 0Number of asset objects unloaded after import = 0

========================================================================
Received Import Request.
  Time since last request: 0.000069 seconds.
  path: Packages/com.unity.microsoft.gdk/Runtime/Interop/XBL/Presence/XblPresenceBroadcastRecord.cs
  artifactKey: Guid(369593bcef4043ae8a33421d0b0868ed) Importer(2089858483,b0f066a214c2f5e87bad3c948f4d605d)
Start importing Packages/com.unity.microsoft.gdk/Runtime/Interop/XBL/Presence/XblPresenceBroadcastRecord.cs using Guid(369593bcef4043ae8a33421d0b0868ed) Importer(2089858483,b0f066a214c2f5e87bad3c948f4d605d) (ScriptedImporter) -> (artifact id: '46fe22320c422de345b844a778c4986a') in 0.0166256 seconds
Number of updated asset objects reloaded before import = 0Number of asset objects unloaded after import = 0

========================================================================
Received Import Request.
  Time since last request: 0.000076 seconds.
  path: Packages/com.unity.microsoft.gdk/Runtime/Interop/XBL/Achievements/XblAchievementProgressChangeEventArgs.cs
  artifactKey: Guid(e751fb91c8baea349a38ade28d4b1558) Importer(2089858483,b0f066a214c2f5e87bad3c948f4d605d)
Start importing Packages/com.unity.microsoft.gdk/Runtime/Interop/XBL/Achievements/XblAchievementProgressChangeEventArgs.cs using Guid(e751fb91c8baea349a38ade28d4b1558) Importer(2089858483,b0f066a214c2f5e87bad3c948f4d605d) (ScriptedImporter) -> (artifact id: 'c73a9c9c185b569c90cd7cc6dee49b50') in 0.0196251 seconds
Number of updated asset objects reloaded before import = 0Number of asset objects unloaded after import = 0

========================================================================
Received Import Request.
  Time since last request: 0.000025 seconds.
  path: Packages/com.unity.microsoft.gdk/Runtime/XBL/TitleStorage/XblTitleStorageBlobType.cs
  artifactKey: Guid(940f2b83544c41dcb819f35902ffbad9) Importer(2089858483,b0f066a214c2f5e87bad3c948f4d605d)
Start importing Packages/com.unity.microsoft.gdk/Runtime/XBL/TitleStorage/XblTitleStorageBlobType.cs using Guid(940f2b83544c41dcb819f35902ffbad9) Importer(2089858483,b0f066a214c2f5e87bad3c948f4d605d) (ScriptedImporter) -> (artifact id: '097ea43a301894816caaaca27cf10d9a') in 0.0197252 seconds
Number of updated asset objects reloaded before import = 0Number of asset objects unloaded after import = 0

========================================================================
Received Import Request.
  Time since last request: 0.000041 seconds.
  path: Packages/com.unity.microsoft.gdk/Runtime/Interop/XBL/Leaderboards/XblLeaderboardResult.cs
  artifactKey: Guid(4334822ff32a481489942598e51734dd) Importer(2089858483,b0f066a214c2f5e87bad3c948f4d605d)
Start importing Packages/com.unity.microsoft.gdk/Runtime/Interop/XBL/Leaderboards/XblLeaderboardResult.cs using Guid(4334822ff32a481489942598e51734dd) Importer(2089858483,b0f066a214c2f5e87bad3c948f4d605d) (ScriptedImporter) -> (artifact id: '893eedc230e799714a3efe32fbb4564a') in 0.0250864 seconds
Number of updated asset objects reloaded before import = 0Number of asset objects unloaded after import = 0

========================================================================
Received Import Request.
  Time since last request: 0.000042 seconds.
  path: Packages/com.unity.microsoft.gdk/Runtime/XBL/TitleManagedStats/XblTitleManagedStats.cs
  artifactKey: Guid(a9eb36054df14af4a7132f7bd83ac812) Importer(2089858483,b0f066a214c2f5e87bad3c948f4d605d)
Start importing Packages/com.unity.microsoft.gdk/Runtime/XBL/TitleManagedStats/XblTitleManagedStats.cs using Guid(a9eb36054df14af4a7132f7bd83ac812) Importer(2089858483,b0f066a214c2f5e87bad3c948f4d605d) (ScriptedImporter) -> (artifact id: '2cf77eb71228766a5140b9e4dfbb4042') in 0.0145126 seconds
Number of updated asset objects reloaded before import = 0Number of asset objects unloaded after import = 0

========================================================================
Received Import Request.
  Time since last request: 0.000196 seconds.
  path: Packages/com.unity.microsoft.gdk/Runtime/XBL/Social/XblSocial.cs
  artifactKey: Guid(7b53513b39ea44b2af6a03c8847f159a) Importer(2089858483,b0f066a214c2f5e87bad3c948f4d605d)
Start importing Packages/com.unity.microsoft.gdk/Runtime/XBL/Social/XblSocial.cs using Guid(7b53513b39ea44b2af6a03c8847f159a) Importer(2089858483,b0f066a214c2f5e87bad3c948f4d605d) (ScriptedImporter) -> (artifact id: '2b62a054d9d0c3e83e1529ebe05ac34e') in 0.0156527 seconds
Number of updated asset objects reloaded before import = 0Number of asset objects unloaded after import = 0

========================================================================
Received Import Request.
  Time since last request: 0.000026 seconds.
  path: Packages/com.unity.microsoft.gdk/Runtime/XBL/Events/XblEvents.cs
  artifactKey: Guid(aaa9cc7d3e784f7dac5cdc6a9251eb0e) Importer(2089858483,b0f066a214c2f5e87bad3c948f4d605d)
Start importing Packages/com.unity.microsoft.gdk/Runtime/XBL/Events/XblEvents.cs using Guid(aaa9cc7d3e784f7dac5cdc6a9251eb0e) Importer(2089858483,b0f066a214c2f5e87bad3c948f4d605d) (ScriptedImporter) -> (artifact id: '2a8a525f00e6585b75c7ef4ab06b68fd') in 0.0175957 seconds
Number of updated asset objects reloaded before import = 0Number of asset objects unloaded after import = 0

========================================================================
Received Import Request.
  Time since last request: 0.000043 seconds.
  path: Packages/com.unity.microsoft.gdk/Runtime/XBL/Presence/XblPresenceDetailLevel.cs
  artifactKey: Guid(cfe1499f76ab4bad86b677839ed7c1dd) Importer(2089858483,b0f066a214c2f5e87bad3c948f4d605d)
Start importing Packages/com.unity.microsoft.gdk/Runtime/XBL/Presence/XblPresenceDetailLevel.cs using Guid(cfe1499f76ab4bad86b677839ed7c1dd) Importer(2089858483,b0f066a214c2f5e87bad3c948f4d605d) (ScriptedImporter) -> (artifact id: 'c8edcd48fcbc0acf02fadcce998abb70') in 0.0158161 seconds
Number of updated asset objects reloaded before import = 0Number of asset objects unloaded after import = 0

========================================================================
Received Import Request.
  Time since last request: 0.000123 seconds.
  path: Packages/com.unity.microsoft.gdk/Runtime/Interop/XGamingRuntimeThunk.cs
  artifactKey: Guid(d07fede844bb19e4b915aeb90ce3c945) Importer(2089858483,b0f066a214c2f5e87bad3c948f4d605d)
Start importing Packages/com.unity.microsoft.gdk/Runtime/Interop/XGamingRuntimeThunk.cs using Guid(d07fede844bb19e4b915aeb90ce3c945) Importer(2089858483,b0f066a214c2f5e87bad3c948f4d605d) (ScriptedImporter) -> (artifact id: '72efd69bc6b71af82f1a8cd0552646d8') in 0.0176467 seconds
Number of updated asset objects reloaded before import = 0Number of asset objects unloaded after import = 0

========================================================================
Received Import Request.
  Time since last request: 0.000081 seconds.
  path: Packages/com.unity.microsoft.gdk/Runtime/Interop/XBL/AchievementsManager/XblAchievementsManagerResultHandle.cs
  artifactKey: Guid(36525005130c520488890045cb0109af) Importer(2089858483,b0f066a214c2f5e87bad3c948f4d605d)
Start importing Packages/com.unity.microsoft.gdk/Runtime/Interop/XBL/AchievementsManager/XblAchievementsManagerResultHandle.cs using Guid(36525005130c520488890045cb0109af) Importer(2089858483,b0f066a214c2f5e87bad3c948f4d605d) (ScriptedImporter) -> (artifact id: 'ba87c07be1baa3f2d1ef26f675acf280') in 0.0154574 seconds
Number of updated asset objects reloaded before import = 0Number of asset objects unloaded after import = 0

========================================================================
Received Import Request.
  Time since last request: 0.000071 seconds.
  path: Packages/com.unity.microsoft.gdk/Runtime/XBL/TitleStorage/XblTitleStorageBlobMetadata.cs
  artifactKey: Guid(fcf9fcc369ce43be9913a01531ef2a00) Importer(2089858483,b0f066a214c2f5e87bad3c948f4d605d)
Start importing Packages/com.unity.microsoft.gdk/Runtime/XBL/TitleStorage/XblTitleStorageBlobMetadata.cs using Guid(fcf9fcc369ce43be9913a01531ef2a00) Importer(2089858483,b0f066a214c2f5e87bad3c948f4d605d) (ScriptedImporter) -> (artifact id: 'e6bb3d9436ef10d977ec6998aaf5e357') in 0.015329 seconds
Number of updated asset objects reloaded before import = 0Number of asset objects unloaded after import = 0

========================================================================
Received Import Request.
  Time since last request: 0.000075 seconds.
  path: Packages/com.unity.microsoft.gdk/Runtime/XBL/Achievements/XblAchievementRewardType.cs
  artifactKey: Guid(5206718c43e14462bc70b7440cbda3e4) Importer(2089858483,b0f066a214c2f5e87bad3c948f4d605d)
Start importing Packages/com.unity.microsoft.gdk/Runtime/XBL/Achievements/XblAchievementRewardType.cs using Guid(5206718c43e14462bc70b7440cbda3e4) Importer(2089858483,b0f066a214c2f5e87bad3c948f4d605d) (ScriptedImporter) -> (artifact id: '7e23577a743a555294ce6996e470fce0') in 0.0117014 seconds
Number of updated asset objects reloaded before import = 0Number of asset objects unloaded after import = 0

========================================================================
Received Import Request.
  Time since last request: 0.000121 seconds.
  path: Packages/com.unity.microsoft.gdk/Tests/PlayModeTests/XUserTests.cs
  artifactKey: Guid(4afe07a362464d84f80b87c5ab109eb4) Importer(2089858483,b0f066a214c2f5e87bad3c948f4d605d)
Start importing Packages/com.unity.microsoft.gdk/Tests/PlayModeTests/XUserTests.cs using Guid(4afe07a362464d84f80b87c5ab109eb4) Importer(2089858483,b0f066a214c2f5e87bad3c948f4d605d) (ScriptedImporter) -> (artifact id: '845ca2b47f87bc14e0d327a27ec36141') in 0.0132662 seconds
Number of updated asset objects reloaded before import = 0Number of asset objects unloaded after import = 0

========================================================================
Received Import Request.
  Time since last request: 0.000094 seconds.
  path: Packages/com.unity.microsoft.gdk/Runtime/Interop
  artifactKey: Guid(8143e47332fc4b13b06238b33e679175) Importer(2089858483,b0f066a214c2f5e87bad3c948f4d605d)
Start importing Packages/com.unity.microsoft.gdk/Runtime/Interop using Guid(8143e47332fc4b13b06238b33e679175) Importer(2089858483,b0f066a214c2f5e87bad3c948f4d605d) (ScriptedImporter) -> (artifact id: 'fa326f020bd8d6770087b211e0566a44') in 0.0249266 seconds
Number of updated asset objects reloaded before import = 0Number of asset objects unloaded after import = 1

========================================================================
Received Import Request.
  Time since last request: 0.000142 seconds.
  path: Packages/com.unity.microsoft.gdk/Runtime/Interop/XAccessibilityInterop.cs
  artifactKey: Guid(3854fbc1ef42cd14886cb6d271ffdaa9) Importer(2089858483,b0f066a214c2f5e87bad3c948f4d605d)
Start importing Packages/com.unity.microsoft.gdk/Runtime/Interop/XAccessibilityInterop.cs using Guid(3854fbc1ef42cd14886cb6d271ffdaa9) Importer(2089858483,b0f066a214c2f5e87bad3c948f4d605d) (ScriptedImporter) -> (artifact id: '13253d5cd2cea73c74ad48d311838ed4') in 0.0181842 seconds
Number of updated asset objects reloaded before import = 0Number of asset objects unloaded after import = 0

========================================================================
Received Import Request.
  Time since last request: 0.000026 seconds.
  path: Packages/com.unity.microsoft.gdk/Runtime/Interop/InteropCallbackManager.cs
  artifactKey: Guid(423dd4a1c3314aa79f072d2337fbc4d4) Importer(2089858483,b0f066a214c2f5e87bad3c948f4d605d)
Start importing Packages/com.unity.microsoft.gdk/Runtime/Interop/InteropCallbackManager.cs using Guid(423dd4a1c3314aa79f072d2337fbc4d4) Importer(2089858483,b0f066a214c2f5e87bad3c948f4d605d) (ScriptedImporter) -> (artifact id: '6bd3a860534be23671ded4b60efda26e') in 0.0181974 seconds
Number of updated asset objects reloaded before import = 0Number of asset objects unloaded after import = 0

========================================================================
Received Import Request.
  Time since last request: 0.000123 seconds.
  path: Packages/com.unity.microsoft.gdk/Runtime/XBL/Events
  artifactKey: Guid(bd20a96a11984a35bfeecce41127a49a) Importer(2089858483,b0f066a214c2f5e87bad3c948f4d605d)
Start importing Packages/com.unity.microsoft.gdk/Runtime/XBL/Events using Guid(bd20a96a11984a35bfeecce41127a49a) Importer(2089858483,b0f066a214c2f5e87bad3c948f4d605d) (ScriptedImporter) -> (artifact id: '48bfeefe38c08ecfc44068dca9235b73') in 0.0163899 seconds
Number of updated asset objects reloaded before import = 0Number of asset objects unloaded after import = 1

========================================================================
Received Import Request.
  Time since last request: 0.000102 seconds.
  path: Packages/com.unity.microsoft.gdk/Runtime/Interop/XBL/Multiplayer/XblMultiplayerSessionInitializationInfo.cs
  artifactKey: Guid(b6f2f97254798244394292bd172da742) Importer(2089858483,b0f066a214c2f5e87bad3c948f4d605d)
Start importing Packages/com.unity.microsoft.gdk/Runtime/Interop/XBL/Multiplayer/XblMultiplayerSessionInitializationInfo.cs using Guid(b6f2f97254798244394292bd172da742) Importer(2089858483,b0f066a214c2f5e87bad3c948f4d605d) (ScriptedImporter) -> (artifact id: '7f6c3ba99399b6cbde147b6a710e85a2') in 0.0169893 seconds
Number of updated asset objects reloaded before import = 0Number of asset objects unloaded after import = 0

========================================================================
Received Import Request.
  Time since last request: 0.000111 seconds.
  path: Packages/com.unity.microsoft.gdk/Runtime/Interop/XBL/Multiplayer/XblMultiplayerMatchmakingServer.cs
  artifactKey: Guid(4d59e34a7d1dac9418312f30952194ad) Importer(2089858483,b0f066a214c2f5e87bad3c948f4d605d)
Start importing Packages/com.unity.microsoft.gdk/Runtime/Interop/XBL/Multiplayer/XblMultiplayerMatchmakingServer.cs using Guid(4d59e34a7d1dac9418312f30952194ad) Importer(2089858483,b0f066a214c2f5e87bad3c948f4d605d) (ScriptedImporter) -> (artifact id: 'c1e1b36d23e5c0887c241f27124470c3') in 0.0213503 seconds
Number of updated asset objects reloaded before import = 0Number of asset objects unloaded after import = 0

========================================================================
Received Import Request.
  Time since last request: 0.000085 seconds.
  path: Packages/com.unity.microsoft.gdk/Runtime/XBL/Matchmaking
  artifactKey: Guid(00de9f54862f44928138e88e630948b2) Importer(2089858483,b0f066a214c2f5e87bad3c948f4d605d)
Start importing Packages/com.unity.microsoft.gdk/Runtime/XBL/Matchmaking using Guid(00de9f54862f44928138e88e630948b2) Importer(2089858483,b0f066a214c2f5e87bad3c948f4d605d) (ScriptedImporter) -> (artifact id: '31dd1a513ef326c9aeaa365600cf5943') in 0.0180766 seconds
Number of updated asset objects reloaded before import = 0Number of asset objects unloaded after import = 1

========================================================================
Received Import Request.
  Time since last request: 0.000053 seconds.
  path: Packages/com.unity.microsoft.gdk/Runtime/Interop/XBL/Http/XblHttpCallHandle.cs
  artifactKey: Guid(b22b3c95684e4d1a87125d2ae2175647) Importer(2089858483,b0f066a214c2f5e87bad3c948f4d605d)
Start importing Packages/com.unity.microsoft.gdk/Runtime/Interop/XBL/Http/XblHttpCallHandle.cs using Guid(b22b3c95684e4d1a87125d2ae2175647) Importer(2089858483,b0f066a214c2f5e87bad3c948f4d605d) (ScriptedImporter) -> (artifact id: 'b7de39113751cc477ff2d6a5ff8dd83f') in 0.0154369 seconds
Number of updated asset objects reloaded before import = 0Number of asset objects unloaded after import = 0

========================================================================
Received Import Request.
  Time since last request: 0.000086 seconds.
  path: Packages/com.unity.microsoft.gdk/Tests/PlayModeTests/AssertUtils.cs
  artifactKey: Guid(421297d5e42417042b40d90a8d3c896c) Importer(2089858483,b0f066a214c2f5e87bad3c948f4d605d)
Start importing Packages/com.unity.microsoft.gdk/Tests/PlayModeTests/AssertUtils.cs using Guid(421297d5e42417042b40d90a8d3c896c) Importer(2089858483,b0f066a214c2f5e87bad3c948f4d605d) (ScriptedImporter) -> (artifact id: 'bbddf3ee8b44ab8d9eee2e551b5fda64') in 0.0137173 seconds
Number of updated asset objects reloaded before import = 0Number of asset objects unloaded after import = 0

========================================================================
Received Import Request.
  Time since last request: 0.000064 seconds.
  path: Packages/com.unity.microsoft.gdk/Runtime/Interop/XBL/XblInitArgs.cs
  artifactKey: Guid(d7e1d50f56884725865180dbd54bb42d) Importer(2089858483,b0f066a214c2f5e87bad3c948f4d605d)
Start importing Packages/com.unity.microsoft.gdk/Runtime/Interop/XBL/XblInitArgs.cs using Guid(d7e1d50f56884725865180dbd54bb42d) Importer(2089858483,b0f066a214c2f5e87bad3c948f4d605d) (ScriptedImporter) -> (artifact id: '1edd4f33dbcd365ef6c164bf76236eaf') in 0.0167566 seconds
Number of updated asset objects reloaded before import = 0Number of asset objects unloaded after import = 0

========================================================================
Received Import Request.
  Time since last request: 0.000079 seconds.
  path: Packages/com.unity.microsoft.gdk/Runtime/Interop/XBL/MultiplayerActivity/XblMultiplayerActivityRecentPlayerUpdate.cs
  artifactKey: Guid(fb21c76b17394ca468143177bd3d3dec) Importer(2089858483,b0f066a214c2f5e87bad3c948f4d605d)
Start importing Packages/com.unity.microsoft.gdk/Runtime/Interop/XBL/MultiplayerActivity/XblMultiplayerActivityRecentPlayerUpdate.cs using Guid(fb21c76b17394ca468143177bd3d3dec) Importer(2089858483,b0f066a214c2f5e87bad3c948f4d605d) (ScriptedImporter) -> (artifact id: '4e44acb72dfa49a9e433ba934d8af916') in 0.014716 seconds
Number of updated asset objects reloaded before import = 0Number of asset objects unloaded after import = 0

========================================================================
Received Import Request.
  Time since last request: 0.000061 seconds.
  path: Packages/com.unity.microsoft.gdk/Runtime/Interop/ExtensionLibraries
  artifactKey: Guid(19b389690af34aaeb1f7b2f89eb0fa4a) Importer(2089858483,b0f066a214c2f5e87bad3c948f4d605d)
Start importing Packages/com.unity.microsoft.gdk/Runtime/Interop/ExtensionLibraries using Guid(19b389690af34aaeb1f7b2f89eb0fa4a) Importer(2089858483,b0f066a214c2f5e87bad3c948f4d605d) (ScriptedImporter) -> (artifact id: '97b830e1d46c4b81f89f248715fcf7c5') in 0.0124548 seconds
Number of updated asset objects reloaded before import = 0Number of asset objects unloaded after import = 1

========================================================================
Received Import Request.
  Time since last request: 0.000047 seconds.
  path: Packages/com.unity.microsoft.gdk/Editor/GdkAssemblyInfo.cs
  artifactKey: Guid(00a2e2885cdb4c279d4760cb86d11d6b) Importer(2089858483,b0f066a214c2f5e87bad3c948f4d605d)
Start importing Packages/com.unity.microsoft.gdk/Editor/GdkAssemblyInfo.cs using Guid(00a2e2885cdb4c279d4760cb86d11d6b) Importer(2089858483,b0f066a214c2f5e87bad3c948f4d605d) (ScriptedImporter) -> (artifact id: '39114262feae23166b43dcfb084a741d') in 0.0165127 seconds
Number of updated asset objects reloaded before import = 0Number of asset objects unloaded after import = 0

========================================================================
Received Import Request.
  Time since last request: 0.000098 seconds.
  path: Packages/com.unity.microsoft.gdk/Runtime/ExtensionLibraries/HttpClient/HttpClient.cs
  artifactKey: Guid(c511df11c3a3467e8cd883c9fc408f48) Importer(2089858483,b0f066a214c2f5e87bad3c948f4d605d)
Start importing Packages/com.unity.microsoft.gdk/Runtime/ExtensionLibraries/HttpClient/HttpClient.cs using Guid(c511df11c3a3467e8cd883c9fc408f48) Importer(2089858483,b0f066a214c2f5e87bad3c948f4d605d) (ScriptedImporter) -> (artifact id: '1107a4e09e525b04fc5fafe3aa8b7b25') in 0.014838 seconds
Number of updated asset objects reloaded before import = 0Number of asset objects unloaded after import = 0

========================================================================
Received Import Request.
  Time since last request: 0.000078 seconds.
  path: Packages/com.unity.microsoft.gdk/Tests/PlayModeTests/XDisplayTests.cs
  artifactKey: Guid(81ffb8b6b5e82564e944d39bce0c8e6e) Importer(2089858483,b0f066a214c2f5e87bad3c948f4d605d)
Start importing Packages/com.unity.microsoft.gdk/Tests/PlayModeTests/XDisplayTests.cs using Guid(81ffb8b6b5e82564e944d39bce0c8e6e) Importer(2089858483,b0f066a214c2f5e87bad3c948f4d605d) (ScriptedImporter) -> (artifact id: '93baea59dba7e46f277b4f0488280601') in 0.0146101 seconds
Number of updated asset objects reloaded before import = 0Number of asset objects unloaded after import = 0

========================================================================
Received Import Request.
  Time since last request: 0.000047 seconds.
  path: Packages/com.unity.microsoft.gdk/Runtime/XUser.cs
  artifactKey: Guid(a9dead0e6f0c55644ae0db60ffa4f280) Importer(2089858483,b0f066a214c2f5e87bad3c948f4d605d)
Start importing Packages/com.unity.microsoft.gdk/Runtime/XUser.cs using Guid(a9dead0e6f0c55644ae0db60ffa4f280) Importer(2089858483,b0f066a214c2f5e87bad3c948f4d605d) (ScriptedImporter) -> (artifact id: 'e91066c1f994e595c6188f5071d5ad5c') in 0.0155687 seconds
Number of updated asset objects reloaded before import = 0Number of asset objects unloaded after import = 0

========================================================================
Received Import Request.
  Time since last request: 0.000044 seconds.
  path: Packages/com.unity.services.deployment.api/README.md
  artifactKey: Guid(d25236eed889a3d49bcdf9f64b5193f9) Importer(2089858483,b0f066a214c2f5e87bad3c948f4d605d)
Start importing Packages/com.unity.services.deployment.api/README.md using Guid(d25236eed889a3d49bcdf9f64b5193f9) Importer(2089858483,b0f066a214c2f5e87bad3c948f4d605d) (ScriptedImporter) -> (artifact id: '289e0e76732c84bc7d6a382bd93cc928') in 0.0154985 seconds
Number of updated asset objects reloaded before import = 0Number of asset objects unloaded after import = 1

========================================================================
Received Import Request.
  Time since last request: 0.000023 seconds.
  path: Packages/com.unity.purchasing/Runtime/TransactionVerifier/Client/Configuration
  artifactKey: Guid(96a10427082154b11a35a201118aeb1f) Importer(2089858483,b0f066a214c2f5e87bad3c948f4d605d)
Start importing Packages/com.unity.purchasing/Runtime/TransactionVerifier/Client/Configuration using Guid(96a10427082154b11a35a201118aeb1f) Importer(2089858483,b0f066a214c2f5e87bad3c948f4d605d) (ScriptedImporter) -> (artifact id: '9c2a3af71dc1944985a8fd9cb2fa7c45') in 0.0139991 seconds
Number of updated asset objects reloaded before import = 0Number of asset objects unloaded after import = 1

========================================================================
Received Import Request.
  Time since last request: 0.000022 seconds.
  path: Packages/com.unity.microsoft.gdk/Runtime/XTaskQueue.cs
  artifactKey: Guid(5b47fafb814167e46af9e8bcebcd1353) Importer(2089858483,b0f066a214c2f5e87bad3c948f4d605d)
Start importing Packages/com.unity.microsoft.gdk/Runtime/XTaskQueue.cs using Guid(5b47fafb814167e46af9e8bcebcd1353) Importer(2089858483,b0f066a214c2f5e87bad3c948f4d605d) (ScriptedImporter) -> (artifact id: 'bb07a2a6e63f43db37a3f6d5f784cd1c') in 0.0152663 seconds
Number of updated asset objects reloaded before import = 0Number of asset objects unloaded after import = 0

========================================================================
Received Import Request.
  Time since last request: 0.000100 seconds.
  path: Packages/com.unity.services.deployment/Editor/DeploymentDefinitions/UI/Assets
  artifactKey: Guid(cc922b237ffa64923bc8fefd5f4f7f25) Importer(2089858483,b0f066a214c2f5e87bad3c948f4d605d)
Start importing Packages/com.unity.services.deployment/Editor/DeploymentDefinitions/UI/Assets using Guid(cc922b237ffa64923bc8fefd5f4f7f25) Importer(2089858483,b0f066a214c2f5e87bad3c948f4d605d) (ScriptedImporter) -> (artifact id: '5e8fb9859ad7017aa68b89dfc775ca37') in 0.0132147 seconds
Number of updated asset objects reloaded before import = 0Number of asset objects unloaded after import = 1

========================================================================
Received Import Request.
  Time since last request: 0.000044 seconds.
  path: Packages/com.unity.microsoft.gdk/Runtime/Interop/Converters.cs
  artifactKey: Guid(c2ab9321dac644ddacaf95df419fdd00) Importer(2089858483,b0f066a214c2f5e87bad3c948f4d605d)
Start importing Packages/com.unity.microsoft.gdk/Runtime/Interop/Converters.cs using Guid(c2ab9321dac644ddacaf95df419fdd00) Importer(2089858483,b0f066a214c2f5e87bad3c948f4d605d) (ScriptedImporter) -> (artifact id: 'c8924c501ea196c347d1605b120759d7') in 0.1025893 seconds
Number of updated asset objects reloaded before import = 0Number of asset objects unloaded after import = 0

========================================================================
Received Import Request.
  Time since last request: 0.000058 seconds.
  path: Packages/com.unity.microsoft.gdk/Runtime/Interop/XBL/Multiplayer/XblMultiplayerInterop.cs
  artifactKey: Guid(df71e4a995e56d545ad02bd8110d9bdd) Importer(2089858483,b0f066a214c2f5e87bad3c948f4d605d)
Start importing Packages/com.unity.microsoft.gdk/Runtime/Interop/XBL/Multiplayer/XblMultiplayerInterop.cs using Guid(df71e4a995e56d545ad02bd8110d9bdd) Importer(2089858483,b0f066a214c2f5e87bad3c948f4d605d) (ScriptedImporter) -> (artifact id: 'c28e833a7091d2f7af9308f47317db6e') in 0.0147213 seconds
Number of updated asset objects reloaded before import = 0Number of asset objects unloaded after import = 0

========================================================================
Received Import Request.
  Time since last request: 0.000042 seconds.
  path: Assets/LSO/_SO/LSO/AgeChac.asset
  artifactKey: Guid(5f8ad8eb45059894ea5530c4a9d4243f) Importer(2089858483,b0f066a214c2f5e87bad3c948f4d605d)
Start importing Assets/LSO/_SO/LSO/AgeChac.asset using Guid(5f8ad8eb45059894ea5530c4a9d4243f) Importer(2089858483,b0f066a214c2f5e87bad3c948f4d605d) (ScriptedImporter) -> (artifact id: '5acbd1a1e2c9fc029def462f8f865e8c') in 0.022662 seconds
Number of updated asset objects reloaded before import = 0Number of asset objects unloaded after import = 1

========================================================================
Received Import Request.
  Time since last request: 0.000024 seconds.
  path: Assets/InputSystem_Actions.inputactions
  artifactKey: Guid(2bcd2660ca9b64942af0de543d8d7100) Importer(2089858483,b0f066a214c2f5e87bad3c948f4d605d)
Start importing Assets/InputSystem_Actions.inputactions using Guid(2bcd2660ca9b64942af0de543d8d7100) Importer(2089858483,b0f066a214c2f5e87bad3c948f4d605d) (ScriptedImporter) -> (artifact id: '9c29a5c9d896cf8eab1c5d678188a52d') in 0.017856 seconds
Number of updated asset objects reloaded before import = 0Number of asset objects unloaded after import = 1

========================================================================
Received Import Request.
  Time since last request: 0.000042 seconds.
  path: Packages/com.unity.microsoft.gdk/Runtime/Interop/XBL/Http
  artifactKey: Guid(b83e53ddf9914475aed3b043a9f5871c) Importer(2089858483,b0f066a214c2f5e87bad3c948f4d605d)
Start importing Packages/com.unity.microsoft.gdk/Runtime/Interop/XBL/Http using Guid(b83e53ddf9914475aed3b043a9f5871c) Importer(2089858483,b0f066a214c2f5e87bad3c948f4d605d) (ScriptedImporter) -> (artifact id: 'dff070eb1d2a2a513968ff0a2c87a70c') in 0.0148536 seconds
Number of updated asset objects reloaded before import = 0Number of asset objects unloaded after import = 1

========================================================================
Received Import Request.
  Time since last request: 0.000043 seconds.
  path: Packages/com.unity.microsoft.gdk/Runtime/Interop/XBL/Multiplayer/XblMultiplayerSessionStringAttribute.cs
  artifactKey: Guid(2b3ebd1168422ec4f82a132b746c73e4) Importer(2089858483,b0f066a214c2f5e87bad3c948f4d605d)
Start importing Packages/com.unity.microsoft.gdk/Runtime/Interop/XBL/Multiplayer/XblMultiplayerSessionStringAttribute.cs using Guid(2b3ebd1168422ec4f82a132b746c73e4) Importer(2089858483,b0f066a214c2f5e87bad3c948f4d605d) (ScriptedImporter) -> (artifact id: '814ac46b50b1dd3b928d1b0fb6e8b71c') in 0.0206764 seconds
Number of updated asset objects reloaded before import = 0Number of asset objects unloaded after import = 0

========================================================================
Received Import Request.
  Time since last request: 0.000045 seconds.
  path: Packages/com.unity.microsoft.gdk/Runtime/CallbackWrapper.cs
  artifactKey: Guid(1c49d3f51ee37a044a0af4bb3cf5e170) Importer(2089858483,b0f066a214c2f5e87bad3c948f4d605d)
Start importing Packages/com.unity.microsoft.gdk/Runtime/CallbackWrapper.cs using Guid(1c49d3f51ee37a044a0af4bb3cf5e170) Importer(2089858483,b0f066a214c2f5e87bad3c948f4d605d) (ScriptedImporter) -> (artifact id: '25762327c4c9679ed0306e8bf6302603') in 0.0148481 seconds
Number of updated asset objects reloaded before import = 0Number of asset objects unloaded after import = 0

========================================================================
Received Import Request.
  Time since last request: 0.000056 seconds.
  path: Packages/com.unity.microsoft.gdk/Runtime/Interop/XGameSaveInterop.cs
  artifactKey: Guid(993381fc6f2b4384aaccc89cdbbf8b59) Importer(2089858483,b0f066a214c2f5e87bad3c948f4d605d)
Start importing Packages/com.unity.microsoft.gdk/Runtime/Interop/XGameSaveInterop.cs using Guid(993381fc6f2b4384aaccc89cdbbf8b59) Importer(2089858483,b0f066a214c2f5e87bad3c948f4d605d) (ScriptedImporter) -> (artifact id: 'e79d24cd530abac529082ab2b1e4a4b3') in 0.0166504 seconds
Number of updated asset objects reloaded before import = 0Number of asset objects unloaded after import = 0

========================================================================
Received Import Request.
  Time since last request: 0.000204 seconds.
  path: Packages/com.unity.microsoft.gdk/Runtime/Interop/XBL/Leaderboards/XblLeaderboardColumn.cs
  artifactKey: Guid(814bbd3b25aa4f488e9712b8cc32daa8) Importer(2089858483,b0f066a214c2f5e87bad3c948f4d605d)
Start importing Packages/com.unity.microsoft.gdk/Runtime/Interop/XBL/Leaderboards/XblLeaderboardColumn.cs using Guid(814bbd3b25aa4f488e9712b8cc32daa8) Importer(2089858483,b0f066a214c2f5e87bad3c948f4d605d) (ScriptedImporter) -> (artifact id: '1e421242afb9296d998116238432384b') in 0.0126112 seconds
Number of updated asset objects reloaded before import = 0Number of asset objects unloaded after import = 0

========================================================================
Received Import Request.
  Time since last request: 0.000082 seconds.
  path: Packages/com.unity.microsoft.gdk/Runtime/Interop/XBL/MultiplayerManager/XblDeviceToken.cs
  artifactKey: Guid(fcd698ab6ffd7b6438c83bc76b65aedb) Importer(2089858483,b0f066a214c2f5e87bad3c948f4d605d)
Start importing Packages/com.unity.microsoft.gdk/Runtime/Interop/XBL/MultiplayerManager/XblDeviceToken.cs using Guid(fcd698ab6ffd7b6438c83bc76b65aedb) Importer(2089858483,b0f066a214c2f5e87bad3c948f4d605d) (ScriptedImporter) -> (artifact id: '928486a55d9d48d4aa6a6108cd16a6a1') in 0.0143194 seconds
Number of updated asset objects reloaded before import = 0Number of asset objects unloaded after import = 0

========================================================================
Received Import Request.
  Time since last request: 0.000084 seconds.
  path: Packages/com.unity.microsoft.gdk/Editor/GdkApiDebug.cs
  artifactKey: Guid(686e0fddc2ef4d5291991afb506f109c) Importer(2089858483,b0f066a214c2f5e87bad3c948f4d605d)
Start importing Packages/com.unity.microsoft.gdk/Editor/GdkApiDebug.cs using Guid(686e0fddc2ef4d5291991afb506f109c) Importer(2089858483,b0f066a214c2f5e87bad3c948f4d605d) (ScriptedImporter) -> (artifact id: '0e62a9f9536f480e138defc4f407b6a7') in 0.0150365 seconds
Number of updated asset objects reloaded before import = 0Number of asset objects unloaded after import = 0

========================================================================
Received Import Request.
  Time since last request: 0.000049 seconds.
  path: Packages/com.unity.microsoft.gdk/Runtime/XBL/Achievements/XblAchievementReward.cs
  artifactKey: Guid(8ab0c2a309974e5ba42eae689827ca35) Importer(2089858483,b0f066a214c2f5e87bad3c948f4d605d)
Start importing Packages/com.unity.microsoft.gdk/Runtime/XBL/Achievements/XblAchievementReward.cs using Guid(8ab0c2a309974e5ba42eae689827ca35) Importer(2089858483,b0f066a214c2f5e87bad3c948f4d605d) (ScriptedImporter) -> (artifact id: '060f9dd38bbf20f2602f52aab542d6b8') in 0.0149135 seconds
Number of updated asset objects reloaded before import = 0Number of asset objects unloaded after import = 0

========================================================================
Received Import Request.
  Time since last request: 0.000079 seconds.
  path: Packages/com.unity.microsoft.gdk.discovery/Tests/Editor/EmptyTest.cs
  artifactKey: Guid(64d4fd946058a8a4b916bcb0701eae21) Importer(2089858483,b0f066a214c2f5e87bad3c948f4d605d)
Start importing Packages/com.unity.microsoft.gdk.discovery/Tests/Editor/EmptyTest.cs using Guid(64d4fd946058a8a4b916bcb0701eae21) Importer(2089858483,b0f066a214c2f5e87bad3c948f4d605d) (ScriptedImporter) -> (artifact id: '1dfad3ac123b327f15503b7b41939f5f') in 0.0140228 seconds
Number of updated asset objects reloaded before import = 0Number of asset objects unloaded after import = 0

========================================================================
Received Import Request.
  Time since last request: 0.000071 seconds.
  path: Assets/Resources
  artifactKey: Guid(faffc1bf3be055d4fb1866bf75215256) Importer(2089858483,b0f066a214c2f5e87bad3c948f4d605d)
Start importing Assets/Resources using Guid(faffc1bf3be055d4fb1866bf75215256) Importer(2089858483,b0f066a214c2f5e87bad3c948f4d605d) (ScriptedImporter) -> (artifact id: 'e6a90f38eb0e309d04ef9ff1f8abc4e5') in 0.0127618 seconds
Number of updated asset objects reloaded before import = 0Number of asset objects unloaded after import = 1

========================================================================
Received Import Request.
  Time since last request: 0.000048 seconds.
  path: Packages/com.unity.microsoft.gdk/Runtime/Interop/XBL/Matchmaking/XblHopperStatisticsResponse.cs
  artifactKey: Guid(fdbaf8d8ea2b4b6f8a7dd7646f0109be) Importer(2089858483,b0f066a214c2f5e87bad3c948f4d605d)
Start importing Packages/com.unity.microsoft.gdk/Runtime/Interop/XBL/Matchmaking/XblHopperStatisticsResponse.cs using Guid(fdbaf8d8ea2b4b6f8a7dd7646f0109be) Importer(2089858483,b0f066a214c2f5e87bad3c948f4d605d) (ScriptedImporter) -> (artifact id: '48cfbcd87ec8910ec3b8bd606cdce98d') in 0.0144065 seconds
Number of updated asset objects reloaded before import = 0Number of asset objects unloaded after import = 0

========================================================================
Received Import Request.
  Time since last request: 0.000047 seconds.
  path: Packages/com.unity.microsoft.gdk/Runtime/XBL/Http/HC.cs
  artifactKey: Guid(7b9b277e4353420c97b743f29b742d3c) Importer(2089858483,b0f066a214c2f5e87bad3c948f4d605d)
Start importing Packages/com.unity.microsoft.gdk/Runtime/XBL/Http/HC.cs using Guid(7b9b277e4353420c97b743f29b742d3c) Importer(2089858483,b0f066a214c2f5e87bad3c948f4d605d) (ScriptedImporter) -> (artifact id: '52fcd5cc1a0b1bb190400969b06df1eb') in 0.0122471 seconds
Number of updated asset objects reloaded before import = 0Number of asset objects unloaded after import = 0

========================================================================
Received Import Request.
  Time since last request: 0.000064 seconds.
  path: Packages/com.unity.microsoft.gdk/Runtime/XBL/Matchmaking/XblTicketStatus.cs
  artifactKey: Guid(6214edb977bb4a08aa383d89d77667a7) Importer(2089858483,b0f066a214c2f5e87bad3c948f4d605d)
Start importing Packages/com.unity.microsoft.gdk/Runtime/XBL/Matchmaking/XblTicketStatus.cs using Guid(6214edb977bb4a08aa383d89d77667a7) Importer(2089858483,b0f066a214c2f5e87bad3c948f4d605d) (ScriptedImporter) -> (artifact id: '93c7da6cf1a02715920df643331d73d0') in 0.0144677 seconds
Number of updated asset objects reloaded before import = 0Number of asset objects unloaded after import = 0

========================================================================
Received Import Request.
  Time since last request: 0.000068 seconds.
  path: Packages/com.unity.microsoft.gdk/Runtime/XBL/Presence/XblPresenceUserState.cs
  artifactKey: Guid(a7f16e4b64d3495e831ec8f75edc5bfc) Importer(2089858483,b0f066a214c2f5e87bad3c948f4d605d)
Start importing Packages/com.unity.microsoft.gdk/Runtime/XBL/Presence/XblPresenceUserState.cs using Guid(a7f16e4b64d3495e831ec8f75edc5bfc) Importer(2089858483,b0f066a214c2f5e87bad3c948f4d605d) (ScriptedImporter) -> (artifact id: '8296f3400e7f069ce6369f345c0765a1') in 0.0156045 seconds
Number of updated asset objects reloaded before import = 0Number of asset objects unloaded after import = 0

========================================================================
Received Import Request.
  Time since last request: 0.000082 seconds.
  path: Packages/com.unity.microsoft.gdk/Runtime/XBL/Multiplayer/XblMultiplayerSessionHandleId.cs
  artifactKey: Guid(fe8ee20845f7dd64e936017607cdb6b4) Importer(2089858483,b0f066a214c2f5e87bad3c948f4d605d)
Start importing Packages/com.unity.microsoft.gdk/Runtime/XBL/Multiplayer/XblMultiplayerSessionHandleId.cs using Guid(fe8ee20845f7dd64e936017607cdb6b4) Importer(2089858483,b0f066a214c2f5e87bad3c948f4d605d) (ScriptedImporter) -> (artifact id: 'd3cce3b9f716b180f35e3f4d46fed258') in 0.0142382 seconds
Number of updated asset objects reloaded before import = 0Number of asset objects unloaded after import = 0

========================================================================
Received Import Request.
  Time since last request: 0.000086 seconds.
  path: Packages/com.unity.microsoft.gdk/Runtime/XBL/Multiplayer/XblMultiplayerSessionMember.cs
  artifactKey: Guid(7c61c9a67344d014faa2d95319c55e6c) Importer(2089858483,b0f066a214c2f5e87bad3c948f4d605d)
Start importing Packages/com.unity.microsoft.gdk/Runtime/XBL/Multiplayer/XblMultiplayerSessionMember.cs using Guid(7c61c9a67344d014faa2d95319c55e6c) Importer(2089858483,b0f066a214c2f5e87bad3c948f4d605d) (ScriptedImporter) -> (artifact id: '0e64284f603c2891607ad9084246bf6e') in 0.0146021 seconds
Number of updated asset objects reloaded before import = 0Number of asset objects unloaded after import = 0

========================================================================
Received Import Request.
  Time since last request: 0.000071 seconds.
  path: Assets/LSO/Resources
  artifactKey: Guid(ca5d87e665cfce442884d1cf58f3f568) Importer(2089858483,b0f066a214c2f5e87bad3c948f4d605d)
Start importing Assets/LSO/Resources using Guid(ca5d87e665cfce442884d1cf58f3f568) Importer(2089858483,b0f066a214c2f5e87bad3c948f4d605d) (ScriptedImporter) -> (artifact id: 'add8cbd5c9b7ecdb17d97d57154065cd') in 0.0155272 seconds
Number of updated asset objects reloaded before import = 0Number of asset objects unloaded after import = 1

========================================================================
Received Import Request.
  Time since last request: 0.000134 seconds.
  path: Packages/com.unity.microsoft.gdk/Runtime/XGameRuntimeInit.cs
  artifactKey: Guid(4e8d75471f9c0c645aec1dba3c0d2b89) Importer(2089858483,b0f066a214c2f5e87bad3c948f4d605d)
Start importing Packages/com.unity.microsoft.gdk/Runtime/XGameRuntimeInit.cs using Guid(4e8d75471f9c0c645aec1dba3c0d2b89) Importer(2089858483,b0f066a214c2f5e87bad3c948f4d605d) (ScriptedImporter) -> (artifact id: '5c7ee9011beffe57a8ccfe9e1812b465') in 0.0130937 seconds
Number of updated asset objects reloaded before import = 0Number of asset objects unloaded after import = 0

========================================================================
Received Import Request.
  Time since last request: 0.000078 seconds.
  path: Packages/com.unity.microsoft.gdk/Runtime/XBL/Profile
  artifactKey: Guid(cd1f9aa5bdb64d4698a537a4031b0460) Importer(2089858483,b0f066a214c2f5e87bad3c948f4d605d)
Start importing Packages/com.unity.microsoft.gdk/Runtime/XBL/Profile using Guid(cd1f9aa5bdb64d4698a537a4031b0460) Importer(2089858483,b0f066a214c2f5e87bad3c948f4d605d) (ScriptedImporter) -> (artifact id: '4ea3ffc355bd5307fe5288c960826e49') in 0.0133689 seconds
Number of updated asset objects reloaded before import = 0Number of asset objects unloaded after import = 1

========================================================================
Received Import Request.
  Time since last request: 0.000026 seconds.
  path: Assets/LSO/Plugins/Demigiant/DOTween/Modules/DOTweenModuleSprite.cs
  artifactKey: Guid(188918ab119d93148aa0de59ccf5286b) Importer(2089858483,b0f066a214c2f5e87bad3c948f4d605d)
Start importing Assets/LSO/Plugins/Demigiant/DOTween/Modules/DOTweenModuleSprite.cs using Guid(188918ab119d93148aa0de59ccf5286b) Importer(2089858483,b0f066a214c2f5e87bad3c948f4d605d) (ScriptedImporter) -> (artifact id: '45e85f64d8ff9033ae64266fab2e782c') in 0.0189595 seconds
Number of updated asset objects reloaded before import = 0Number of asset objects unloaded after import = 0

========================================================================
Received Import Request.
  Time since last request: 0.001006 seconds.
  path: Assets/LSO/Settings/Scenes/URP2DSceneTemplate.unity
  artifactKey: Guid(2cda990e2423bbf4892e6590ba056729) Importer(2089858483,b0f066a214c2f5e87bad3c948f4d605d)
Start importing Assets/LSO/Settings/Scenes/URP2DSceneTemplate.unity using Guid(2cda990e2423bbf4892e6590ba056729) Importer(2089858483,b0f066a214c2f5e87bad3c948f4d605d) (ScriptedImporter) -> (artifact id: '2541f48621b16f7fb9b5f6e41ba9ef4e') in 0.0221009 seconds
Number of updated asset objects reloaded before import = 0Number of asset objects unloaded after import = 1

========================================================================
Received Import Request.
  Time since last request: 0.000058 seconds.
  path: Assets/NKY/Script
  artifactKey: Guid(270a7448a70949a4894e0031059d8f64) Importer(2089858483,b0f066a214c2f5e87bad3c948f4d605d)
Start importing Assets/NKY/Script using Guid(270a7448a70949a4894e0031059d8f64) Importer(2089858483,b0f066a214c2f5e87bad3c948f4d605d) (ScriptedImporter) -> (artifact id: '0799607d13c65c45143233d6b423c332') in 0.0200591 seconds
Number of updated asset objects reloaded before import = 0Number of asset objects unloaded after import = 1

========================================================================
Received Import Request.
  Time since last request: 0.000026 seconds.
  path: Assets/LSO/_Scripts
  artifactKey: Guid(ceb0870896afe4745a67d1f6752a90bb) Importer(2089858483,b0f066a214c2f5e87bad3c948f4d605d)
Start importing Assets/LSO/_Scripts using Guid(ceb0870896afe4745a67d1f6752a90bb) Importer(2089858483,b0f066a214c2f5e87bad3c948f4d605d) (ScriptedImporter) -> (artifact id: '83615c549d024b03fad66af988e5ab33') in 0.0225218 seconds
Number of updated asset objects reloaded before import = 0Number of asset objects unloaded after import = 1

========================================================================
Received Import Request.
  Time since last request: 0.000112 seconds.
  path: Assets/LSO/_Scripts/LSO
  artifactKey: Guid(df0b26e591b0df34ebffe81f3a84a59a) Importer(2089858483,b0f066a214c2f5e87bad3c948f4d605d)
Start importing Assets/LSO/_Scripts/LSO using Guid(df0b26e591b0df34ebffe81f3a84a59a) Importer(2089858483,b0f066a214c2f5e87bad3c948f4d605d) (ScriptedImporter) -> (artifact id: '70982f1e23791d7cd24541b53f2213c7') in 0.0276346 seconds
Number of updated asset objects reloaded before import = 0Number of asset objects unloaded after import = 1

========================================================================
Received Import Request.
  Time since last request: 0.000238 seconds.
  path: Assets/LSO/_Scripts/LSO/Auction/Data
  artifactKey: Guid(5927f95f4bed4d40b60fe0092b0e4a91) Importer(2089858483,b0f066a214c2f5e87bad3c948f4d605d)
Start importing Assets/LSO/_Scripts/LSO/Auction/Data using Guid(5927f95f4bed4d40b60fe0092b0e4a91) Importer(2089858483,b0f066a214c2f5e87bad3c948f4d605d) (ScriptedImporter) -> (artifact id: 'c3ef8e9a49c52b2333c1d6cebf637231') in 0.0200445 seconds
Number of updated asset objects reloaded before import = 0Number of asset objects unloaded after import = 1

========================================================================
Received Import Request.
  Time since last request: 0.000026 seconds.
  path: Assets/LSO/_SO
  artifactKey: Guid(e780b9e6002819344b2f3c632e0dc666) Importer(2089858483,b0f066a214c2f5e87bad3c948f4d605d)
Start importing Assets/LSO/_SO using Guid(e780b9e6002819344b2f3c632e0dc666) Importer(2089858483,b0f066a214c2f5e87bad3c948f4d605d) (ScriptedImporter) -> (artifact id: '1b02e0249132f02570ca2f14d817ea5f') in 0.0188702 seconds
Number of updated asset objects reloaded before import = 0Number of asset objects unloaded after import = 1

========================================================================
Received Import Request.
  Time since last request: 0.000043 seconds.
  path: Assets/LSO/Plugins/Demigiant/DOTween/Editor/Imgs/Footer_dark.png
  artifactKey: Guid(519694efe2bb2914788b151fbd8c01f4) Importer(2089858483,b0f066a214c2f5e87bad3c948f4d605d)
Start importing Assets/LSO/Plugins/Demigiant/DOTween/Editor/Imgs/Footer_dark.png using Guid(519694efe2bb2914788b151fbd8c01f4) Importer(2089858483,b0f066a214c2f5e87bad3c948f4d605d) (ScriptedImporter) -> (artifact id: 'b28429bbe892802a32bbda050d567906') in 0.0296735 seconds
Number of updated asset objects reloaded before import = 0Number of asset objects unloaded after import = 1

========================================================================
Received Import Request.
  Time since last request: 0.000022 seconds.
  path: Packages/com.unity.purchasing/Runtime/Purchasing/Stores/Android/GooglePlay/GetGoogleProductMetadataExtension.cs
  artifactKey: Guid(f0d35674701d28343a1506a16954354c) Importer(2089858483,b0f066a214c2f5e87bad3c948f4d605d)
Start importing Packages/com.unity.purchasing/Runtime/Purchasing/Stores/Android/GooglePlay/GetGoogleProductMetadataExtension.cs using Guid(f0d35674701d28343a1506a16954354c) Importer(2089858483,b0f066a214c2f5e87bad3c948f4d605d) (ScriptedImporter) -> (artifact id: '196f7e837286aaab60885e5cfe0e7963') in 0.0180043 seconds
Number of updated asset objects reloaded before import = 0Number of asset objects unloaded after import = 0

========================================================================
Received Import Request.
  Time since last request: 0.000052 seconds.
  path: Assets/LSO/_SO/LSO/Planner.asset
  artifactKey: Guid(c0083c17a934d6043b055d8ce4655873) Importer(2089858483,b0f066a214c2f5e87bad3c948f4d605d)
Start importing Assets/LSO/_SO/LSO/Planner.asset using Guid(c0083c17a934d6043b055d8ce4655873) Importer(2089858483,b0f066a214c2f5e87bad3c948f4d605d) (ScriptedImporter) -> (artifact id: '71847e895017e12a42640b1fdf96faff') in 0.0266497 seconds
Number of updated asset objects reloaded before import = 0Number of asset objects unloaded after import = 6

========================================================================
Received Import Request.
  Time since last request: 0.000026 seconds.
  path: Assets/LSO/_SO/LSO/Fly.asset
  artifactKey: Guid(7747ccce7b2c45c419df8fbeb59b6804) Importer(2089858483,b0f066a214c2f5e87bad3c948f4d605d)
Start importing Assets/LSO/_SO/LSO/Fly.asset using Guid(7747ccce7b2c45c419df8fbeb59b6804) Importer(2089858483,b0f066a214c2f5e87bad3c948f4d605d) (ScriptedImporter) -> (artifact id: '7b34db70a42cd41e0117eb17cdb608dc') in 0.0400247 seconds
Number of updated asset objects reloaded before import = 0Number of asset objects unloaded after import = 1

========================================================================
Received Import Request.
  Time since last request: 0.000026 seconds.
  path: Assets/LSO/_Scripts/LSO/Bug/Data/LSO_BugSO.cs
  artifactKey: Guid(65c30554ce9041ef8dd581a6d0ab5807) Importer(2089858483,b0f066a214c2f5e87bad3c948f4d605d)
Start importing Assets/LSO/_Scripts/LSO/Bug/Data/LSO_BugSO.cs using Guid(65c30554ce9041ef8dd581a6d0ab5807) Importer(2089858483,b0f066a214c2f5e87bad3c948f4d605d) (ScriptedImporter) -> (artifact id: '0256bfcefd5ad0545de98a756892e3c4') in 0.0167555 seconds
Number of updated asset objects reloaded before import = 0Number of asset objects unloaded after import = 0

========================================================================
Received Import Request.
  Time since last request: 0.000154 seconds.
  path: Packages/com.unity.purchasing/Runtime/Purchasing/Stores/Android/GooglePlay/Models/GoogleProductMetadata.cs
  artifactKey: Guid(597cf31a6b3125a469e7a01863653d8b) Importer(2089858483,b0f066a214c2f5e87bad3c948f4d605d)
Start importing Packages/com.unity.purchasing/Runtime/Purchasing/Stores/Android/GooglePlay/Models/GoogleProductMetadata.cs using Guid(597cf31a6b3125a469e7a01863653d8b) Importer(2089858483,b0f066a214c2f5e87bad3c948f4d605d) (ScriptedImporter) -> (artifact id: '74113a7e2121c94b1974ab53bafff22d') in 0.0193801 seconds
Number of updated asset objects reloaded before import = 0Number of asset objects unloaded after import = 0

========================================================================
Received Import Request.
  Time since last request: 0.000025 seconds.
  path: Packages/com.unity.purchasing/Runtime/Purchasing/Stores/AppleAppStore/GetAppleProductMetadataExtension.cs
  artifactKey: Guid(7676a1b0fd7e41d0bb940e056c1ee9c5) Importer(2089858483,b0f066a214c2f5e87bad3c948f4d605d)
Start importing Packages/com.unity.purchasing/Runtime/Purchasing/Stores/AppleAppStore/GetAppleProductMetadataExtension.cs using Guid(7676a1b0fd7e41d0bb940e056c1ee9c5) Importer(2089858483,b0f066a214c2f5e87bad3c948f4d605d) (ScriptedImporter) -> (artifact id: '1493cd6654def9641dc92f0daf99549a') in 0.0182697 seconds
Number of updated asset objects reloaded before import = 0Number of asset objects unloaded after import = 0

========================================================================
Received Import Request.
  Time since last request: 0.000075 seconds.
  path: Assets/LSO/Plugins/Demigiant/DOTween/Editor/Imgs/DOTweenMiniIcon.png
  artifactKey: Guid(61521df2e071645488ba3d05e49289ae) Importer(2089858483,b0f066a214c2f5e87bad3c948f4d605d)
Start importing Assets/LSO/Plugins/Demigiant/DOTween/Editor/Imgs/DOTweenMiniIcon.png using Guid(61521df2e071645488ba3d05e49289ae) Importer(2089858483,b0f066a214c2f5e87bad3c948f4d605d) (ScriptedImporter) -> (artifact id: 'fb05f3a1a28a6e7b1a181fe47d042e7c') in 0.0237507 seconds
Number of updated asset objects reloaded before import = 0Number of asset objects unloaded after import = 1

========================================================================
Received Import Request.
  Time since last request: 0.000032 seconds.
  path: Assets/LSO/Plugins/Demigiant/DOTween/Editor/Imgs
  artifactKey: Guid(0034ebae0c2a9344e897db1160d71b6d) Importer(2089858483,b0f066a214c2f5e87bad3c948f4d605d)
Start importing Assets/LSO/Plugins/Demigiant/DOTween/Editor/Imgs using Guid(0034ebae0c2a9344e897db1160d71b6d) Importer(2089858483,b0f066a214c2f5e87bad3c948f4d605d) (ScriptedImporter) -> (artifact id: '3f9f3073d42f268ab8aefba3364c7a68') in 0.0139951 seconds
Number of updated asset objects reloaded before import = 0Number of asset objects unloaded after import = 1

========================================================================
Received Import Request.
  Time since last request: 0.000034 seconds.
  path: Assets/NKY/Script/Abstact.cs
  artifactKey: Guid(b193a2acac6b8324cb212e3f85b596a9) Importer(2089858483,b0f066a214c2f5e87bad3c948f4d605d)
Start importing Assets/NKY/Script/Abstact.cs using Guid(b193a2acac6b8324cb212e3f85b596a9) Importer(2089858483,b0f066a214c2f5e87bad3c948f4d605d) (ScriptedImporter) -> (artifact id: 'fc98c5632bf485e764e296e9f198875c') in 0.0161074 seconds
Number of updated asset objects reloaded before import = 0Number of asset objects unloaded after import = 0

========================================================================
Received Import Request.
  Time since last request: 0.000079 seconds.
  path: Assets/LSO/_SO/LSO/FemaleChac.asset
  artifactKey: Guid(3e3266f172c8ee847ba80673d1b4947f) Importer(2089858483,b0f066a214c2f5e87bad3c948f4d605d)
Start importing Assets/LSO/_SO/LSO/FemaleChac.asset using Guid(3e3266f172c8ee847ba80673d1b4947f) Importer(2089858483,b0f066a214c2f5e87bad3c948f4d605d) (ScriptedImporter) -> (artifact id: '0bd34dc0832157e77fe0dbcf3bac324c') in 0.0204238 seconds
Number of updated asset objects reloaded before import = 0Number of asset objects unloaded after import = 1

========================================================================
Received Import Request.
  Time since last request: 0.000041 seconds.
  path: Assets/LSO/Settings/Renderer2D.asset
  artifactKey: Guid(424799608f7334c24bf367e4bbfa7f9a) Importer(2089858483,b0f066a214c2f5e87bad3c948f4d605d)
Start importing Assets/LSO/Settings/Renderer2D.asset using Guid(424799608f7334c24bf367e4bbfa7f9a) Importer(2089858483,b0f066a214c2f5e87bad3c948f4d605d) (ScriptedImporter) -> (artifact id: '975943c0e0e910a503b8d4b845d81318') in 0.0183302 seconds
Number of updated asset objects reloaded before import = 0Number of asset objects unloaded after import = 1

========================================================================
Received Import Request.
  Time since last request: 0.000024 seconds.
  path: Assets/LSO/_Scripts/LSO/Auction/Data/Taste/Character
  artifactKey: Guid(1c8ff4a2835e417c9ae82cd2affd513c) Importer(2089858483,b0f066a214c2f5e87bad3c948f4d605d)
Start importing Assets/LSO/_Scripts/LSO/Auction/Data/Taste/Character using Guid(1c8ff4a2835e417c9ae82cd2affd513c) Importer(2089858483,b0f066a214c2f5e87bad3c948f4d605d) (ScriptedImporter) -> (artifact id: '5860e098e80f2ca13bb0a3413ad63479') in 0.0169915 seconds
Number of updated asset objects reloaded before import = 0Number of asset objects unloaded after import = 1

========================================================================
Received Import Request.
  Time since last request: 0.000156 seconds.
  path: Assets/LSO/_SO/LSO
  artifactKey: Guid(c08ae60c26136ec40b54ce49dec50036) Importer(2089858483,b0f066a214c2f5e87bad3c948f4d605d)
Start importing Assets/LSO/_SO/LSO using Guid(c08ae60c26136ec40b54ce49dec50036) Importer(2089858483,b0f066a214c2f5e87bad3c948f4d605d) (ScriptedImporter) -> (artifact id: 'f2794d3ec3d99218972cc6132bc1c5d1') in 0.0111711 seconds
Number of updated asset objects reloaded before import = 0Number of asset objects unloaded after import = 1

========================================================================
Received Import Request.
  Time since last request: 0.000020 seconds.
  path: Assets/LSO/Settings/UniversalRP.asset
  artifactKey: Guid(681886c5eb7344803b6206f758bf0b1c) Importer(2089858483,b0f066a214c2f5e87bad3c948f4d605d)
Start importing Assets/LSO/Settings/UniversalRP.asset using Guid(681886c5eb7344803b6206f758bf0b1c) Importer(2089858483,b0f066a214c2f5e87bad3c948f4d605d) (ScriptedImporter) -> (artifact id: '254271226bf7a28f16cda6c512fad474') in 0.0141657 seconds
Number of updated asset objects reloaded before import = 0Number of asset objects unloaded after import = 0

========================================================================
Received Import Request.
  Time since last request: 0.000126 seconds.
  path: Assets/LSO/Plugins/Demigiant/DOTween
  artifactKey: Guid(a50bd9a009c8dfc4ebd88cc8101225a7) Importer(2089858483,b0f066a214c2f5e87bad3c948f4d605d)
Start importing Assets/LSO/Plugins/Demigiant/DOTween using Guid(a50bd9a009c8dfc4ebd88cc8101225a7) Importer(2089858483,b0f066a214c2f5e87bad3c948f4d605d) (ScriptedImporter) -> (artifact id: '52394207df775ac901189595e52afc07') in 0.0136222 seconds
Number of updated asset objects reloaded before import = 0Number of asset objects unloaded after import = 1

========================================================================
Received Import Request.
  Time since last request: 0.000037 seconds.
  path: Assets/LSO/Plugins/Demigiant/DOTween/Editor/Imgs/Header.jpg
  artifactKey: Guid(78a59ca99f8987941adb61f9e14a06a7) Importer(2089858483,b0f066a214c2f5e87bad3c948f4d605d)
Start importing Assets/LSO/Plugins/Demigiant/DOTween/Editor/Imgs/Header.jpg using Guid(78a59ca99f8987941adb61f9e14a06a7) Importer(2089858483,b0f066a214c2f5e87bad3c948f4d605d) (ScriptedImporter) -> (artifact id: '908341035b6e12bd7ddb8498c77f355b') in 0.027232 seconds
Number of updated asset objects reloaded before import = 0Number of asset objects unloaded after import = 1

========================================================================
Received Import Request.
  Time since last request: 0.000026 seconds.
  path: Packages/com.unity.purchasing/Runtime/Stores/Analytics/Models/AnalyticsTransactionReceipt.cs
  artifactKey: Guid(e10f9fcbd028472a860c00cc2acd39e2) Importer(2089858483,b0f066a214c2f5e87bad3c948f4d605d)
Start importing Packages/com.unity.purchasing/Runtime/Stores/Analytics/Models/AnalyticsTransactionReceipt.cs using Guid(e10f9fcbd028472a860c00cc2acd39e2) Importer(2089858483,b0f066a214c2f5e87bad3c948f4d605d) (ScriptedImporter) -> (artifact id: '034a7bb7be94dd7c9508f0c356f433f1') in 0.0157469 seconds
Number of updated asset objects reloaded before import = 0Number of asset objects unloaded after import = 0

========================================================================
Received Import Request.
  Time since last request: 0.000075 seconds.
  path: Packages/com.unity.purchasing/Runtime/Purchasing/Utilities/JsonProductDescriptionsDeserializer.cs
  artifactKey: Guid(9614fa8e6bf934d4da30961ad1e42782) Importer(2089858483,b0f066a214c2f5e87bad3c948f4d605d)
Start importing Packages/com.unity.purchasing/Runtime/Purchasing/Utilities/JsonProductDescriptionsDeserializer.cs using Guid(9614fa8e6bf934d4da30961ad1e42782) Importer(2089858483,b0f066a214c2f5e87bad3c948f4d605d) (ScriptedImporter) -> (artifact id: '2a9d5012c771cd22afe9c32a5287fa8d') in 0.0161231 seconds
Number of updated asset objects reloaded before import = 0Number of asset objects unloaded after import = 0

========================================================================
Received Import Request.
  Time since last request: 0.000028 seconds.
  path: Assets/LSO/Settings/Lit2DSceneTemplate.scenetemplate
  artifactKey: Guid(d03ed43fc9d8a4f2e9fa70c1c7916eb9) Importer(2089858483,b0f066a214c2f5e87bad3c948f4d605d)
Start importing Assets/LSO/Settings/Lit2DSceneTemplate.scenetemplate using Guid(d03ed43fc9d8a4f2e9fa70c1c7916eb9) Importer(2089858483,b0f066a214c2f5e87bad3c948f4d605d) (ScriptedImporter) -> (artifact id: 'a255966d52233324580796fa1d1c0cb1') in 0.1378044 seconds
Number of updated asset objects reloaded before import = 0Number of asset objects unloaded after import = 3

========================================================================
Received Import Request.
  Time since last request: 0.000027 seconds.
  path: Assets/LSO/_Scenes/LSO
  artifactKey: Guid(ef15fe2ff17b16245ae3e5452fd458a7) Importer(2089858483,b0f066a214c2f5e87bad3c948f4d605d)
Start importing Assets/LSO/_Scenes/LSO using Guid(ef15fe2ff17b16245ae3e5452fd458a7) Importer(2089858483,b0f066a214c2f5e87bad3c948f4d605d) (ScriptedImporter) -> (artifact id: 'e6b1c04fc1efb8f156c13d23776c3b2e') in 0.0194112 seconds
Number of updated asset objects reloaded before import = 0Number of asset objects unloaded after import = 1

========================================================================
Received Import Request.
  Time since last request: 0.000094 seconds.
  path: Packages/com.unity.purchasing/Runtime/Purchasing/Utilities/UnifiedReceiptFormatter.cs
  artifactKey: Guid(d124fecd2cceae34bbe40bfa0232fba9) Importer(2089858483,b0f066a214c2f5e87bad3c948f4d605d)
Start importing Packages/com.unity.purchasing/Runtime/Purchasing/Utilities/UnifiedReceiptFormatter.cs using Guid(d124fecd2cceae34bbe40bfa0232fba9) Importer(2089858483,b0f066a214c2f5e87bad3c948f4d605d) (ScriptedImporter) -> (artifact id: '3bd4e5f45328751e35bcd0626643a357') in 0.0187662 seconds
Number of updated asset objects reloaded before import = 0Number of asset objects unloaded after import = 0

========================================================================
Received Import Request.
  Time since last request: 0.000155 seconds.
  path: Packages/com.unity.microsoft.gdk/Runtime/Interop/NativeBool.cs
  artifactKey: Guid(083c4c98482546f9a1bd92972f3b1cda) Importer(2089858483,b0f066a214c2f5e87bad3c948f4d605d)
Start importing Packages/com.unity.microsoft.gdk/Runtime/Interop/NativeBool.cs using Guid(083c4c98482546f9a1bd92972f3b1cda) Importer(2089858483,b0f066a214c2f5e87bad3c948f4d605d) (ScriptedImporter) -> (artifact id: '53830148d60f52f88613f446fdb410b5') in 0.013543 seconds
Number of updated asset objects reloaded before import = 0Number of asset objects unloaded after import = 0

========================================================================
Received Import Request.
  Time since last request: 0.000081 seconds.
  path: Packages/com.unity.microsoft.gdk/Runtime/Interop/XBL/MultiplayerManager/XblMultiplayerPerformQoSMeasurementsArgs.cs
  artifactKey: Guid(80ad4d0f83b19cf4d8f76aca60b9817f) Importer(2089858483,b0f066a214c2f5e87bad3c948f4d605d)
Start importing Packages/com.unity.microsoft.gdk/Runtime/Interop/XBL/MultiplayerManager/XblMultiplayerPerformQoSMeasurementsArgs.cs using Guid(80ad4d0f83b19cf4d8f76aca60b9817f) Importer(2089858483,b0f066a214c2f5e87bad3c948f4d605d) (ScriptedImporter) -> (artifact id: 'b22d50d29b380e3ae80c563cae448e74') in 0.0174681 seconds
Number of updated asset objects reloaded before import = 0Number of asset objects unloaded after import = 0

========================================================================
Received Import Request.
  Time since last request: 0.000085 seconds.
  path: Packages/com.unity.purchasing/Runtime/Stores/Android/GooglePlay/AAR/Models/BillingProgram.cs
  artifactKey: Guid(ba3580814f1d4a5faa644d4e0aebbf80) Importer(2089858483,b0f066a214c2f5e87bad3c948f4d605d)
Start importing Packages/com.unity.purchasing/Runtime/Stores/Android/GooglePlay/AAR/Models/BillingProgram.cs using Guid(ba3580814f1d4a5faa644d4e0aebbf80) Importer(2089858483,b0f066a214c2f5e87bad3c948f4d605d) (ScriptedImporter) -> (artifact id: 'da5aac1b49741309a4d0decc8f0aa4ab') in 0.0182126 seconds
Number of updated asset objects reloaded before import = 0Number of asset objects unloaded after import = 0

========================================================================
Received Import Request.
  Time since last request: 0.000068 seconds.
  path: Packages/com.unity.microsoft.gdk/Runtime/XBL/Achievements/XblAchievementType.cs
  artifactKey: Guid(7ad0935625b342c58820de76dd0512ff) Importer(2089858483,b0f066a214c2f5e87bad3c948f4d605d)
Start importing Packages/com.unity.microsoft.gdk/Runtime/XBL/Achievements/XblAchievementType.cs using Guid(7ad0935625b342c58820de76dd0512ff) Importer(2089858483,b0f066a214c2f5e87bad3c948f4d605d) (ScriptedImporter) -> (artifact id: 'f2aaab65c2154403eacb62944d59f5c4') in 0.0171632 seconds
Number of updated asset objects reloaded before import = 0Number of asset objects unloaded after import = 0

========================================================================
Received Import Request.
  Time since last request: 0.000095 seconds.
  path: Packages/com.unity.microsoft.gdk/Editor
  artifactKey: Guid(c3b1fcc81df3ecb49b641a86064d3970) Importer(2089858483,b0f066a214c2f5e87bad3c948f4d605d)
Start importing Packages/com.unity.microsoft.gdk/Editor using Guid(c3b1fcc81df3ecb49b641a86064d3970) Importer(2089858483,b0f066a214c2f5e87bad3c948f4d605d) (ScriptedImporter) -> (artifact id: '3e58f492eacd18f657dadcba8e9d6f65') in 0.0185685 seconds
Number of updated asset objects reloaded before import = 0Number of asset objects unloaded after import = 1

========================================================================
Received Import Request.
  Time since last request: 0.000037 seconds.
  path: Packages/com.unity.microsoft.gdk/Runtime/XBL/MultiplayerManager/XblTournamentGameResult.cs
  artifactKey: Guid(f23ea5afaf0358d4792ffc1a1891a29a) Importer(2089858483,b0f066a214c2f5e87bad3c948f4d605d)
Start importing Packages/com.unity.microsoft.gdk/Runtime/XBL/MultiplayerManager/XblTournamentGameResult.cs using Guid(f23ea5afaf0358d4792ffc1a1891a29a) Importer(2089858483,b0f066a214c2f5e87bad3c948f4d605d) (ScriptedImporter) -> (artifact id: '27cf379e3a127cf6519a47b7053a5533') in 0.0188981 seconds
Number of updated asset objects reloaded before import = 0Number of asset objects unloaded after import = 0

========================================================================
Received Import Request.
  Time since last request: 0.000047 seconds.
  path: Packages/com.unity.microsoft.gdk/Runtime/XBL/Multiplayer/XblMultiplayerSessionQuery.cs
  artifactKey: Guid(febb437b5d5e50d46b6c26544652cd40) Importer(2089858483,b0f066a214c2f5e87bad3c948f4d605d)
Start importing Packages/com.unity.microsoft.gdk/Runtime/XBL/Multiplayer/XblMultiplayerSessionQuery.cs using Guid(febb437b5d5e50d46b6c26544652cd40) Importer(2089858483,b0f066a214c2f5e87bad3c948f4d605d) (ScriptedImporter) -> (artifact id: '16f29836486c2b68798d8f983f7b7cd6') in 0.0190151 seconds
Number of updated asset objects reloaded before import = 0Number of asset objects unloaded after import = 0

========================================================================
Received Import Request.
  Time since last request: 0.000122 seconds.
  path: Packages/com.unity.purchasing/Runtime/Purchasing/Core/Store/Interfaces/IStoreManagerFactoryInjectionPoint.cs
  artifactKey: Guid(8d764c67aae1ae5469c0a036f3d21829) Importer(2089858483,b0f066a214c2f5e87bad3c948f4d605d)
Start importing Packages/com.unity.purchasing/Runtime/Purchasing/Core/Store/Interfaces/IStoreManagerFactoryInjectionPoint.cs using Guid(8d764c67aae1ae5469c0a036f3d21829) Importer(2089858483,b0f066a214c2f5e87bad3c948f4d605d) (ScriptedImporter) -> (artifact id: 'dbf92e9db1239bd56b1f60f87076da84') in 0.0195655 seconds
Number of updated asset objects reloaded before import = 0Number of asset objects unloaded after import = 0

========================================================================
Received Import Request.
  Time since last request: 0.000127 seconds.
  path: Packages/com.unity.purchasing/Runtime/TransactionVerifier/Client/Configuration/Configuration.cs
  artifactKey: Guid(7b37456ccb0034519bda6ae14eaaa046) Importer(2089858483,b0f066a214c2f5e87bad3c948f4d605d)
Start importing Packages/com.unity.purchasing/Runtime/TransactionVerifier/Client/Configuration/Configuration.cs using Guid(7b37456ccb0034519bda6ae14eaaa046) Importer(2089858483,b0f066a214c2f5e87bad3c948f4d605d) (ScriptedImporter) -> (artifact id: '921e43caee676600e23573a88c473060') in 0.0181685 seconds
Number of updated asset objects reloaded before import = 0Number of asset objects unloaded after import = 0

========================================================================
Received Import Request.
  Time since last request: 0.000026 seconds.
  path: Packages/com.unity.purchasing/Editor/Authoring/PurchasingAdminApi/Client/Model/CopyConfigurationRequest.cs
  artifactKey: Guid(4774c948f63734dbf92f2f214bf14730) Importer(2089858483,b0f066a214c2f5e87bad3c948f4d605d)
Start importing Packages/com.unity.purchasing/Editor/Authoring/PurchasingAdminApi/Client/Model/CopyConfigurationRequest.cs using Guid(4774c948f63734dbf92f2f214bf14730) Importer(2089858483,b0f066a214c2f5e87bad3c948f4d605d) (ScriptedImporter) -> (artifact id: 'aa24d98f63ee527d807809e222b829c1') in 0.0195838 seconds
Number of updated asset objects reloaded before import = 0Number of asset objects unloaded after import = 0

========================================================================
Received Import Request.
  Time since last request: 0.000032 seconds.
  path: Packages/com.unity.purchasing/Runtime/Utilities/Interfaces/IMonoBehaviorUtil.cs
  artifactKey: Guid(55b0b89c0eae45a4857dc3a4e8476478) Importer(2089858483,b0f066a214c2f5e87bad3c948f4d605d)
Start importing Packages/com.unity.purchasing/Runtime/Utilities/Interfaces/IMonoBehaviorUtil.cs using Guid(55b0b89c0eae45a4857dc3a4e8476478) Importer(2089858483,b0f066a214c2f5e87bad3c948f4d605d) (ScriptedImporter) -> (artifact id: '60b0eae5878ab078bef0bb5c4910555b') in 0.0239179 seconds
Number of updated asset objects reloaded before import = 0Number of asset objects unloaded after import = 0

========================================================================
Received Import Request.
  Time since last request: 0.000133 seconds.
  path: Packages/com.unity.purchasing/Editor/Authoring/UI/DeploymentConfigInspectorFooter
  artifactKey: Guid(b22bf8ba7fbf3264b9f9731c15382cad) Importer(2089858483,b0f066a214c2f5e87bad3c948f4d605d)
Start importing Packages/com.unity.purchasing/Editor/Authoring/UI/DeploymentConfigInspectorFooter using Guid(b22bf8ba7fbf3264b9f9731c15382cad) Importer(2089858483,b0f066a214c2f5e87bad3c948f4d605d) (ScriptedImporter) -> (artifact id: '37ff66e686e4c3115805067752102b99') in 0.0170005 seconds
Number of updated asset objects reloaded before import = 0Number of asset objects unloaded after import = 1

========================================================================
Received Import Request.
  Time since last request: 0.000027 seconds.
  path: Packages/com.unity.purchasing/Runtime/Purchasing/Settings/IAPSettings.cs
  artifactKey: Guid(a1ee444190134c228c1443aa178d6f63) Importer(2089858483,b0f066a214c2f5e87bad3c948f4d605d)
Start importing Packages/com.unity.purchasing/Runtime/Purchasing/Settings/IAPSettings.cs using Guid(a1ee444190134c228c1443aa178d6f63) Importer(2089858483,b0f066a214c2f5e87bad3c948f4d605d) (ScriptedImporter) -> (artifact id: '8947a844b5285514a1030ad5ae2c656b') in 0.0411003 seconds
Number of updated asset objects reloaded before import = 0Number of asset objects unloaded after import = 0

========================================================================
Received Import Request.
  Time since last request: 0.000026 seconds.
  path: Packages/com.unity.services.deployment/Editor/Configuration/IProjectPreferences.cs
  artifactKey: Guid(01ef452130d0f9b4c941d80802826ee0) Importer(2089858483,b0f066a214c2f5e87bad3c948f4d605d)
Start importing Packages/com.unity.services.deployment/Editor/Configuration/IProjectPreferences.cs using Guid(01ef452130d0f9b4c941d80802826ee0) Importer(2089858483,b0f066a214c2f5e87bad3c948f4d605d) (ScriptedImporter) -> (artifact id: '1f36420544443b7ec2de3375acf3055e') in 0.0327094 seconds
Number of updated asset objects reloaded before import = 0Number of asset objects unloaded after import = 0

========================================================================
Received Import Request.
  Time since last request: 0.000541 seconds.
  path: Packages/com.unity.purchasing/Runtime/Purchasing/Extension/Interfaces/IPurchaseCache.cs
  artifactKey: Guid(9a9d9fa0450a4396a57fbb63cb6ee309) Importer(2089858483,b0f066a214c2f5e87bad3c948f4d605d)
Start importing Packages/com.unity.purchasing/Runtime/Purchasing/Extension/Interfaces/IPurchaseCache.cs using Guid(9a9d9fa0450a4396a57fbb63cb6ee309) Importer(2089858483,b0f066a214c2f5e87bad3c948f4d605d) (ScriptedImporter) -> (artifact id: 'a9a193f83ef3658653c9107a4660a482') in 0.0480116 seconds
Number of updated asset objects reloaded before import = 0Number of asset objects unloaded after import = 0

========================================================================
Received Import Request.
  Time since last request: 0.000382 seconds.
  path: Packages/com.unity.purchasing/Runtime/Purchasing/Core/Store/PaymentProviders/Extensions/CheckoutResult.cs
  artifactKey: Guid(a9695cc32c7140c38246a7e692fa3e5c) Importer(2089858483,b0f066a214c2f5e87bad3c948f4d605d)
Start importing Packages/com.unity.purchasing/Runtime/Purchasing/Core/Store/PaymentProviders/Extensions/CheckoutResult.cs using Guid(a9695cc32c7140c38246a7e692fa3e5c) Importer(2089858483,b0f066a214c2f5e87bad3c948f4d605d) (ScriptedImporter) -> (artifact id: '0bfd40a8abbba1b019abe2ff8782b4cc') in 0.0244948 seconds
Number of updated asset objects reloaded before import = 0Number of asset objects unloaded after import = 0

========================================================================
Received Import Request.
  Time since last request: 0.000308 seconds.
  path: Packages/com.unity.microsoft.gdk/Runtime/XBL/TitleStorage/XblTitleStorageETagMatchCondition.cs
  artifactKey: Guid(d28085d162944adeab48a06f0ea23c94) Importer(2089858483,b0f066a214c2f5e87bad3c948f4d605d)
Start importing Packages/com.unity.microsoft.gdk/Runtime/XBL/TitleStorage/XblTitleStorageETagMatchCondition.cs using Guid(d28085d162944adeab48a06f0ea23c94) Importer(2089858483,b0f066a214c2f5e87bad3c948f4d605d) (ScriptedImporter) -> (artifact id: 'dea8ea62a9974057f63f5b6e9cabf715') in 0.0287833 seconds
Number of updated asset objects reloaded before import = 0Number of asset objects unloaded after import = 0

========================================================================
Received Import Request.
  Time since last request: 0.000087 seconds.
  path: Packages/com.unity.purchasing/Runtime/Stores/Analytics/Utilitiles/TransactionEventHelper.cs
  artifactKey: Guid(b1f99ba6b8609b64ba9207082a12b106) Importer(2089858483,b0f066a214c2f5e87bad3c948f4d605d)
Start importing Packages/com.unity.purchasing/Runtime/Stores/Analytics/Utilitiles/TransactionEventHelper.cs using Guid(b1f99ba6b8609b64ba9207082a12b106) Importer(2089858483,b0f066a214c2f5e87bad3c948f4d605d) (ScriptedImporter) -> (artifact id: '37efd6c09aed7d34cfda981adc2357c2') in 0.0340338 seconds
Number of updated asset objects reloaded before import = 0Number of asset objects unloaded after import = 0

========================================================================
Received Import Request.
  Time since last request: 0.001997 seconds.
  path: Packages/com.unity.purchasing/Runtime/UnityPaymentProviders/AssemblyInfo.cs
  artifactKey: Guid(5d1d0e727b6b48618d81c11f7dd229bd) Importer(2089858483,b0f066a214c2f5e87bad3c948f4d605d)
Start importing Packages/com.unity.purchasing/Runtime/UnityPaymentProviders/AssemblyInfo.cs using Guid(5d1d0e727b6b48618d81c11f7dd229bd) Importer(2089858483,b0f066a214c2f5e87bad3c948f4d605d) (ScriptedImporter) -> (artifact id: 'a19890951181fd789ada9a2889bfa33d') in 0.0304918 seconds
Number of updated asset objects reloaded before import = 0Number of asset objects unloaded after import = 0

========================================================================
Received Import Request.
  Time since last request: 0.000036 seconds.
  path: Packages/com.unity.purchasing/Runtime/Purchasing/ProductMetadata.cs
  artifactKey: Guid(00a179fb23a040c19feec629bacd84a2) Importer(2089858483,b0f066a214c2f5e87bad3c948f4d605d)
Start importing Packages/com.unity.purchasing/Runtime/Purchasing/ProductMetadata.cs using Guid(00a179fb23a040c19feec629bacd84a2) Importer(2089858483,b0f066a214c2f5e87bad3c948f4d605d) (ScriptedImporter) -> (artifact id: '5277d9bf21453d47d488fa1762c51d0a') in 0.0434528 seconds
Number of updated asset objects reloaded before import = 0Number of asset objects unloaded after import = 0

========================================================================
Received Import Request.
  Time since last request: 0.000198 seconds.
  path: Packages/com.unity.microsoft.gdk/Runtime/XBL/Errors/XblHresult.cs
  artifactKey: Guid(a17c384c08b049d7af5a1705db072f91) Importer(2089858483,b0f066a214c2f5e87bad3c948f4d605d)
Start importing Packages/com.unity.microsoft.gdk/Runtime/XBL/Errors/XblHresult.cs using Guid(a17c384c08b049d7af5a1705db072f91) Importer(2089858483,b0f066a214c2f5e87bad3c948f4d605d) (ScriptedImporter) -> (artifact id: '2bacc1a3d6502d595def68e1bbcc87b0') in 0.031888 seconds
Number of updated asset objects reloaded before import = 0Number of asset objects unloaded after import = 0

========================================================================
Received Import Request.
  Time since last request: 0.002013 seconds.
  path: Packages/com.unity.microsoft.gdk/Runtime/Interop/XAppCaptureInterop.cs
  artifactKey: Guid(ea45d67faefb08a4b99668b2e2baef3d) Importer(2089858483,b0f066a214c2f5e87bad3c948f4d605d)
Start importing Packages/com.unity.microsoft.gdk/Runtime/Interop/XAppCaptureInterop.cs using Guid(ea45d67faefb08a4b99668b2e2baef3d) Importer(2089858483,b0f066a214c2f5e87bad3c948f4d605d) (ScriptedImporter) -> (artifact id: '7693f68a4d1e9bde32cbeb644b49a094') in 0.027516 seconds
Number of updated asset objects reloaded before import = 0Number of asset objects unloaded after import = 0

========================================================================
Received Import Request.
  Time since last request: 0.000504 seconds.
  path: Packages/com.unity.purchasing/Runtime/Purchasing/PaymentOption/Resources/com.unity.purchasing/Brands/Coda.png
  artifactKey: Guid(94b3bd9286d130c46a70080bf321205a) Importer(2089858483,b0f066a214c2f5e87bad3c948f4d605d)
Start importing Packages/com.unity.purchasing/Runtime/Purchasing/PaymentOption/Resources/com.unity.purchasing/Brands/Coda.png using Guid(94b3bd9286d130c46a70080bf321205a) Importer(2089858483,b0f066a214c2f5e87bad3c948f4d605d) (ScriptedImporter) -> (artifact id: '3e70ae5fa68d6b21a68e35786dea261b') in 0.2138895 seconds
Number of updated asset objects reloaded before import = 0Number of asset objects unloaded after import = 6

========================================================================
Received Import Request.
  Time since last request: 0.000028 seconds.
  path: Packages/com.unity.purchasing/Editor/Shared/WebApi/IApiClient.cs
  artifactKey: Guid(c7cdeb159e22424ab9558b15b5193cd7) Importer(2089858483,b0f066a214c2f5e87bad3c948f4d605d)
Start importing Packages/com.unity.purchasing/Editor/Shared/WebApi/IApiClient.cs using Guid(c7cdeb159e22424ab9558b15b5193cd7) Importer(2089858483,b0f066a214c2f5e87bad3c948f4d605d) (ScriptedImporter) -> (artifact id: 'ae8a8cf6b238c6e973a58edbf8303aea') in 0.012439 seconds
Number of updated asset objects reloaded before import = 0Number of asset objects unloaded after import = 0

========================================================================
Received Import Request.
  Time since last request: 0.000038 seconds.
  path: Packages/com.unity.services.deployment/Editor/Shared/Crypto
  artifactKey: Guid(f0a0ee986bd33431b91103159982759f) Importer(2089858483,b0f066a214c2f5e87bad3c948f4d605d)
Start importing Packages/com.unity.services.deployment/Editor/Shared/Crypto using Guid(f0a0ee986bd33431b91103159982759f) Importer(2089858483,b0f066a214c2f5e87bad3c948f4d605d) (ScriptedImporter) -> (artifact id: 'a253d839b96cb4c241ef5d5c3c517dd4') in 0.112018 seconds
Number of updated asset objects reloaded before import = 0Number of asset objects unloaded after import = 1

========================================================================
Received Import Request.
  Time since last request: 0.000039 seconds.
  path: Packages/com.unity.purchasing/Runtime/Utilities/Interfaces/IUtil.cs
  artifactKey: Guid(fd0dcbd7f9ee4eecbf5a267f97d65b62) Importer(2089858483,b0f066a214c2f5e87bad3c948f4d605d)
Start importing Packages/com.unity.purchasing/Runtime/Utilities/Interfaces/IUtil.cs using Guid(fd0dcbd7f9ee4eecbf5a267f97d65b62) Importer(2089858483,b0f066a214c2f5e87bad3c948f4d605d) (ScriptedImporter) -> (artifact id: '429e12f7700e8bcaf19ea0ddea7f41aa') in 0.0148101 seconds
Number of updated asset objects reloaded before import = 0Number of asset objects unloaded after import = 0

========================================================================
Received Import Request.
  Time since last request: 0.000097 seconds.
  path: Packages/com.unity.purchasing/Plugins/UnityPurchasing/iOS/UnityEarlyTransactionObserver.mm
  artifactKey: Guid(5e0c6450057a2458583d25033ff1b83c) Importer(2089858483,b0f066a214c2f5e87bad3c948f4d605d)
Start importing Packages/com.unity.purchasing/Plugins/UnityPurchasing/iOS/UnityEarlyTransactionObserver.mm using Guid(5e0c6450057a2458583d25033ff1b83c) Importer(2089858483,b0f066a214c2f5e87bad3c948f4d605d) (ScriptedImporter) -> (artifact id: '75becab44c2be207bd4e614ce4d829be') in 0.0197445 seconds
Number of updated asset objects reloaded before import = 0Number of asset objects unloaded after import = 0

========================================================================
Received Import Request.
  Time since last request: 0.000082 seconds.
  path: Packages/com.unity.purchasing/Runtime/UnityPaymentProviders/Client/Models/InitiatePaymentProviderOrder400ResponseOneOf.cs
  artifactKey: Guid(ca050e70ddf7a483485af50b60c60d09) Importer(2089858483,b0f066a214c2f5e87bad3c948f4d605d)
Start importing Packages/com.unity.purchasing/Runtime/UnityPaymentProviders/Client/Models/InitiatePaymentProviderOrder400ResponseOneOf.cs using Guid(ca050e70ddf7a483485af50b60c60d09) Importer(2089858483,b0f066a214c2f5e87bad3c948f4d605d) (ScriptedImporter) -> (artifact id: 'd85f9d2403b4d831e1c8efbaf556e262') in 0.0180936 seconds
Number of updated asset objects reloaded before import = 0Number of asset objects unloaded after import = 0

========================================================================
Received Import Request.
  Time since last request: 0.000023 seconds.
  path: Packages/com.unity.purchasing/Editor/Authoring/PurchasingAdminApi/Client/Model/PaymentProviderConfigurationResponse.cs
  artifactKey: Guid(a835066dc41514de882f6058a9c353b4) Importer(2089858483,b0f066a214c2f5e87bad3c948f4d605d)
Start importing Packages/com.unity.purchasing/Editor/Authoring/PurchasingAdminApi/Client/Model/PaymentProviderConfigurationResponse.cs using Guid(a835066dc41514de882f6058a9c353b4) Importer(2089858483,b0f066a214c2f5e87bad3c948f4d605d) (ScriptedImporter) -> (artifact id: '9934020ddabaa9f15e4edfede5d8dbfa') in 0.016566 seconds
Number of updated asset objects reloaded before import = 0Number of asset objects unloaded after import = 0

========================================================================
Received Import Request.
  Time since last request: 0.000111 seconds.
  path: Packages/com.unity.services.deployment.api/Editor/DeploymentWindowApi/Deployments.cs
  artifactKey: Guid(37774fff23874e7b8414b1cb93bd003b) Importer(2089858483,b0f066a214c2f5e87bad3c948f4d605d)
Start importing Packages/com.unity.services.deployment.api/Editor/DeploymentWindowApi/Deployments.cs using Guid(37774fff23874e7b8414b1cb93bd003b) Importer(2089858483,b0f066a214c2f5e87bad3c948f4d605d) (ScriptedImporter) -> (artifact id: '5d48641c2f2606782c59129e6cfd76ca') in 0.016396 seconds
Number of updated asset objects reloaded before import = 0Number of asset objects unloaded after import = 0

========================================================================
Received Import Request.
  Time since last request: 0.000101 seconds.
  path: Packages/com.unity.purchasing/Runtime/Purchasing/Core/Product/UseCases
  artifactKey: Guid(405950658167055488ca075d5e0eb1e2) Importer(2089858483,b0f066a214c2f5e87bad3c948f4d605d)
Start importing Packages/com.unity.purchasing/Runtime/Purchasing/Core/Product/UseCases using Guid(405950658167055488ca075d5e0eb1e2) Importer(2089858483,b0f066a214c2f5e87bad3c948f4d605d) (ScriptedImporter) -> (artifact id: '940e4ac4b4d77ed7682d914a76b2251f') in 0.0102432 seconds
Number of updated asset objects reloaded before import = 0Number of asset objects unloaded after import = 1

========================================================================
Received Import Request.
  Time since last request: 0.000039 seconds.
  path: Packages/com.unity.purchasing/Runtime/Purchasing/Stores/Android/Interfaces/IAndroidJavaStore.cs
  artifactKey: Guid(bb048a5601d04ce18b6676540c3c76e5) Importer(2089858483,b0f066a214c2f5e87bad3c948f4d605d)
Start importing Packages/com.unity.purchasing/Runtime/Purchasing/Stores/Android/Interfaces/IAndroidJavaStore.cs using Guid(bb048a5601d04ce18b6676540c3c76e5) Importer(2089858483,b0f066a214c2f5e87bad3c948f4d605d) (ScriptedImporter) -> (artifact id: 'f4ed5552c27de0c3de1fcb6a5341b811') in 0.0984808 seconds
Number of updated asset objects reloaded before import = 0Number of asset objects unloaded after import = 0

========================================================================
Received Import Request.
  Time since last request: 0.000058 seconds.
  path: Packages/com.unity.purchasing/Runtime/Purchasing/Core/Store/StoreManager.cs
  artifactKey: Guid(a655fa545e954ea9a3152acb9723114a) Importer(2089858483,b0f066a214c2f5e87bad3c948f4d605d)
Start importing Packages/com.unity.purchasing/Runtime/Purchasing/Core/Store/StoreManager.cs using Guid(a655fa545e954ea9a3152acb9723114a) Importer(2089858483,b0f066a214c2f5e87bad3c948f4d605d) (ScriptedImporter) -> (artifact id: 'a2284c5c0b5cea95756afdb6935e969c') in 0.0197498 seconds
Number of updated asset objects reloaded before import = 0Number of asset objects unloaded after import = 0

========================================================================
Received Import Request.
  Time since last request: 0.000216 seconds.
  path: Packages/com.unity.services.deployment/Editor/Interface/IDeploymentItemViewModel.cs
  artifactKey: Guid(48873cb7226a4857bfee2290de146195) Importer(2089858483,b0f066a214c2f5e87bad3c948f4d605d)
Start importing Packages/com.unity.services.deployment/Editor/Interface/IDeploymentItemViewModel.cs using Guid(48873cb7226a4857bfee2290de146195) Importer(2089858483,b0f066a214c2f5e87bad3c948f4d605d) (ScriptedImporter) -> (artifact id: '0316ed6793f9964959b34d9dd3d90dd8') in 0.0211559 seconds
Number of updated asset objects reloaded before import = 0Number of asset objects unloaded after import = 0

========================================================================
Received Import Request.
  Time since last request: 0.002238 seconds.
  path: Packages/com.unity.services.deployment/Editor/Interface/UI/Views/DeploymentToolbar.cs
  artifactKey: Guid(3e79c8c59e2c45f19700b0e18353ea88) Importer(2089858483,b0f066a214c2f5e87bad3c948f4d605d)
Start importing Packages/com.unity.services.deployment/Editor/Interface/UI/Views/DeploymentToolbar.cs using Guid(3e79c8c59e2c45f19700b0e18353ea88) Importer(2089858483,b0f066a214c2f5e87bad3c948f4d605d) (ScriptedImporter) -> (artifact id: '6539c719728a4b425ce2ee0bbc6bae9d') in 0.0208903 seconds
Number of updated asset objects reloaded before import = 0Number of asset objects unloaded after import = 0

========================================================================
Received Import Request.
  Time since last request: 0.000067 seconds.
  path: Packages/com.unity.services.deployment/Editor/DeploymentDefinitions/UI/Assets/DeploymentDefinitionEditorUi.uss
  artifactKey: Guid(03db4b03402304daa81cdc94e91ed4d9) Importer(2089858483,b0f066a214c2f5e87bad3c948f4d605d)
Start importing Packages/com.unity.services.deployment/Editor/DeploymentDefinitions/UI/Assets/DeploymentDefinitionEditorUi.uss using Guid(03db4b03402304daa81cdc94e91ed4d9) Importer(2089858483,b0f066a214c2f5e87bad3c948f4d605d) (ScriptedImporter) -> (artifact id: 'b776f24e6a2686fa847bac60221fa3aa') in 0.0192925 seconds
Number of updated asset objects reloaded before import = 0Number of asset objects unloaded after import = 1

========================================================================
Received Import Request.
  Time since last request: 0.000023 seconds.
  path: Packages/com.unity.purchasing/Runtime/SecurityStub/AppleValidator.cs
  artifactKey: Guid(a6e0d767b4b44fc7ab1a8b191ed244b3) Importer(2089858483,b0f066a214c2f5e87bad3c948f4d605d)
Start importing Packages/com.unity.purchasing/Runtime/SecurityStub/AppleValidator.cs using Guid(a6e0d767b4b44fc7ab1a8b191ed244b3) Importer(2089858483,b0f066a214c2f5e87bad3c948f4d605d) (ScriptedImporter) -> (artifact id: '647bb517eb4a01018918ef8449b0d2b6') in 0.0205549 seconds
Number of updated asset objects reloaded before import = 0Number of asset objects unloaded after import = 0

========================================================================
Received Import Request.
  Time since last request: 0.000026 seconds.
  path: Packages/com.unity.purchasing/Runtime/Purchasing/Core/Purchasing/Models/OrderInfo.cs
  artifactKey: Guid(ce8e7bc3d33342b193947e31b9db9244) Importer(2089858483,b0f066a214c2f5e87bad3c948f4d605d)
Start importing Packages/com.unity.purchasing/Runtime/Purchasing/Core/Purchasing/Models/OrderInfo.cs using Guid(ce8e7bc3d33342b193947e31b9db9244) Importer(2089858483,b0f066a214c2f5e87bad3c948f4d605d) (ScriptedImporter) -> (artifact id: 'fbdbdfc33c96eb97bbf80b29937eb85f') in 0.0175677 seconds
Number of updated asset objects reloaded before import = 0Number of asset objects unloaded after import = 0

========================================================================
Received Import Request.
  Time since last request: 0.000074 seconds.
  path: Packages/com.unity.purchasing/Plugins/UnityPurchasing/iOS/SK2/Models/PurchaseDetails.swift
  artifactKey: Guid(6c7b87e96643c4c42870633c50612f49) Importer(2089858483,b0f066a214c2f5e87bad3c948f4d605d)
Start importing Packages/com.unity.purchasing/Plugins/UnityPurchasing/iOS/SK2/Models/PurchaseDetails.swift using Guid(6c7b87e96643c4c42870633c50612f49) Importer(2089858483,b0f066a214c2f5e87bad3c948f4d605d) (ScriptedImporter) -> (artifact id: '74d01c48de08198a4f0fb731fb17613b') in 0.0165612 seconds
Number of updated asset objects reloaded before import = 0Number of asset objects unloaded after import = 0

========================================================================
Received Import Request.
  Time since last request: 0.000296 seconds.
  path: Packages/com.unity.services.deployment.api/Editor/DeploymentWindowApi/Unity.Services.DeploymentApi.api
  artifactKey: Guid(c8979605f1d7cef45a3f96584faa779c) Importer(2089858483,b0f066a214c2f5e87bad3c948f4d605d)
Start importing Packages/com.unity.services.deployment.api/Editor/DeploymentWindowApi/Unity.Services.DeploymentApi.api using Guid(c8979605f1d7cef45a3f96584faa779c) Importer(2089858483,b0f066a214c2f5e87bad3c948f4d605d) (ScriptedImporter) -> (artifact id: '8e67f494d0082aea8c637c9456e49db2') in 0.0154784 seconds
Number of updated asset objects reloaded before import = 0Number of asset objects unloaded after import = 1

========================================================================
Received Import Request.
  Time since last request: 0.000052 seconds.
  path: Packages/com.unity.microsoft.gdk/README.md
  artifactKey: Guid(a3f041297b311a7429bf1240124e20a4) Importer(2089858483,b0f066a214c2f5e87bad3c948f4d605d)
Start importing Packages/com.unity.microsoft.gdk/README.md using Guid(a3f041297b311a7429bf1240124e20a4) Importer(2089858483,b0f066a214c2f5e87bad3c948f4d605d) (ScriptedImporter) -> (artifact id: 'c9c0cb3d8ae880e04f7ab735507ebd33') in 0.0164834 seconds
Number of updated asset objects reloaded before import = 0Number of asset objects unloaded after import = 1

========================================================================
Received Import Request.
  Time since last request: 0.000022 seconds.
  path: Packages/com.unity.purchasing/Runtime/Stores/Core/Resolvers
  artifactKey: Guid(5b9c2e7f4dde4a23a82e6b6c1d2f9aa1) Importer(2089858483,b0f066a214c2f5e87bad3c948f4d605d)
Start importing Packages/com.unity.purchasing/Runtime/Stores/Core/Resolvers using Guid(5b9c2e7f4dde4a23a82e6b6c1d2f9aa1) Importer(2089858483,b0f066a214c2f5e87bad3c948f4d605d) (ScriptedImporter) -> (artifact id: 'b30091a62542f7f9a6a8f9a881ed0aa2') in 0.0142811 seconds
Number of updated asset objects reloaded before import = 0Number of asset objects unloaded after import = 1

========================================================================
Received Import Request.
  Time since last request: 0.000042 seconds.
  path: Packages/com.unity.services.deployment/Editor/DeploymentDefinitions/IEditorDeploymentDefinitionService.cs
  artifactKey: Guid(78d142de2b8d4d25abdb4fedd172b725) Importer(2089858483,b0f066a214c2f5e87bad3c948f4d605d)
Start importing Packages/com.unity.services.deployment/Editor/DeploymentDefinitions/IEditorDeploymentDefinitionService.cs using Guid(78d142de2b8d4d25abdb4fedd172b725) Importer(2089858483,b0f066a214c2f5e87bad3c948f4d605d) (ScriptedImporter) -> (artifact id: 'cce28baa587fe99a0cfde7da2a8a4614') in 0.0128359 seconds
Number of updated asset objects reloaded before import = 0Number of asset objects unloaded after import = 0

========================================================================
Received Import Request.
  Time since last request: 0.000107 seconds.
  path: Packages/com.unity.microsoft.gdk/Runtime/XBL/Achievements/XblAchievementProgression.cs
  artifactKey: Guid(8ed7208e2c0540e8bccbe860c01b237f) Importer(2089858483,b0f066a214c2f5e87bad3c948f4d605d)
Start importing Packages/com.unity.microsoft.gdk/Runtime/XBL/Achievements/XblAchievementProgression.cs using Guid(8ed7208e2c0540e8bccbe860c01b237f) Importer(2089858483,b0f066a214c2f5e87bad3c948f4d605d) (ScriptedImporter) -> (artifact id: 'b6107b141a1299e7bce9341511b504ef') in 0.0137664 seconds
Number of updated asset objects reloaded before import = 0Number of asset objects unloaded after import = 0

========================================================================
Received Import Request.
  Time since last request: 0.000093 seconds.
  path: Packages/com.unity.microsoft.gdk/Runtime/XBL/Matchmaking/XblMatchmaking.cs
  artifactKey: Guid(73a7f1cba1c242079d3ac9f7112368ad) Importer(2089858483,b0f066a214c2f5e87bad3c948f4d605d)
Start importing Packages/com.unity.microsoft.gdk/Runtime/XBL/Matchmaking/XblMatchmaking.cs using Guid(73a7f1cba1c242079d3ac9f7112368ad) Importer(2089858483,b0f066a214c2f5e87bad3c948f4d605d) (ScriptedImporter) -> (artifact id: 'd4f03437a0c6b84f809338b981f09f53') in 0.0148934 seconds
Number of updated asset objects reloaded before import = 0Number of asset objects unloaded after import = 0

========================================================================
Received Import Request.
  Time since last request: 0.000078 seconds.
  path: Packages/com.unity.microsoft.gdk/Runtime/XBL/Profile/XblProfile.cs
  artifactKey: Guid(9cf10b4954ee445ab5ed1f6863e4bee1) Importer(2089858483,b0f066a214c2f5e87bad3c948f4d605d)
Start importing Packages/com.unity.microsoft.gdk/Runtime/XBL/Profile/XblProfile.cs using Guid(9cf10b4954ee445ab5ed1f6863e4bee1) Importer(2089858483,b0f066a214c2f5e87bad3c948f4d605d) (ScriptedImporter) -> (artifact id: 'a8bd5152f0dea3ff8203f5e09669591e') in 0.0197855 seconds
Number of updated asset objects reloaded before import = 0Number of asset objects unloaded after import = 0

========================================================================
Received Import Request.
  Time since last request: 0.000073 seconds.
  path: Packages/com.unity.purchasing/Runtime/Purchasing/DependencyInjection
  artifactKey: Guid(7bcd21ed1b5746f7934ed9ceaa44ecbd) Importer(2089858483,b0f066a214c2f5e87bad3c948f4d605d)
Start importing Packages/com.unity.purchasing/Runtime/Purchasing/DependencyInjection using Guid(7bcd21ed1b5746f7934ed9ceaa44ecbd) Importer(2089858483,b0f066a214c2f5e87bad3c948f4d605d) (ScriptedImporter) -> (artifact id: 'd3674695eea8b719b5e184afaa0f5c08') in 0.0169364 seconds
Number of updated asset objects reloaded before import = 0Number of asset objects unloaded after import = 1

Editor requested this worker to shutdown with reason: Scaling down because of idle timeout
AssetImportWorker is now disconnected from the server
Process exiting
Exiting without the bug reporter. Application will terminate with return code 0