[Licensing::Module] Trying to connect to existing licensing client channel...
Built from '6000.3/staging' branch; Version is '6000.3.20f1 (c9ba695d4f07) revision 13220457'; Using compiler version '194234433'; Build Type 'Release'
[Licensing::IpcConnector] Successfully connected to: "LicenseClient-user" at "2026-10-06T14:38:55.4139067Z"
OS: 'Windows 11  (10.0.26200) Professional' Language: 'ko' Physical Memory: 15616 MB
BatchMode: 1, IsHumanControllingUs: 0, StartBugReporterOnCrash: 0, Is64bit: 1
System  architecture: x64
Process architecture: x64
Date: 2026-10-06T14:38:55Z
[Licensing::Client] Code 10 while verifying Licensing Client signature (process Id: 47992, path: "C:/Program Files/Unity Hub/UnityLicensingClient_V1/Unity.Licensing.Client.exe")
[Licensing::Module] LicensingClient has failed validation; ignoring
[Licensing::Client] Handshaking with LicensingClient:
  Version:                 1.18.3+d7ffd15
  Session Id:              dd9fabefe51c47e08ee3e09642928f9c
  Correlation Id:          03eaac5d5b31605aa9265a2f6eaee237
  External correlation Id: 8740008029000832518
  Machine Id:              5MpbnpfN1cNExAqsbTnaxoRg4s8=
[Licensing::Module] Successfully connected to LicensingClient on channel: "LicenseClient-user" (connect: 0.00s, validation: 0.00s, handshake: 0.04s)
[Licensing::IpcConnector] Successfully connected to: "LicenseClient-user-notifications" at "2026-10-06T14:38:55.4572645Z"
[Licensing::Module] Licensing Background thread has ended after 0.04s

COMMAND LINE ARGUMENTS:
C:\Program Files\Unity\Hub\Editor\6000.3.20f1\Editor\Unity.exe
-adb2
-batchMode
-noUpm
-name
AssetImportWorker0
-projectPath
C:/Users/user/Documents/GitHub/BugCatch
-logFile
Logs/AssetImportWorker0.log
-srvPort
56891
-parentPid
69468
-analyticsCloudUserId
14569351017884
-analyticsCloudProjectId
91e90bdc-e5a6-426d-93b6-7d69c060a2ad
-analyticsLocalProjectId
ccd1533ec17c98c4e85b4caebe0d0a7c
-job-worker-count
7
-background-job-worker-count
8
-gc-helper-count
1
-name
AssetImport
Successfully changed project path to: C:/Users/user/Documents/GitHub/BugCatch
C:/Users/user/Documents/GitHub/BugCatch
[UnityMemory] Configuration Parameters - Can be set up in boot.config
    "memorysetup-temp-allocator-size-nav-mesh-worker=65536"
    "memorysetup-temp-allocator-size-audio-worker=65536"
    "memorysetup-temp-allocator-size-gfx=262144"
    "memorysetup-allocator-temp-initial-block-size-main=262144"
    "memorysetup-allocator-temp-initial-block-size-worker=262144"
    "memorysetup-temp-allocator-size-background-worker=32768"
    "memorysetup-temp-allocator-size-job-worker=262144"
    "memorysetup-temp-allocator-size-preload-manager=33554432"
    "memorysetup-temp-allocator-size-gi-baking-worker=262144"
    "memorysetup-temp-allocator-size-gi-baking-worker=262144"
    "memorysetup-temp-allocator-size-gi-baking-worker=262144"
    "memorysetup-temp-allocator-size-gi-baking-worker=262144"
    "memorysetup-temp-allocator-size-gi-baking-worker=262144"
    "memorysetup-bucket-allocator-granularity=16"
    "memorysetup-bucket-allocator-bucket-count=8"
    "memorysetup-bucket-allocator-block-size=33554432"
    "memorysetup-bucket-allocator-block-count=8"
    "memorysetup-main-allocator-block-size=16777216"
    "memorysetup-thread-allocator-block-size=16777216"
    "memorysetup-gfx-main-allocator-block-size=16777216"
    "memorysetup-gfx-thread-allocator-block-size=16777216"
    "memorysetup-cache-allocator-block-size=4194304"
    "memorysetup-typetree-allocator-block-size=2097152"
    "memorysetup-profiler-bucket-allocator-granularity=16"
    "memorysetup-profiler-bucket-allocator-bucket-count=8"
    "memorysetup-profiler-bucket-allocator-block-size=33554432"
    "memorysetup-profiler-bucket-allocator-block-count=8"
    "memorysetup-profiler-allocator-block-size=16777216"
    "memorysetup-profiler-editor-allocator-block-size=1048576"
    "memorysetup-temp-allocator-size-main=16777216"
    "memorysetup-job-temp-allocator-block-size=2097152"
    "memorysetup-job-temp-allocator-block-size-background=1048576"
    "memorysetup-job-temp-allocator-reduction-small-platforms=262144"
    "memorysetup-temp-allocator-size-cloud-worker=32768"
Player connection [117040]  Target information:

Player connection [117040]  * "[IP] 172.26.224.1 [Port] 0 [Flags] 2 [Guid] 112872003 [EditorId] 112872003 [Version] 1048832 [Id] WindowsEditor(7,MSI) [Debug] 1 [PackageName] WindowsEditor [ProjectName] Editor" 

Player connection [117040]  * "[IP] 172.31.2.154 [Port] 0 [Flags] 2 [Guid] 112872003 [EditorId] 112872003 [Version] 1048832 [Id] WindowsEditor(7,MSI) [Debug] 1 [PackageName] WindowsEditor [ProjectName] Editor" 

Player connection [117040] Host joined multi-casting on [225.0.0.222:54997]...
Player connection [117040] Host joined alternative multi-casting on [225.0.0.222:34997]...
JobSystem: Creating JobQueue using job-worker-count value 7
Input System module state changed to: Initialized.
[Physics::Module] Initialized fallback backend.
[Physics::Module] Id: 0xdecafbad
Library Redirect Path: Library/
[Physics::Module] Selected backend.
[Physics::Module] Name: PhysX
[Physics::Module] Id: 0xf2b8ea05
[Physics::Module] SDK Version: 4.1.2
[Physics::Module] Integration Version: 1.0.0
[Physics::Module] Threading Mode: Multi-Threaded
Refreshing native plugins compatible for Editor in 10.83 ms, found 4 plugins.
Preloading 0 native plugins for Editor in 0.00 ms.
Initialize engine version: 6000.3.20f1 (c9ba695d4f07)
[Subsystems] Discovering subsystems at path C:/Program Files/Unity/Hub/Editor/6000.3.20f1/Editor/Data/Resources/UnitySubsystems
[Subsystems] Discovering subsystems at path C:/Users/user/Documents/GitHub/BugCatch/Assets
GfxDevice: creating device client; kGfxThreadingModeNonThreaded
d3d12: failed to query info queue interface (0x80004002).
Direct3D:
    Version:         Direct3D 12 [level 12.2]
    Renderer:        NVIDIA GeForce RTX 4060 Laptop GPU (ID=0x28a0)
    Vendor:          NVIDIA
    VRAM:            7956 MB
    App VRAM Budget: 7188 MB
    Driver:          32.0.16.1088
Initialize mono
Mono path[0] = 'C:/Program Files/Unity/Hub/Editor/6000.3.20f1/Editor/Data/Managed'
Mono path[1] = 'C:/Program Files/Unity/Hub/Editor/6000.3.20f1/Editor/Data/MonoBleedingEdge/lib/mono/unityjit-win32'
Mono config path = 'C:/Program Files/Unity/Hub/Editor/6000.3.20f1/Editor/Data/MonoBleedingEdge/etc'
Using monoOptions --debugger-agent=transport=dt_socket,embedding=1,server=y,suspend=n,address=127.0.0.1:56708
Begin MonoManager ReloadAssembly
Registering precompiled unity dll's ...
Register platform support module: C:/Program Files/Unity/Hub/Editor/6000.3.20f1/Editor/Data/PlaybackEngines/WindowsStandaloneSupport/UnityEditor.WindowsStandalone.Extensions.dll
Registered in 0.002033 seconds.
- Loaded All Assemblies, in  0.532 seconds
Native extension for WindowsStandalone target not found
Package Manager log level set to [2]
[Package Manager] Failed to launch server process. Reason: Unity was launched with the -noUpm command-line argument
[Package Manager] Unable to send message (not connected to server process).
[Package Manager] Cannot connect to Unity Package Manager local server
ScheduleIndexationOnStartup MainProcess:False IndexOnStartup:True
Mono: successfully reloaded assembly
- Finished resetting the current domain, in  0.374 seconds
Domain Reload Profiling: 903ms
	BeginReloadAssembly (186ms)
		ExecutionOrderSort (0ms)
		DisableScriptedObjects (0ms)
		BackupInstance (0ms)
		ReleaseScriptingObjects (0ms)
		CreateAndSetChildDomain (1ms)
	RebuildCommonClasses (50ms)
	RebuildNativeTypeToScriptingClass (11ms)
	initialDomainReloadingComplete (63ms)
	LoadAllAssembliesAndSetupDomain (219ms)
		LoadAssemblies (182ms)
		RebuildTransferFunctionScriptingTraits (0ms)
		AnalyzeDomain (215ms)
			TypeCache.Refresh (213ms)
				TypeCache.ScanAssembly (198ms)
			BuildScriptInfoCaches (0ms)
			ResolveRequiredComponents (1ms)
	FinalizeReload (375ms)
		ReleaseScriptCaches (0ms)
		RebuildScriptCaches (0ms)
		SetupLoadedEditorAssemblies (340ms)
			LogAssemblyErrors (0ms)
			InitializePlatformSupportModulesInManaged (50ms)
			SetLoadedEditorAssemblies (4ms)
			BeforeProcessingInitializeOnLoad (74ms)
			ProcessInitializeOnLoadAttributes (133ms)
			ProcessInitializeOnLoadMethodAttributes (79ms)
			AfterProcessingInitializeOnLoad (0ms)
			EditorAssembliesLoaded (0ms)
		ExecutionOrderSort2 (0ms)
		AwakeInstancesAfterBackupRestoration (0ms)
[Licensing::Client] Successfully resolved entitlement details
[Licensing::Module] License group:
  Id: 14569351017884-UnityPersXXXX
  Product: Unity Personal
  Type: Assigned
  Expiration: Unlimited
Curl error 3: URL rejected: Malformed input to a URL function
========================================================================
Worker process is ready to serve import requests
Import Worker Mode flag is 0x00
Begin MonoManager ReloadAssembly
- Loaded All Assemblies, in  0.707 seconds
Refreshing native plugins compatible for Editor in 36.02 ms, found 4 plugins.
Native extension for WindowsStandalone target not found
[Package Manager] Failed to launch server process. Reason: Unity was launched with the -noUpm command-line argument
[Package Manager] Unable to send message (not connected to server process).
[Package Manager] Cannot connect to Unity Package Manager local server
Refreshing native plugins compatible for Editor in 11.13 ms, found 4 plugins.
[Package Manager] Failed to launch server process. Reason: Unity was launched with the -noUpm command-line argument
[Package Manager] Unable to send message (not connected to server process).
[Package Manager] Cannot connect to Unity Package Manager local server
ScheduleIndexationOnStartup MainProcess:False IndexOnStartup:True
Mono: successfully reloaded assembly
- Finished resetting the current domain, in  0.865 seconds
Domain Reload Profiling: 1566ms
	BeginReloadAssembly (174ms)
		ExecutionOrderSort (0ms)
		DisableScriptedObjects (4ms)
		BackupInstance (0ms)
		ReleaseScriptingObjects (0ms)
		CreateAndSetChildDomain (33ms)
	RebuildCommonClasses (38ms)
	RebuildNativeTypeToScriptingClass (11ms)
	initialDomainReloadingComplete (36ms)
	LoadAllAssembliesAndSetupDomain (441ms)
		LoadAssemblies (378ms)
		RebuildTransferFunctionScriptingTraits (0ms)
		AnalyzeDomain (163ms)
			TypeCache.Refresh (114ms)
				TypeCache.ScanAssembly (100ms)
			BuildScriptInfoCaches (44ms)
			ResolveRequiredComponents (2ms)
	FinalizeReload (866ms)
		ReleaseScriptCaches (0ms)
		RebuildScriptCaches (0ms)
		SetupLoadedEditorAssemblies (719ms)
			LogAssemblyErrors (0ms)
			InitializePlatformSupportModulesInManaged (2ms)
			SetLoadedEditorAssemblies (5ms)
			BeforeProcessingInitializeOnLoad (173ms)
			ProcessInitializeOnLoadAttributes (410ms)
			ProcessInitializeOnLoadMethodAttributes (124ms)
			AfterProcessingInitializeOnLoad (5ms)
			EditorAssembliesLoaded (0ms)
		ExecutionOrderSort2 (0ms)
		AwakeInstancesAfterBackupRestoration (6ms)
Launched and connected shader compiler UnityShaderCompiler.exe after 0.02 seconds
Refreshing native plugins compatible for Editor in 26.68 ms, found 4 plugins.
Preloading 0 native plugins for Editor in 0.00 ms.
Unloading 0 Unused Serialized files (Serialized files now loaded: 0)
Curl error 3: URL rejected: Malformed input to a URL function
Unloading 4606 unused Assets / (1.1 MB). Loaded Objects now: 5140.
Memory consumption went from 108.2 MB to 107.1 MB.
Total: 56.038900 ms (FindLiveObjects: 10.818400 ms CreateObjectMapping: 0.272900 ms MarkObjects: 37.244100 ms  DeleteObjects: 7.701500 ms)

========================================================================
Received Import Request.
  Time since last request: 23920.760556 seconds.
  path: Packages/com.unity.services.core/Editor/Core/ProjectBindRedirect/ProjectBindRedirectContentUI.cs
  artifactKey: Guid(bbe1d6885a3049bfb1c80f08903b6a82) Importer(2089858483,b0f066a214c2f5e87bad3c948f4d605d)
Start importing Packages/com.unity.services.core/Editor/Core/ProjectBindRedirect/ProjectBindRedirectContentUI.cs using Guid(bbe1d6885a3049bfb1c80f08903b6a82) Importer(2089858483,b0f066a214c2f5e87bad3c948f4d605d) (ScriptedImporter) -> (artifact id: '0a21ffe0d0c8461f4de8ef90eaa988c6') in 0.2415321 seconds
Number of updated asset objects reloaded before import = 0Number of asset objects unloaded after import = 0

========================================================================
Received Prepare
Refreshing native plugins compatible for Editor in 12.26 ms, found 4 plugins.
Preloading 0 native plugins for Editor in 0.00 ms.
Unloading 0 Unused Serialized files (Serialized files now loaded: 0)
Unloading 4579 unused Assets / (1.0 MB). Loaded Objects now: 5179.
Memory consumption went from 107.1 MB to 106.1 MB.
Total: 6.890500 ms (FindLiveObjects: 0.477700 ms CreateObjectMapping: 0.185100 ms MarkObjects: 4.993200 ms  DeleteObjects: 1.233200 ms)

Prepare: number of updated asset objects reloaded= 0
========================================================================
Received Import Request.
  Time since last request: 8.196770 seconds.
  path: Packages/com.unity.purchasing/Runtime/Stores/Core/Resolvers/IStoreOverrideLookupClient.cs
  artifactKey: Guid(8c2d4ef319f64b6395a7c8e2d3a1b5f4) Importer(2089858483,b0f066a214c2f5e87bad3c948f4d605d)
Start importing Packages/com.unity.purchasing/Runtime/Stores/Core/Resolvers/IStoreOverrideLookupClient.cs using Guid(8c2d4ef319f64b6395a7c8e2d3a1b5f4) Importer(2089858483,b0f066a214c2f5e87bad3c948f4d605d) (ScriptedImporter) -> (artifact id: '783f83c442f62de94b270d88ec68929b') in 0.012373 seconds
Number of updated asset objects reloaded before import = 0Number of asset objects unloaded after import = 0

========================================================================
Received Import Request.
  Time since last request: 0.000019 seconds.
  path: Packages/com.unity.purchasing/Editor/Shared/UI/IDisplayDialog.cs
  artifactKey: Guid(ab7fc2b0e388427595fa3ed3e745e3e9) Importer(2089858483,b0f066a214c2f5e87bad3c948f4d605d)
Start importing Packages/com.unity.purchasing/Editor/Shared/UI/IDisplayDialog.cs using Guid(ab7fc2b0e388427595fa3ed3e745e3e9) Importer(2089858483,b0f066a214c2f5e87bad3c948f4d605d) (ScriptedImporter) -> (artifact id: '575719e59782ad44b55cef881b316b0f') in 0.0123476 seconds
Number of updated asset objects reloaded before import = 0Number of asset objects unloaded after import = 0

========================================================================
Received Import Request.
  Time since last request: 0.000025 seconds.
  path: Packages/com.unity.purchasing/Runtime/Purchasing/Core/Purchasing/Models/Orders.cs
  artifactKey: Guid(7c2c55bdf3b34a9db0c944c19899dd7a) Importer(2089858483,b0f066a214c2f5e87bad3c948f4d605d)
Start importing Packages/com.unity.purchasing/Runtime/Purchasing/Core/Purchasing/Models/Orders.cs using Guid(7c2c55bdf3b34a9db0c944c19899dd7a) Importer(2089858483,b0f066a214c2f5e87bad3c948f4d605d) (ScriptedImporter) -> (artifact id: '6d12b008ef6569737de5e44550549abb') in 0.0132227 seconds
Number of updated asset objects reloaded before import = 0Number of asset objects unloaded after import = 0

========================================================================
Received Import Request.
  Time since last request: 0.000068 seconds.
  path: Packages/com.unity.microsoft.gdk/Runtime/Interop/XBL/Achievements/XblAchievementRequirement.cs
  artifactKey: Guid(a20008597509453798be9e99eaab436b) Importer(2089858483,b0f066a214c2f5e87bad3c948f4d605d)
Start importing Packages/com.unity.microsoft.gdk/Runtime/Interop/XBL/Achievements/XblAchievementRequirement.cs using Guid(a20008597509453798be9e99eaab436b) Importer(2089858483,b0f066a214c2f5e87bad3c948f4d605d) (ScriptedImporter) -> (artifact id: '5afe10d57dcfce54043b1edd8286956a') in 0.0123826 seconds
Number of updated asset objects reloaded before import = 0Number of asset objects unloaded after import = 0

========================================================================
Received Import Request.
  Time since last request: 0.000036 seconds.
  path: Packages/com.unity.microsoft.gdk/Runtime/XBL/MultiplayerActivity/XblMultiplayerActivityInfo.cs
  artifactKey: Guid(b508cf85d3870f841b46e4992b636172) Importer(2089858483,b0f066a214c2f5e87bad3c948f4d605d)
Start importing Packages/com.unity.microsoft.gdk/Runtime/XBL/MultiplayerActivity/XblMultiplayerActivityInfo.cs using Guid(b508cf85d3870f841b46e4992b636172) Importer(2089858483,b0f066a214c2f5e87bad3c948f4d605d) (ScriptedImporter) -> (artifact id: '413d50b78379c2c812e19d407da957aa') in 0.0122298 seconds
Number of updated asset objects reloaded before import = 0Number of asset objects unloaded after import = 0

========================================================================
Received Import Request.
  Time since last request: 0.000024 seconds.
  path: Packages/com.unity.purchasing/Editor/Authoring/Core/AssemblyInfo.cs
  artifactKey: Guid(4151f2858b8894cde950cc7a6ed80885) Importer(2089858483,b0f066a214c2f5e87bad3c948f4d605d)
Start importing Packages/com.unity.purchasing/Editor/Authoring/Core/AssemblyInfo.cs using Guid(4151f2858b8894cde950cc7a6ed80885) Importer(2089858483,b0f066a214c2f5e87bad3c948f4d605d) (ScriptedImporter) -> (artifact id: '58ff7b0635a31a99d7581ce7fee0b707') in 0.0105393 seconds
Number of updated asset objects reloaded before import = 0Number of asset objects unloaded after import = 0

========================================================================
Received Import Request.
  Time since last request: 0.000037 seconds.
  path: Packages/com.unity.purchasing/Runtime/Purchasing/Stores/AppleAppStore/Interfaces/INativeAppleStore.cs
  artifactKey: Guid(aa770a84df76495e887623cda450109f) Importer(2089858483,b0f066a214c2f5e87bad3c948f4d605d)
Start importing Packages/com.unity.purchasing/Runtime/Purchasing/Stores/AppleAppStore/Interfaces/INativeAppleStore.cs using Guid(aa770a84df76495e887623cda450109f) Importer(2089858483,b0f066a214c2f5e87bad3c948f4d605d) (ScriptedImporter) -> (artifact id: '789165b3640f48c368a506b0a4d242ee') in 0.0126147 seconds
Number of updated asset objects reloaded before import = 0Number of asset objects unloaded after import = 0

========================================================================
Received Import Request.
  Time since last request: 0.000036 seconds.
  path: Packages/com.unity.ai.navigation/EditorResources/Overlay/d_NavigationOverlay On@32.png
  artifactKey: Guid(b8a654e77ffbbcd4abdda7fdb70fbb9e) Importer(2089858483,b0f066a214c2f5e87bad3c948f4d605d)
Start importing Packages/com.unity.ai.navigation/EditorResources/Overlay/d_NavigationOverlay On@32.png using Guid(b8a654e77ffbbcd4abdda7fdb70fbb9e) Importer(2089858483,b0f066a214c2f5e87bad3c948f4d605d) (ScriptedImporter) -> (artifact id: '7d402ff7e7ebf7a166d7c424e396cd9d') in 0.068391 seconds
Number of updated asset objects reloaded before import = 0Number of asset objects unloaded after import = 1

========================================================================
Received Import Request.
  Time since last request: 0.000022 seconds.
  path: Packages/com.unity.microsoft.gdk/Runtime/Interop/XBL/MultiplayerManager/XblMultiplayerPerformQoSMeasurementsArgs.cs
  artifactKey: Guid(80ad4d0f83b19cf4d8f76aca60b9817f) Importer(2089858483,b0f066a214c2f5e87bad3c948f4d605d)
Start importing Packages/com.unity.microsoft.gdk/Runtime/Interop/XBL/MultiplayerManager/XblMultiplayerPerformQoSMeasurementsArgs.cs using Guid(80ad4d0f83b19cf4d8f76aca60b9817f) Importer(2089858483,b0f066a214c2f5e87bad3c948f4d605d) (ScriptedImporter) -> (artifact id: 'c6b8500bf97a64458c217082d6929fcb') in 0.0129101 seconds
Number of updated asset objects reloaded before import = 0Number of asset objects unloaded after import = 0

========================================================================
Received Import Request.
  Time since last request: 0.000049 seconds.
  path: Packages/com.unity.analytics/Tests/Editor/AdStartTests.cs
  artifactKey: Guid(589b3ddef1e4d44cea68e0144bd95434) Importer(2089858483,b0f066a214c2f5e87bad3c948f4d605d)
Start importing Packages/com.unity.analytics/Tests/Editor/AdStartTests.cs using Guid(589b3ddef1e4d44cea68e0144bd95434) Importer(2089858483,b0f066a214c2f5e87bad3c948f4d605d) (ScriptedImporter) -> (artifact id: '607aafb55ec3e1f7b1ebba15f97298b8') in 0.0149605 seconds
Number of updated asset objects reloaded before import = 0Number of asset objects unloaded after import = 0

========================================================================
Received Import Request.
  Time since last request: 0.000057 seconds.
  path: Packages/com.unity.services.deployment/Core/Glob/Glob.Gen.cs
  artifactKey: Guid(019076af2f9134b859594a93675a357f) Importer(2089858483,b0f066a214c2f5e87bad3c948f4d605d)
Start importing Packages/com.unity.services.deployment/Core/Glob/Glob.Gen.cs using Guid(019076af2f9134b859594a93675a357f) Importer(2089858483,b0f066a214c2f5e87bad3c948f4d605d) (ScriptedImporter) -> (artifact id: '9eb52f294149b209b4d984cdd842ea9c') in 0.0152443 seconds
Number of updated asset objects reloaded before import = 0Number of asset objects unloaded after import = 0

========================================================================
Received Import Request.
  Time since last request: 0.000025 seconds.
  path: Packages/com.unity.microsoft.gdk/Runtime/XBL/Matchmaking/XblMatchTicketDetailsResponse.cs
  artifactKey: Guid(d6313cdc11af406a8a79695fec910a8e) Importer(2089858483,b0f066a214c2f5e87bad3c948f4d605d)
Start importing Packages/com.unity.microsoft.gdk/Runtime/XBL/Matchmaking/XblMatchTicketDetailsResponse.cs using Guid(d6313cdc11af406a8a79695fec910a8e) Importer(2089858483,b0f066a214c2f5e87bad3c948f4d605d) (ScriptedImporter) -> (artifact id: '1eaf4bfc30ec7c53a9576c515c1b7fb6') in 0.0128192 seconds
Number of updated asset objects reloaded before import = 0Number of asset objects unloaded after import = 0

========================================================================
Received Import Request.
  Time since last request: 0.000047 seconds.
  path: Packages/com.unity.microsoft.gdk/Runtime/Interop/ExtensionLibraries/HttpClient/XgrHttpClient.cs
  artifactKey: Guid(466a0baf81324d839106cb0d588afe2b) Importer(2089858483,b0f066a214c2f5e87bad3c948f4d605d)
Start importing Packages/com.unity.microsoft.gdk/Runtime/Interop/ExtensionLibraries/HttpClient/XgrHttpClient.cs using Guid(466a0baf81324d839106cb0d588afe2b) Importer(2089858483,b0f066a214c2f5e87bad3c948f4d605d) (ScriptedImporter) -> (artifact id: 'f9af90704d33eec2a173230d417c60b5') in 0.012689 seconds
Number of updated asset objects reloaded before import = 0Number of asset objects unloaded after import = 0

========================================================================
Received Import Request.
  Time since last request: 0.000069 seconds.
  path: Packages/com.unity.purchasing/Runtime/UnityPaymentProviders/Client/ErrorMitigation/StatusCodePolicyConfig.cs
  artifactKey: Guid(f94c38e189b074f2db8b1b1f2cf094fa) Importer(2089858483,b0f066a214c2f5e87bad3c948f4d605d)
Start importing Packages/com.unity.purchasing/Runtime/UnityPaymentProviders/Client/ErrorMitigation/StatusCodePolicyConfig.cs using Guid(f94c38e189b074f2db8b1b1f2cf094fa) Importer(2089858483,b0f066a214c2f5e87bad3c948f4d605d) (ScriptedImporter) -> (artifact id: '35466e7024fad1130c66b0a8ea528159') in 0.0135768 seconds
Number of updated asset objects reloaded before import = 0Number of asset objects unloaded after import = 0

========================================================================
Received Import Request.
  Time since last request: 0.000025 seconds.
  path: Packages/com.unity.purchasing/Runtime/Security/GooglePlayValidator.cs
  artifactKey: Guid(149bbcc38d7c74ee2bfea25aedb44629) Importer(2089858483,b0f066a214c2f5e87bad3c948f4d605d)
Start importing Packages/com.unity.purchasing/Runtime/Security/GooglePlayValidator.cs using Guid(149bbcc38d7c74ee2bfea25aedb44629) Importer(2089858483,b0f066a214c2f5e87bad3c948f4d605d) (ScriptedImporter) -> (artifact id: '3cbcac16daa7975cd0a419ffb6427a63') in 0.0107757 seconds
Number of updated asset objects reloaded before import = 0Number of asset objects unloaded after import = 0

========================================================================
Received Import Request.
  Time since last request: 0.000028 seconds.
  path: Packages/com.unity.purchasing/Runtime/UnityPaymentProviders/Models/ProductData.cs
  artifactKey: Guid(506fe7c76c4e4ee5ae0789b05c8bd184) Importer(2089858483,b0f066a214c2f5e87bad3c948f4d605d)
Start importing Packages/com.unity.purchasing/Runtime/UnityPaymentProviders/Models/ProductData.cs using Guid(506fe7c76c4e4ee5ae0789b05c8bd184) Importer(2089858483,b0f066a214c2f5e87bad3c948f4d605d) (ScriptedImporter) -> (artifact id: '2b58b4be37e205acd784946515c2e258') in 0.0205824 seconds
Number of updated asset objects reloaded before import = 0Number of asset objects unloaded after import = 0

========================================================================
Received Import Request.
  Time since last request: 0.000036 seconds.
  path: Packages/com.unity.purchasing/Runtime/Purchasing/Utilities/AppleJsonSubscriptionOfferDeserializer.cs
  artifactKey: Guid(0dd2351e0cfa46bd867a3d0510a45477) Importer(2089858483,b0f066a214c2f5e87bad3c948f4d605d)
Start importing Packages/com.unity.purchasing/Runtime/Purchasing/Utilities/AppleJsonSubscriptionOfferDeserializer.cs using Guid(0dd2351e0cfa46bd867a3d0510a45477) Importer(2089858483,b0f066a214c2f5e87bad3c948f4d605d) (ScriptedImporter) -> (artifact id: 'c587ef429c7f266a0045d24dc131519a') in 0.0123898 seconds
Number of updated asset objects reloaded before import = 0Number of asset objects unloaded after import = 0

========================================================================
Received Import Request.
  Time since last request: 0.000051 seconds.
  path: Packages/com.unity.purchasing/AiAssistantSkills/in-app-purchases/references/platform-notes.md
  artifactKey: Guid(2c7638b43141c44298f8c232163bf4f8) Importer(2089858483,b0f066a214c2f5e87bad3c948f4d605d)
Start importing Packages/com.unity.purchasing/AiAssistantSkills/in-app-purchases/references/platform-notes.md using Guid(2c7638b43141c44298f8c232163bf4f8) Importer(2089858483,b0f066a214c2f5e87bad3c948f4d605d) (ScriptedImporter) -> (artifact id: 'cf36fdab3452d4c61378bc50a7b108e4') in 0.0149123 seconds
Number of updated asset objects reloaded before import = 0Number of asset objects unloaded after import = 1

========================================================================
Received Import Request.
  Time since last request: 0.000038 seconds.
  path: Packages/com.unity.services.analytics/Runtime/Plugins/iOS/VolumeIOSPlugin.mm
  artifactKey: Guid(e76c2fb16f9e2457c85547c7e71be88f) Importer(2089858483,b0f066a214c2f5e87bad3c948f4d605d)
Start importing Packages/com.unity.services.analytics/Runtime/Plugins/iOS/VolumeIOSPlugin.mm using Guid(e76c2fb16f9e2457c85547c7e71be88f) Importer(2089858483,b0f066a214c2f5e87bad3c948f4d605d) (ScriptedImporter) -> (artifact id: '8118416bcbabf0acad9bbab391ebb89d') in 0.0149088 seconds
Number of updated asset objects reloaded before import = 0Number of asset objects unloaded after import = 0

========================================================================
Received Import Request.
  Time since last request: 0.000483 seconds.
  path: Packages/com.unity.microsoft.gdk/Runtime/ExtensionLibraries/HttpClient/HCWebSocketCloseStatus.cs
  artifactKey: Guid(d8bc13b06aba4df89abdfcb1bad375a9) Importer(2089858483,b0f066a214c2f5e87bad3c948f4d605d)
Start importing Packages/com.unity.microsoft.gdk/Runtime/ExtensionLibraries/HttpClient/HCWebSocketCloseStatus.cs using Guid(d8bc13b06aba4df89abdfcb1bad375a9) Importer(2089858483,b0f066a214c2f5e87bad3c948f4d605d) (ScriptedImporter) -> (artifact id: 'b76f9f552cd3a53d1ee53b267f516c69') in 0.0132126 seconds
Number of updated asset objects reloaded before import = 0Number of asset objects unloaded after import = 0

========================================================================
Received Import Request.
  Time since last request: 0.000023 seconds.
  path: Packages/com.unity.services.core/Runtime/Core/Initialization/UnityProjectNotLinkedException.cs
  artifactKey: Guid(dbecf6d1d3b2c469ab1a5a173a48ae06) Importer(2089858483,b0f066a214c2f5e87bad3c948f4d605d)
Start importing Packages/com.unity.services.core/Runtime/Core/Initialization/UnityProjectNotLinkedException.cs using Guid(dbecf6d1d3b2c469ab1a5a173a48ae06) Importer(2089858483,b0f066a214c2f5e87bad3c948f4d605d) (ScriptedImporter) -> (artifact id: '92f2e2e6eae2db6dca5ff7cd749e9c0b') in 0.0151764 seconds
Number of updated asset objects reloaded before import = 0Number of asset objects unloaded after import = 0

========================================================================
Received Import Request.
  Time since last request: 0.000053 seconds.
  path: Packages/com.unity.microsoft.gdk/Runtime/XBL/MultiplayerActivity/XblMultiplayerActivityRecentPlayerUpdate.cs
  artifactKey: Guid(e6e553778604a28488da6b0501e6d58f) Importer(2089858483,b0f066a214c2f5e87bad3c948f4d605d)
Start importing Packages/com.unity.microsoft.gdk/Runtime/XBL/MultiplayerActivity/XblMultiplayerActivityRecentPlayerUpdate.cs using Guid(e6e553778604a28488da6b0501e6d58f) Importer(2089858483,b0f066a214c2f5e87bad3c948f4d605d) (ScriptedImporter) -> (artifact id: 'ee60cd4322a74e6b14c5649da0e4d214') in 0.0101681 seconds
Number of updated asset objects reloaded before import = 0Number of asset objects unloaded after import = 0

========================================================================
Received Import Request.
  Time since last request: 0.000026 seconds.
  path: Packages/com.unity.services.core/Editor/Core/EditorGameService/ServiceUrlBuilder.cs
  artifactKey: Guid(774c129df5bb4d7b9ce865ebfe7e94bb) Importer(2089858483,b0f066a214c2f5e87bad3c948f4d605d)
Start importing Packages/com.unity.services.core/Editor/Core/EditorGameService/ServiceUrlBuilder.cs using Guid(774c129df5bb4d7b9ce865ebfe7e94bb) Importer(2089858483,b0f066a214c2f5e87bad3c948f4d605d) (ScriptedImporter) -> (artifact id: 'ef4d3b35780f8489f4352ccbb5ad7df6') in 0.0120249 seconds
Number of updated asset objects reloaded before import = 0Number of asset objects unloaded after import = 0

========================================================================
Received Import Request.
  Time since last request: 2.631673 seconds.
  path: Packages/com.unity.services.deployment/Editor/Environments
  artifactKey: Guid(ca524174064a40de954cbb0cf067290b) Importer(2089858483,b0f066a214c2f5e87bad3c948f4d605d)
Start importing Packages/com.unity.services.deployment/Editor/Environments using Guid(ca524174064a40de954cbb0cf067290b) Importer(2089858483,b0f066a214c2f5e87bad3c948f4d605d) (ScriptedImporter) -> (artifact id: '8e1771fd52ac05bd1e45e1c3e7632582') in 0.0178288 seconds
Number of updated asset objects reloaded before import = 0Number of asset objects unloaded after import = 1

========================================================================
Received Import Request.
  Time since last request: 0.000037 seconds.
  path: Packages/com.unity.services.core/Runtime/Analytics/AssemblyInfo.cs
  artifactKey: Guid(9b1c3b381f42945578ff44373134d0cc) Importer(2089858483,b0f066a214c2f5e87bad3c948f4d605d)
Start importing Packages/com.unity.services.core/Runtime/Analytics/AssemblyInfo.cs using Guid(9b1c3b381f42945578ff44373134d0cc) Importer(2089858483,b0f066a214c2f5e87bad3c948f4d605d) (ScriptedImporter) -> (artifact id: '0868f761f4b120fabeef819c02f7ff76') in 0.0140963 seconds
Number of updated asset objects reloaded before import = 0Number of asset objects unloaded after import = 0

========================================================================
Received Import Request.
  Time since last request: 0.000080 seconds.
  path: Packages/com.unity.microsoft.gdk/Runtime/XBL/Multiplayer/XblMultiplayerSessionStringAttribute.cs
  artifactKey: Guid(07d35f9831c83f84abf747e634ae5759) Importer(2089858483,b0f066a214c2f5e87bad3c948f4d605d)
Start importing Packages/com.unity.microsoft.gdk/Runtime/XBL/Multiplayer/XblMultiplayerSessionStringAttribute.cs using Guid(07d35f9831c83f84abf747e634ae5759) Importer(2089858483,b0f066a214c2f5e87bad3c948f4d605d) (ScriptedImporter) -> (artifact id: 'b36af252a087940ac4beda545b11eedb') in 0.010315 seconds
Number of updated asset objects reloaded before import = 0Number of asset objects unloaded after import = 0

========================================================================
Received Import Request.
  Time since last request: 0.000039 seconds.
  path: Packages/com.unity.services.core/Runtime/Environments/Internal/Environments.cs
  artifactKey: Guid(f0d49dd8a34484dc387198e1e2a3fe0c) Importer(2089858483,b0f066a214c2f5e87bad3c948f4d605d)
Start importing Packages/com.unity.services.core/Runtime/Environments/Internal/Environments.cs using Guid(f0d49dd8a34484dc387198e1e2a3fe0c) Importer(2089858483,b0f066a214c2f5e87bad3c948f4d605d) (ScriptedImporter) -> (artifact id: '6cc93d4c7e80c286862dcb3998bb9ba2') in 0.0108696 seconds
Number of updated asset objects reloaded before import = 0Number of asset objects unloaded after import = 0

========================================================================
Received Import Request.
  Time since last request: 0.000027 seconds.
  path: Packages/com.unity.services.deployment.api/Editor/DeploymentWindowApi/ITrackableItem.cs
  artifactKey: Guid(a3d21901053548269649d6a41a467d8a) Importer(2089858483,b0f066a214c2f5e87bad3c948f4d605d)
Start importing Packages/com.unity.services.deployment.api/Editor/DeploymentWindowApi/ITrackableItem.cs using Guid(a3d21901053548269649d6a41a467d8a) Importer(2089858483,b0f066a214c2f5e87bad3c948f4d605d) (ScriptedImporter) -> (artifact id: 'c510dba2d6ab2cbbf5cb8dc4016d6482') in 0.0143962 seconds
Number of updated asset objects reloaded before import = 0Number of asset objects unloaded after import = 0

========================================================================
Received Import Request.
  Time since last request: 0.000026 seconds.
  path: Packages/com.unity.services.core/Editor/Core/Shared/EditorUtils/EditorValueTracker.Gen.cs
  artifactKey: Guid(0dc33952e916e49cd8d00f627d768b05) Importer(2089858483,b0f066a214c2f5e87bad3c948f4d605d)
Start importing Packages/com.unity.services.core/Editor/Core/Shared/EditorUtils/EditorValueTracker.Gen.cs using Guid(0dc33952e916e49cd8d00f627d768b05) Importer(2089858483,b0f066a214c2f5e87bad3c948f4d605d) (ScriptedImporter) -> (artifact id: 'ac8cbd0969dbd3b5a66df7ba0493cba4') in 0.0110019 seconds
Number of updated asset objects reloaded before import = 0Number of asset objects unloaded after import = 0

========================================================================
Received Import Request.
  Time since last request: 0.000022 seconds.
  path: Packages/com.unity.purchasing/Runtime/UnityLiveContentAdapter/Client/Http/JsonHelpers.cs
  artifactKey: Guid(027293aac45ca4a45b81930c9239a79d) Importer(2089858483,b0f066a214c2f5e87bad3c948f4d605d)
Start importing Packages/com.unity.purchasing/Runtime/UnityLiveContentAdapter/Client/Http/JsonHelpers.cs using Guid(027293aac45ca4a45b81930c9239a79d) Importer(2089858483,b0f066a214c2f5e87bad3c948f4d605d) (ScriptedImporter) -> (artifact id: '997ed59a7a093dc21a1332f88f38fc35') in 0.0119232 seconds
Number of updated asset objects reloaded before import = 0Number of asset objects unloaded after import = 0

========================================================================
Received Import Request.
  Time since last request: 0.000046 seconds.
  path: Packages/com.unity.purchasing/Editor/Analytics/Helpers/GameServices
  artifactKey: Guid(c5b5164b677238e4bb3849b8116a9f5a) Importer(2089858483,b0f066a214c2f5e87bad3c948f4d605d)
Start importing Packages/com.unity.purchasing/Editor/Analytics/Helpers/GameServices using Guid(c5b5164b677238e4bb3849b8116a9f5a) Importer(2089858483,b0f066a214c2f5e87bad3c948f4d605d) (ScriptedImporter) -> (artifact id: '06483d709e024a1fe65f3d5a3ed0d7f1') in 0.0101928 seconds
Number of updated asset objects reloaded before import = 0Number of asset objects unloaded after import = 1

========================================================================
Received Import Request.
  Time since last request: 0.000053 seconds.
  path: Packages/com.unity.services.deployment/Editor/Shared/DependencyInversion/Factories.Gen.cs
  artifactKey: Guid(c8fee71d354e3455888a7b9e39b473d8) Importer(2089858483,b0f066a214c2f5e87bad3c948f4d605d)
Start importing Packages/com.unity.services.deployment/Editor/Shared/DependencyInversion/Factories.Gen.cs using Guid(c8fee71d354e3455888a7b9e39b473d8) Importer(2089858483,b0f066a214c2f5e87bad3c948f4d605d) (ScriptedImporter) -> (artifact id: '6c8be01648c62e3d1c40fa2073d4cca1') in 0.0221629 seconds
Number of updated asset objects reloaded before import = 0Number of asset objects unloaded after import = 0

========================================================================
Received Import Request.
  Time since last request: 0.000093 seconds.
  path: Packages/com.unity.purchasing/Runtime/Purchasing/Core/Purchasing/Android/GooglePlay/Extensions/UseCases
  artifactKey: Guid(d443476aba8290940b4e0f7a9aca3f06) Importer(2089858483,b0f066a214c2f5e87bad3c948f4d605d)
Start importing Packages/com.unity.purchasing/Runtime/Purchasing/Core/Purchasing/Android/GooglePlay/Extensions/UseCases using Guid(d443476aba8290940b4e0f7a9aca3f06) Importer(2089858483,b0f066a214c2f5e87bad3c948f4d605d) (ScriptedImporter) -> (artifact id: 'f709345da80add038a15a71c8669ac71') in 0.0114195 seconds
Number of updated asset objects reloaded before import = 0Number of asset objects unloaded after import = 1

========================================================================
Received Import Request.
  Time since last request: 0.000021 seconds.
  path: Packages/com.unity.purchasing/Runtime/Purchasing/Stores/PaymentProvider
  artifactKey: Guid(13075746ca653476a8d3525b70bfd93c) Importer(2089858483,b0f066a214c2f5e87bad3c948f4d605d)
Start importing Packages/com.unity.purchasing/Runtime/Purchasing/Stores/PaymentProvider using Guid(13075746ca653476a8d3525b70bfd93c) Importer(2089858483,b0f066a214c2f5e87bad3c948f4d605d) (ScriptedImporter) -> (artifact id: '382f6991b5d25af3870a1c0d40935391') in 0.0116085 seconds
Number of updated asset objects reloaded before import = 0Number of asset objects unloaded after import = 1

========================================================================
Received Import Request.
  Time since last request: 0.000019 seconds.
  path: Packages/com.unity.purchasing/Runtime/UnityWebshops/Interfaces
  artifactKey: Guid(cb36ec83775a43a988ef72ffaf2ad0cf) Importer(2089858483,b0f066a214c2f5e87bad3c948f4d605d)
Start importing Packages/com.unity.purchasing/Runtime/UnityWebshops/Interfaces using Guid(cb36ec83775a43a988ef72ffaf2ad0cf) Importer(2089858483,b0f066a214c2f5e87bad3c948f4d605d) (ScriptedImporter) -> (artifact id: '92ec3d0cc83bd2b7e0ef9a3e2b8b180c') in 0.0120955 seconds
Number of updated asset objects reloaded before import = 0Number of asset objects unloaded after import = 1

========================================================================
Received Import Request.
  Time since last request: 0.000021 seconds.
  path: Packages/com.unity.microsoft.gdk/Tests/PlayModeTests/Unity.Microsoft.GDK.Tests.asmdef
  artifactKey: Guid(2901c3d4bdd9f344eac59e11d8814b72) Importer(2089858483,b0f066a214c2f5e87bad3c948f4d605d)
Start importing Packages/com.unity.microsoft.gdk/Tests/PlayModeTests/Unity.Microsoft.GDK.Tests.asmdef using Guid(2901c3d4bdd9f344eac59e11d8814b72) Importer(2089858483,b0f066a214c2f5e87bad3c948f4d605d) (ScriptedImporter) -> (artifact id: 'b42a926c3ceb048e22cfe292f1f39b24') in 0.0165129 seconds
Number of updated asset objects reloaded before import = 0Number of asset objects unloaded after import = 1

========================================================================
Received Import Request.
  Time since last request: 0.000060 seconds.
  path: Packages/com.unity.ai.navigation/Editor/ConversionSystem/SystemConverterContainer.cs
  artifactKey: Guid(6c78b1d765d234b9c9e3a1d2b0667c47) Importer(2089858483,b0f066a214c2f5e87bad3c948f4d605d)
Start importing Packages/com.unity.ai.navigation/Editor/ConversionSystem/SystemConverterContainer.cs using Guid(6c78b1d765d234b9c9e3a1d2b0667c47) Importer(2089858483,b0f066a214c2f5e87bad3c948f4d605d) (ScriptedImporter) -> (artifact id: 'fc000aeb32140647fd2fcafcd457499c') in 0.0126919 seconds
Number of updated asset objects reloaded before import = 0Number of asset objects unloaded after import = 0

========================================================================
Received Import Request.
  Time since last request: 0.000084 seconds.
  path: Packages/com.unity.purchasing/Editor/Authoring/LiveContentAdminApi/Client/Model/ConfigCreateBatch.cs
  artifactKey: Guid(51274d2a64c14400da174b54dba90416) Importer(2089858483,b0f066a214c2f5e87bad3c948f4d605d)
Start importing Packages/com.unity.purchasing/Editor/Authoring/LiveContentAdminApi/Client/Model/ConfigCreateBatch.cs using Guid(51274d2a64c14400da174b54dba90416) Importer(2089858483,b0f066a214c2f5e87bad3c948f4d605d) (ScriptedImporter) -> (artifact id: 'cc6036ecdd3d4b979ad4649df7af8ff9') in 0.0106997 seconds
Number of updated asset objects reloaded before import = 0Number of asset objects unloaded after import = 0

========================================================================
Received Import Request.
  Time since last request: 0.000097 seconds.
  path: Packages/com.unity.purchasing/Runtime/UnityLiveContentAdapter/script-regenerate-code.sh
  artifactKey: Guid(7e314816abe4c4a07a80d1bf6c9f5899) Importer(2089858483,b0f066a214c2f5e87bad3c948f4d605d)
Start importing Packages/com.unity.purchasing/Runtime/UnityLiveContentAdapter/script-regenerate-code.sh using Guid(7e314816abe4c4a07a80d1bf6c9f5899) Importer(2089858483,b0f066a214c2f5e87bad3c948f4d605d) (ScriptedImporter) -> (artifact id: '22b2ff2d70b6bded269f60b5d1fc9d88') in 0.0131769 seconds
Number of updated asset objects reloaded before import = 0Number of asset objects unloaded after import = 1

========================================================================
Received Import Request.
  Time since last request: 0.000021 seconds.
  path: Packages/com.unity.services.deployment/Editor/Shared/DependencyInversion/ServiceProvider.Gen.cs
  artifactKey: Guid(678f9e5a7c75541f1ad189e69aa07e2d) Importer(2089858483,b0f066a214c2f5e87bad3c948f4d605d)
Start importing Packages/com.unity.services.deployment/Editor/Shared/DependencyInversion/ServiceProvider.Gen.cs using Guid(678f9e5a7c75541f1ad189e69aa07e2d) Importer(2089858483,b0f066a214c2f5e87bad3c948f4d605d) (ScriptedImporter) -> (artifact id: 'ffb6f457f2b4c11418dba63d5d6d35af') in 0.0111955 seconds
Number of updated asset objects reloaded before import = 0Number of asset objects unloaded after import = 0

========================================================================
Received Import Request.
  Time since last request: 0.000077 seconds.
  path: Packages/com.unity.purchasing/Runtime/Stores/Core/Store/StoreServiceDependencyFactoryInjector.cs
  artifactKey: Guid(29f737c03c9ff6440a8a4e4fc48a63db) Importer(2089858483,b0f066a214c2f5e87bad3c948f4d605d)
Start importing Packages/com.unity.purchasing/Runtime/Stores/Core/Store/StoreServiceDependencyFactoryInjector.cs using Guid(29f737c03c9ff6440a8a4e4fc48a63db) Importer(2089858483,b0f066a214c2f5e87bad3c948f4d605d) (ScriptedImporter) -> (artifact id: 'f6942cbe2fd78ad04240d9daff57cd25') in 0.0138543 seconds
Number of updated asset objects reloaded before import = 0Number of asset objects unloaded after import = 0

========================================================================
Received Import Request.
  Time since last request: 0.000037 seconds.
  path: Packages/com.unity.services.deployment/Editor/Interface/UI/Serialization
  artifactKey: Guid(bd6896ec305748ceb65a989b87807d30) Importer(2089858483,b0f066a214c2f5e87bad3c948f4d605d)
Start importing Packages/com.unity.services.deployment/Editor/Interface/UI/Serialization using Guid(bd6896ec305748ceb65a989b87807d30) Importer(2089858483,b0f066a214c2f5e87bad3c948f4d605d) (ScriptedImporter) -> (artifact id: '8add242c0839c83257a88ebc90744727') in 0.019755 seconds
Number of updated asset objects reloaded before import = 0Number of asset objects unloaded after import = 1

========================================================================
Received Import Request.
  Time since last request: 0.000024 seconds.
  path: Packages/com.unity.services.core/Editor/Core/Environments/Save
  artifactKey: Guid(b4f3e14b8bd74e76b23e74804880c321) Importer(2089858483,b0f066a214c2f5e87bad3c948f4d605d)
Start importing Packages/com.unity.services.core/Editor/Core/Environments/Save using Guid(b4f3e14b8bd74e76b23e74804880c321) Importer(2089858483,b0f066a214c2f5e87bad3c948f4d605d) (ScriptedImporter) -> (artifact id: '72a7c2725a9a55316baa37d69eb77c9c') in 0.0224862 seconds
Number of updated asset objects reloaded before import = 0Number of asset objects unloaded after import = 1

========================================================================
Received Import Request.
  Time since last request: 0.000023 seconds.
  path: Packages/com.unity.purchasing/Runtime/SecurityCore/GooglePlayReceipt.cs
  artifactKey: Guid(8debfc8dc3d164b3e806c71a7cbdb39b) Importer(2089858483,b0f066a214c2f5e87bad3c948f4d605d)
Start importing Packages/com.unity.purchasing/Runtime/SecurityCore/GooglePlayReceipt.cs using Guid(8debfc8dc3d164b3e806c71a7cbdb39b) Importer(2089858483,b0f066a214c2f5e87bad3c948f4d605d) (ScriptedImporter) -> (artifact id: 'c42fbbe15e2a50f38095290247a70f22') in 0.0124939 seconds
Number of updated asset objects reloaded before import = 0Number of asset objects unloaded after import = 0

========================================================================
Received Import Request.
  Time since last request: 0.000046 seconds.
  path: Packages/com.unity.purchasing/Editor/Shared/DependencyInversion/Factories.Gen.cs
  artifactKey: Guid(0f90301b4d36413aa1a347cae116d953) Importer(2089858483,b0f066a214c2f5e87bad3c948f4d605d)
Start importing Packages/com.unity.purchasing/Editor/Shared/DependencyInversion/Factories.Gen.cs using Guid(0f90301b4d36413aa1a347cae116d953) Importer(2089858483,b0f066a214c2f5e87bad3c948f4d605d) (ScriptedImporter) -> (artifact id: '9183874e069bc33328f0f68e2764a968') in 0.0116245 seconds
Number of updated asset objects reloaded before import = 0Number of asset objects unloaded after import = 0

========================================================================
Received Import Request.
  Time since last request: 0.000018 seconds.
  path: Packages/com.unity.services.deployment/Editor/Interface/UI/Assets/DeploymentWindowStateTemplates/DeploymentWindow_Deployment.uxml
  artifactKey: Guid(a7ae042a51ffa498ca0e7925a68c96ef) Importer(2089858483,b0f066a214c2f5e87bad3c948f4d605d)
Start importing Packages/com.unity.services.deployment/Editor/Interface/UI/Assets/DeploymentWindowStateTemplates/DeploymentWindow_Deployment.uxml using Guid(a7ae042a51ffa498ca0e7925a68c96ef) Importer(2089858483,b0f066a214c2f5e87bad3c948f4d605d) (ScriptedImporter) -> (artifact id: '351b7eff93dc1bf14ddb8e5ea27c3cd5') in 0.0750607 seconds
Number of updated asset objects reloaded before import = 0Number of asset objects unloaded after import = 4

========================================================================
Received Import Request.
  Time since last request: 2.611619 seconds.
  path: Packages/com.unity.purchasing/Runtime/UnityWebshops/Client/Apis/WebshopLinkApi.cs
  artifactKey: Guid(d9e5075f495e64c9cae5dd6eea86ba21) Importer(2089858483,b0f066a214c2f5e87bad3c948f4d605d)
Start importing Packages/com.unity.purchasing/Runtime/UnityWebshops/Client/Apis/WebshopLinkApi.cs using Guid(d9e5075f495e64c9cae5dd6eea86ba21) Importer(2089858483,b0f066a214c2f5e87bad3c948f4d605d) (ScriptedImporter) -> (artifact id: 'd01a244f358442962a3e6c326d08de05') in 0.0136662 seconds
Number of updated asset objects reloaded before import = 0Number of asset objects unloaded after import = 0

========================================================================
Received Import Request.
  Time since last request: 0.000058 seconds.
  path: Packages/com.unity.services.core/Editor/Core/ProjectBindRedirect/UXML/ProjectBindRedirectProjectSettings.uxml
  artifactKey: Guid(1979fd426439544d792c9d2cb653aaa3) Importer(2089858483,b0f066a214c2f5e87bad3c948f4d605d)
Start importing Packages/com.unity.services.core/Editor/Core/ProjectBindRedirect/UXML/ProjectBindRedirectProjectSettings.uxml using Guid(1979fd426439544d792c9d2cb653aaa3) Importer(2089858483,b0f066a214c2f5e87bad3c948f4d605d) (ScriptedImporter) -> (artifact id: '37fe74e688410ed5139748e9c7de6cd4') in 0.0247535 seconds
Number of updated asset objects reloaded before import = 0Number of asset objects unloaded after import = 2

========================================================================
Received Import Request.
  Time since last request: 0.000091 seconds.
  path: Packages/com.unity.purchasing/Editor/Authoring/IO/FileSystem.cs
  artifactKey: Guid(626f49ef8bebfdd45bf16dc7bad277b3) Importer(2089858483,b0f066a214c2f5e87bad3c948f4d605d)
Start importing Packages/com.unity.purchasing/Editor/Authoring/IO/FileSystem.cs using Guid(626f49ef8bebfdd45bf16dc7bad277b3) Importer(2089858483,b0f066a214c2f5e87bad3c948f4d605d) (ScriptedImporter) -> (artifact id: '9ddb51b79aebb8cdb6097e06d62e7ae0') in 0.0127077 seconds
Number of updated asset objects reloaded before import = 0Number of asset objects unloaded after import = 0

========================================================================
Received Import Request.
  Time since last request: 0.000197 seconds.
  path: Packages/com.unity.purchasing/Editor/Authoring/UI/CustomReadOnlyDrawer.cs
  artifactKey: Guid(09c56093b03324889bb69044535c096d) Importer(2089858483,b0f066a214c2f5e87bad3c948f4d605d)
Start importing Packages/com.unity.purchasing/Editor/Authoring/UI/CustomReadOnlyDrawer.cs using Guid(09c56093b03324889bb69044535c096d) Importer(2089858483,b0f066a214c2f5e87bad3c948f4d605d) (ScriptedImporter) -> (artifact id: '4e50a32ba24b5b6d4bbf0fc9ddb61f97') in 0.0145855 seconds
Number of updated asset objects reloaded before import = 0Number of asset objects unloaded after import = 0

========================================================================
Received Import Request.
  Time since last request: 0.000040 seconds.
  path: Packages/com.unity.microsoft.gdk/Runtime/XBL/Privacy/XblPrivacy.cs
  artifactKey: Guid(b29d5f85c164407799b486c65e69acc2) Importer(2089858483,b0f066a214c2f5e87bad3c948f4d605d)
Start importing Packages/com.unity.microsoft.gdk/Runtime/XBL/Privacy/XblPrivacy.cs using Guid(b29d5f85c164407799b486c65e69acc2) Importer(2089858483,b0f066a214c2f5e87bad3c948f4d605d) (ScriptedImporter) -> (artifact id: 'd16ab711e24a2e8c18ddf2c4ca1b155e') in 0.0142615 seconds
Number of updated asset objects reloaded before import = 0Number of asset objects unloaded after import = 0

========================================================================
Received Import Request.
  Time since last request: 0.000048 seconds.
  path: Packages/com.unity.purchasing/Runtime/Stores/Android/GooglePlay/Services/GooglePlayStoreCheckEntitlementService.cs
  artifactKey: Guid(38708263a96958d459901286b9c3952a) Importer(2089858483,b0f066a214c2f5e87bad3c948f4d605d)
Start importing Packages/com.unity.purchasing/Runtime/Stores/Android/GooglePlay/Services/GooglePlayStoreCheckEntitlementService.cs using Guid(38708263a96958d459901286b9c3952a) Importer(2089858483,b0f066a214c2f5e87bad3c948f4d605d) (ScriptedImporter) -> (artifact id: '1b6531ee94ae00c6e4bd97fd9d4f719e') in 0.0123052 seconds
Number of updated asset objects reloaded before import = 0Number of asset objects unloaded after import = 0

========================================================================
Received Import Request.
  Time since last request: 0.000052 seconds.
  path: Packages/com.unity.microsoft.gdk/Runtime/XLauncher.cs
  artifactKey: Guid(bf7ae7283a8a2c84b9763c67814359e7) Importer(2089858483,b0f066a214c2f5e87bad3c948f4d605d)
Start importing Packages/com.unity.microsoft.gdk/Runtime/XLauncher.cs using Guid(bf7ae7283a8a2c84b9763c67814359e7) Importer(2089858483,b0f066a214c2f5e87bad3c948f4d605d) (ScriptedImporter) -> (artifact id: '786d2d7ddfc0e8cd685f2e396d69c827') in 0.0128738 seconds
Number of updated asset objects reloaded before import = 0Number of asset objects unloaded after import = 0

========================================================================
Received Import Request.
  Time since last request: 0.000069 seconds.
  path: Packages/com.unity.services.core/Editor/Core/Shared/Clients
  artifactKey: Guid(71938c5983b844220988ffeb611b6e63) Importer(2089858483,b0f066a214c2f5e87bad3c948f4d605d)
Start importing Packages/com.unity.services.core/Editor/Core/Shared/Clients using Guid(71938c5983b844220988ffeb611b6e63) Importer(2089858483,b0f066a214c2f5e87bad3c948f4d605d) (ScriptedImporter) -> (artifact id: 'dbe8d0834f08ddfed865442388c82592') in 0.0125375 seconds
Number of updated asset objects reloaded before import = 0Number of asset objects unloaded after import = 1

========================================================================
Received Import Request.
  Time since last request: 0.000027 seconds.
  path: Packages/com.unity.microsoft.gdk/Runtime/Interop/XBL/Matchmaking
  artifactKey: Guid(49ada90410a34370ae497ce447fb1e20) Importer(2089858483,b0f066a214c2f5e87bad3c948f4d605d)
Start importing Packages/com.unity.microsoft.gdk/Runtime/Interop/XBL/Matchmaking using Guid(49ada90410a34370ae497ce447fb1e20) Importer(2089858483,b0f066a214c2f5e87bad3c948f4d605d) (ScriptedImporter) -> (artifact id: '31d801c3588ab791d1f41a3b563a6c59') in 0.0138185 seconds
Number of updated asset objects reloaded before import = 0Number of asset objects unloaded after import = 1

========================================================================
Received Import Request.
  Time since last request: 0.000048 seconds.
  path: Packages/com.unity.purchasing/Runtime/Purchasing/Stores/BaseStore/Interfaces/INativeStore.cs
  artifactKey: Guid(101dbe26d0a947eab93ccc173d0e955e) Importer(2089858483,b0f066a214c2f5e87bad3c948f4d605d)
Start importing Packages/com.unity.purchasing/Runtime/Purchasing/Stores/BaseStore/Interfaces/INativeStore.cs using Guid(101dbe26d0a947eab93ccc173d0e955e) Importer(2089858483,b0f066a214c2f5e87bad3c948f4d605d) (ScriptedImporter) -> (artifact id: '8668ba0cc21c52372b23886f9ad85c60') in 0.0139774 seconds
Number of updated asset objects reloaded before import = 0Number of asset objects unloaded after import = 0

========================================================================
Received Import Request.
  Time since last request: 0.000100 seconds.
  path: Packages/com.unity.purchasing/Plugins/UnityPurchasing/iOS/UnityEarlyTransactionObserver.h
  artifactKey: Guid(ca838f4bb82c84e22b8e1946bc63cc5d) Importer(2089858483,b0f066a214c2f5e87bad3c948f4d605d)
Start importing Packages/com.unity.purchasing/Plugins/UnityPurchasing/iOS/UnityEarlyTransactionObserver.h using Guid(ca838f4bb82c84e22b8e1946bc63cc5d) Importer(2089858483,b0f066a214c2f5e87bad3c948f4d605d) (ScriptedImporter) -> (artifact id: '9e2d12c78ad3cdb51fc838f5ed26b6be') in 0.0142695 seconds
Number of updated asset objects reloaded before import = 0Number of asset objects unloaded after import = 0

========================================================================
Received Import Request.
  Time since last request: 0.000024 seconds.
  path: Packages/com.unity.purchasing/Runtime/AppleMacosStub
  artifactKey: Guid(ccde0275b3ce3844d8aee2d4f0b075bf) Importer(2089858483,b0f066a214c2f5e87bad3c948f4d605d)
Start importing Packages/com.unity.purchasing/Runtime/AppleMacosStub using Guid(ccde0275b3ce3844d8aee2d4f0b075bf) Importer(2089858483,b0f066a214c2f5e87bad3c948f4d605d) (ScriptedImporter) -> (artifact id: '1feedaec4e58ce83540aaaefef5863e6') in 0.0117577 seconds
Number of updated asset objects reloaded before import = 0Number of asset objects unloaded after import = 1

========================================================================
Received Import Request.
  Time since last request: 0.000020 seconds.
  path: Packages/com.unity.purchasing/Runtime/Purchasing/PaymentOption/PaymentBrandRegistry.cs
  artifactKey: Guid(ac248d0ab8542b4468a260c0195b329c) Importer(2089858483,b0f066a214c2f5e87bad3c948f4d605d)
Start importing Packages/com.unity.purchasing/Runtime/Purchasing/PaymentOption/PaymentBrandRegistry.cs using Guid(ac248d0ab8542b4468a260c0195b329c) Importer(2089858483,b0f066a214c2f5e87bad3c948f4d605d) (ScriptedImporter) -> (artifact id: '1e4871d6e242e70a0266a92b30e6f0e2') in 0.0163891 seconds
Number of updated asset objects reloaded before import = 0Number of asset objects unloaded after import = 0

========================================================================
Received Import Request.
  Time since last request: 0.000045 seconds.
  path: Packages/com.unity.services.deployment/Editor/Analytics/AnalyticProvider.cs
  artifactKey: Guid(bad495c7b1c34041bd28aaabf6970050) Importer(2089858483,b0f066a214c2f5e87bad3c948f4d605d)
Start importing Packages/com.unity.services.deployment/Editor/Analytics/AnalyticProvider.cs using Guid(bad495c7b1c34041bd28aaabf6970050) Importer(2089858483,b0f066a214c2f5e87bad3c948f4d605d) (ScriptedImporter) -> (artifact id: 'd163643317b7100218fc5fd106db97f2') in 0.0113299 seconds
Number of updated asset objects reloaded before import = 0Number of asset objects unloaded after import = 0

========================================================================
Received Import Request.
  Time since last request: 0.000065 seconds.
  path: Packages/com.unity.services.deployment/Editor/Interface/UI/Components
  artifactKey: Guid(c2a7ced45f4e2419ab28c8b0a1327c44) Importer(2089858483,b0f066a214c2f5e87bad3c948f4d605d)
Start importing Packages/com.unity.services.deployment/Editor/Interface/UI/Components using Guid(c2a7ced45f4e2419ab28c8b0a1327c44) Importer(2089858483,b0f066a214c2f5e87bad3c948f4d605d) (ScriptedImporter) -> (artifact id: 'fba54092cfc202f44439e48a13d03c62') in 0.0134425 seconds
Number of updated asset objects reloaded before import = 0Number of asset objects unloaded after import = 1

========================================================================
Received Import Request.
  Time since last request: 0.000031 seconds.
  path: Packages/com.unity.services.core/Runtime/Telemetry/Metrics/DisabledMetrics.cs
  artifactKey: Guid(3acf2a208165fee48a9a8604d2ab412a) Importer(2089858483,b0f066a214c2f5e87bad3c948f4d605d)
Start importing Packages/com.unity.services.core/Runtime/Telemetry/Metrics/DisabledMetrics.cs using Guid(3acf2a208165fee48a9a8604d2ab412a) Importer(2089858483,b0f066a214c2f5e87bad3c948f4d605d) (ScriptedImporter) -> (artifact id: '38e7e6be4287d2dadbdfb43dc855222d') in 0.0115979 seconds
Number of updated asset objects reloaded before import = 0Number of asset objects unloaded after import = 0

========================================================================
Received Import Request.
  Time since last request: 0.000036 seconds.
  path: Packages/com.unity.purchasing/Editor/Authoring/Deployment/RoutingOpenDashboardCommand.cs
  artifactKey: Guid(cd93e5f738e54f2da39ece1e06ff950d) Importer(2089858483,b0f066a214c2f5e87bad3c948f4d605d)
Start importing Packages/com.unity.purchasing/Editor/Authoring/Deployment/RoutingOpenDashboardCommand.cs using Guid(cd93e5f738e54f2da39ece1e06ff950d) Importer(2089858483,b0f066a214c2f5e87bad3c948f4d605d) (ScriptedImporter) -> (artifact id: '2fddeb0087be4cdc6f26b96ef548582d') in 0.0249555 seconds
Number of updated asset objects reloaded before import = 0Number of asset objects unloaded after import = 0

========================================================================
Received Import Request.
  Time since last request: 0.000038 seconds.
  path: Packages/com.unity.purchasing/Editor/ServiceProjectSettings/UI/StyleSheets/PlatformSupportVisualDark.uss
  artifactKey: Guid(85d7db48c22668e488e23d32d62dc375) Importer(2089858483,b0f066a214c2f5e87bad3c948f4d605d)
Start importing Packages/com.unity.purchasing/Editor/ServiceProjectSettings/UI/StyleSheets/PlatformSupportVisualDark.uss using Guid(85d7db48c22668e488e23d32d62dc375) Importer(2089858483,b0f066a214c2f5e87bad3c948f4d605d) (ScriptedImporter) -> (artifact id: '233587df1ecaacb90989dec69416fcd0') in 0.020146 seconds
Number of updated asset objects reloaded before import = 0Number of asset objects unloaded after import = 1

========================================================================
Received Import Request.
  Time since last request: 0.000028 seconds.
  path: Packages/com.unity.services.deployment.api/Editor/DeploymentWindowApi/IDeploymentHandler.cs
  artifactKey: Guid(229e5a8b419e4572b1bc71e9eb5f27eb) Importer(2089858483,b0f066a214c2f5e87bad3c948f4d605d)
Start importing Packages/com.unity.services.deployment.api/Editor/DeploymentWindowApi/IDeploymentHandler.cs using Guid(229e5a8b419e4572b1bc71e9eb5f27eb) Importer(2089858483,b0f066a214c2f5e87bad3c948f4d605d) (ScriptedImporter) -> (artifact id: '46d6e447ff5ca9dc4a4b03dadb54676a') in 0.0122314 seconds
Number of updated asset objects reloaded before import = 0Number of asset objects unloaded after import = 0

========================================================================
Received Import Request.
  Time since last request: 0.000034 seconds.
  path: Packages/com.unity.purchasing/Runtime/Utilities/TransactionHistory/TransactionLog.cs
  artifactKey: Guid(88035523492c438caeffc0cc452c5301) Importer(2089858483,b0f066a214c2f5e87bad3c948f4d605d)
Start importing Packages/com.unity.purchasing/Runtime/Utilities/TransactionHistory/TransactionLog.cs using Guid(88035523492c438caeffc0cc452c5301) Importer(2089858483,b0f066a214c2f5e87bad3c948f4d605d) (ScriptedImporter) -> (artifact id: 'e3720485cfe653d754a13b38c807eab4') in 0.0125633 seconds
Number of updated asset objects reloaded before import = 0Number of asset objects unloaded after import = 0

========================================================================
Received Import Request.
  Time since last request: 0.000074 seconds.
  path: Packages/com.unity.services.deployment.api/Editor/DeploymentWindowApi/IFetchHandler.cs
  artifactKey: Guid(64308261a32f4ede9e85b57a0fabb78a) Importer(2089858483,b0f066a214c2f5e87bad3c948f4d605d)
Start importing Packages/com.unity.services.deployment.api/Editor/DeploymentWindowApi/IFetchHandler.cs using Guid(64308261a32f4ede9e85b57a0fabb78a) Importer(2089858483,b0f066a214c2f5e87bad3c948f4d605d) (ScriptedImporter) -> (artifact id: '527e95648a34581f32d64f1088414174') in 0.0123617 seconds
Number of updated asset objects reloaded before import = 0Number of asset objects unloaded after import = 0

========================================================================
Received Import Request.
  Time since last request: 0.000042 seconds.
  path: Packages/com.unity.services.analytics/Runtime/Events/Transaction/TransactionEvent.cs
  artifactKey: Guid(8c4dd214f21d5e84cb9f6460ae8169c1) Importer(2089858483,b0f066a214c2f5e87bad3c948f4d605d)
Start importing Packages/com.unity.services.analytics/Runtime/Events/Transaction/TransactionEvent.cs using Guid(8c4dd214f21d5e84cb9f6460ae8169c1) Importer(2089858483,b0f066a214c2f5e87bad3c948f4d605d) (ScriptedImporter) -> (artifact id: 'd7ad8206f6661d3345a3b0987f711b9d') in 0.0122224 seconds
Number of updated asset objects reloaded before import = 0Number of asset objects unloaded after import = 0

========================================================================
Received Import Request.
  Time since last request: 0.000069 seconds.
  path: Assets/Resources/BillingMode.json
  artifactKey: Guid(7bf4d5df18861f14fa3401a1afc514c7) Importer(2089858483,b0f066a214c2f5e87bad3c948f4d605d)
Start importing Assets/Resources/BillingMode.json using Guid(7bf4d5df18861f14fa3401a1afc514c7) Importer(2089858483,b0f066a214c2f5e87bad3c948f4d605d) (ScriptedImporter) -> (artifact id: 'd03fb0776e98bea5bdd3be32f638c37a') in 0.0139516 seconds
Number of updated asset objects reloaded before import = 0Number of asset objects unloaded after import = 1

========================================================================
Received Import Request.
  Time since last request: 0.000017 seconds.
  path: Packages/com.unity.xr.legacyinputhelpers/Editor/SeedXRInputBindings
  artifactKey: Guid(b9305ba4c18ed014ca21b12059ff734a) Importer(2089858483,b0f066a214c2f5e87bad3c948f4d605d)
Start importing Packages/com.unity.xr.legacyinputhelpers/Editor/SeedXRInputBindings using Guid(b9305ba4c18ed014ca21b12059ff734a) Importer(2089858483,b0f066a214c2f5e87bad3c948f4d605d) (ScriptedImporter) -> (artifact id: '8447385b5fd101dc279c3c4543736c38') in 0.0134685 seconds
Number of updated asset objects reloaded before import = 0Number of asset objects unloaded after import = 1

========================================================================
Received Import Request.
  Time since last request: 0.000052 seconds.
  path: Packages/com.unity.purchasing/Editor/Authoring/Core/Validations/DuplicateResourceValidation.cs
  artifactKey: Guid(a5ca2c32167d5b94ea9d34a6862d1707) Importer(2089858483,b0f066a214c2f5e87bad3c948f4d605d)
Start importing Packages/com.unity.purchasing/Editor/Authoring/Core/Validations/DuplicateResourceValidation.cs using Guid(a5ca2c32167d5b94ea9d34a6862d1707) Importer(2089858483,b0f066a214c2f5e87bad3c948f4d605d) (ScriptedImporter) -> (artifact id: 'b697ac07ab64e5460aa463d8593faf70') in 0.0243109 seconds
Number of updated asset objects reloaded before import = 0Number of asset objects unloaded after import = 0

========================================================================
Received Import Request.
  Time since last request: 0.000040 seconds.
  path: Packages/com.unity.services.core/Editor/Core/Environments/Client/Http/ResponseHandler.cs
  artifactKey: Guid(4c736f93ef06a426e92c0e72ceb077f9) Importer(2089858483,b0f066a214c2f5e87bad3c948f4d605d)
Start importing Packages/com.unity.services.core/Editor/Core/Environments/Client/Http/ResponseHandler.cs using Guid(4c736f93ef06a426e92c0e72ceb077f9) Importer(2089858483,b0f066a214c2f5e87bad3c948f4d605d) (ScriptedImporter) -> (artifact id: 'c3d4fc1e5d2ab0d42847987f035577fb') in 0.0113267 seconds
Number of updated asset objects reloaded before import = 0Number of asset objects unloaded after import = 0

========================================================================
Received Import Request.
  Time since last request: 0.000064 seconds.
  path: Packages/com.unity.purchasing/Runtime/Purchasing/Core/Exceptions/IapException.cs
  artifactKey: Guid(88f9dec5d470423dbc6a2ff3e17cb0a0) Importer(2089858483,b0f066a214c2f5e87bad3c948f4d605d)
Start importing Packages/com.unity.purchasing/Runtime/Purchasing/Core/Exceptions/IapException.cs using Guid(88f9dec5d470423dbc6a2ff3e17cb0a0) Importer(2089858483,b0f066a214c2f5e87bad3c948f4d605d) (ScriptedImporter) -> (artifact id: '0dfbd018a17010935f82ce7a38a3ce3b') in 0.0113 seconds
Number of updated asset objects reloaded before import = 0Number of asset objects unloaded after import = 0

========================================================================
Received Import Request.
  Time since last request: 2.595708 seconds.
  path: Packages/com.unity.microsoft.gdk/Runtime/Interop/XBL/TitleManagedStats
  artifactKey: Guid(89df375d06964ccf970e08b7a5f4a8f1) Importer(2089858483,b0f066a214c2f5e87bad3c948f4d605d)
Start importing Packages/com.unity.microsoft.gdk/Runtime/Interop/XBL/TitleManagedStats using Guid(89df375d06964ccf970e08b7a5f4a8f1) Importer(2089858483,b0f066a214c2f5e87bad3c948f4d605d) (ScriptedImporter) -> (artifact id: '7e2871cba380e4aa9904548210c17414') in 0.0122716 seconds
Number of updated asset objects reloaded before import = 0Number of asset objects unloaded after import = 1

========================================================================
Received Import Request.
  Time since last request: 0.000030 seconds.
  path: Packages/com.unity.services.core/Editor/Core/Shared/UI
  artifactKey: Guid(b4fc3055cf6dc4fafbc6b9127838f447) Importer(2089858483,b0f066a214c2f5e87bad3c948f4d605d)
Start importing Packages/com.unity.services.core/Editor/Core/Shared/UI using Guid(b4fc3055cf6dc4fafbc6b9127838f447) Importer(2089858483,b0f066a214c2f5e87bad3c948f4d605d) (ScriptedImporter) -> (artifact id: '4b54dedf5c03185ca28154eabe54b1a2') in 0.012298 seconds
Number of updated asset objects reloaded before import = 0Number of asset objects unloaded after import = 1

========================================================================
Received Import Request.
  Time since last request: 0.000020 seconds.
  path: Packages/com.unity.microsoft.gdk/Runtime/Interop/XGameSaveFilesInterop.cs
  artifactKey: Guid(3f93b6757e3a45f478b4628f6aa0825a) Importer(2089858483,b0f066a214c2f5e87bad3c948f4d605d)
Start importing Packages/com.unity.microsoft.gdk/Runtime/Interop/XGameSaveFilesInterop.cs using Guid(3f93b6757e3a45f478b4628f6aa0825a) Importer(2089858483,b0f066a214c2f5e87bad3c948f4d605d) (ScriptedImporter) -> (artifact id: 'fb02c6cb56d996d7f3936d1a0e63cfe7') in 0.0109281 seconds
Number of updated asset objects reloaded before import = 0Number of asset objects unloaded after import = 0

========================================================================
Received Import Request.
  Time since last request: 0.000042 seconds.
  path: Packages/com.unity.microsoft.gdk/Runtime/Interop/XBL
  artifactKey: Guid(88b4407a57bc4622aa6901450e9a1a5a) Importer(2089858483,b0f066a214c2f5e87bad3c948f4d605d)
Start importing Packages/com.unity.microsoft.gdk/Runtime/Interop/XBL using Guid(88b4407a57bc4622aa6901450e9a1a5a) Importer(2089858483,b0f066a214c2f5e87bad3c948f4d605d) (ScriptedImporter) -> (artifact id: '7e8a4f60a830ad009b8155a7e4e41db0') in 0.0110287 seconds
Number of updated asset objects reloaded before import = 0Number of asset objects unloaded after import = 1

========================================================================
Received Import Request.
  Time since last request: 0.000055 seconds.
  path: Packages/com.unity.purchasing/Runtime/Stores/PaymentProvider/CurrencyFormatters/DotNetCurrencyFormatter.cs
  artifactKey: Guid(cc3acb9420d8f4a78bfded3f39ca9529) Importer(2089858483,b0f066a214c2f5e87bad3c948f4d605d)
Start importing Packages/com.unity.purchasing/Runtime/Stores/PaymentProvider/CurrencyFormatters/DotNetCurrencyFormatter.cs using Guid(cc3acb9420d8f4a78bfded3f39ca9529) Importer(2089858483,b0f066a214c2f5e87bad3c948f4d605d) (ScriptedImporter) -> (artifact id: 'b5780e16274af0554fb46aff39148910') in 0.014466 seconds
Number of updated asset objects reloaded before import = 0Number of asset objects unloaded after import = 0

========================================================================
Received Import Request.
  Time since last request: 0.000027 seconds.
  path: Packages/com.unity.purchasing/Runtime/Purchasing/IDs.cs
  artifactKey: Guid(0bb1add4860b48a59a781faac9fc534f) Importer(2089858483,b0f066a214c2f5e87bad3c948f4d605d)
Start importing Packages/com.unity.purchasing/Runtime/Purchasing/IDs.cs using Guid(0bb1add4860b48a59a781faac9fc534f) Importer(2089858483,b0f066a214c2f5e87bad3c948f4d605d) (ScriptedImporter) -> (artifact id: '62d77782983f9392c99c0e79d5697fa2') in 0.0118873 seconds
Number of updated asset objects reloaded before import = 0Number of asset objects unloaded after import = 0

========================================================================
Received Import Request.
  Time since last request: 0.000157 seconds.
  path: Packages/com.unity.services.deployment.api/Editor/DeploymentWindowApi/ITypedItem.cs
  artifactKey: Guid(2d3bf333d2294d37ae204d548225f117) Importer(2089858483,b0f066a214c2f5e87bad3c948f4d605d)
Start importing Packages/com.unity.services.deployment.api/Editor/DeploymentWindowApi/ITypedItem.cs using Guid(2d3bf333d2294d37ae204d548225f117) Importer(2089858483,b0f066a214c2f5e87bad3c948f4d605d) (ScriptedImporter) -> (artifact id: '1cb555fc0bb34f0f5ee545d0940295ad') in 0.013891 seconds
Number of updated asset objects reloaded before import = 0Number of asset objects unloaded after import = 0

========================================================================
Received Import Request.
  Time since last request: 0.000022 seconds.
  path: Packages/com.unity.analytics/Tests/Editor/LevelCompleteTests.cs
  artifactKey: Guid(fa4ff09b6aaaa4df29a884efa38bce56) Importer(2089858483,b0f066a214c2f5e87bad3c948f4d605d)
Start importing Packages/com.unity.analytics/Tests/Editor/LevelCompleteTests.cs using Guid(fa4ff09b6aaaa4df29a884efa38bce56) Importer(2089858483,b0f066a214c2f5e87bad3c948f4d605d) (ScriptedImporter) -> (artifact id: '610ac048669cff5a88970b63b835007e') in 0.0123054 seconds
Number of updated asset objects reloaded before import = 0Number of asset objects unloaded after import = 0

========================================================================
Received Import Request.
  Time since last request: 0.000150 seconds.
  path: Packages/com.unity.purchasing/Editor/Analytics/PackageKey/NonGameServicesAnalyticsPackageKeyHolder.cs
  artifactKey: Guid(0d87575612494774bad9780039951764) Importer(2089858483,b0f066a214c2f5e87bad3c948f4d605d)
Start importing Packages/com.unity.purchasing/Editor/Analytics/PackageKey/NonGameServicesAnalyticsPackageKeyHolder.cs using Guid(0d87575612494774bad9780039951764) Importer(2089858483,b0f066a214c2f5e87bad3c948f4d605d) (ScriptedImporter) -> (artifact id: '71aa4331048f274a699ce5eae95d57aa') in 0.0119881 seconds
Number of updated asset objects reloaded before import = 0Number of asset objects unloaded after import = 0

========================================================================
Received Import Request.
  Time since last request: 0.000060 seconds.
  path: Packages/com.unity.services.core/Runtime/Core.Internal/Registry/ServiceRegistry
  artifactKey: Guid(6a81e6633d789fa42b32b038d0b9048d) Importer(2089858483,b0f066a214c2f5e87bad3c948f4d605d)
Start importing Packages/com.unity.services.core/Runtime/Core.Internal/Registry/ServiceRegistry using Guid(6a81e6633d789fa42b32b038d0b9048d) Importer(2089858483,b0f066a214c2f5e87bad3c948f4d605d) (ScriptedImporter) -> (artifact id: '932c583f89055e552500aa7ef602229d') in 0.0253132 seconds
Number of updated asset objects reloaded before import = 0Number of asset objects unloaded after import = 1

========================================================================
Received Import Request.
  Time since last request: 0.000020 seconds.
  path: Packages/com.unity.purchasing/Editor/Authoring/LiveContentAdminApi/Client/Model/ConfigBatchCreateResponse.cs
  artifactKey: Guid(8fb699f9e1554f37927037f7b103e805) Importer(2089858483,b0f066a214c2f5e87bad3c948f4d605d)
Start importing Packages/com.unity.purchasing/Editor/Authoring/LiveContentAdminApi/Client/Model/ConfigBatchCreateResponse.cs using Guid(8fb699f9e1554f37927037f7b103e805) Importer(2089858483,b0f066a214c2f5e87bad3c948f4d605d) (ScriptedImporter) -> (artifact id: 'da2b30ec99daa0621bfa056915b17fde') in 0.011958 seconds
Number of updated asset objects reloaded before import = 0Number of asset objects unloaded after import = 0

========================================================================
Received Import Request.
  Time since last request: 0.000037 seconds.
  path: Packages/com.unity.purchasing/Runtime/UnityWebshops/configuration.yaml
  artifactKey: Guid(aafa97950f5644a2913d820721acffc0) Importer(2089858483,b0f066a214c2f5e87bad3c948f4d605d)
Start importing Packages/com.unity.purchasing/Runtime/UnityWebshops/configuration.yaml using Guid(aafa97950f5644a2913d820721acffc0) Importer(2089858483,b0f066a214c2f5e87bad3c948f4d605d) (ScriptedImporter) -> (artifact id: 'ff8b4778195884bb7402c7c130b1b50c') in 0.0106964 seconds
Number of updated asset objects reloaded before import = 0Number of asset objects unloaded after import = 1

========================================================================
Received Import Request.
  Time since last request: 0.000021 seconds.
  path: Packages/com.unity.purchasing/Runtime/Purchasing/Extension/SimpleCatalogProvider.cs
  artifactKey: Guid(684b87680a3c4d34adb49982d899e9ed) Importer(2089858483,b0f066a214c2f5e87bad3c948f4d605d)
Start importing Packages/com.unity.purchasing/Runtime/Purchasing/Extension/SimpleCatalogProvider.cs using Guid(684b87680a3c4d34adb49982d899e9ed) Importer(2089858483,b0f066a214c2f5e87bad3c948f4d605d) (ScriptedImporter) -> (artifact id: 'a00f8bed21f3787cd228b298cebad3b4') in 0.0123915 seconds
Number of updated asset objects reloaded before import = 0Number of asset objects unloaded after import = 0

========================================================================
Received Import Request.
  Time since last request: 0.000064 seconds.
  path: Packages/com.unity.purchasing/Runtime/Purchasing/Core/Product/AppleAppStore/Extensions/UseCases/Interfaces/ISetStorePromotionOrderUseCase.cs
  artifactKey: Guid(b3e624af96fa4e2cb3a336f31becd644) Importer(2089858483,b0f066a214c2f5e87bad3c948f4d605d)
Start importing Packages/com.unity.purchasing/Runtime/Purchasing/Core/Product/AppleAppStore/Extensions/UseCases/Interfaces/ISetStorePromotionOrderUseCase.cs using Guid(b3e624af96fa4e2cb3a336f31becd644) Importer(2089858483,b0f066a214c2f5e87bad3c948f4d605d) (ScriptedImporter) -> (artifact id: 'e56c02cbdb53bb474d647dd263e4c69a') in 0.0116498 seconds
Number of updated asset objects reloaded before import = 0Number of asset objects unloaded after import = 0

========================================================================
Received Import Request.
  Time since last request: 0.000048 seconds.
  path: Packages/com.unity.microsoft.gdk/Runtime/XBL/Multiplayer/XblMultiplayerSessionMember.cs
  artifactKey: Guid(7c61c9a67344d014faa2d95319c55e6c) Importer(2089858483,b0f066a214c2f5e87bad3c948f4d605d)
Start importing Packages/com.unity.microsoft.gdk/Runtime/XBL/Multiplayer/XblMultiplayerSessionMember.cs using Guid(7c61c9a67344d014faa2d95319c55e6c) Importer(2089858483,b0f066a214c2f5e87bad3c948f4d605d) (ScriptedImporter) -> (artifact id: '25e40013b0981a7351a1cf15848486d3') in 0.0126069 seconds
Number of updated asset objects reloaded before import = 0Number of asset objects unloaded after import = 0

========================================================================
Received Import Request.
  Time since last request: 0.000075 seconds.
  path: Packages/com.unity.purchasing/Runtime/TransactionVerifier/Client/Models/GooglePurchaseState.cs
  artifactKey: Guid(3f2fc0f1506f549e89e5ecd082c734a3) Importer(2089858483,b0f066a214c2f5e87bad3c948f4d605d)
Start importing Packages/com.unity.purchasing/Runtime/TransactionVerifier/Client/Models/GooglePurchaseState.cs using Guid(3f2fc0f1506f549e89e5ecd082c734a3) Importer(2089858483,b0f066a214c2f5e87bad3c948f4d605d) (ScriptedImporter) -> (artifact id: '9e543f0982af9359d70a977f506ce711') in 0.0118574 seconds
Number of updated asset objects reloaded before import = 0Number of asset objects unloaded after import = 0

========================================================================
Received Import Request.
  Time since last request: 0.000247 seconds.
  path: Packages/com.unity.services.deployment/Editor/Constants.cs
  artifactKey: Guid(3c568010afb114e5fb17cce643c08287) Importer(2089858483,b0f066a214c2f5e87bad3c948f4d605d)
Start importing Packages/com.unity.services.deployment/Editor/Constants.cs using Guid(3c568010afb114e5fb17cce643c08287) Importer(2089858483,b0f066a214c2f5e87bad3c948f4d605d) (ScriptedImporter) -> (artifact id: '8cfd83ec8fa50d132bfde55ef2e38ac4') in 0.0115012 seconds
Number of updated asset objects reloaded before import = 0Number of asset objects unloaded after import = 0

========================================================================
Received Import Request.
  Time since last request: 0.000068 seconds.
  path: Packages/com.unity.purchasing/Editor/Authoring/LiveContentAdminApi/Client/Model/SortByAsset.cs
  artifactKey: Guid(4125594a455bf4a6aa384474bf5dfb68) Importer(2089858483,b0f066a214c2f5e87bad3c948f4d605d)
Start importing Packages/com.unity.purchasing/Editor/Authoring/LiveContentAdminApi/Client/Model/SortByAsset.cs using Guid(4125594a455bf4a6aa384474bf5dfb68) Importer(2089858483,b0f066a214c2f5e87bad3c948f4d605d) (ScriptedImporter) -> (artifact id: '6d3f4325a7cb7a7014b9db42fba2bf8b') in 0.0142355 seconds
Number of updated asset objects reloaded before import = 0Number of asset objects unloaded after import = 0

========================================================================
Received Import Request.
  Time since last request: 0.000026 seconds.
  path: Packages/com.unity.services.deployment/Editor/Interface/UI/Inspector/DeploymentItemsLookup.cs
  artifactKey: Guid(9666617c442c4f398ba55517e68f7e18) Importer(2089858483,b0f066a214c2f5e87bad3c948f4d605d)
Start importing Packages/com.unity.services.deployment/Editor/Interface/UI/Inspector/DeploymentItemsLookup.cs using Guid(9666617c442c4f398ba55517e68f7e18) Importer(2089858483,b0f066a214c2f5e87bad3c948f4d605d) (ScriptedImporter) -> (artifact id: '4030b56ccbc949f3665889bfb4e90d02') in 0.0154277 seconds
Number of updated asset objects reloaded before import = 0Number of asset objects unloaded after import = 0

========================================================================
Received Import Request.
  Time since last request: 0.000024 seconds.
  path: Packages/com.unity.microsoft.gdk/Runtime/XAccessibility.cs
  artifactKey: Guid(3f07dc1ca3734db439878201716d81ef) Importer(2089858483,b0f066a214c2f5e87bad3c948f4d605d)
Start importing Packages/com.unity.microsoft.gdk/Runtime/XAccessibility.cs using Guid(3f07dc1ca3734db439878201716d81ef) Importer(2089858483,b0f066a214c2f5e87bad3c948f4d605d) (ScriptedImporter) -> (artifact id: '4bf7eaa9140eb9ff94af554c21590e2c') in 0.0125048 seconds
Number of updated asset objects reloaded before import = 0Number of asset objects unloaded after import = 0

========================================================================
Received Import Request.
  Time since last request: 0.000056 seconds.
  path: Packages/com.unity.purchasing/Editor/ServiceProjectSettings/UI/Views/IMGUIContainerPopupAdapter.cs
  artifactKey: Guid(59ac86b2b70cf4327a7890ee6cf7331e) Importer(2089858483,b0f066a214c2f5e87bad3c948f4d605d)
Start importing Packages/com.unity.purchasing/Editor/ServiceProjectSettings/UI/Views/IMGUIContainerPopupAdapter.cs using Guid(59ac86b2b70cf4327a7890ee6cf7331e) Importer(2089858483,b0f066a214c2f5e87bad3c948f4d605d) (ScriptedImporter) -> (artifact id: 'be18fecddeb8435de69dfe20ea3fc03c') in 0.011849 seconds
Number of updated asset objects reloaded before import = 0Number of asset objects unloaded after import = 0

========================================================================
Received Import Request.
  Time since last request: 0.000088 seconds.
  path: Packages/com.unity.purchasing/Plugins/UnityPurchasing/iOS/SK2/Models/JWSTransactionDecodedPayload.swift
  artifactKey: Guid(135aeaa54fefc4cd5b7895fd36eb10c0) Importer(2089858483,b0f066a214c2f5e87bad3c948f4d605d)
Start importing Packages/com.unity.purchasing/Plugins/UnityPurchasing/iOS/SK2/Models/JWSTransactionDecodedPayload.swift using Guid(135aeaa54fefc4cd5b7895fd36eb10c0) Importer(2089858483,b0f066a214c2f5e87bad3c948f4d605d) (ScriptedImporter) -> (artifact id: '0d00232fd10125ef7ff537ab782524b5') in 0.0134716 seconds
Number of updated asset objects reloaded before import = 0Number of asset objects unloaded after import = 0

========================================================================
Received Import Request.
  Time since last request: 0.000055 seconds.
  path: Packages/com.unity.microsoft.gdk/Runtime/XBL/Matchmaking/XblHopperStatisticsResponse.cs
  artifactKey: Guid(2681c1e7ae3e4864b0ed4868d2dd028c) Importer(2089858483,b0f066a214c2f5e87bad3c948f4d605d)
Start importing Packages/com.unity.microsoft.gdk/Runtime/XBL/Matchmaking/XblHopperStatisticsResponse.cs using Guid(2681c1e7ae3e4864b0ed4868d2dd028c) Importer(2089858483,b0f066a214c2f5e87bad3c948f4d605d) (ScriptedImporter) -> (artifact id: '8b577c88702ecabed8325ea701dd6613') in 0.0120638 seconds
Number of updated asset objects reloaded before import = 0Number of asset objects unloaded after import = 0

========================================================================
Received Import Request.
  Time since last request: 0.000076 seconds.
  path: Packages/com.unity.services.core/Editor/Core/Linker/Models/XmlLinkedType.cs
  artifactKey: Guid(720ae44e2f11402e9343b0751a56a03a) Importer(2089858483,b0f066a214c2f5e87bad3c948f4d605d)
Start importing Packages/com.unity.services.core/Editor/Core/Linker/Models/XmlLinkedType.cs using Guid(720ae44e2f11402e9343b0751a56a03a) Importer(2089858483,b0f066a214c2f5e87bad3c948f4d605d) (ScriptedImporter) -> (artifact id: '88f6bb6a803b84d7f01dcb9e5d2e77b1') in 0.0111351 seconds
Number of updated asset objects reloaded before import = 0Number of asset objects unloaded after import = 0

========================================================================
Received Import Request.
  Time since last request: 0.000047 seconds.
  path: Packages/com.unity.purchasing/Runtime/UnityLiveContentAdapter/Client/Http
  artifactKey: Guid(fdb8b4a66ab1842539d996603d56d929) Importer(2089858483,b0f066a214c2f5e87bad3c948f4d605d)
Start importing Packages/com.unity.purchasing/Runtime/UnityLiveContentAdapter/Client/Http using Guid(fdb8b4a66ab1842539d996603d56d929) Importer(2089858483,b0f066a214c2f5e87bad3c948f4d605d) (ScriptedImporter) -> (artifact id: '6a076b70101ec80102b02702631a9126') in 0.0131293 seconds
Number of updated asset objects reloaded before import = 0Number of asset objects unloaded after import = 1

========================================================================
Received Import Request.
  Time since last request: 0.000017 seconds.
  path: Packages/com.unity.purchasing/Runtime/Purchasing/CoreServices/Interfaces/Environment/ICoreServicesEnvironmentObserver.cs
  artifactKey: Guid(4d4c8ad5da2c0d4418c231c798cdf274) Importer(2089858483,b0f066a214c2f5e87bad3c948f4d605d)
Start importing Packages/com.unity.purchasing/Runtime/Purchasing/CoreServices/Interfaces/Environment/ICoreServicesEnvironmentObserver.cs using Guid(4d4c8ad5da2c0d4418c231c798cdf274) Importer(2089858483,b0f066a214c2f5e87bad3c948f4d605d) (ScriptedImporter) -> (artifact id: '65e1a5c8cd9e4f6f727b3d7b163aa3ef') in 0.0121103 seconds
Number of updated asset objects reloaded before import = 0Number of asset objects unloaded after import = 0

========================================================================
Received Import Request.
  Time since last request: 0.000045 seconds.
  path: Packages/com.unity.purchasing/Runtime/Purchasing/Telemetry/Metrics/Interfaces
  artifactKey: Guid(738fadef27b946418f067db7de94dfa0) Importer(2089858483,b0f066a214c2f5e87bad3c948f4d605d)
Start importing Packages/com.unity.purchasing/Runtime/Purchasing/Telemetry/Metrics/Interfaces using Guid(738fadef27b946418f067db7de94dfa0) Importer(2089858483,b0f066a214c2f5e87bad3c948f4d605d) (ScriptedImporter) -> (artifact id: '338fd3f79c55fddd3f5438aaf7b00132') in 0.0134635 seconds
Number of updated asset objects reloaded before import = 0Number of asset objects unloaded after import = 1

========================================================================
Received Import Request.
  Time since last request: 0.000025 seconds.
  path: Packages/com.unity.purchasing/Plugins/UnityPurchasing/iOS/SK2/Extensions/PeriodUnitExtensions.swift
  artifactKey: Guid(07e909c69d105457e94c00112972ae98) Importer(2089858483,b0f066a214c2f5e87bad3c948f4d605d)
Start importing Packages/com.unity.purchasing/Plugins/UnityPurchasing/iOS/SK2/Extensions/PeriodUnitExtensions.swift using Guid(07e909c69d105457e94c00112972ae98) Importer(2089858483,b0f066a214c2f5e87bad3c948f4d605d) (ScriptedImporter) -> (artifact id: '61beff3e10cd7fde1c59e33dd736011b') in 0.0124577 seconds
Number of updated asset objects reloaded before import = 0Number of asset objects unloaded after import = 0

========================================================================
Received Import Request.
  Time since last request: 0.000056 seconds.
  path: Packages/com.unity.purchasing/Runtime/Stores/PaymentProvider/CurrencyFormatters/AndroidCurrencyFormatter.cs
  artifactKey: Guid(5c2a4a39d0e7d4879b6a7f079054a7b3) Importer(2089858483,b0f066a214c2f5e87bad3c948f4d605d)
Start importing Packages/com.unity.purchasing/Runtime/Stores/PaymentProvider/CurrencyFormatters/AndroidCurrencyFormatter.cs using Guid(5c2a4a39d0e7d4879b6a7f079054a7b3) Importer(2089858483,b0f066a214c2f5e87bad3c948f4d605d) (ScriptedImporter) -> (artifact id: '4e774f7943f6234fc21fa1c46e9a8d45') in 0.0108767 seconds
Number of updated asset objects reloaded before import = 0Number of asset objects unloaded after import = 0

========================================================================
Received Import Request.
  Time since last request: 0.000074 seconds.
  path: Packages/com.unity.purchasing/Editor/Authoring/RoutingAdminApi/RoutingClient.cs
  artifactKey: Guid(8ee7a279630a5419084b2ed32fa469e9) Importer(2089858483,b0f066a214c2f5e87bad3c948f4d605d)
Start importing Packages/com.unity.purchasing/Editor/Authoring/RoutingAdminApi/RoutingClient.cs using Guid(8ee7a279630a5419084b2ed32fa469e9) Importer(2089858483,b0f066a214c2f5e87bad3c948f4d605d) (ScriptedImporter) -> (artifact id: '1df2ffca2a233257308b6c6cc2ad85be') in 0.0121184 seconds
Number of updated asset objects reloaded before import = 0Number of asset objects unloaded after import = 0

========================================================================
Received Import Request.
  Time since last request: 0.000082 seconds.
  path: Packages/com.unity.purchasing/Runtime/Purchasing/Core/Purchasing/AppleAppStore/AppleAppStoreCartValidator.cs
  artifactKey: Guid(0ab68fa530f441c2be61fa9d8f1f8f57) Importer(2089858483,b0f066a214c2f5e87bad3c948f4d605d)
Start importing Packages/com.unity.purchasing/Runtime/Purchasing/Core/Purchasing/AppleAppStore/AppleAppStoreCartValidator.cs using Guid(0ab68fa530f441c2be61fa9d8f1f8f57) Importer(2089858483,b0f066a214c2f5e87bad3c948f4d605d) (ScriptedImporter) -> (artifact id: '7d96ada790451f442294fe04c860accb') in 0.0126155 seconds
Number of updated asset objects reloaded before import = 0Number of asset objects unloaded after import = 0

========================================================================
Received Import Request.
  Time since last request: 0.000141 seconds.
  path: Packages/com.unity.microsoft.gdk/Runtime/XBL/Errors/XblHresult.cs
  artifactKey: Guid(a17c384c08b049d7af5a1705db072f91) Importer(2089858483,b0f066a214c2f5e87bad3c948f4d605d)
Start importing Packages/com.unity.microsoft.gdk/Runtime/XBL/Errors/XblHresult.cs using Guid(a17c384c08b049d7af5a1705db072f91) Importer(2089858483,b0f066a214c2f5e87bad3c948f4d605d) (ScriptedImporter) -> (artifact id: 'de54e2f556c8a40af9d050e155cbc7b0') in 0.0123447 seconds
Number of updated asset objects reloaded before import = 0Number of asset objects unloaded after import = 0

========================================================================
Received Import Request.
  Time since last request: 0.000046 seconds.
  path: Packages/com.unity.services.core/Editor/Core/Environments/Analytics/IAnalyticsSender.cs
  artifactKey: Guid(37deac60579a4d08a80966bd8fa977a2) Importer(2089858483,b0f066a214c2f5e87bad3c948f4d605d)
Start importing Packages/com.unity.services.core/Editor/Core/Environments/Analytics/IAnalyticsSender.cs using Guid(37deac60579a4d08a80966bd8fa977a2) Importer(2089858483,b0f066a214c2f5e87bad3c948f4d605d) (ScriptedImporter) -> (artifact id: '622d3a8eede513d0bd4e1d3244f007ca') in 0.0102152 seconds
Number of updated asset objects reloaded before import = 0Number of asset objects unloaded after import = 0

========================================================================
Received Import Request.
  Time since last request: 0.000082 seconds.
  path: Packages/com.unity.purchasing/Editor/Authoring/Import/Google/GoogleCatalogFetcherConfigDrawer.cs
  artifactKey: Guid(b8fa04a73c41413f8043fae620dd64cc) Importer(2089858483,b0f066a214c2f5e87bad3c948f4d605d)
Start importing Packages/com.unity.purchasing/Editor/Authoring/Import/Google/GoogleCatalogFetcherConfigDrawer.cs using Guid(b8fa04a73c41413f8043fae620dd64cc) Importer(2089858483,b0f066a214c2f5e87bad3c948f4d605d) (ScriptedImporter) -> (artifact id: 'fbdb5e49b5556317da63fd49aec72b80') in 0.0111003 seconds
Number of updated asset objects reloaded before import = 0Number of asset objects unloaded after import = 0

========================================================================
Received Import Request.
  Time since last request: 0.000056 seconds.
  path: Packages/com.unity.purchasing/Runtime/Stores/Core/Purchasing/PurchaseServiceFactory.cs
  artifactKey: Guid(42d8a4cd8b044611b49c2d6c77708f3a) Importer(2089858483,b0f066a214c2f5e87bad3c948f4d605d)
Start importing Packages/com.unity.purchasing/Runtime/Stores/Core/Purchasing/PurchaseServiceFactory.cs using Guid(42d8a4cd8b044611b49c2d6c77708f3a) Importer(2089858483,b0f066a214c2f5e87bad3c948f4d605d) (ScriptedImporter) -> (artifact id: '77e3e81b500ae61e2935df015b4f2887') in 0.0151311 seconds
Number of updated asset objects reloaded before import = 0Number of asset objects unloaded after import = 0

========================================================================
Received Import Request.
  Time since last request: 0.000066 seconds.
  path: Packages/com.unity.services.core/Editor/Core/Environments/Client/Models/UnityOrganizationWithAddressV1.cs
  artifactKey: Guid(ac3cb94abee9e4709a57fbf9c4ff10a9) Importer(2089858483,b0f066a214c2f5e87bad3c948f4d605d)
Start importing Packages/com.unity.services.core/Editor/Core/Environments/Client/Models/UnityOrganizationWithAddressV1.cs using Guid(ac3cb94abee9e4709a57fbf9c4ff10a9) Importer(2089858483,b0f066a214c2f5e87bad3c948f4d605d) (ScriptedImporter) -> (artifact id: 'bd853ae779a5945c631bf96234dcbafd') in 0.0108843 seconds
Number of updated asset objects reloaded before import = 0Number of asset objects unloaded after import = 0

========================================================================
Received Import Request.
  Time since last request: 0.000057 seconds.
  path: Packages/com.unity.purchasing/Runtime/Purchasing/Stores/AppleAppStore/Interfaces/IAppleAppReceiptViewer.cs
  artifactKey: Guid(e60198fe0bc44394287cd424092579fc) Importer(2089858483,b0f066a214c2f5e87bad3c948f4d605d)
Start importing Packages/com.unity.purchasing/Runtime/Purchasing/Stores/AppleAppStore/Interfaces/IAppleAppReceiptViewer.cs using Guid(e60198fe0bc44394287cd424092579fc) Importer(2089858483,b0f066a214c2f5e87bad3c948f4d605d) (ScriptedImporter) -> (artifact id: '96dcc4d00b01af94610376736cc170e5') in 0.0120135 seconds
Number of updated asset objects reloaded before import = 0Number of asset objects unloaded after import = 0

========================================================================
Received Import Request.
  Time since last request: 0.000019 seconds.
  path: Packages/com.unity.purchasing/Runtime/Purchasing/Extension/CatalogListings/CatalogListingClient.cs
  artifactKey: Guid(18664003a493d4b1aa2f92d10a70c83c) Importer(2089858483,b0f066a214c2f5e87bad3c948f4d605d)
Start importing Packages/com.unity.purchasing/Runtime/Purchasing/Extension/CatalogListings/CatalogListingClient.cs using Guid(18664003a493d4b1aa2f92d10a70c83c) Importer(2089858483,b0f066a214c2f5e87bad3c948f4d605d) (ScriptedImporter) -> (artifact id: 'ac5b07566be85ccba0ced3a171214ec2') in 0.0128952 seconds
Number of updated asset objects reloaded before import = 0Number of asset objects unloaded after import = 0

========================================================================
Received Import Request.
  Time since last request: 2.483606 seconds.
  path: Packages/com.unity.purchasing/Runtime/Stores/Analytics/Models/GoogleReceipt.cs
  artifactKey: Guid(418f497ff2764085950acd83caecbf54) Importer(2089858483,b0f066a214c2f5e87bad3c948f4d605d)
Start importing Packages/com.unity.purchasing/Runtime/Stores/Analytics/Models/GoogleReceipt.cs using Guid(418f497ff2764085950acd83caecbf54) Importer(2089858483,b0f066a214c2f5e87bad3c948f4d605d) (ScriptedImporter) -> (artifact id: '2bd26ab4138f8e8d5d3b8aca8c37ab2f') in 0.0228379 seconds
Number of updated asset objects reloaded before import = 0Number of asset objects unloaded after import = 0

========================================================================
Received Import Request.
  Time since last request: 0.000064 seconds.
  path: Packages/com.unity.services.core/Editor/Core/ProjectBindRedirect/UXML
  artifactKey: Guid(a154e7480f584273907eec04ec6c97d0) Importer(2089858483,b0f066a214c2f5e87bad3c948f4d605d)
Start importing Packages/com.unity.services.core/Editor/Core/ProjectBindRedirect/UXML using Guid(a154e7480f584273907eec04ec6c97d0) Importer(2089858483,b0f066a214c2f5e87bad3c948f4d605d) (ScriptedImporter) -> (artifact id: '33f950bdec8d1a6d7ff85b80565134ce') in 0.0109931 seconds
Number of updated asset objects reloaded before import = 0Number of asset objects unloaded after import = 1

========================================================================
Received Import Request.
  Time since last request: 0.000042 seconds.
  path: Packages/com.unity.purchasing/Runtime/Purchasing/Stores/PaymentProvider/PaymentProvider.cs
  artifactKey: Guid(bb21a2c64b664b63a152c4de17a55f3a) Importer(2089858483,b0f066a214c2f5e87bad3c948f4d605d)
Start importing Packages/com.unity.purchasing/Runtime/Purchasing/Stores/PaymentProvider/PaymentProvider.cs using Guid(bb21a2c64b664b63a152c4de17a55f3a) Importer(2089858483,b0f066a214c2f5e87bad3c948f4d605d) (ScriptedImporter) -> (artifact id: 'f99adeea318eba8364e60313906a66b4') in 0.0116263 seconds
Number of updated asset objects reloaded before import = 0Number of asset objects unloaded after import = 0

========================================================================
Received Import Request.
  Time since last request: 0.000086 seconds.
  path: Packages/com.unity.microsoft.gdk/Runtime/Interop/XBL/SocialManager/XblSocialManagerPresenceTitleRecord.cs
  artifactKey: Guid(4f1243c33a9e4fcd93f3825d547b032f) Importer(2089858483,b0f066a214c2f5e87bad3c948f4d605d)
Start importing Packages/com.unity.microsoft.gdk/Runtime/Interop/XBL/SocialManager/XblSocialManagerPresenceTitleRecord.cs using Guid(4f1243c33a9e4fcd93f3825d547b032f) Importer(2089858483,b0f066a214c2f5e87bad3c948f4d605d) (ScriptedImporter) -> (artifact id: '1c694da8266520206233233faa515706') in 0.0122352 seconds
Number of updated asset objects reloaded before import = 0Number of asset objects unloaded after import = 0

========================================================================
Received Import Request.
  Time since last request: 0.000085 seconds.
  path: Packages/com.unity.purchasing/Editor/Authoring/PurchasingAdminApi/Client/Model/CatalogProduct.cs
  artifactKey: Guid(c485e2320fabd4d73ae5604000a30ffa) Importer(2089858483,b0f066a214c2f5e87bad3c948f4d605d)
Start importing Packages/com.unity.purchasing/Editor/Authoring/PurchasingAdminApi/Client/Model/CatalogProduct.cs using Guid(c485e2320fabd4d73ae5604000a30ffa) Importer(2089858483,b0f066a214c2f5e87bad3c948f4d605d) (ScriptedImporter) -> (artifact id: 'd6606372f5a2631bf1bfa043580fe9e2') in 0.0140672 seconds
Number of updated asset objects reloaded before import = 0Number of asset objects unloaded after import = 0

========================================================================
Received Import Request.
  Time since last request: 0.000074 seconds.
  path: Packages/com.unity.microsoft.gdk/Runtime/XBL/Leaderboards/XblSocialGroupType.cs
  artifactKey: Guid(aa0a5450e1f641779e38bc07b1d74be4) Importer(2089858483,b0f066a214c2f5e87bad3c948f4d605d)
Start importing Packages/com.unity.microsoft.gdk/Runtime/XBL/Leaderboards/XblSocialGroupType.cs using Guid(aa0a5450e1f641779e38bc07b1d74be4) Importer(2089858483,b0f066a214c2f5e87bad3c948f4d605d) (ScriptedImporter) -> (artifact id: 'd43b06dad2324329ffdba6446bc0520e') in 0.0097818 seconds
Number of updated asset objects reloaded before import = 0Number of asset objects unloaded after import = 0

========================================================================
Received Import Request.
  Time since last request: 0.000030 seconds.
  path: Packages/com.unity.purchasing/Runtime/Stores/Analytics/Models/AnalyticsTransactionReceipt.cs
  artifactKey: Guid(e10f9fcbd028472a860c00cc2acd39e2) Importer(2089858483,b0f066a214c2f5e87bad3c948f4d605d)
Start importing Packages/com.unity.purchasing/Runtime/Stores/Analytics/Models/AnalyticsTransactionReceipt.cs using Guid(e10f9fcbd028472a860c00cc2acd39e2) Importer(2089858483,b0f066a214c2f5e87bad3c948f4d605d) (ScriptedImporter) -> (artifact id: '06f09c7078f401dfd643b061ce3758c1') in 0.0098754 seconds
Number of updated asset objects reloaded before import = 0Number of asset objects unloaded after import = 0

========================================================================
Received Import Request.
  Time since last request: 0.000063 seconds.
  path: Packages/com.unity.services.core/Editor/Core/EditorGameService/ServiceInstallationListener.cs
  artifactKey: Guid(a8a1c6611c774b60b5e1825e7aa9958e) Importer(2089858483,b0f066a214c2f5e87bad3c948f4d605d)
Start importing Packages/com.unity.services.core/Editor/Core/EditorGameService/ServiceInstallationListener.cs using Guid(a8a1c6611c774b60b5e1825e7aa9958e) Importer(2089858483,b0f066a214c2f5e87bad3c948f4d605d) (ScriptedImporter) -> (artifact id: '576f97a221fa6104ca8b663c18e8db69') in 0.0114486 seconds
Number of updated asset objects reloaded before import = 0Number of asset objects unloaded after import = 0

========================================================================
Received Import Request.
  Time since last request: 0.000046 seconds.
  path: Packages/com.unity.services.core/Editor/Core/UiHelpers/VisualElementHelper.cs
  artifactKey: Guid(d60d10f7c2b9479fa548dce8a80cab6e) Importer(2089858483,b0f066a214c2f5e87bad3c948f4d605d)
Start importing Packages/com.unity.services.core/Editor/Core/UiHelpers/VisualElementHelper.cs using Guid(d60d10f7c2b9479fa548dce8a80cab6e) Importer(2089858483,b0f066a214c2f5e87bad3c948f4d605d) (ScriptedImporter) -> (artifact id: '029b0e44d599934d9fa0d53dffa47e5a') in 0.0107657 seconds
Number of updated asset objects reloaded before import = 0Number of asset objects unloaded after import = 0

========================================================================
Received Import Request.
  Time since last request: 0.000062 seconds.
  path: Packages/com.unity.microsoft.gdk/Runtime/Interop/XBL/Multiplayer/XblMultiplayerSessionInitArgs.cs
  artifactKey: Guid(9005b3c30f44f9d40abde203df40b041) Importer(2089858483,b0f066a214c2f5e87bad3c948f4d605d)
Start importing Packages/com.unity.microsoft.gdk/Runtime/Interop/XBL/Multiplayer/XblMultiplayerSessionInitArgs.cs using Guid(9005b3c30f44f9d40abde203df40b041) Importer(2089858483,b0f066a214c2f5e87bad3c948f4d605d) (ScriptedImporter) -> (artifact id: '745c7661bd53de1d2fd5017d00d4f974') in 0.0110566 seconds
Number of updated asset objects reloaded before import = 0Number of asset objects unloaded after import = 0

========================================================================
Received Import Request.
  Time since last request: 0.000020 seconds.
  path: Packages/com.unity.services.deployment/Editor/JsonUtils/IJsonConverter.cs
  artifactKey: Guid(15d2f6550b0745169116fb9fffc1f3d2) Importer(2089858483,b0f066a214c2f5e87bad3c948f4d605d)
Start importing Packages/com.unity.services.deployment/Editor/JsonUtils/IJsonConverter.cs using Guid(15d2f6550b0745169116fb9fffc1f3d2) Importer(2089858483,b0f066a214c2f5e87bad3c948f4d605d) (ScriptedImporter) -> (artifact id: '5d1f9cb6230b16b24ddce3614edefedc') in 0.0110477 seconds
Number of updated asset objects reloaded before import = 0Number of asset objects unloaded after import = 0

========================================================================
Received Import Request.
  Time since last request: 0.000033 seconds.
  path: Packages/com.unity.purchasing/Editor/ServiceProjectSettings/Entity/Consts
  artifactKey: Guid(fb3c827f34ee4439c8b97ac02dd861c9) Importer(2089858483,b0f066a214c2f5e87bad3c948f4d605d)
Start importing Packages/com.unity.purchasing/Editor/ServiceProjectSettings/Entity/Consts using Guid(fb3c827f34ee4439c8b97ac02dd861c9) Importer(2089858483,b0f066a214c2f5e87bad3c948f4d605d) (ScriptedImporter) -> (artifact id: '8be0ed8c3254e11e45356bb90c6d2f51') in 0.0119417 seconds
Number of updated asset objects reloaded before import = 0Number of asset objects unloaded after import = 1

========================================================================
Received Import Request.
  Time since last request: 0.000035 seconds.
  path: Packages/com.unity.services.core/Editor/Core/Environments/Client/Http/DeserializationException.cs
  artifactKey: Guid(974d9fb338699444fa12c421db55a2bd) Importer(2089858483,b0f066a214c2f5e87bad3c948f4d605d)
Start importing Packages/com.unity.services.core/Editor/Core/Environments/Client/Http/DeserializationException.cs using Guid(974d9fb338699444fa12c421db55a2bd) Importer(2089858483,b0f066a214c2f5e87bad3c948f4d605d) (ScriptedImporter) -> (artifact id: '50455a7aac7f1337f5b0775d1036d690') in 0.0111628 seconds
Number of updated asset objects reloaded before import = 0Number of asset objects unloaded after import = 0

========================================================================
Received Import Request.
  Time since last request: 0.000056 seconds.
  path: Packages/com.unity.microsoft.gdk/Runtime/Interop/MonoPInvokeCallbackAttribute.cs
  artifactKey: Guid(ecb5fc4f86fe4f60a34d69fcd5aeddd9) Importer(2089858483,b0f066a214c2f5e87bad3c948f4d605d)
Start importing Packages/com.unity.microsoft.gdk/Runtime/Interop/MonoPInvokeCallbackAttribute.cs using Guid(ecb5fc4f86fe4f60a34d69fcd5aeddd9) Importer(2089858483,b0f066a214c2f5e87bad3c948f4d605d) (ScriptedImporter) -> (artifact id: 'b69b805657bdade5e2939ff4050ce6c7') in 0.0141659 seconds
Number of updated asset objects reloaded before import = 0Number of asset objects unloaded after import = 0

========================================================================
Received Import Request.
  Time since last request: 0.000051 seconds.
  path: Packages/com.unity.microsoft.gdk/Runtime/XBL/Presence/XblPresenceBroadcastRecord.cs
  artifactKey: Guid(bfbd5f9f4eaf42e784ba61d19d4e95c8) Importer(2089858483,b0f066a214c2f5e87bad3c948f4d605d)
Start importing Packages/com.unity.microsoft.gdk/Runtime/XBL/Presence/XblPresenceBroadcastRecord.cs using Guid(bfbd5f9f4eaf42e784ba61d19d4e95c8) Importer(2089858483,b0f066a214c2f5e87bad3c948f4d605d) (ScriptedImporter) -> (artifact id: '2727ecfd8f7d7d6ca4cb5ed8b2aadfd7') in 0.0101891 seconds
Number of updated asset objects reloaded before import = 0Number of asset objects unloaded after import = 0

========================================================================
Received Import Request.
  Time since last request: 0.000083 seconds.
  path: Packages/com.unity.services.core/Runtime/Core.Internal/Registry/IServiceComponent.cs
  artifactKey: Guid(64d300c97ef0045988d44f511d9c8648) Importer(2089858483,b0f066a214c2f5e87bad3c948f4d605d)
Start importing Packages/com.unity.services.core/Runtime/Core.Internal/Registry/IServiceComponent.cs using Guid(64d300c97ef0045988d44f511d9c8648) Importer(2089858483,b0f066a214c2f5e87bad3c948f4d605d) (ScriptedImporter) -> (artifact id: 'c13dce29b41166b6e39e82d80bab9ade') in 0.0098634 seconds
Number of updated asset objects reloaded before import = 0Number of asset objects unloaded after import = 0

========================================================================
Received Import Request.
  Time since last request: 0.000038 seconds.
  path: Packages/com.unity.purchasing/Plugins/UnityPurchasing/iOS/SK2/Responses/SubscriptionOfferDetails.swift
  artifactKey: Guid(6498d0187e6de4620b5c99a36ee35581) Importer(2089858483,b0f066a214c2f5e87bad3c948f4d605d)
Start importing Packages/com.unity.purchasing/Plugins/UnityPurchasing/iOS/SK2/Responses/SubscriptionOfferDetails.swift using Guid(6498d0187e6de4620b5c99a36ee35581) Importer(2089858483,b0f066a214c2f5e87bad3c948f4d605d) (ScriptedImporter) -> (artifact id: 'be72582abb7da078e21faf8e8a68b374') in 0.0128242 seconds
Number of updated asset objects reloaded before import = 0Number of asset objects unloaded after import = 0

========================================================================
Received Import Request.
  Time since last request: 0.000071 seconds.
  path: Packages/com.unity.services.core/README.md
  artifactKey: Guid(9a0c99ca7bb84684fbf1df9c8f77e89f) Importer(2089858483,b0f066a214c2f5e87bad3c948f4d605d)
Start importing Packages/com.unity.services.core/README.md using Guid(9a0c99ca7bb84684fbf1df9c8f77e89f) Importer(2089858483,b0f066a214c2f5e87bad3c948f4d605d) (ScriptedImporter) -> (artifact id: '1f034025ccdf47869e65c3d63bd6e9ba') in 0.0127511 seconds
Number of updated asset objects reloaded before import = 0Number of asset objects unloaded after import = 1

========================================================================
Received Import Request.
  Time since last request: 0.000034 seconds.
  path: Packages/com.unity.purchasing/Editor/Authoring/PurchasingAdminApi/Client/Model/ForbiddenErrorResponse.cs
  artifactKey: Guid(998818d87ea9d40ccbf841bd0b04c639) Importer(2089858483,b0f066a214c2f5e87bad3c948f4d605d)
Start importing Packages/com.unity.purchasing/Editor/Authoring/PurchasingAdminApi/Client/Model/ForbiddenErrorResponse.cs using Guid(998818d87ea9d40ccbf841bd0b04c639) Importer(2089858483,b0f066a214c2f5e87bad3c948f4d605d) (ScriptedImporter) -> (artifact id: '204ae29dad27e526950a66a974a1d2cd') in 0.0111245 seconds
Number of updated asset objects reloaded before import = 0Number of asset objects unloaded after import = 0

========================================================================
Received Import Request.
  Time since last request: 0.000053 seconds.
  path: Packages/com.unity.purchasing/Editor/Authoring/UI/CatalogItemInspectorConfig.cs
  artifactKey: Guid(3bbee7555a43f493d9fa4e29e8ca11e4) Importer(2089858483,b0f066a214c2f5e87bad3c948f4d605d)
Start importing Packages/com.unity.purchasing/Editor/Authoring/UI/CatalogItemInspectorConfig.cs using Guid(3bbee7555a43f493d9fa4e29e8ca11e4) Importer(2089858483,b0f066a214c2f5e87bad3c948f4d605d) (ScriptedImporter) -> (artifact id: 'd2f1c1382a01a34eb2dc0887823fdac5') in 0.0119913 seconds
Number of updated asset objects reloaded before import = 0Number of asset objects unloaded after import = 0

========================================================================
Received Import Request.
  Time since last request: 0.000059 seconds.
  path: Packages/com.unity.purchasing/Runtime/Stores/Analytics/Utilitiles/UnifiedReceiptAnalyticsExtensions.cs
  artifactKey: Guid(d90becf1212a2964798979b7fd70fb43) Importer(2089858483,b0f066a214c2f5e87bad3c948f4d605d)
Start importing Packages/com.unity.purchasing/Runtime/Stores/Analytics/Utilitiles/UnifiedReceiptAnalyticsExtensions.cs using Guid(d90becf1212a2964798979b7fd70fb43) Importer(2089858483,b0f066a214c2f5e87bad3c948f4d605d) (ScriptedImporter) -> (artifact id: 'b558d39430857aa29c1a785e581ebf82') in 0.013766 seconds
Number of updated asset objects reloaded before import = 0Number of asset objects unloaded after import = 0

========================================================================
Received Import Request.
  Time since last request: 0.000080 seconds.
  path: Packages/com.unity.services.core/Runtime/Threading/UnityThreadUtilsInternal.cs
  artifactKey: Guid(a232b29fae442f345b7a6b4f9b9f44ae) Importer(2089858483,b0f066a214c2f5e87bad3c948f4d605d)
Start importing Packages/com.unity.services.core/Runtime/Threading/UnityThreadUtilsInternal.cs using Guid(a232b29fae442f345b7a6b4f9b9f44ae) Importer(2089858483,b0f066a214c2f5e87bad3c948f4d605d) (ScriptedImporter) -> (artifact id: '4869657e95f0e08fdc5885bb4d5d13bc') in 0.013304 seconds
Number of updated asset objects reloaded before import = 0Number of asset objects unloaded after import = 0

========================================================================
Received Import Request.
  Time since last request: 0.000092 seconds.
  path: Packages/com.unity.services.core/Editor/Core/Environments/EnvironmentValidator.cs
  artifactKey: Guid(373ec6d78d05e42a0a824c0167210322) Importer(2089858483,b0f066a214c2f5e87bad3c948f4d605d)
Start importing Packages/com.unity.services.core/Editor/Core/Environments/EnvironmentValidator.cs using Guid(373ec6d78d05e42a0a824c0167210322) Importer(2089858483,b0f066a214c2f5e87bad3c948f4d605d) (ScriptedImporter) -> (artifact id: 'a34309ed60f1a973148e5dd617f8dea0') in 0.0127521 seconds
Number of updated asset objects reloaded before import = 0Number of asset objects unloaded after import = 0

========================================================================
Received Import Request.
  Time since last request: 0.000098 seconds.
  path: Packages/com.unity.services.analytics/Editor/Tools/Loading.png
  artifactKey: Guid(007a06f9017eae342933fca57e1d48e5) Importer(2089858483,b0f066a214c2f5e87bad3c948f4d605d)
Start importing Packages/com.unity.services.analytics/Editor/Tools/Loading.png using Guid(007a06f9017eae342933fca57e1d48e5) Importer(2089858483,b0f066a214c2f5e87bad3c948f4d605d) (ScriptedImporter) -> (artifact id: 'e14228efd16e320c134519705972f286') in 0.0178924 seconds
Number of updated asset objects reloaded before import = 0Number of asset objects unloaded after import = 1

========================================================================
Received Import Request.
  Time since last request: 0.000049 seconds.
  path: Packages/com.unity.services.core/Editor/Core/Environments/Client/Http/ResponseDeserializationException.cs
  artifactKey: Guid(e13401069986e4070b7b19134fd9ea67) Importer(2089858483,b0f066a214c2f5e87bad3c948f4d605d)
Start importing Packages/com.unity.services.core/Editor/Core/Environments/Client/Http/ResponseDeserializationException.cs using Guid(e13401069986e4070b7b19134fd9ea67) Importer(2089858483,b0f066a214c2f5e87bad3c948f4d605d) (ScriptedImporter) -> (artifact id: 'cca372d7b4ed5d44386ce478e1ee7fa7') in 0.0137069 seconds
Number of updated asset objects reloaded before import = 0Number of asset objects unloaded after import = 0

========================================================================
Received Import Request.
  Time since last request: 0.000029 seconds.
  path: Packages/com.unity.purchasing/Editor/ServiceProjectSettings/UI/UXML/AppleConfiguration.uxml
  artifactKey: Guid(bd856f0c7cf84ef795ecf8adc3691ad1) Importer(2089858483,b0f066a214c2f5e87bad3c948f4d605d)
Start importing Packages/com.unity.purchasing/Editor/ServiceProjectSettings/UI/UXML/AppleConfiguration.uxml using Guid(bd856f0c7cf84ef795ecf8adc3691ad1) Importer(2089858483,b0f066a214c2f5e87bad3c948f4d605d) (ScriptedImporter) -> (artifact id: '3b7406b1f0fee9ed584ed3ae61b10ec1') in 0.015655 seconds
Number of updated asset objects reloaded before import = 0Number of asset objects unloaded after import = 2

========================================================================
Received Import Request.
  Time since last request: 0.000020 seconds.
  path: Packages/com.unity.services.core/Runtime/Core.Internal/Serialization/IJsonSerializer.cs
  artifactKey: Guid(7145ff75f48d459ba47583c1301f05aa) Importer(2089858483,b0f066a214c2f5e87bad3c948f4d605d)
Start importing Packages/com.unity.services.core/Runtime/Core.Internal/Serialization/IJsonSerializer.cs using Guid(7145ff75f48d459ba47583c1301f05aa) Importer(2089858483,b0f066a214c2f5e87bad3c948f4d605d) (ScriptedImporter) -> (artifact id: '591f44801bc374467fbc27fee34ce0fb') in 0.0109493 seconds
Number of updated asset objects reloaded before import = 0Number of asset objects unloaded after import = 0

========================================================================
Received Import Request.
  Time since last request: 0.000039 seconds.
  path: Packages/com.unity.microsoft.gdk/Runtime/Interop/__GENERATED/XBL/UserStatistics/XblUserStatisticsResult.cs
  artifactKey: Guid(0ebca787b92144068d88f83e51dc8654) Importer(2089858483,b0f066a214c2f5e87bad3c948f4d605d)
Start importing Packages/com.unity.microsoft.gdk/Runtime/Interop/__GENERATED/XBL/UserStatistics/XblUserStatisticsResult.cs using Guid(0ebca787b92144068d88f83e51dc8654) Importer(2089858483,b0f066a214c2f5e87bad3c948f4d605d) (ScriptedImporter) -> (artifact id: 'd29a27ec78c8e2eced69f89b86b1ce68') in 0.0127962 seconds
Number of updated asset objects reloaded before import = 0Number of asset objects unloaded after import = 0

========================================================================
Received Import Request.
  Time since last request: 0.000078 seconds.
  path: Packages/com.unity.purchasing/Runtime/Stores/PaymentProvider/ILinkOutSessionIdProvider.cs
  artifactKey: Guid(983bc3f1faf544cb084b619585f5ce1a) Importer(2089858483,b0f066a214c2f5e87bad3c948f4d605d)
Start importing Packages/com.unity.purchasing/Runtime/Stores/PaymentProvider/ILinkOutSessionIdProvider.cs using Guid(983bc3f1faf544cb084b619585f5ce1a) Importer(2089858483,b0f066a214c2f5e87bad3c948f4d605d) (ScriptedImporter) -> (artifact id: '84257e1ec950e3ad11b1ecc3bfa5363f') in 0.008723 seconds
Number of updated asset objects reloaded before import = 0Number of asset objects unloaded after import = 0

========================================================================
Received Import Request.
  Time since last request: 0.000068 seconds.
  path: Packages/com.unity.purchasing/Plugins/UnityPurchasing/iOS
  artifactKey: Guid(2427329c0a5fe4762b88e94bf0eebebc) Importer(2089858483,b0f066a214c2f5e87bad3c948f4d605d)
Start importing Packages/com.unity.purchasing/Plugins/UnityPurchasing/iOS using Guid(2427329c0a5fe4762b88e94bf0eebebc) Importer(2089858483,b0f066a214c2f5e87bad3c948f4d605d) (ScriptedImporter) -> (artifact id: '7443dd2683c5d652a44ee21cadb9d87b') in 0.0092022 seconds
Number of updated asset objects reloaded before import = 0Number of asset objects unloaded after import = 1

========================================================================
Received Import Request.
  Time since last request: 0.000079 seconds.
  path: Packages/com.unity.purchasing/Runtime/Purchasing/Core/Purchasing/Models/PurchasesFetchFailureDescription.cs
  artifactKey: Guid(cde66085706a16c4d908febe630f781c) Importer(2089858483,b0f066a214c2f5e87bad3c948f4d605d)
Start importing Packages/com.unity.purchasing/Runtime/Purchasing/Core/Purchasing/Models/PurchasesFetchFailureDescription.cs using Guid(cde66085706a16c4d908febe630f781c) Importer(2089858483,b0f066a214c2f5e87bad3c948f4d605d) (ScriptedImporter) -> (artifact id: '22a5b63c7e16ebbe6b35626c41cf6bb6') in 0.0115205 seconds
Number of updated asset objects reloaded before import = 0Number of asset objects unloaded after import = 0

========================================================================
Received Import Request.
  Time since last request: 0.000115 seconds.
  path: Packages/com.unity.services.core/Editor/Core/UiHelpers/USS/PlatformSupportVisualCommon.uss
  artifactKey: Guid(9adf428799cec421caeecd93d938c500) Importer(2089858483,b0f066a214c2f5e87bad3c948f4d605d)
Start importing Packages/com.unity.services.core/Editor/Core/UiHelpers/USS/PlatformSupportVisualCommon.uss using Guid(9adf428799cec421caeecd93d938c500) Importer(2089858483,b0f066a214c2f5e87bad3c948f4d605d) (ScriptedImporter) -> (artifact id: 'd25178463ffa2a9e1d694484111aed31') in 0.0144626 seconds
Number of updated asset objects reloaded before import = 0Number of asset objects unloaded after import = 1

========================================================================
Received Import Request.
  Time since last request: 0.000043 seconds.
  path: Packages/com.unity.analytics/AnalyticsStandardEvents
  artifactKey: Guid(96e1a81adb349464a97ebed166911b0e) Importer(2089858483,b0f066a214c2f5e87bad3c948f4d605d)
Start importing Packages/com.unity.analytics/AnalyticsStandardEvents using Guid(96e1a81adb349464a97ebed166911b0e) Importer(2089858483,b0f066a214c2f5e87bad3c948f4d605d) (ScriptedImporter) -> (artifact id: '31b937236652f6b4bdf851e07902d096') in 0.0115791 seconds
Number of updated asset objects reloaded before import = 0Number of asset objects unloaded after import = 1

========================================================================
Received Import Request.
  Time since last request: 0.000031 seconds.
  path: Packages/com.unity.services.deployment/Editor/DeploymentDefinitions
  artifactKey: Guid(5320bdbc5b7e343abac9f30e5a51b82c) Importer(2089858483,b0f066a214c2f5e87bad3c948f4d605d)
Start importing Packages/com.unity.services.deployment/Editor/DeploymentDefinitions using Guid(5320bdbc5b7e343abac9f30e5a51b82c) Importer(2089858483,b0f066a214c2f5e87bad3c948f4d605d) (ScriptedImporter) -> (artifact id: '205496e4d73755d478a291b1283116f1') in 0.0079736 seconds
Number of updated asset objects reloaded before import = 0Number of asset objects unloaded after import = 1

========================================================================
Received Import Request.
  Time since last request: 0.000020 seconds.
  path: Packages/com.unity.services.core/Editor/Core/Scheduler/ActionSchedulerCleaner.cs
  artifactKey: Guid(c9f9c846b2d95994b92fbb514b8b004c) Importer(2089858483,b0f066a214c2f5e87bad3c948f4d605d)
Start importing Packages/com.unity.services.core/Editor/Core/Scheduler/ActionSchedulerCleaner.cs using Guid(c9f9c846b2d95994b92fbb514b8b004c) Importer(2089858483,b0f066a214c2f5e87bad3c948f4d605d) (ScriptedImporter) -> (artifact id: '15cd3a03afc739fe38ed02dbc61c86b0') in 0.0108313 seconds
Number of updated asset objects reloaded before import = 0Number of asset objects unloaded after import = 0

========================================================================
Received Import Request.
  Time since last request: 0.000034 seconds.
  path: Packages/com.unity.purchasing/Runtime/Purchasing/Analytics
  artifactKey: Guid(e7da53e7495b4ac4b8f79193b783a410) Importer(2089858483,b0f066a214c2f5e87bad3c948f4d605d)
Start importing Packages/com.unity.purchasing/Runtime/Purchasing/Analytics using Guid(e7da53e7495b4ac4b8f79193b783a410) Importer(2089858483,b0f066a214c2f5e87bad3c948f4d605d) (ScriptedImporter) -> (artifact id: '55acc10b0ebbb270d96e239b1b3f2d4f') in 0.0108834 seconds
Number of updated asset objects reloaded before import = 0Number of asset objects unloaded after import = 1

========================================================================
Received Import Request.
  Time since last request: 2.388570 seconds.
  path: Packages/com.unity.purchasing/Runtime/Purchasing/UnifiedReceipt.cs
  artifactKey: Guid(0919c741995146089691ae21d7032677) Importer(2089858483,b0f066a214c2f5e87bad3c948f4d605d)
Start importing Packages/com.unity.purchasing/Runtime/Purchasing/UnifiedReceipt.cs using Guid(0919c741995146089691ae21d7032677) Importer(2089858483,b0f066a214c2f5e87bad3c948f4d605d) (ScriptedImporter) -> (artifact id: '5e0d0495e6aff8e8c56e79ed69f0d03e') in 0.0106405 seconds
Number of updated asset objects reloaded before import = 0Number of asset objects unloaded after import = 0

========================================================================
Received Import Request.
  Time since last request: 0.000091 seconds.
  path: Packages/com.unity.purchasing/Editor/UnityEditor.Purchasing.asmdef
  artifactKey: Guid(e25a61468ff30f44fad56a6b40062363) Importer(2089858483,b0f066a214c2f5e87bad3c948f4d605d)
Start importing Packages/com.unity.purchasing/Editor/UnityEditor.Purchasing.asmdef using Guid(e25a61468ff30f44fad56a6b40062363) Importer(2089858483,b0f066a214c2f5e87bad3c948f4d605d) (ScriptedImporter) -> (artifact id: 'f9d63364cb45b7138bb3a094371ef9a5') in 0.0123118 seconds
Number of updated asset objects reloaded before import = 0Number of asset objects unloaded after import = 1

========================================================================
Received Import Request.
  Time since last request: 0.000064 seconds.
  path: Packages/com.unity.services.core/Editor/Core/UiHelpers/Images
  artifactKey: Guid(99ef0537e3a64f2a9d41d9de53451790) Importer(2089858483,b0f066a214c2f5e87bad3c948f4d605d)
Start importing Packages/com.unity.services.core/Editor/Core/UiHelpers/Images using Guid(99ef0537e3a64f2a9d41d9de53451790) Importer(2089858483,b0f066a214c2f5e87bad3c948f4d605d) (ScriptedImporter) -> (artifact id: '4cbf54b60a52518933dc7dfe6f52d1c0') in 0.0121384 seconds
Number of updated asset objects reloaded before import = 0Number of asset objects unloaded after import = 1

========================================================================
Received Import Request.
  Time since last request: 0.000034 seconds.
  path: Packages/com.unity.purchasing/Editor/Authoring/UI/Assets/CatalogAssetInspector.uxml
  artifactKey: Guid(0c0d2d609045a4c18b00b19f5a923215) Importer(2089858483,b0f066a214c2f5e87bad3c948f4d605d)
Start importing Packages/com.unity.purchasing/Editor/Authoring/UI/Assets/CatalogAssetInspector.uxml using Guid(0c0d2d609045a4c18b00b19f5a923215) Importer(2089858483,b0f066a214c2f5e87bad3c948f4d605d) (ScriptedImporter) -> (artifact id: '2a15b796e5c30578b46bcab111afb2f0') in 0.0168523 seconds
Number of updated asset objects reloaded before import = 0Number of asset objects unloaded after import = 3

========================================================================
Received Import Request.
  Time since last request: 0.000022 seconds.
  path: Packages/com.unity.purchasing/Plugins/UnityPurchasing/iOS/SK2/StoreKitManager.swift
  artifactKey: Guid(a85ccb163db034d32b131d41810c2d4a) Importer(2089858483,b0f066a214c2f5e87bad3c948f4d605d)
Start importing Packages/com.unity.purchasing/Plugins/UnityPurchasing/iOS/SK2/StoreKitManager.swift using Guid(a85ccb163db034d32b131d41810c2d4a) Importer(2089858483,b0f066a214c2f5e87bad3c948f4d605d) (ScriptedImporter) -> (artifact id: '3940fe457c708329e05a2acd74655031') in 0.0222337 seconds
Number of updated asset objects reloaded before import = 0Number of asset objects unloaded after import = 0

========================================================================
Received Import Request.
  Time since last request: 0.000072 seconds.
  path: Packages/com.unity.purchasing/Runtime/Purchasing/Core/Purchasing/AppleAppStore/Extensions/UseCases/SimulateAskToBuyUseCase.cs
  artifactKey: Guid(35b0d9108b7a4cc2950bc753712573a5) Importer(2089858483,b0f066a214c2f5e87bad3c948f4d605d)
Start importing Packages/com.unity.purchasing/Runtime/Purchasing/Core/Purchasing/AppleAppStore/Extensions/UseCases/SimulateAskToBuyUseCase.cs using Guid(35b0d9108b7a4cc2950bc753712573a5) Importer(2089858483,b0f066a214c2f5e87bad3c948f4d605d) (ScriptedImporter) -> (artifact id: 'b43d6b725942103d0da54a0c137a6495') in 0.011316 seconds
Number of updated asset objects reloaded before import = 0Number of asset objects unloaded after import = 0

========================================================================
Received Import Request.
  Time since last request: 0.000049 seconds.
  path: Packages/com.unity.services.deployment/Core/Glob/AST/DirectorySegment.Gen.cs
  artifactKey: Guid(4dc4a99698f294494954f056594cd5ac) Importer(2089858483,b0f066a214c2f5e87bad3c948f4d605d)
Start importing Packages/com.unity.services.deployment/Core/Glob/AST/DirectorySegment.Gen.cs using Guid(4dc4a99698f294494954f056594cd5ac) Importer(2089858483,b0f066a214c2f5e87bad3c948f4d605d) (ScriptedImporter) -> (artifact id: '3c4b42b98ff83a6c94f8d4da3df306e6') in 0.0125537 seconds
Number of updated asset objects reloaded before import = 0Number of asset objects unloaded after import = 0

========================================================================
Received Import Request.
  Time since last request: 0.000051 seconds.
  path: Packages/com.unity.purchasing/Editor/Authoring
  artifactKey: Guid(3780d4ffd84cced4ea919a40bb3c27c8) Importer(2089858483,b0f066a214c2f5e87bad3c948f4d605d)
Start importing Packages/com.unity.purchasing/Editor/Authoring using Guid(3780d4ffd84cced4ea919a40bb3c27c8) Importer(2089858483,b0f066a214c2f5e87bad3c948f4d605d) (ScriptedImporter) -> (artifact id: '1763b386b2adf87d531431e8e44197e1') in 0.0099063 seconds
Number of updated asset objects reloaded before import = 0Number of asset objects unloaded after import = 1

========================================================================
Received Import Request.
  Time since last request: 0.000036 seconds.
  path: Packages/com.unity.purchasing/Runtime/Purchasing/Core/Store/AppleAppStore/Extensions/UseCases/Interfaces/ICanMakePaymentsUseCase.cs
  artifactKey: Guid(38f46918fe7c429095e0d86a1070333d) Importer(2089858483,b0f066a214c2f5e87bad3c948f4d605d)
Start importing Packages/com.unity.purchasing/Runtime/Purchasing/Core/Store/AppleAppStore/Extensions/UseCases/Interfaces/ICanMakePaymentsUseCase.cs using Guid(38f46918fe7c429095e0d86a1070333d) Importer(2089858483,b0f066a214c2f5e87bad3c948f4d605d) (ScriptedImporter) -> (artifact id: 'c33456d4366682ee0c5243c396c9f4b6') in 0.0104009 seconds
Number of updated asset objects reloaded before import = 0Number of asset objects unloaded after import = 0

========================================================================
Received Import Request.
  Time since last request: 0.000018 seconds.
  path: Packages/com.unity.purchasing/Plugins/UnityPurchasing/iOS/SK2/StoreKitCallback.swift
  artifactKey: Guid(1c852a3ee7ee34ed4bec067133ce9591) Importer(2089858483,b0f066a214c2f5e87bad3c948f4d605d)
Start importing Packages/com.unity.purchasing/Plugins/UnityPurchasing/iOS/SK2/StoreKitCallback.swift using Guid(1c852a3ee7ee34ed4bec067133ce9591) Importer(2089858483,b0f066a214c2f5e87bad3c948f4d605d) (ScriptedImporter) -> (artifact id: '36a7a4ef5bb78a2ef17afe666007a46d') in 0.0125766 seconds
Number of updated asset objects reloaded before import = 0Number of asset objects unloaded after import = 0

========================================================================
Received Import Request.
  Time since last request: 0.000039 seconds.
  path: Packages/com.unity.services.deployment/Editor/Shared/Analytics/ICommonAnalytics.Gen.cs
  artifactKey: Guid(b1c43f7ab73b94101843f8870a5076af) Importer(2089858483,b0f066a214c2f5e87bad3c948f4d605d)
Start importing Packages/com.unity.services.deployment/Editor/Shared/Analytics/ICommonAnalytics.Gen.cs using Guid(b1c43f7ab73b94101843f8870a5076af) Importer(2089858483,b0f066a214c2f5e87bad3c948f4d605d) (ScriptedImporter) -> (artifact id: '5d28ce85bda4d3a74fb0e423b3a8c656') in 0.0101797 seconds
Number of updated asset objects reloaded before import = 0Number of asset objects unloaded after import = 0

========================================================================
Received Import Request.
  Time since last request: 0.000024 seconds.
  path: Packages/com.unity.purchasing/Runtime/UnityLiveContentAdapter/Models/ConfigContentData.cs
  artifactKey: Guid(de835a9407bab4f58a7ae0deacfb901e) Importer(2089858483,b0f066a214c2f5e87bad3c948f4d605d)
Start importing Packages/com.unity.purchasing/Runtime/UnityLiveContentAdapter/Models/ConfigContentData.cs using Guid(de835a9407bab4f58a7ae0deacfb901e) Importer(2089858483,b0f066a214c2f5e87bad3c948f4d605d) (ScriptedImporter) -> (artifact id: '32d64aba37c02faca9841b52f82297c2') in 0.0107945 seconds
Number of updated asset objects reloaded before import = 0Number of asset objects unloaded after import = 0

========================================================================
Received Import Request.
  Time since last request: 0.000092 seconds.
  path: Packages/com.unity.purchasing/Runtime/Purchasing/Stores/AppleAppStore/AppleAppStore.cs
  artifactKey: Guid(a763945428094ce495d361f416fd8780) Importer(2089858483,b0f066a214c2f5e87bad3c948f4d605d)
Start importing Packages/com.unity.purchasing/Runtime/Purchasing/Stores/AppleAppStore/AppleAppStore.cs using Guid(a763945428094ce495d361f416fd8780) Importer(2089858483,b0f066a214c2f5e87bad3c948f4d605d) (ScriptedImporter) -> (artifact id: '00b365aee8fd5bcc0837c25e3a707dc2') in 0.0117473 seconds
Number of updated asset objects reloaded before import = 0Number of asset objects unloaded after import = 0

========================================================================
Received Import Request.
  Time since last request: 0.000062 seconds.
  path: Packages/com.unity.services.core/Runtime/Core.Internal/AsyncOperation/AsyncOperationExtensions.cs
  artifactKey: Guid(bd3488b91e5f84fb18390042c3ebc70b) Importer(2089858483,b0f066a214c2f5e87bad3c948f4d605d)
Start importing Packages/com.unity.services.core/Runtime/Core.Internal/AsyncOperation/AsyncOperationExtensions.cs using Guid(bd3488b91e5f84fb18390042c3ebc70b) Importer(2089858483,b0f066a214c2f5e87bad3c948f4d605d) (ScriptedImporter) -> (artifact id: 'b0f49b592f67d6e4c4fabd9e1eaae844') in 0.0117309 seconds
Number of updated asset objects reloaded before import = 0Number of asset objects unloaded after import = 0

========================================================================
Received Import Request.
  Time since last request: 0.000062 seconds.
  path: Packages/com.unity.analytics/Plugins/WindowUtil.jslib
  artifactKey: Guid(9c28ac06b3e4042b49dd5e1471a4c81a) Importer(2089858483,b0f066a214c2f5e87bad3c948f4d605d)
Start importing Packages/com.unity.analytics/Plugins/WindowUtil.jslib using Guid(9c28ac06b3e4042b49dd5e1471a4c81a) Importer(2089858483,b0f066a214c2f5e87bad3c948f4d605d) (ScriptedImporter) -> (artifact id: 'a7d771fbef089e73e1db40abf6bfd783') in 0.0114362 seconds
Number of updated asset objects reloaded before import = 0Number of asset objects unloaded after import = 0

========================================================================
Received Import Request.
  Time since last request: 0.000049 seconds.
  path: Packages/com.unity.purchasing/Runtime/UnityWebshops/Unity.Purchasing.WebshopService.asmdef
  artifactKey: Guid(039f35ec0f4a431fa543bb69c42f7379) Importer(2089858483,b0f066a214c2f5e87bad3c948f4d605d)
Start importing Packages/com.unity.purchasing/Runtime/UnityWebshops/Unity.Purchasing.WebshopService.asmdef using Guid(039f35ec0f4a431fa543bb69c42f7379) Importer(2089858483,b0f066a214c2f5e87bad3c948f4d605d) (ScriptedImporter) -> (artifact id: '1fd1257eb6adb94d6efaf54a42cb0554') in 0.0115533 seconds
Number of updated asset objects reloaded before import = 0Number of asset objects unloaded after import = 1

========================================================================
Received Import Request.
  Time since last request: 0.000025 seconds.
  path: Packages/com.unity.services.core/Editor/Core/ProjectBindRedirect/USS/ProjectBindRedirectPopupCommon.uss
  artifactKey: Guid(990ecbe74fdfe264c984fd5827e08cfe) Importer(2089858483,b0f066a214c2f5e87bad3c948f4d605d)
Start importing Packages/com.unity.services.core/Editor/Core/ProjectBindRedirect/USS/ProjectBindRedirectPopupCommon.uss using Guid(990ecbe74fdfe264c984fd5827e08cfe) Importer(2089858483,b0f066a214c2f5e87bad3c948f4d605d) (ScriptedImporter) -> (artifact id: '300cef17c80b7b1ae06b774b9dde2e07') in 0.0120637 seconds
Number of updated asset objects reloaded before import = 0Number of asset objects unloaded after import = 1

========================================================================
Received Import Request.
  Time since last request: 0.000062 seconds.
  path: Packages/com.unity.purchasing/Runtime/Purchasing/Stores/Helpers/SelectedAndroidStoreHelper.cs
  artifactKey: Guid(52396bd190585df4285b3bf28a5ced8d) Importer(2089858483,b0f066a214c2f5e87bad3c948f4d605d)
Start importing Packages/com.unity.purchasing/Runtime/Purchasing/Stores/Helpers/SelectedAndroidStoreHelper.cs using Guid(52396bd190585df4285b3bf28a5ced8d) Importer(2089858483,b0f066a214c2f5e87bad3c948f4d605d) (ScriptedImporter) -> (artifact id: '720f79901ed289d0a9fd7a59b16233de') in 0.0097931 seconds
Number of updated asset objects reloaded before import = 0Number of asset objects unloaded after import = 0

========================================================================
Received Import Request.
  Time since last request: 0.000049 seconds.
  path: Packages/com.unity.services.deployment/Editor/Tracking/DeploymentItemTracker.cs
  artifactKey: Guid(2bb6f8789d0f9cb4fbc2e1960872d3d1) Importer(2089858483,b0f066a214c2f5e87bad3c948f4d605d)
Start importing Packages/com.unity.services.deployment/Editor/Tracking/DeploymentItemTracker.cs using Guid(2bb6f8789d0f9cb4fbc2e1960872d3d1) Importer(2089858483,b0f066a214c2f5e87bad3c948f4d605d) (ScriptedImporter) -> (artifact id: '34d401ccf9ab96ab31c6da23554e6167') in 0.0099096 seconds
Number of updated asset objects reloaded before import = 0Number of asset objects unloaded after import = 0

========================================================================
Received Import Request.
  Time since last request: 0.000600 seconds.
  path: Packages/com.unity.purchasing/Runtime/Purchasing/Core/Product/AppleAppStore/Extensions/UseCases/FetchStorePromotionVisibilityUseCase.cs
  artifactKey: Guid(fd8a24c478ea4ec381fff1833d8c69e1) Importer(2089858483,b0f066a214c2f5e87bad3c948f4d605d)
Start importing Packages/com.unity.purchasing/Runtime/Purchasing/Core/Product/AppleAppStore/Extensions/UseCases/FetchStorePromotionVisibilityUseCase.cs using Guid(fd8a24c478ea4ec381fff1833d8c69e1) Importer(2089858483,b0f066a214c2f5e87bad3c948f4d605d) (ScriptedImporter) -> (artifact id: '6b9c91cb0cccf7f726ea056527936ab8') in 0.0110033 seconds
Number of updated asset objects reloaded before import = 0Number of asset objects unloaded after import = 0

========================================================================
Received Import Request.
  Time since last request: 0.000085 seconds.
  path: Packages/com.unity.services.deployment/Editor/Interface/UI/Components/KeyboardShortcutsContainer.cs
  artifactKey: Guid(cc5b545acd2e445f98dacfedd34ab686) Importer(2089858483,b0f066a214c2f5e87bad3c948f4d605d)
Start importing Packages/com.unity.services.deployment/Editor/Interface/UI/Components/KeyboardShortcutsContainer.cs using Guid(cc5b545acd2e445f98dacfedd34ab686) Importer(2089858483,b0f066a214c2f5e87bad3c948f4d605d) (ScriptedImporter) -> (artifact id: '9f288e087ea89e9e25a7ae9cbf037455') in 0.0115988 seconds
Number of updated asset objects reloaded before import = 0Number of asset objects unloaded after import = 0

========================================================================
Received Import Request.
  Time since last request: 0.000081 seconds.
  path: Packages/com.unity.purchasing/Runtime/Stores/Core/Store
  artifactKey: Guid(33bda93fbac85a241ab6959c1bc02ca2) Importer(2089858483,b0f066a214c2f5e87bad3c948f4d605d)
Start importing Packages/com.unity.purchasing/Runtime/Stores/Core/Store using Guid(33bda93fbac85a241ab6959c1bc02ca2) Importer(2089858483,b0f066a214c2f5e87bad3c948f4d605d) (ScriptedImporter) -> (artifact id: 'd8407ea7caad2c9a035ceaf62ab5c917') in 0.0102217 seconds
Number of updated asset objects reloaded before import = 0Number of asset objects unloaded after import = 1

========================================================================
Received Import Request.
  Time since last request: 0.000016 seconds.
  path: Packages/com.unity.services.deployment/Editor/Interface/UI/Assets/DeploymentWindowStateTemplates/DeploymentWindow_NotSignedIn.uxml
  artifactKey: Guid(28206809698e491fa13d04de32ecad8f) Importer(2089858483,b0f066a214c2f5e87bad3c948f4d605d)
Start importing Packages/com.unity.services.deployment/Editor/Interface/UI/Assets/DeploymentWindowStateTemplates/DeploymentWindow_NotSignedIn.uxml using Guid(28206809698e491fa13d04de32ecad8f) Importer(2089858483,b0f066a214c2f5e87bad3c948f4d605d) (ScriptedImporter) -> (artifact id: 'cf5438820663c393cf34bfdfe0d9ed96') in 0.0150096 seconds
Number of updated asset objects reloaded before import = 0Number of asset objects unloaded after import = 3

========================================================================
Received Import Request.
  Time since last request: 0.000023 seconds.
  path: Packages/com.unity.services.core/Editor/Core/Shared/Infrastructure/Threading
  artifactKey: Guid(8408aeb5b11d54a55914b8fb72aa9ee1) Importer(2089858483,b0f066a214c2f5e87bad3c948f4d605d)
Start importing Packages/com.unity.services.core/Editor/Core/Shared/Infrastructure/Threading using Guid(8408aeb5b11d54a55914b8fb72aa9ee1) Importer(2089858483,b0f066a214c2f5e87bad3c948f4d605d) (ScriptedImporter) -> (artifact id: '0ab52548167d09ba121737f166bda1d6') in 0.0105471 seconds
Number of updated asset objects reloaded before import = 0Number of asset objects unloaded after import = 1

========================================================================
Received Import Request.
  Time since last request: 0.000053 seconds.
  path: Packages/com.unity.purchasing/Runtime/Purchasing/Telemetry/Metrics
  artifactKey: Guid(2f6cffa6702349b8bc20b2986d3145e2) Importer(2089858483,b0f066a214c2f5e87bad3c948f4d605d)
Start importing Packages/com.unity.purchasing/Runtime/Purchasing/Telemetry/Metrics using Guid(2f6cffa6702349b8bc20b2986d3145e2) Importer(2089858483,b0f066a214c2f5e87bad3c948f4d605d) (ScriptedImporter) -> (artifact id: 'cb2a96078d5a51fd2cdf2ae78b5ad009') in 0.0107907 seconds
Number of updated asset objects reloaded before import = 0Number of asset objects unloaded after import = 1

========================================================================
Received Import Request.
  Time since last request: 0.000055 seconds.
  path: Packages/com.unity.purchasing/Editor/Authoring/Deployment/RoutingDeployCommand.cs
  artifactKey: Guid(2d929b6587f54254aa16a417535ec15a) Importer(2089858483,b0f066a214c2f5e87bad3c948f4d605d)
Start importing Packages/com.unity.purchasing/Editor/Authoring/Deployment/RoutingDeployCommand.cs using Guid(2d929b6587f54254aa16a417535ec15a) Importer(2089858483,b0f066a214c2f5e87bad3c948f4d605d) (ScriptedImporter) -> (artifact id: 'b5a276fabc8632f37be39d69e6e9b1fc') in 0.0109762 seconds
Number of updated asset objects reloaded before import = 0Number of asset objects unloaded after import = 0

========================================================================
Received Import Request.
  Time since last request: 0.000058 seconds.
  path: Packages/com.unity.purchasing/Runtime/UnityPaymentProviders/Client/Http/UnityWebRequestHelpers.cs
  artifactKey: Guid(532afd1f6fa6a4c0b9d53fed6e0f1b5b) Importer(2089858483,b0f066a214c2f5e87bad3c948f4d605d)
Start importing Packages/com.unity.purchasing/Runtime/UnityPaymentProviders/Client/Http/UnityWebRequestHelpers.cs using Guid(532afd1f6fa6a4c0b9d53fed6e0f1b5b) Importer(2089858483,b0f066a214c2f5e87bad3c948f4d605d) (ScriptedImporter) -> (artifact id: '4d30eeed813a105a123567b1705d0f86') in 0.0088759 seconds
Number of updated asset objects reloaded before import = 0Number of asset objects unloaded after import = 0

========================================================================
Received Import Request.
  Time since last request: 0.000160 seconds.
  path: Packages/com.unity.xr.legacyinputhelpers/Prefabs/XRRig.prefab
  artifactKey: Guid(c116b7497ab8ca34c9188965d4295e27) Importer(2089858483,b0f066a214c2f5e87bad3c948f4d605d)
Start importing Packages/com.unity.xr.legacyinputhelpers/Prefabs/XRRig.prefab using Guid(c116b7497ab8ca34c9188965d4295e27) Importer(2089858483,b0f066a214c2f5e87bad3c948f4d605d) (ScriptedImporter) -> (artifact id: '9f86464f86e42699565c1980a5cf9c40') in 0.0199386 seconds
Number of updated asset objects reloaded before import = 0Number of asset objects unloaded after import = 11

========================================================================
Received Import Request.
  Time since last request: 0.000016 seconds.
  path: Packages/com.unity.purchasing/Editor/Shared/Infrastructure/IO
  artifactKey: Guid(e89e62671fdb4449a53ec986ba56873b) Importer(2089858483,b0f066a214c2f5e87bad3c948f4d605d)
Start importing Packages/com.unity.purchasing/Editor/Shared/Infrastructure/IO using Guid(e89e62671fdb4449a53ec986ba56873b) Importer(2089858483,b0f066a214c2f5e87bad3c948f4d605d) (ScriptedImporter) -> (artifact id: '579088a767f067037819cf372f65da80') in 0.0103423 seconds
Number of updated asset objects reloaded before import = 0Number of asset objects unloaded after import = 1

========================================================================
Received Import Request.
  Time since last request: 0.000060 seconds.
  path: Packages/com.unity.purchasing/Editor/Shared/Infrastructure/IO/PathUtils.Gen.cs
  artifactKey: Guid(dcf8ca0b1b9847478f70ed9ea5650d0d) Importer(2089858483,b0f066a214c2f5e87bad3c948f4d605d)
Start importing Packages/com.unity.purchasing/Editor/Shared/Infrastructure/IO/PathUtils.Gen.cs using Guid(dcf8ca0b1b9847478f70ed9ea5650d0d) Importer(2089858483,b0f066a214c2f5e87bad3c948f4d605d) (ScriptedImporter) -> (artifact id: '2af5457137c4813e712fad6e18b33a3a') in 0.0094993 seconds
Number of updated asset objects reloaded before import = 0Number of asset objects unloaded after import = 0

========================================================================
Received Import Request.
  Time since last request: 0.000099 seconds.
  path: Packages/com.unity.services.analytics/Runtime/Unity.Services.Analytics.asmdef
  artifactKey: Guid(5e0b455853cd340e0813387221dfd501) Importer(2089858483,b0f066a214c2f5e87bad3c948f4d605d)
Start importing Packages/com.unity.services.analytics/Runtime/Unity.Services.Analytics.asmdef using Guid(5e0b455853cd340e0813387221dfd501) Importer(2089858483,b0f066a214c2f5e87bad3c948f4d605d) (ScriptedImporter) -> (artifact id: '9edb727e1ce7eb9899c3186c340ee7ab') in 0.0128221 seconds
Number of updated asset objects reloaded before import = 0Number of asset objects unloaded after import = 1

========================================================================
Received Import Request.
  Time since last request: 0.000047 seconds.
  path: Packages/com.unity.purchasing/Runtime/Stores/XboxStore/Services/IXboxPurchaseService.cs
  artifactKey: Guid(0d581df57a0269a4c944c8927d07814a) Importer(2089858483,b0f066a214c2f5e87bad3c948f4d605d)
Start importing Packages/com.unity.purchasing/Runtime/Stores/XboxStore/Services/IXboxPurchaseService.cs using Guid(0d581df57a0269a4c944c8927d07814a) Importer(2089858483,b0f066a214c2f5e87bad3c948f4d605d) (ScriptedImporter) -> (artifact id: 'cdd9816eca8ad8996e711cf323d20fa3') in 0.0116436 seconds
Number of updated asset objects reloaded before import = 0Number of asset objects unloaded after import = 0

========================================================================
Received Import Request.
  Time since last request: 0.000062 seconds.
  path: Packages/com.unity.purchasing/Runtime/UnityPaymentProviders/Client/Models/OrderRequest.cs
  artifactKey: Guid(a8cd780d635394ffcadbf79858e37844) Importer(2089858483,b0f066a214c2f5e87bad3c948f4d605d)
Start importing Packages/com.unity.purchasing/Runtime/UnityPaymentProviders/Client/Models/OrderRequest.cs using Guid(a8cd780d635394ffcadbf79858e37844) Importer(2089858483,b0f066a214c2f5e87bad3c948f4d605d) (ScriptedImporter) -> (artifact id: '6e3b7de9b6dca20b4c8978588aed86a0') in 0.0109304 seconds
Number of updated asset objects reloaded before import = 0Number of asset objects unloaded after import = 0

========================================================================
Received Import Request.
  Time since last request: 0.000036 seconds.
  path: Packages/com.unity.purchasing/Runtime/UnityLiveContentAdapter/Client/Http/HttpException.cs
  artifactKey: Guid(06b4ca19b45fd4edc986e5d428df3a4b) Importer(2089858483,b0f066a214c2f5e87bad3c948f4d605d)
Start importing Packages/com.unity.purchasing/Runtime/UnityLiveContentAdapter/Client/Http/HttpException.cs using Guid(06b4ca19b45fd4edc986e5d428df3a4b) Importer(2089858483,b0f066a214c2f5e87bad3c948f4d605d) (ScriptedImporter) -> (artifact id: '01af437fd1fba108e3ec81a1294e99fc') in 0.0108404 seconds
Number of updated asset objects reloaded before import = 0Number of asset objects unloaded after import = 0

========================================================================
Received Import Request.
  Time since last request: 0.000046 seconds.
  path: Packages/com.unity.microsoft.gdk/Runtime/XPersistentLocalStorage.cs
  artifactKey: Guid(ac167b15a337e4c44ba6d9c98d9a2c02) Importer(2089858483,b0f066a214c2f5e87bad3c948f4d605d)
Start importing Packages/com.unity.microsoft.gdk/Runtime/XPersistentLocalStorage.cs using Guid(ac167b15a337e4c44ba6d9c98d9a2c02) Importer(2089858483,b0f066a214c2f5e87bad3c948f4d605d) (ScriptedImporter) -> (artifact id: '8831c1bf064ccd5203e4232da0f46d36') in 0.0104492 seconds
Number of updated asset objects reloaded before import = 0Number of asset objects unloaded after import = 0

========================================================================
Received Import Request.
  Time since last request: 0.000056 seconds.
  path: Packages/com.unity.services.core/Editor/Core/Environments/UI/Assets/EnvironmentDropdown.uxml
  artifactKey: Guid(25817525973c443a8af59ddd3933b035) Importer(2089858483,b0f066a214c2f5e87bad3c948f4d605d)
Start importing Packages/com.unity.services.core/Editor/Core/Environments/UI/Assets/EnvironmentDropdown.uxml using Guid(25817525973c443a8af59ddd3933b035) Importer(2089858483,b0f066a214c2f5e87bad3c948f4d605d) (ScriptedImporter) -> (artifact id: '4aeb9004f1795fffc6c5b22cf041c2c7') in 0.0152637 seconds
Number of updated asset objects reloaded before import = 0Number of asset objects unloaded after import = 3

========================================================================
Received Import Request.
  Time since last request: 0.000022 seconds.
  path: Packages/com.unity.ai.navigation/Editor/Updater/NavigationUpdaterEditor.cs
  artifactKey: Guid(582e6909cfc304d93b58ee91d453d156) Importer(2089858483,b0f066a214c2f5e87bad3c948f4d605d)
Start importing Packages/com.unity.ai.navigation/Editor/Updater/NavigationUpdaterEditor.cs using Guid(582e6909cfc304d93b58ee91d453d156) Importer(2089858483,b0f066a214c2f5e87bad3c948f4d605d) (ScriptedImporter) -> (artifact id: '00ab61327f92c21e93463a0690696fdd') in 0.0122567 seconds
Number of updated asset objects reloaded before import = 0Number of asset objects unloaded after import = 0

========================================================================
Received Import Request.
  Time since last request: 0.000060 seconds.
  path: Packages/com.unity.microsoft.gdk/Runtime/XBL/Presence
  artifactKey: Guid(0912c7c1777d436e885bc62b5bbb8220) Importer(2089858483,b0f066a214c2f5e87bad3c948f4d605d)
Start importing Packages/com.unity.microsoft.gdk/Runtime/XBL/Presence using Guid(0912c7c1777d436e885bc62b5bbb8220) Importer(2089858483,b0f066a214c2f5e87bad3c948f4d605d) (ScriptedImporter) -> (artifact id: '1d35c12cd0c9bb8cb3b3c553f411f545') in 0.0112123 seconds
Number of updated asset objects reloaded before import = 0Number of asset objects unloaded after import = 1

========================================================================
Received Import Request.
  Time since last request: 0.000015 seconds.
  path: Packages/com.unity.purchasing/Editor/Authoring/PurchasingAdminApi/Client/Model/CatalogProductDetail.cs
  artifactKey: Guid(7f4bbffb7c3de42ca88fdf38097965ad) Importer(2089858483,b0f066a214c2f5e87bad3c948f4d605d)
Start importing Packages/com.unity.purchasing/Editor/Authoring/PurchasingAdminApi/Client/Model/CatalogProductDetail.cs using Guid(7f4bbffb7c3de42ca88fdf38097965ad) Importer(2089858483,b0f066a214c2f5e87bad3c948f4d605d) (ScriptedImporter) -> (artifact id: '10aff7c8a80998f2ecf23b8cdf7dc565') in 0.0100536 seconds
Number of updated asset objects reloaded before import = 0Number of asset objects unloaded after import = 0

========================================================================
Received Import Request.
  Time since last request: 0.000074 seconds.
  path: Packages/com.unity.microsoft.gdk/Runtime/XGameRuntimeInit.cs
  artifactKey: Guid(4e8d75471f9c0c645aec1dba3c0d2b89) Importer(2089858483,b0f066a214c2f5e87bad3c948f4d605d)
Start importing Packages/com.unity.microsoft.gdk/Runtime/XGameRuntimeInit.cs using Guid(4e8d75471f9c0c645aec1dba3c0d2b89) Importer(2089858483,b0f066a214c2f5e87bad3c948f4d605d) (ScriptedImporter) -> (artifact id: '86c656988be4460b7705ba2067641aad') in 0.0113384 seconds
Number of updated asset objects reloaded before import = 0Number of asset objects unloaded after import = 0

========================================================================
Received Import Request.
  Time since last request: 0.000049 seconds.
  path: Packages/com.unity.microsoft.gdk/Runtime/XBL/Presence/XblPresenceRichPresenceIds.cs
  artifactKey: Guid(4a310e9644b2415e8e523c6d18974c0d) Importer(2089858483,b0f066a214c2f5e87bad3c948f4d605d)
Start importing Packages/com.unity.microsoft.gdk/Runtime/XBL/Presence/XblPresenceRichPresenceIds.cs using Guid(4a310e9644b2415e8e523c6d18974c0d) Importer(2089858483,b0f066a214c2f5e87bad3c948f4d605d) (ScriptedImporter) -> (artifact id: '9f11c6b5043f676bba070ede182307a5') in 0.0089743 seconds
Number of updated asset objects reloaded before import = 0Number of asset objects unloaded after import = 0

========================================================================
Received Import Request.
  Time since last request: 0.000037 seconds.
  path: Packages/com.unity.analytics/Tests/Editor/SocialShareTests.cs
  artifactKey: Guid(811f7f1f5920641c0a9233503492c9ba) Importer(2089858483,b0f066a214c2f5e87bad3c948f4d605d)
Start importing Packages/com.unity.analytics/Tests/Editor/SocialShareTests.cs using Guid(811f7f1f5920641c0a9233503492c9ba) Importer(2089858483,b0f066a214c2f5e87bad3c948f4d605d) (ScriptedImporter) -> (artifact id: 'c3aa8618d7375af83b33f18f821f6da5') in 0.0109786 seconds
Number of updated asset objects reloaded before import = 0Number of asset objects unloaded after import = 0

========================================================================
Received Import Request.
  Time since last request: 0.000061 seconds.
  path: Packages/com.unity.purchasing/Editor/Authoring/Import/Apple/AppleCatalogFetcherConfigDrawer.cs
  artifactKey: Guid(96b6b86882272407289707cc477baf51) Importer(2089858483,b0f066a214c2f5e87bad3c948f4d605d)
Start importing Packages/com.unity.purchasing/Editor/Authoring/Import/Apple/AppleCatalogFetcherConfigDrawer.cs using Guid(96b6b86882272407289707cc477baf51) Importer(2089858483,b0f066a214c2f5e87bad3c948f4d605d) (ScriptedImporter) -> (artifact id: '2d354ddb8c931dedbff3d4286b836d77') in 0.011192 seconds
Number of updated asset objects reloaded before import = 0Number of asset objects unloaded after import = 0

========================================================================
Received Import Request.
  Time since last request: 0.000024 seconds.
  path: Packages/com.unity.services.core/Runtime/Environments/Unity.Services.Core.Environments.asmdef
  artifactKey: Guid(70ea675efa2644cef98c7ece24158333) Importer(2089858483,b0f066a214c2f5e87bad3c948f4d605d)
Start importing Packages/com.unity.services.core/Runtime/Environments/Unity.Services.Core.Environments.asmdef using Guid(70ea675efa2644cef98c7ece24158333) Importer(2089858483,b0f066a214c2f5e87bad3c948f4d605d) (ScriptedImporter) -> (artifact id: '807a5ac3610e86ca590bf360fe6673d4') in 0.0154387 seconds
Number of updated asset objects reloaded before import = 0Number of asset objects unloaded after import = 1

========================================================================
Received Import Request.
  Time since last request: 0.000058 seconds.
  path: Packages/com.unity.purchasing/Runtime/Stores/XboxStore/Services/IXboxFetchProductsService.cs
  artifactKey: Guid(8e45cc522a28cfd4aa6358cdd408610e) Importer(2089858483,b0f066a214c2f5e87bad3c948f4d605d)
Start importing Packages/com.unity.purchasing/Runtime/Stores/XboxStore/Services/IXboxFetchProductsService.cs using Guid(8e45cc522a28cfd4aa6358cdd408610e) Importer(2089858483,b0f066a214c2f5e87bad3c948f4d605d) (ScriptedImporter) -> (artifact id: 'c09702ad38d2db4b8c1f987e22d5315e') in 0.0106828 seconds
Number of updated asset objects reloaded before import = 0Number of asset objects unloaded after import = 0

========================================================================
Received Import Request.
  Time since last request: 0.000052 seconds.
  path: Packages/com.unity.purchasing/Editor/Shared/WebApi/OpenAPIDateConverter.cs
  artifactKey: Guid(64738f8d7b324a5eb536636c7247d3a0) Importer(2089858483,b0f066a214c2f5e87bad3c948f4d605d)
Start importing Packages/com.unity.purchasing/Editor/Shared/WebApi/OpenAPIDateConverter.cs using Guid(64738f8d7b324a5eb536636c7247d3a0) Importer(2089858483,b0f066a214c2f5e87bad3c948f4d605d) (ScriptedImporter) -> (artifact id: '202a465a7d5fea9ba6f6f0faf7e00f58') in 0.0109776 seconds
Number of updated asset objects reloaded before import = 0Number of asset objects unloaded after import = 0

========================================================================
Received Import Request.
  Time since last request: 0.000051 seconds.
  path: Packages/com.unity.purchasing/Runtime/TransactionVerifier/Client/Models/ValidationErrorResponse.cs
  artifactKey: Guid(5685541e7e5f34f309d08b9a27623112) Importer(2089858483,b0f066a214c2f5e87bad3c948f4d605d)
Start importing Packages/com.unity.purchasing/Runtime/TransactionVerifier/Client/Models/ValidationErrorResponse.cs using Guid(5685541e7e5f34f309d08b9a27623112) Importer(2089858483,b0f066a214c2f5e87bad3c948f4d605d) (ScriptedImporter) -> (artifact id: 'dde2ea0555d4dd873a95ccf076ddfc07') in 0.0115634 seconds
Number of updated asset objects reloaded before import = 0Number of asset objects unloaded after import = 0

========================================================================
Received Import Request.
  Time since last request: 0.000037 seconds.
  path: Packages/com.unity.services.core/Editor/Core/Environments/Client/Models/UnityUserOrganizationsV1.cs
  artifactKey: Guid(bd40d4e7b0caa413181d77211ac8ba73) Importer(2089858483,b0f066a214c2f5e87bad3c948f4d605d)
Start importing Packages/com.unity.services.core/Editor/Core/Environments/Client/Models/UnityUserOrganizationsV1.cs using Guid(bd40d4e7b0caa413181d77211ac8ba73) Importer(2089858483,b0f066a214c2f5e87bad3c948f4d605d) (ScriptedImporter) -> (artifact id: 'a6880fe22c9c7a0a2729525b8f976618') in 0.0116006 seconds
Number of updated asset objects reloaded before import = 0Number of asset objects unloaded after import = 0

========================================================================
Received Import Request.
  Time since last request: 0.000079 seconds.
  path: Packages/com.unity.services.core/Runtime/Core.Internal/Registry/PackageRegistry/PackageRegistry.cs
  artifactKey: Guid(9c86c514ae5b03149a2732c3882cad70) Importer(2089858483,b0f066a214c2f5e87bad3c948f4d605d)
Start importing Packages/com.unity.services.core/Runtime/Core.Internal/Registry/PackageRegistry/PackageRegistry.cs using Guid(9c86c514ae5b03149a2732c3882cad70) Importer(2089858483,b0f066a214c2f5e87bad3c948f4d605d) (ScriptedImporter) -> (artifact id: 'e332c36502f1c1463a65c9a46a2e40f7') in 0.0108777 seconds
Number of updated asset objects reloaded before import = 0Number of asset objects unloaded after import = 0

========================================================================
Received Import Request.
  Time since last request: 0.000039 seconds.
  path: Packages/com.unity.services.core/Runtime/Core.Internal/Registry/ComponentRegistry/IComponentRegistry.cs
  artifactKey: Guid(9db1c1b008f772e4394fa51db93b1546) Importer(2089858483,b0f066a214c2f5e87bad3c948f4d605d)
Start importing Packages/com.unity.services.core/Runtime/Core.Internal/Registry/ComponentRegistry/IComponentRegistry.cs using Guid(9db1c1b008f772e4394fa51db93b1546) Importer(2089858483,b0f066a214c2f5e87bad3c948f4d605d) (ScriptedImporter) -> (artifact id: '5ee9be4ec9bf676f952790f34292b657') in 0.0118982 seconds
Number of updated asset objects reloaded before import = 0Number of asset objects unloaded after import = 0

========================================================================
Received Import Request.
  Time since last request: 0.000054 seconds.
  path: Packages/com.unity.analytics/Plugins
  artifactKey: Guid(71e1652fdff664f9bb0ae9e0327b0d90) Importer(2089858483,b0f066a214c2f5e87bad3c948f4d605d)
Start importing Packages/com.unity.analytics/Plugins using Guid(71e1652fdff664f9bb0ae9e0327b0d90) Importer(2089858483,b0f066a214c2f5e87bad3c948f4d605d) (ScriptedImporter) -> (artifact id: '8c4649f6f45e5fd7cb228a406aaafb40') in 0.0091011 seconds
Number of updated asset objects reloaded before import = 0Number of asset objects unloaded after import = 1

========================================================================
Received Import Request.
  Time since last request: 0.000053 seconds.
  path: Packages/com.unity.purchasing/Editor/Authoring/PurchasingAdminApi/Client/Model/CodaPayConfigurationRequest.cs
  artifactKey: Guid(3a0724e34ead0489a8ac2ba2284fc2fb) Importer(2089858483,b0f066a214c2f5e87bad3c948f4d605d)
Start importing Packages/com.unity.purchasing/Editor/Authoring/PurchasingAdminApi/Client/Model/CodaPayConfigurationRequest.cs using Guid(3a0724e34ead0489a8ac2ba2284fc2fb) Importer(2089858483,b0f066a214c2f5e87bad3c948f4d605d) (ScriptedImporter) -> (artifact id: '70a4b11dc50cda5985546bed395d062b') in 0.0098008 seconds
Number of updated asset objects reloaded before import = 0Number of asset objects unloaded after import = 0

========================================================================
Received Import Request.
  Time since last request: 0.000076 seconds.
  path: Packages/com.unity.purchasing/Runtime/Purchasing/Core/Store/Android/GooglePlay/Extensions/UseCases/Interfaces/IGooglePlayStoreSetObfuscatedIdUseCase.cs
  artifactKey: Guid(9397871893c445fe8ebe82c67aa0504f) Importer(2089858483,b0f066a214c2f5e87bad3c948f4d605d)
Start importing Packages/com.unity.purchasing/Runtime/Purchasing/Core/Store/Android/GooglePlay/Extensions/UseCases/Interfaces/IGooglePlayStoreSetObfuscatedIdUseCase.cs using Guid(9397871893c445fe8ebe82c67aa0504f) Importer(2089858483,b0f066a214c2f5e87bad3c948f4d605d) (ScriptedImporter) -> (artifact id: 'b122c5dc8333e419cff68ba9d14a4465') in 0.0105779 seconds
Number of updated asset objects reloaded before import = 0Number of asset objects unloaded after import = 0

========================================================================
Received Import Request.
  Time since last request: 0.000017 seconds.
  path: Packages/com.unity.purchasing/Editor/Authoring/Deployment/CatalogDashboardUrlResolver.cs
  artifactKey: Guid(067580a68b3abe440a00cde9c2d03b3d) Importer(2089858483,b0f066a214c2f5e87bad3c948f4d605d)
Start importing Packages/com.unity.purchasing/Editor/Authoring/Deployment/CatalogDashboardUrlResolver.cs using Guid(067580a68b3abe440a00cde9c2d03b3d) Importer(2089858483,b0f066a214c2f5e87bad3c948f4d605d) (ScriptedImporter) -> (artifact id: '92874199d0a08701f88789917352eb3c') in 0.0113976 seconds
Number of updated asset objects reloaded before import = 0Number of asset objects unloaded after import = 0

========================================================================
Received Import Request.
  Time since last request: 0.000078 seconds.
  path: Packages/com.unity.purchasing/Runtime/Purchasing/Core/Purchasing/Models/OrderInfo.cs
  artifactKey: Guid(ce8e7bc3d33342b193947e31b9db9244) Importer(2089858483,b0f066a214c2f5e87bad3c948f4d605d)
Start importing Packages/com.unity.purchasing/Runtime/Purchasing/Core/Purchasing/Models/OrderInfo.cs using Guid(ce8e7bc3d33342b193947e31b9db9244) Importer(2089858483,b0f066a214c2f5e87bad3c948f4d605d) (ScriptedImporter) -> (artifact id: '3dc109d766255abb47c76611e5db9a14') in 0.0114002 seconds
Number of updated asset objects reloaded before import = 0Number of asset objects unloaded after import = 0

========================================================================
Received Import Request.
  Time since last request: 0.000082 seconds.
  path: Packages/com.unity.microsoft.gdk.discovery/Editor/GdkVersion.cs
  artifactKey: Guid(52c13f6f4d4d4fe19476769471ae3e17) Importer(2089858483,b0f066a214c2f5e87bad3c948f4d605d)
Start importing Packages/com.unity.microsoft.gdk.discovery/Editor/GdkVersion.cs using Guid(52c13f6f4d4d4fe19476769471ae3e17) Importer(2089858483,b0f066a214c2f5e87bad3c948f4d605d) (ScriptedImporter) -> (artifact id: 'ace82e5cb9d815380a0e528244a8bafb') in 0.0109902 seconds
Number of updated asset objects reloaded before import = 0Number of asset objects unloaded after import = 0

========================================================================
Received Import Request.
  Time since last request: 2.016246 seconds.
  path: Packages/com.unity.services.core/Editor/Core/EditorGameService
  artifactKey: Guid(9ca68cb91190f469da4ed874ef657802) Importer(2089858483,b0f066a214c2f5e87bad3c948f4d605d)
Start importing Packages/com.unity.services.core/Editor/Core/EditorGameService using Guid(9ca68cb91190f469da4ed874ef657802) Importer(2089858483,b0f066a214c2f5e87bad3c948f4d605d) (ScriptedImporter) -> (artifact id: '05b87a6d121b164ba1448f80ff22ac5a') in 0.0116774 seconds
Number of updated asset objects reloaded before import = 0Number of asset objects unloaded after import = 1

========================================================================
Received Import Request.
  Time since last request: 0.000034 seconds.
  path: Packages/com.unity.purchasing/Editor/Authoring/PurchasingAdminApi/Client/Model/EnvironmentEntityNotFoundErrorResponse.cs
  artifactKey: Guid(71000f9ff12b848be8d9180afe001f6c) Importer(2089858483,b0f066a214c2f5e87bad3c948f4d605d)
Start importing Packages/com.unity.purchasing/Editor/Authoring/PurchasingAdminApi/Client/Model/EnvironmentEntityNotFoundErrorResponse.cs using Guid(71000f9ff12b848be8d9180afe001f6c) Importer(2089858483,b0f066a214c2f5e87bad3c948f4d605d) (ScriptedImporter) -> (artifact id: 'af927fc7ca500489c36b80eb4c85d788') in 0.0137972 seconds
Number of updated asset objects reloaded before import = 0Number of asset objects unloaded after import = 0

========================================================================
Received Import Request.
  Time since last request: 0.000034 seconds.
  path: Packages/com.unity.purchasing/Runtime/Purchasing/Core/Purchasing/CartValidation/SingleQuantityCartValidator.cs
  artifactKey: Guid(32811bf9e8564966bf57bd7ca946787a) Importer(2089858483,b0f066a214c2f5e87bad3c948f4d605d)
Start importing Packages/com.unity.purchasing/Runtime/Purchasing/Core/Purchasing/CartValidation/SingleQuantityCartValidator.cs using Guid(32811bf9e8564966bf57bd7ca946787a) Importer(2089858483,b0f066a214c2f5e87bad3c948f4d605d) (ScriptedImporter) -> (artifact id: '176b0e833ef4c84b7a811b13a829f276') in 0.011292 seconds
Number of updated asset objects reloaded before import = 0Number of asset objects unloaded after import = 0

========================================================================
Received Import Request.
  Time since last request: 0.000072 seconds.
  path: Packages/com.unity.microsoft.gdk/Editor/GdkAssemblyImporter.cs
  artifactKey: Guid(704e67be0e834aac9fc55d9992d46080) Importer(2089858483,b0f066a214c2f5e87bad3c948f4d605d)
Start importing Packages/com.unity.microsoft.gdk/Editor/GdkAssemblyImporter.cs using Guid(704e67be0e834aac9fc55d9992d46080) Importer(2089858483,b0f066a214c2f5e87bad3c948f4d605d) (ScriptedImporter) -> (artifact id: '1955f7558952ca30ed1f5643f4a8b10c') in 0.011512 seconds
Number of updated asset objects reloaded before import = 0Number of asset objects unloaded after import = 0

========================================================================
Received Import Request.
  Time since last request: 0.000067 seconds.
  path: Packages/com.unity.services.core/Editor/Core/UiHelpers/SliderToggleUiHelper.cs
  artifactKey: Guid(3fc1d3bc5abf4373a2790806fb95828b) Importer(2089858483,b0f066a214c2f5e87bad3c948f4d605d)
Start importing Packages/com.unity.services.core/Editor/Core/UiHelpers/SliderToggleUiHelper.cs using Guid(3fc1d3bc5abf4373a2790806fb95828b) Importer(2089858483,b0f066a214c2f5e87bad3c948f4d605d) (ScriptedImporter) -> (artifact id: '0ec5636b0aa1a5ca8eec7e15792b81c9') in 0.0119618 seconds
Number of updated asset objects reloaded before import = 0Number of asset objects unloaded after import = 0

========================================================================
Received Import Request.
  Time since last request: 0.000058 seconds.
  path: Packages/com.unity.microsoft.gdk/Runtime/Interop/XBL/Multiplayer/XblMultiplayerActivityDetails.cs
  artifactKey: Guid(c049351263f5ff04ea7825aa34348629) Importer(2089858483,b0f066a214c2f5e87bad3c948f4d605d)
Start importing Packages/com.unity.microsoft.gdk/Runtime/Interop/XBL/Multiplayer/XblMultiplayerActivityDetails.cs using Guid(c049351263f5ff04ea7825aa34348629) Importer(2089858483,b0f066a214c2f5e87bad3c948f4d605d) (ScriptedImporter) -> (artifact id: '45a17490c1c5277d326503eb17ac21ab') in 0.012784 seconds
Number of updated asset objects reloaded before import = 0Number of asset objects unloaded after import = 0

========================================================================
Received Import Request.
  Time since last request: 0.000079 seconds.
  path: Packages/com.unity.services.deployment.api/Editor/DeploymentWindowApi/IProjectIdentifierProvider.cs
  artifactKey: Guid(6ef4a8e694154dc196fe55623457504f) Importer(2089858483,b0f066a214c2f5e87bad3c948f4d605d)
Start importing Packages/com.unity.services.deployment.api/Editor/DeploymentWindowApi/IProjectIdentifierProvider.cs using Guid(6ef4a8e694154dc196fe55623457504f) Importer(2089858483,b0f066a214c2f5e87bad3c948f4d605d) (ScriptedImporter) -> (artifact id: 'acc20d8f5d2d0122ce36bae592786f85') in 0.0086817 seconds
Number of updated asset objects reloaded before import = 0Number of asset objects unloaded after import = 0

========================================================================
Received Import Request.
  Time since last request: 0.000019 seconds.
  path: Packages/com.unity.purchasing/Runtime/Stores/Android/GooglePlay/AAR/Listeners/BillingClientStateListener.cs
  artifactKey: Guid(9cd0370f944cc4b7d852118dde761cf3) Importer(2089858483,b0f066a214c2f5e87bad3c948f4d605d)
Start importing Packages/com.unity.purchasing/Runtime/Stores/Android/GooglePlay/AAR/Listeners/BillingClientStateListener.cs using Guid(9cd0370f944cc4b7d852118dde761cf3) Importer(2089858483,b0f066a214c2f5e87bad3c948f4d605d) (ScriptedImporter) -> (artifact id: '51d84433f434c27e2c16d03d177d33c0') in 0.0100021 seconds
Number of updated asset objects reloaded before import = 0Number of asset objects unloaded after import = 0

========================================================================
Received Import Request.
  Time since last request: 0.000028 seconds.
  path: Packages/com.unity.services.deployment.api/LICENSE.md
  artifactKey: Guid(2ee706535ad3924449a3b7824c468ab2) Importer(2089858483,b0f066a214c2f5e87bad3c948f4d605d)
Start importing Packages/com.unity.services.deployment.api/LICENSE.md using Guid(2ee706535ad3924449a3b7824c468ab2) Importer(2089858483,b0f066a214c2f5e87bad3c948f4d605d) (ScriptedImporter) -> (artifact id: '15e72816835912e722103c62e32a8018') in 0.0121462 seconds
Number of updated asset objects reloaded before import = 0Number of asset objects unloaded after import = 1

========================================================================
Received Import Request.
  Time since last request: 0.000018 seconds.
  path: Packages/com.unity.services.core/Runtime/Core/CommonErrorCodes.cs
  artifactKey: Guid(8d4cfc84a4b414bb998fc192e3c3efff) Importer(2089858483,b0f066a214c2f5e87bad3c948f4d605d)
Start importing Packages/com.unity.services.core/Runtime/Core/CommonErrorCodes.cs using Guid(8d4cfc84a4b414bb998fc192e3c3efff) Importer(2089858483,b0f066a214c2f5e87bad3c948f4d605d) (ScriptedImporter) -> (artifact id: '7100b298baf93bd86ba40e81f782ab06') in 0.008428 seconds
Number of updated asset objects reloaded before import = 0Number of asset objects unloaded after import = 0

========================================================================
Received Import Request.
  Time since last request: 0.000080 seconds.
  path: Packages/com.unity.purchasing/Runtime/TransactionVerifier/Client/Http/IsolatedJsonConvert.cs
  artifactKey: Guid(016933e0736d8409da5102ec142ac8c7) Importer(2089858483,b0f066a214c2f5e87bad3c948f4d605d)
Start importing Packages/com.unity.purchasing/Runtime/TransactionVerifier/Client/Http/IsolatedJsonConvert.cs using Guid(016933e0736d8409da5102ec142ac8c7) Importer(2089858483,b0f066a214c2f5e87bad3c948f4d605d) (ScriptedImporter) -> (artifact id: '29450846d19ad2017b8ab069af72c10d') in 0.0126464 seconds
Number of updated asset objects reloaded before import = 0Number of asset objects unloaded after import = 0

========================================================================
Received Import Request.
  Time since last request: 0.000076 seconds.
  path: Packages/com.unity.ai.navigation/Editor/Updater/OffMeshLinkConverter.cs
  artifactKey: Guid(202accd362464ac0b604bb6d336eb8aa) Importer(2089858483,b0f066a214c2f5e87bad3c948f4d605d)
Start importing Packages/com.unity.ai.navigation/Editor/Updater/OffMeshLinkConverter.cs using Guid(202accd362464ac0b604bb6d336eb8aa) Importer(2089858483,b0f066a214c2f5e87bad3c948f4d605d) (ScriptedImporter) -> (artifact id: '8779263601d4215cf2a7a6849987b2cf') in 0.0098984 seconds
Number of updated asset objects reloaded before import = 0Number of asset objects unloaded after import = 0

========================================================================
Received Import Request.
  Time since last request: 0.000048 seconds.
  path: Packages/com.unity.purchasing/Runtime/Stores/Data/Insights/PurchaseEventEmitter.cs
  artifactKey: Guid(b952452f2d03472787933f781b694264) Importer(2089858483,b0f066a214c2f5e87bad3c948f4d605d)
Start importing Packages/com.unity.purchasing/Runtime/Stores/Data/Insights/PurchaseEventEmitter.cs using Guid(b952452f2d03472787933f781b694264) Importer(2089858483,b0f066a214c2f5e87bad3c948f4d605d) (ScriptedImporter) -> (artifact id: '9f3cd8cc52f6e034c3748d7bac80e2ac') in 0.0091898 seconds
Number of updated asset objects reloaded before import = 0Number of asset objects unloaded after import = 0

========================================================================
Received Import Request.
  Time since last request: 0.000031 seconds.
  path: Packages/com.unity.services.deployment/Core/Glob/Matcher.Gen.cs
  artifactKey: Guid(ee042e37c6e204e7998de4ebceb06219) Importer(2089858483,b0f066a214c2f5e87bad3c948f4d605d)
Start importing Packages/com.unity.services.deployment/Core/Glob/Matcher.Gen.cs using Guid(ee042e37c6e204e7998de4ebceb06219) Importer(2089858483,b0f066a214c2f5e87bad3c948f4d605d) (ScriptedImporter) -> (artifact id: '963461d3f7c19f8e9eec45af8cd3cad6') in 0.0102741 seconds
Number of updated asset objects reloaded before import = 0Number of asset objects unloaded after import = 0

========================================================================
Received Import Request.
  Time since last request: 0.000073 seconds.
  path: Packages/com.unity.services.core/Runtime/Core/AssemblyInfo.cs
  artifactKey: Guid(a1ab09d0b3276c44dadbef4b90e85ccf) Importer(2089858483,b0f066a214c2f5e87bad3c948f4d605d)
Start importing Packages/com.unity.services.core/Runtime/Core/AssemblyInfo.cs using Guid(a1ab09d0b3276c44dadbef4b90e85ccf) Importer(2089858483,b0f066a214c2f5e87bad3c948f4d605d) (ScriptedImporter) -> (artifact id: 'b53f4236bd1ab9feb413a283610b1e6b') in 0.0110081 seconds
Number of updated asset objects reloaded before import = 0Number of asset objects unloaded after import = 0

========================================================================
Received Import Request.
  Time since last request: 0.000030 seconds.
  path: Packages/com.unity.ai.navigation/EditorResources/Overlay/NavigationOverlay On@64.png
  artifactKey: Guid(151753cf3d5916d4fbf624668c268675) Importer(2089858483,b0f066a214c2f5e87bad3c948f4d605d)
Start importing Packages/com.unity.ai.navigation/EditorResources/Overlay/NavigationOverlay On@64.png using Guid(151753cf3d5916d4fbf624668c268675) Importer(2089858483,b0f066a214c2f5e87bad3c948f4d605d) (ScriptedImporter) -> (artifact id: 'f093acc087c67d349171e6a56a6aa6d6') in 0.014605 seconds
Number of updated asset objects reloaded before import = 0Number of asset objects unloaded after import = 1

========================================================================
Received Import Request.
  Time since last request: 0.000030 seconds.
  path: Packages/com.unity.services.core/Editor/Core/Environments/Unity.Services.Core.Environments.Editor.asmdef
  artifactKey: Guid(9e6ed7d51349b45518022aa545ab7e0b) Importer(2089858483,b0f066a214c2f5e87bad3c948f4d605d)
Start importing Packages/com.unity.services.core/Editor/Core/Environments/Unity.Services.Core.Environments.Editor.asmdef using Guid(9e6ed7d51349b45518022aa545ab7e0b) Importer(2089858483,b0f066a214c2f5e87bad3c948f4d605d) (ScriptedImporter) -> (artifact id: 'b9c30ef4156864ca28bb0165ca585b5c') in 0.0096806 seconds
Number of updated asset objects reloaded before import = 0Number of asset objects unloaded after import = 1

========================================================================
Received Import Request.
  Time since last request: 0.000045 seconds.
  path: Packages/com.unity.purchasing/Runtime/UnityPaymentProviders/Client/Http/JsonObject.cs
  artifactKey: Guid(7a7f8c1da10a6464ca2374200e9dd694) Importer(2089858483,b0f066a214c2f5e87bad3c948f4d605d)
Start importing Packages/com.unity.purchasing/Runtime/UnityPaymentProviders/Client/Http/JsonObject.cs using Guid(7a7f8c1da10a6464ca2374200e9dd694) Importer(2089858483,b0f066a214c2f5e87bad3c948f4d605d) (ScriptedImporter) -> (artifact id: 'd85cd34efc8d7c02ad1051318009a601') in 0.0113457 seconds
Number of updated asset objects reloaded before import = 0Number of asset objects unloaded after import = 0

========================================================================
Received Import Request.
  Time since last request: 0.000064 seconds.
  path: Packages/com.unity.purchasing/Runtime/Purchasing/Legacy/Configurations/GooglePlayConfiguration.cs
  artifactKey: Guid(f93a4cbf55c24bed8890b495eb9458b0) Importer(2089858483,b0f066a214c2f5e87bad3c948f4d605d)
Start importing Packages/com.unity.purchasing/Runtime/Purchasing/Legacy/Configurations/GooglePlayConfiguration.cs using Guid(f93a4cbf55c24bed8890b495eb9458b0) Importer(2089858483,b0f066a214c2f5e87bad3c948f4d605d) (ScriptedImporter) -> (artifact id: '8ebf2ea1a4197aa96feb1499ea31e94c') in 0.0124889 seconds
Number of updated asset objects reloaded before import = 0Number of asset objects unloaded after import = 0

========================================================================
Received Import Request.
  Time since last request: 0.000069 seconds.
  path: Packages/com.unity.purchasing/Editor/Shared/WebApi/Network/RetryPolicy.cs
  artifactKey: Guid(52b50a88b33c462ea21c267155468fc0) Importer(2089858483,b0f066a214c2f5e87bad3c948f4d605d)
Start importing Packages/com.unity.purchasing/Editor/Shared/WebApi/Network/RetryPolicy.cs using Guid(52b50a88b33c462ea21c267155468fc0) Importer(2089858483,b0f066a214c2f5e87bad3c948f4d605d) (ScriptedImporter) -> (artifact id: '4829fa258ce3e1291460ee55b7ef795f') in 0.0114346 seconds
Number of updated asset objects reloaded before import = 0Number of asset objects unloaded after import = 0

========================================================================
Received Import Request.
  Time since last request: 0.000060 seconds.
  path: Packages/com.unity.services.deployment.api/Editor/DeploymentWindowApi/DeploymentStatus.cs
  artifactKey: Guid(dbefa44324cbb104d8e782bdd72d6c80) Importer(2089858483,b0f066a214c2f5e87bad3c948f4d605d)
Start importing Packages/com.unity.services.deployment.api/Editor/DeploymentWindowApi/DeploymentStatus.cs using Guid(dbefa44324cbb104d8e782bdd72d6c80) Importer(2089858483,b0f066a214c2f5e87bad3c948f4d605d) (ScriptedImporter) -> (artifact id: '575ebc6e6a000d3dc36ce663d5e297a0') in 0.0102721 seconds
Number of updated asset objects reloaded before import = 0Number of asset objects unloaded after import = 0

========================================================================
Received Import Request.
  Time since last request: 0.000021 seconds.
  path: Packages/com.unity.purchasing/Runtime/Purchasing/Core/Purchasing/Models/Cart.cs
  artifactKey: Guid(edcf2d609f234345bfde4fcb41b26e87) Importer(2089858483,b0f066a214c2f5e87bad3c948f4d605d)
Start importing Packages/com.unity.purchasing/Runtime/Purchasing/Core/Purchasing/Models/Cart.cs using Guid(edcf2d609f234345bfde4fcb41b26e87) Importer(2089858483,b0f066a214c2f5e87bad3c948f4d605d) (ScriptedImporter) -> (artifact id: '073a77ffbff3609c157bbf9c8c8ab467') in 0.0115503 seconds
Number of updated asset objects reloaded before import = 0Number of asset objects unloaded after import = 0

========================================================================
Received Import Request.
  Time since last request: 0.000080 seconds.
  path: Packages/com.unity.microsoft.gdk/Runtime/XRegistrationToken.cs
  artifactKey: Guid(2ab0beed5ee14b838120e7b144fcbfce) Importer(2089858483,b0f066a214c2f5e87bad3c948f4d605d)
Start importing Packages/com.unity.microsoft.gdk/Runtime/XRegistrationToken.cs using Guid(2ab0beed5ee14b838120e7b144fcbfce) Importer(2089858483,b0f066a214c2f5e87bad3c948f4d605d) (ScriptedImporter) -> (artifact id: 'c8bceb5b36ed5991e46585b473893cfb') in 0.0103778 seconds
Number of updated asset objects reloaded before import = 0Number of asset objects unloaded after import = 0

========================================================================
Received Import Request.
  Time since last request: 0.000036 seconds.
  path: Packages/com.unity.purchasing/Editor/ServiceProjectSettings/PurchasingSettingsKeywords.cs
  artifactKey: Guid(c1155bf223700644a94537d5d3361255) Importer(2089858483,b0f066a214c2f5e87bad3c948f4d605d)
Start importing Packages/com.unity.purchasing/Editor/ServiceProjectSettings/PurchasingSettingsKeywords.cs using Guid(c1155bf223700644a94537d5d3361255) Importer(2089858483,b0f066a214c2f5e87bad3c948f4d605d) (ScriptedImporter) -> (artifact id: 'd4d8518f8850baa5334ee20631670913') in 0.0101653 seconds
Number of updated asset objects reloaded before import = 0Number of asset objects unloaded after import = 0

========================================================================
Received Import Request.
  Time since last request: 0.000064 seconds.
  path: Packages/com.unity.services.core/Runtime/Core.Internal/Registry/PackageRegistry/IPackageRegistry.cs
  artifactKey: Guid(597e95edbcb55894cae900ca1f8ef097) Importer(2089858483,b0f066a214c2f5e87bad3c948f4d605d)
Start importing Packages/com.unity.services.core/Runtime/Core.Internal/Registry/PackageRegistry/IPackageRegistry.cs using Guid(597e95edbcb55894cae900ca1f8ef097) Importer(2089858483,b0f066a214c2f5e87bad3c948f4d605d) (ScriptedImporter) -> (artifact id: 'b8efbdf34e5a0205171c5b33fdfcb4bc') in 0.0111687 seconds
Number of updated asset objects reloaded before import = 0Number of asset objects unloaded after import = 0

========================================================================
Received Import Request.
  Time since last request: 0.000019 seconds.
  path: Packages/com.unity.microsoft.gdk/Runtime/Interop/XBL/MultiplayerActivity/XblMultiplayerActivityInterop.cs
  artifactKey: Guid(7d9a2dc0b52e3fd4196d9c136befc1fd) Importer(2089858483,b0f066a214c2f5e87bad3c948f4d605d)
Start importing Packages/com.unity.microsoft.gdk/Runtime/Interop/XBL/MultiplayerActivity/XblMultiplayerActivityInterop.cs using Guid(7d9a2dc0b52e3fd4196d9c136befc1fd) Importer(2089858483,b0f066a214c2f5e87bad3c948f4d605d) (ScriptedImporter) -> (artifact id: 'b5b025a1e585ef0f54fb0062fc21f908') in 0.0092165 seconds
Number of updated asset objects reloaded before import = 0Number of asset objects unloaded after import = 0

========================================================================
Received Import Request.
  Time since last request: 0.000070 seconds.
  path: Packages/com.unity.analytics/Tests/Editor/AnalyticsEventTests.cs
  artifactKey: Guid(b5366b8adc0f44b3c9cb261a3f752d7a) Importer(2089858483,b0f066a214c2f5e87bad3c948f4d605d)
Start importing Packages/com.unity.analytics/Tests/Editor/AnalyticsEventTests.cs using Guid(b5366b8adc0f44b3c9cb261a3f752d7a) Importer(2089858483,b0f066a214c2f5e87bad3c948f4d605d) (ScriptedImporter) -> (artifact id: '807487ed946fd74a5cba0e54a539fcf4') in 0.0135803 seconds
Number of updated asset objects reloaded before import = 0Number of asset objects unloaded after import = 0

========================================================================
Received Import Request.
  Time since last request: 0.000038 seconds.
  path: Packages/com.unity.analytics/Tests
  artifactKey: Guid(7a573b834e2608c4f982daf527bdb47a) Importer(2089858483,b0f066a214c2f5e87bad3c948f4d605d)
Start importing Packages/com.unity.analytics/Tests using Guid(7a573b834e2608c4f982daf527bdb47a) Importer(2089858483,b0f066a214c2f5e87bad3c948f4d605d) (ScriptedImporter) -> (artifact id: '86bc0b8e8ddd77a20d5cdfc26a220eb0') in 0.010775 seconds
Number of updated asset objects reloaded before import = 0Number of asset objects unloaded after import = 1

========================================================================
Received Import Request.
  Time since last request: 0.000047 seconds.
  path: Packages/com.unity.microsoft.gdk/Runtime/Interop/XBL/MultiplayerActivity/XblMultiplayerActivityInfo.cs
  artifactKey: Guid(aa59401405591ae459b0f620652819b7) Importer(2089858483,b0f066a214c2f5e87bad3c948f4d605d)
Start importing Packages/com.unity.microsoft.gdk/Runtime/Interop/XBL/MultiplayerActivity/XblMultiplayerActivityInfo.cs using Guid(aa59401405591ae459b0f620652819b7) Importer(2089858483,b0f066a214c2f5e87bad3c948f4d605d) (ScriptedImporter) -> (artifact id: '9acde396ae56bacfd5e44bc96d76d80f') in 0.011613 seconds
Number of updated asset objects reloaded before import = 0Number of asset objects unloaded after import = 0

========================================================================
Received Import Request.
  Time since last request: 0.000049 seconds.
  path: Packages/com.unity.xr.legacyinputhelpers/README.md
  artifactKey: Guid(67414a882cddb8f43a0c083553468ae4) Importer(2089858483,b0f066a214c2f5e87bad3c948f4d605d)
Start importing Packages/com.unity.xr.legacyinputhelpers/README.md using Guid(67414a882cddb8f43a0c083553468ae4) Importer(2089858483,b0f066a214c2f5e87bad3c948f4d605d) (ScriptedImporter) -> (artifact id: 'd54d20c7a87ad4aeda566dfbe8db83a9') in 0.0110114 seconds
Number of updated asset objects reloaded before import = 0Number of asset objects unloaded after import = 1

========================================================================
Received Import Request.
  Time since last request: 0.000016 seconds.
  path: Packages/com.unity.ai.navigation/Editor/ConversionSystem/AssemblyInfo.cs
  artifactKey: Guid(a86108f91b07e4fe3b5cd8fedc9f1797) Importer(2089858483,b0f066a214c2f5e87bad3c948f4d605d)
Start importing Packages/com.unity.ai.navigation/Editor/ConversionSystem/AssemblyInfo.cs using Guid(a86108f91b07e4fe3b5cd8fedc9f1797) Importer(2089858483,b0f066a214c2f5e87bad3c948f4d605d) (ScriptedImporter) -> (artifact id: '8d19362927b544723a3eb38b29baed5c') in 0.0115235 seconds
Number of updated asset objects reloaded before import = 0Number of asset objects unloaded after import = 0

========================================================================
Received Import Request.
  Time since last request: 0.000039 seconds.
  path: Packages/com.unity.purchasing/Runtime/Purchasing/Core/Retries/Interfaces/IRetryPolicyInformation.cs
  artifactKey: Guid(1a05f7ab21af494eb9581ed100870318) Importer(2089858483,b0f066a214c2f5e87bad3c948f4d605d)
Start importing Packages/com.unity.purchasing/Runtime/Purchasing/Core/Retries/Interfaces/IRetryPolicyInformation.cs using Guid(1a05f7ab21af494eb9581ed100870318) Importer(2089858483,b0f066a214c2f5e87bad3c948f4d605d) (ScriptedImporter) -> (artifact id: 'd32f28d316573fedc3c6e84d22b0fe6c') in 0.0123588 seconds
Number of updated asset objects reloaded before import = 0Number of asset objects unloaded after import = 0

========================================================================
Received Import Request.
  Time since last request: 0.000055 seconds.
  path: Packages/com.unity.ai.navigation/Editor/Updater
  artifactKey: Guid(aaa4efef82a9346dba667d74ff3d5075) Importer(2089858483,b0f066a214c2f5e87bad3c948f4d605d)
Start importing Packages/com.unity.ai.navigation/Editor/Updater using Guid(aaa4efef82a9346dba667d74ff3d5075) Importer(2089858483,b0f066a214c2f5e87bad3c948f4d605d) (ScriptedImporter) -> (artifact id: '5c83afc9f20d6ddd939302e63b569676') in 0.0086059 seconds
Number of updated asset objects reloaded before import = 0Number of asset objects unloaded after import = 1

========================================================================
Received Import Request.
  Time since last request: 0.000054 seconds.
  path: Packages/com.unity.purchasing/Runtime/UnityPaymentProviders/Client/Models/LinkOutSessionRegisterRequest.cs
  artifactKey: Guid(bd7a40ac99b0c44aba809cd216145907) Importer(2089858483,b0f066a214c2f5e87bad3c948f4d605d)
Start importing Packages/com.unity.purchasing/Runtime/UnityPaymentProviders/Client/Models/LinkOutSessionRegisterRequest.cs using Guid(bd7a40ac99b0c44aba809cd216145907) Importer(2089858483,b0f066a214c2f5e87bad3c948f4d605d) (ScriptedImporter) -> (artifact id: '1c12c5b199598d6c44e1ad6b7694b3ce') in 0.0121083 seconds
Number of updated asset objects reloaded before import = 0Number of asset objects unloaded after import = 0

========================================================================
Received Import Request.
  Time since last request: 0.000077 seconds.
  path: Packages/com.unity.microsoft.gdk/Tests/PlayModeTests/XSystemTests.cs
  artifactKey: Guid(baef56dc47c1f364cad2e6b94520e62f) Importer(2089858483,b0f066a214c2f5e87bad3c948f4d605d)
Start importing Packages/com.unity.microsoft.gdk/Tests/PlayModeTests/XSystemTests.cs using Guid(baef56dc47c1f364cad2e6b94520e62f) Importer(2089858483,b0f066a214c2f5e87bad3c948f4d605d) (ScriptedImporter) -> (artifact id: '67541585c9b74f87c26d6648809220e4') in 0.0116226 seconds
Number of updated asset objects reloaded before import = 0Number of asset objects unloaded after import = 0

========================================================================
Received Import Request.
  Time since last request: 0.000045 seconds.
  path: Packages/com.unity.microsoft.gdk/Runtime/Interop/XBL/Multiplayer/XblMultiplayerSessionTag.cs
  artifactKey: Guid(f7cbdc33d750b7a4ebad9779876883aa) Importer(2089858483,b0f066a214c2f5e87bad3c948f4d605d)
Start importing Packages/com.unity.microsoft.gdk/Runtime/Interop/XBL/Multiplayer/XblMultiplayerSessionTag.cs using Guid(f7cbdc33d750b7a4ebad9779876883aa) Importer(2089858483,b0f066a214c2f5e87bad3c948f4d605d) (ScriptedImporter) -> (artifact id: '6fb4fd61bacf7b2ee2124f6d9d77e39b') in 0.0096958 seconds
Number of updated asset objects reloaded before import = 0Number of asset objects unloaded after import = 0

========================================================================
Received Import Request.
  Time since last request: 0.000035 seconds.
  path: Packages/com.unity.services.core/Editor/Core/EditorGameService/EditorGameServiceSettingsProvider.cs
  artifactKey: Guid(e760c9eec49d4aa7b08cc920e45222d9) Importer(2089858483,b0f066a214c2f5e87bad3c948f4d605d)
Start importing Packages/com.unity.services.core/Editor/Core/EditorGameService/EditorGameServiceSettingsProvider.cs using Guid(e760c9eec49d4aa7b08cc920e45222d9) Importer(2089858483,b0f066a214c2f5e87bad3c948f4d605d) (ScriptedImporter) -> (artifact id: 'dc7ccb2b153aa4b1904b9a045864b62c') in 0.0126565 seconds
Number of updated asset objects reloaded before import = 0Number of asset objects unloaded after import = 0

========================================================================
Received Import Request.
  Time since last request: 0.000021 seconds.
  path: Packages/com.unity.purchasing/Runtime/TransactionVerifier/Client/Http/Responses.cs
  artifactKey: Guid(c51083475a98047f18939bf0ad7fd2a1) Importer(2089858483,b0f066a214c2f5e87bad3c948f4d605d)
Start importing Packages/com.unity.purchasing/Runtime/TransactionVerifier/Client/Http/Responses.cs using Guid(c51083475a98047f18939bf0ad7fd2a1) Importer(2089858483,b0f066a214c2f5e87bad3c948f4d605d) (ScriptedImporter) -> (artifact id: 'bc953c45463756b4fa091252cfc24798') in 0.0118079 seconds
Number of updated asset objects reloaded before import = 0Number of asset objects unloaded after import = 0

========================================================================
Received Import Request.
  Time since last request: 0.000074 seconds.
  path: Packages/com.unity.services.analytics/CHANGELOG.md
  artifactKey: Guid(e819558f237bb434d943fb18e35dd243) Importer(2089858483,b0f066a214c2f5e87bad3c948f4d605d)
Start importing Packages/com.unity.services.analytics/CHANGELOG.md using Guid(e819558f237bb434d943fb18e35dd243) Importer(2089858483,b0f066a214c2f5e87bad3c948f4d605d) (ScriptedImporter) -> (artifact id: 'a1c04d205659980d140b20a21a8b73c0') in 0.012661 seconds
Number of updated asset objects reloaded before import = 0Number of asset objects unloaded after import = 1

========================================================================
Received Import Request.
  Time since last request: 0.000034 seconds.
  path: Packages/com.unity.purchasing/Editor/Analytics/Events/IEditorAnalyticsEvent.cs
  artifactKey: Guid(d6e459b361058014faa3bb4fbf903b7a) Importer(2089858483,b0f066a214c2f5e87bad3c948f4d605d)
Start importing Packages/com.unity.purchasing/Editor/Analytics/Events/IEditorAnalyticsEvent.cs using Guid(d6e459b361058014faa3bb4fbf903b7a) Importer(2089858483,b0f066a214c2f5e87bad3c948f4d605d) (ScriptedImporter) -> (artifact id: '5b7e2e0e567a4685c112e41f49dfda7e') in 0.0111775 seconds
Number of updated asset objects reloaded before import = 0Number of asset objects unloaded after import = 0

========================================================================
Received Import Request.
  Time since last request: 0.000024 seconds.
  path: Packages/com.unity.services.core/Editor/Core/Environments/Client/Http/IDeserializable.cs
  artifactKey: Guid(7ffb01788486e4be3916868f12316478) Importer(2089858483,b0f066a214c2f5e87bad3c948f4d605d)
Start importing Packages/com.unity.services.core/Editor/Core/Environments/Client/Http/IDeserializable.cs using Guid(7ffb01788486e4be3916868f12316478) Importer(2089858483,b0f066a214c2f5e87bad3c948f4d605d) (ScriptedImporter) -> (artifact id: 'bee4e250155312524a72be7d64285131') in 0.0090561 seconds
Number of updated asset objects reloaded before import = 0Number of asset objects unloaded after import = 0

========================================================================
Received Import Request.
  Time since last request: 0.000047 seconds.
  path: Packages/com.unity.purchasing/Runtime/Purchasing/Core/Store/Interfaces/IStoreWrapper.cs
  artifactKey: Guid(3ead4ed5e21b468cbd738f72e236056f) Importer(2089858483,b0f066a214c2f5e87bad3c948f4d605d)
Start importing Packages/com.unity.purchasing/Runtime/Purchasing/Core/Store/Interfaces/IStoreWrapper.cs using Guid(3ead4ed5e21b468cbd738f72e236056f) Importer(2089858483,b0f066a214c2f5e87bad3c948f4d605d) (ScriptedImporter) -> (artifact id: 'f3526369410cda2b0b8cdaf6c8a9a5bc') in 0.0100746 seconds
Number of updated asset objects reloaded before import = 0Number of asset objects unloaded after import = 0

========================================================================
Received Import Request.
  Time since last request: 0.000078 seconds.
  path: Packages/com.unity.purchasing/Editor/Authoring/LiveContentAdminApi/Client
  artifactKey: Guid(48ceb212a635c4f5794732c7b0cd756a) Importer(2089858483,b0f066a214c2f5e87bad3c948f4d605d)
Start importing Packages/com.unity.purchasing/Editor/Authoring/LiveContentAdminApi/Client using Guid(48ceb212a635c4f5794732c7b0cd756a) Importer(2089858483,b0f066a214c2f5e87bad3c948f4d605d) (ScriptedImporter) -> (artifact id: 'd55aed40e818798658e00a82afcecb81') in 0.0103623 seconds
Number of updated asset objects reloaded before import = 0Number of asset objects unloaded after import = 1

========================================================================
Received Import Request.
  Time since last request: 0.000018 seconds.
  path: Packages/com.unity.services.core/Editor/Core/Environments/EnvironmentService.cs
  artifactKey: Guid(7765e1d06743540c5a42377cd9ede179) Importer(2089858483,b0f066a214c2f5e87bad3c948f4d605d)
Start importing Packages/com.unity.services.core/Editor/Core/Environments/EnvironmentService.cs using Guid(7765e1d06743540c5a42377cd9ede179) Importer(2089858483,b0f066a214c2f5e87bad3c948f4d605d) (ScriptedImporter) -> (artifact id: 'f7c6a82b6ed3d1a6cbcb5b67ff7f67b3') in 0.0109748 seconds
Number of updated asset objects reloaded before import = 0Number of asset objects unloaded after import = 0

========================================================================
Received Import Request.
  Time since last request: 0.000020 seconds.
  path: Packages/com.unity.microsoft.gdk/Runtime/Interop/XBL/Profile
  artifactKey: Guid(4ca3bc8382f347f099cf2863b98486c5) Importer(2089858483,b0f066a214c2f5e87bad3c948f4d605d)
Start importing Packages/com.unity.microsoft.gdk/Runtime/Interop/XBL/Profile using Guid(4ca3bc8382f347f099cf2863b98486c5) Importer(2089858483,b0f066a214c2f5e87bad3c948f4d605d) (ScriptedImporter) -> (artifact id: 'cb6f8ccea861dd2648033e87c27c752c') in 0.0127848 seconds
Number of updated asset objects reloaded before import = 0Number of asset objects unloaded after import = 1

========================================================================
Received Import Request.
  Time since last request: 0.000027 seconds.
  path: Packages/com.unity.purchasing/Runtime/UnityPaymentProviders/Client/ErrorMitigation
  artifactKey: Guid(3a7a6e930ef644eca9a4aad5596e4330) Importer(2089858483,b0f066a214c2f5e87bad3c948f4d605d)
Start importing Packages/com.unity.purchasing/Runtime/UnityPaymentProviders/Client/ErrorMitigation using Guid(3a7a6e930ef644eca9a4aad5596e4330) Importer(2089858483,b0f066a214c2f5e87bad3c948f4d605d) (ScriptedImporter) -> (artifact id: 'c281101741004f05ce235137698ccdc7') in 0.011005 seconds
Number of updated asset objects reloaded before import = 0Number of asset objects unloaded after import = 1

========================================================================
Received Import Request.
  Time since last request: 0.000031 seconds.
  path: Packages/com.unity.purchasing/Editor/Authoring/Core/Model/LiveContentMetadata.cs
  artifactKey: Guid(c189099f29404c2c8c63a8d189180bf7) Importer(2089858483,b0f066a214c2f5e87bad3c948f4d605d)
Start importing Packages/com.unity.purchasing/Editor/Authoring/Core/Model/LiveContentMetadata.cs using Guid(c189099f29404c2c8c63a8d189180bf7) Importer(2089858483,b0f066a214c2f5e87bad3c948f4d605d) (ScriptedImporter) -> (artifact id: '21a37076cdba79458c283f0d763f3496') in 0.0107594 seconds
Number of updated asset objects reloaded before import = 0Number of asset objects unloaded after import = 0

========================================================================
Received Import Request.
  Time since last request: 0.000047 seconds.
  path: Packages/com.unity.purchasing/Runtime/Purchasing/Core/Purchasing/CartValidation/SingleProductCartValidator.cs
  artifactKey: Guid(a659d3d019114af495e71eaa8899433b) Importer(2089858483,b0f066a214c2f5e87bad3c948f4d605d)
Start importing Packages/com.unity.purchasing/Runtime/Purchasing/Core/Purchasing/CartValidation/SingleProductCartValidator.cs using Guid(a659d3d019114af495e71eaa8899433b) Importer(2089858483,b0f066a214c2f5e87bad3c948f4d605d) (ScriptedImporter) -> (artifact id: '4ab5f430520868ff86a313201de6950a') in 0.0100846 seconds
Number of updated asset objects reloaded before import = 0Number of asset objects unloaded after import = 0

========================================================================
Received Import Request.
  Time since last request: 0.000068 seconds.
  path: Packages/com.unity.microsoft.gdk/Runtime/XBL/AchievementsManager
  artifactKey: Guid(f4cae08cbe88c1a449462fc353c5b51a) Importer(2089858483,b0f066a214c2f5e87bad3c948f4d605d)
Start importing Packages/com.unity.microsoft.gdk/Runtime/XBL/AchievementsManager using Guid(f4cae08cbe88c1a449462fc353c5b51a) Importer(2089858483,b0f066a214c2f5e87bad3c948f4d605d) (ScriptedImporter) -> (artifact id: '7a3784031cbfd0cba32a5a52bbeb6b03') in 0.0121817 seconds
Number of updated asset objects reloaded before import = 0Number of asset objects unloaded after import = 1

========================================================================
Received Import Request.
  Time since last request: 0.000041 seconds.
  path: Packages/com.unity.microsoft.gdk/Runtime/Interop/XBL/XblContextHandle.cs
  artifactKey: Guid(9f67d683a8be459e9823fc4016ee0b60) Importer(2089858483,b0f066a214c2f5e87bad3c948f4d605d)
Start importing Packages/com.unity.microsoft.gdk/Runtime/Interop/XBL/XblContextHandle.cs using Guid(9f67d683a8be459e9823fc4016ee0b60) Importer(2089858483,b0f066a214c2f5e87bad3c948f4d605d) (ScriptedImporter) -> (artifact id: 'dc2cd0b791f780f40830956441d511ed') in 0.0114373 seconds
Number of updated asset objects reloaded before import = 0Number of asset objects unloaded after import = 0

========================================================================
Received Import Request.
  Time since last request: 0.000060 seconds.
  path: Packages/com.unity.services.core/Runtime/Core.Internal/Components/Networking/HttpOptions.cs
  artifactKey: Guid(68448537185dd4d6ba109ed748b184f4) Importer(2089858483,b0f066a214c2f5e87bad3c948f4d605d)
Start importing Packages/com.unity.services.core/Runtime/Core.Internal/Components/Networking/HttpOptions.cs using Guid(68448537185dd4d6ba109ed748b184f4) Importer(2089858483,b0f066a214c2f5e87bad3c948f4d605d) (ScriptedImporter) -> (artifact id: '5cec558435d608a2cb2c0459ea60698d') in 0.0138894 seconds
Number of updated asset objects reloaded before import = 0Number of asset objects unloaded after import = 0

========================================================================
Received Import Request.
  Time since last request: 0.000054 seconds.
  path: Packages/com.unity.purchasing/Runtime/Purchasing/Core/Purchasing/Models/SubscriptionInfo.cs
  artifactKey: Guid(6a90197062494c8e89b3c8e3e3a0272e) Importer(2089858483,b0f066a214c2f5e87bad3c948f4d605d)
Start importing Packages/com.unity.purchasing/Runtime/Purchasing/Core/Purchasing/Models/SubscriptionInfo.cs using Guid(6a90197062494c8e89b3c8e3e3a0272e) Importer(2089858483,b0f066a214c2f5e87bad3c948f4d605d) (ScriptedImporter) -> (artifact id: '61e02452fa886aed8033605ff6e4fdaa') in 0.0122629 seconds
Number of updated asset objects reloaded before import = 0Number of asset objects unloaded after import = 0

========================================================================
Received Import Request.
  Time since last request: 0.000071 seconds.
  path: Packages/com.unity.purchasing/Runtime/Stores/Android/GooglePlay/AAR/QueryProductDetailsService.cs
  artifactKey: Guid(e8d68e3a4a4b14b788a8e0f6087641b3) Importer(2089858483,b0f066a214c2f5e87bad3c948f4d605d)
Start importing Packages/com.unity.purchasing/Runtime/Stores/Android/GooglePlay/AAR/QueryProductDetailsService.cs using Guid(e8d68e3a4a4b14b788a8e0f6087641b3) Importer(2089858483,b0f066a214c2f5e87bad3c948f4d605d) (ScriptedImporter) -> (artifact id: '86789390a3a043046580af57dd5669a7') in 0.0135166 seconds
Number of updated asset objects reloaded before import = 0Number of asset objects unloaded after import = 0

========================================================================
Received Import Request.
  Time since last request: 0.000102 seconds.
  path: Packages/com.unity.services.core/Editor/Core/EditorGameService/USS/ServicesProjectSettingsCommon.uss
  artifactKey: Guid(5b82a86adaaeb4c0786b09f4f5b9065a) Importer(2089858483,b0f066a214c2f5e87bad3c948f4d605d)
Start importing Packages/com.unity.services.core/Editor/Core/EditorGameService/USS/ServicesProjectSettingsCommon.uss using Guid(5b82a86adaaeb4c0786b09f4f5b9065a) Importer(2089858483,b0f066a214c2f5e87bad3c948f4d605d) (ScriptedImporter) -> (artifact id: '3a1b78b8f2e0e098c24c356ad38d4f18') in 0.0102069 seconds
Number of updated asset objects reloaded before import = 0Number of asset objects unloaded after import = 1

========================================================================
Received Import Request.
  Time since last request: 0.000019 seconds.
  path: Packages/com.unity.services.core/Editor/Core/Environments/Client/Models/UnityEnvironmentV1.cs
  artifactKey: Guid(c80d0a42d5f7a42c1827c363108fade9) Importer(2089858483,b0f066a214c2f5e87bad3c948f4d605d)
Start importing Packages/com.unity.services.core/Editor/Core/Environments/Client/Models/UnityEnvironmentV1.cs using Guid(c80d0a42d5f7a42c1827c363108fade9) Importer(2089858483,b0f066a214c2f5e87bad3c948f4d605d) (ScriptedImporter) -> (artifact id: 'bcc325ad0c9a35d816683ecc1083c873') in 0.0108608 seconds
Number of updated asset objects reloaded before import = 0Number of asset objects unloaded after import = 0

========================================================================
Received Import Request.
  Time since last request: 0.000037 seconds.
  path: Packages/com.unity.microsoft.gdk/Runtime/Interop/XBL/Privacy
  artifactKey: Guid(a777e69f1a854d4fa1c8734164719e0e) Importer(2089858483,b0f066a214c2f5e87bad3c948f4d605d)
Start importing Packages/com.unity.microsoft.gdk/Runtime/Interop/XBL/Privacy using Guid(a777e69f1a854d4fa1c8734164719e0e) Importer(2089858483,b0f066a214c2f5e87bad3c948f4d605d) (ScriptedImporter) -> (artifact id: '0afb1d25bfa7adc30ada9aa7ea036176') in 0.0099846 seconds
Number of updated asset objects reloaded before import = 0Number of asset objects unloaded after import = 1

========================================================================
Received Import Request.
  Time since last request: 0.000024 seconds.
  path: Packages/com.unity.microsoft.gdk/Runtime/Interop/__GENERATED/XBL/RealTimeActivity/XblRealTimeActivityConnectionState.cs
  artifactKey: Guid(c2bb5db1965344e2b9f3051a3cd54178) Importer(2089858483,b0f066a214c2f5e87bad3c948f4d605d)
Start importing Packages/com.unity.microsoft.gdk/Runtime/Interop/__GENERATED/XBL/RealTimeActivity/XblRealTimeActivityConnectionState.cs using Guid(c2bb5db1965344e2b9f3051a3cd54178) Importer(2089858483,b0f066a214c2f5e87bad3c948f4d605d) (ScriptedImporter) -> (artifact id: 'b86658fc89ff89d8196aaf9f2e6b392b') in 0.010894 seconds
Number of updated asset objects reloaded before import = 0Number of asset objects unloaded after import = 0

========================================================================
Received Import Request.
  Time since last request: 1.798476 seconds.
  path: Packages/com.unity.services.deployment/Editor/Interface/UI/Assets/DeploymentWindowStateTemplates/DeploymentWindow_NoPackagesInstalled.uxml
  artifactKey: Guid(1e7f35b3df57b4242975075ca2f3b1bb) Importer(2089858483,b0f066a214c2f5e87bad3c948f4d605d)
Start importing Packages/com.unity.services.deployment/Editor/Interface/UI/Assets/DeploymentWindowStateTemplates/DeploymentWindow_NoPackagesInstalled.uxml using Guid(1e7f35b3df57b4242975075ca2f3b1bb) Importer(2089858483,b0f066a214c2f5e87bad3c948f4d605d) (ScriptedImporter) -> (artifact id: 'af0ab40e1b86e171292dbfb57c2b8832') in 0.0300327 seconds
Number of updated asset objects reloaded before import = 0Number of asset objects unloaded after import = 3

========================================================================
Received Import Request.
  Time since last request: 0.000024 seconds.
  path: Packages/com.unity.purchasing/Runtime/Purchasing/Utilities/DeepLinkManager.cs
  artifactKey: Guid(f0103b8569442c34f9eee75792a5af93) Importer(2089858483,b0f066a214c2f5e87bad3c948f4d605d)
Start importing Packages/com.unity.purchasing/Runtime/Purchasing/Utilities/DeepLinkManager.cs using Guid(f0103b8569442c34f9eee75792a5af93) Importer(2089858483,b0f066a214c2f5e87bad3c948f4d605d) (ScriptedImporter) -> (artifact id: '17e6dbe0f9c66b3e2e99d5ed44436f0c') in 0.0110938 seconds
Number of updated asset objects reloaded before import = 0Number of asset objects unloaded after import = 0

========================================================================
Received Import Request.
  Time since last request: 0.000070 seconds.
  path: Packages/com.unity.purchasing/Runtime/Purchasing/Core/Purchasing/Models/OfferPaymentMode.cs
  artifactKey: Guid(063192fc1af84155ab5605f84e911944) Importer(2089858483,b0f066a214c2f5e87bad3c948f4d605d)
Start importing Packages/com.unity.purchasing/Runtime/Purchasing/Core/Purchasing/Models/OfferPaymentMode.cs using Guid(063192fc1af84155ab5605f84e911944) Importer(2089858483,b0f066a214c2f5e87bad3c948f4d605d) (ScriptedImporter) -> (artifact id: '3c7472b6bd5a10af9460e061b0f75eb9') in 0.0112789 seconds
Number of updated asset objects reloaded before import = 0Number of asset objects unloaded after import = 0

========================================================================
Received Import Request.
  Time since last request: 0.000061 seconds.
  path: Packages/com.unity.services.core/Editor/Core/Shared/DependencyInversion/Singleton.Gen.cs
  artifactKey: Guid(db4bccee820244986b6e717bc4eba02d) Importer(2089858483,b0f066a214c2f5e87bad3c948f4d605d)
Start importing Packages/com.unity.services.core/Editor/Core/Shared/DependencyInversion/Singleton.Gen.cs using Guid(db4bccee820244986b6e717bc4eba02d) Importer(2089858483,b0f066a214c2f5e87bad3c948f4d605d) (ScriptedImporter) -> (artifact id: '9e50f85ec4651cf4fc3fc9010eb5d8e9') in 0.0120292 seconds
Number of updated asset objects reloaded before import = 0Number of asset objects unloaded after import = 0

========================================================================
Received Import Request.
  Time since last request: 0.000037 seconds.
  path: Packages/com.unity.services.deployment/Editor/Commands
  artifactKey: Guid(c91af91c40714370bb9878f21b41c9db) Importer(2089858483,b0f066a214c2f5e87bad3c948f4d605d)
Start importing Packages/com.unity.services.deployment/Editor/Commands using Guid(c91af91c40714370bb9878f21b41c9db) Importer(2089858483,b0f066a214c2f5e87bad3c948f4d605d) (ScriptedImporter) -> (artifact id: '2c415f79b659af3c4505ca2862e2bff3') in 0.0093337 seconds
Number of updated asset objects reloaded before import = 0Number of asset objects unloaded after import = 1

========================================================================
Received Import Request.
  Time since last request: 0.000018 seconds.
  path: Packages/com.unity.purchasing/Runtime/TransactionVerifier/Client/Http/ResponseDeserializationException.cs
  artifactKey: Guid(ce9cae212249a4c1b81890ed0ffa1fe9) Importer(2089858483,b0f066a214c2f5e87bad3c948f4d605d)
Start importing Packages/com.unity.purchasing/Runtime/TransactionVerifier/Client/Http/ResponseDeserializationException.cs using Guid(ce9cae212249a4c1b81890ed0ffa1fe9) Importer(2089858483,b0f066a214c2f5e87bad3c948f4d605d) (ScriptedImporter) -> (artifact id: 'ed3aa2f226d411201e6a805416999c31') in 0.0106938 seconds
Number of updated asset objects reloaded before import = 0Number of asset objects unloaded after import = 0

========================================================================
Received Import Request.
  Time since last request: 0.000063 seconds.
  path: Packages/com.unity.purchasing/Runtime/Stores/PaymentProvider/Launchers/AndroidCustomTabsLauncher.cs
  artifactKey: Guid(7da5166de70f4341ade60aad46e93bbf) Importer(2089858483,b0f066a214c2f5e87bad3c948f4d605d)
Start importing Packages/com.unity.purchasing/Runtime/Stores/PaymentProvider/Launchers/AndroidCustomTabsLauncher.cs using Guid(7da5166de70f4341ade60aad46e93bbf) Importer(2089858483,b0f066a214c2f5e87bad3c948f4d605d) (ScriptedImporter) -> (artifact id: '08ae35a2bc100d6ab67e0f01f68195c3') in 0.0136268 seconds
Number of updated asset objects reloaded before import = 0Number of asset objects unloaded after import = 0

========================================================================
Received Import Request.
  Time since last request: 0.000066 seconds.
  path: Packages/com.unity.microsoft.gdk/Runtime/XBL/MultiplayerManager/XblMultiplayerEventArgsHandle.cs
  artifactKey: Guid(d3b742e159b66024c8f5db6607192e21) Importer(2089858483,b0f066a214c2f5e87bad3c948f4d605d)
Start importing Packages/com.unity.microsoft.gdk/Runtime/XBL/MultiplayerManager/XblMultiplayerEventArgsHandle.cs using Guid(d3b742e159b66024c8f5db6607192e21) Importer(2089858483,b0f066a214c2f5e87bad3c948f4d605d) (ScriptedImporter) -> (artifact id: '9e1479fcf14a873a76486a5f1f7e50cf') in 0.0090774 seconds
Number of updated asset objects reloaded before import = 0Number of asset objects unloaded after import = 0

========================================================================
Received Import Request.
  Time since last request: 0.000080 seconds.
  path: Packages/com.unity.services.core/Editor/Core/Environments/EnvironmentsClientFactory.cs
  artifactKey: Guid(49dd7f58c2a2d454b8ce67251befef56) Importer(2089858483,b0f066a214c2f5e87bad3c948f4d605d)
Start importing Packages/com.unity.services.core/Editor/Core/Environments/EnvironmentsClientFactory.cs using Guid(49dd7f58c2a2d454b8ce67251befef56) Importer(2089858483,b0f066a214c2f5e87bad3c948f4d605d) (ScriptedImporter) -> (artifact id: 'e0b216ac587b219e73909cb63dbad190') in 0.0113633 seconds
Number of updated asset objects reloaded before import = 0Number of asset objects unloaded after import = 0

========================================================================
Received Import Request.
  Time since last request: 0.000024 seconds.
  path: Packages/com.unity.services.deployment/Editor/Analytics/IDeployOnPlayAnalytics.cs
  artifactKey: Guid(dc675643d959f4ce0931349ba1af8512) Importer(2089858483,b0f066a214c2f5e87bad3c948f4d605d)
Start importing Packages/com.unity.services.deployment/Editor/Analytics/IDeployOnPlayAnalytics.cs using Guid(dc675643d959f4ce0931349ba1af8512) Importer(2089858483,b0f066a214c2f5e87bad3c948f4d605d) (ScriptedImporter) -> (artifact id: '9fe0471deeb6e1cc3bcd94ef29035ad6') in 0.011395 seconds
Number of updated asset objects reloaded before import = 0Number of asset objects unloaded after import = 0

========================================================================
Received Import Request.
  Time since last request: 0.000027 seconds.
  path: Packages/com.unity.purchasing/Editor/Authoring/Core/Logger/ILogger.cs
  artifactKey: Guid(98148b530be83be4789c6e7bf06018b4) Importer(2089858483,b0f066a214c2f5e87bad3c948f4d605d)
Start importing Packages/com.unity.purchasing/Editor/Authoring/Core/Logger/ILogger.cs using Guid(98148b530be83be4789c6e7bf06018b4) Importer(2089858483,b0f066a214c2f5e87bad3c948f4d605d) (ScriptedImporter) -> (artifact id: '126d6ae71d0abc315163132ebbb2697d') in 0.012606 seconds
Number of updated asset objects reloaded before import = 0Number of asset objects unloaded after import = 0

========================================================================
Received Import Request.
  Time since last request: 0.000016 seconds.
  path: Packages/com.unity.purchasing/Editor/Analytics/Events/GenericEditorClickMenuItemEvent.cs
  artifactKey: Guid(03dddf3e71a4ac04c9afa4b7ebb8736b) Importer(2089858483,b0f066a214c2f5e87bad3c948f4d605d)
Start importing Packages/com.unity.purchasing/Editor/Analytics/Events/GenericEditorClickMenuItemEvent.cs using Guid(03dddf3e71a4ac04c9afa4b7ebb8736b) Importer(2089858483,b0f066a214c2f5e87bad3c948f4d605d) (ScriptedImporter) -> (artifact id: 'e84585f53baef330f95f406cf83d558f') in 0.0110319 seconds
Number of updated asset objects reloaded before import = 0Number of asset objects unloaded after import = 0

========================================================================
Received Import Request.
  Time since last request: 0.000021 seconds.
  path: Packages/com.unity.purchasing/Editor/Authoring/PurchasingAdminApi/Client/Model/PaymentProviderConfigurationRequest.cs
  artifactKey: Guid(edde95c1019364034a9c71028fd58893) Importer(2089858483,b0f066a214c2f5e87bad3c948f4d605d)
Start importing Packages/com.unity.purchasing/Editor/Authoring/PurchasingAdminApi/Client/Model/PaymentProviderConfigurationRequest.cs using Guid(edde95c1019364034a9c71028fd58893) Importer(2089858483,b0f066a214c2f5e87bad3c948f4d605d) (ScriptedImporter) -> (artifact id: 'fb6a1e52dfcb7aafd798fb86419dc230') in 0.0126017 seconds
Number of updated asset objects reloaded before import = 0Number of asset objects unloaded after import = 0

========================================================================
Received Import Request.
  Time since last request: 0.000025 seconds.
  path: Packages/com.unity.services.core/Editor/Core/Environments/IEnvironmentDashboardUrlResolver.cs
  artifactKey: Guid(cbf54e97e86c43d0865a94aed0debeac) Importer(2089858483,b0f066a214c2f5e87bad3c948f4d605d)
Start importing Packages/com.unity.services.core/Editor/Core/Environments/IEnvironmentDashboardUrlResolver.cs using Guid(cbf54e97e86c43d0865a94aed0debeac) Importer(2089858483,b0f066a214c2f5e87bad3c948f4d605d) (ScriptedImporter) -> (artifact id: '85514ef16e469826004446d843fadb3a') in 0.0122083 seconds
Number of updated asset objects reloaded before import = 0Number of asset objects unloaded after import = 0

========================================================================
Received Import Request.
  Time since last request: 0.000045 seconds.
  path: Packages/com.unity.purchasing/Runtime/Purchasing/Telemetry/Metrics/TelemetryMetricTypes.cs
  artifactKey: Guid(2e36f73d272142cf816acf3ab69baead) Importer(2089858483,b0f066a214c2f5e87bad3c948f4d605d)
Start importing Packages/com.unity.purchasing/Runtime/Purchasing/Telemetry/Metrics/TelemetryMetricTypes.cs using Guid(2e36f73d272142cf816acf3ab69baead) Importer(2089858483,b0f066a214c2f5e87bad3c948f4d605d) (ScriptedImporter) -> (artifact id: 'e2a9eaca79b72f125de6fa2512c4dbce') in 0.0119443 seconds
Number of updated asset objects reloaded before import = 0Number of asset objects unloaded after import = 0

========================================================================
Received Import Request.
  Time since last request: 0.000025 seconds.
  path: Packages/com.unity.purchasing/Editor/Authoring/LiveContentAdminApi/Client/Model/SortOrder.cs
  artifactKey: Guid(50192e8fdecd4441eb294a33cd5907e0) Importer(2089858483,b0f066a214c2f5e87bad3c948f4d605d)
Start importing Packages/com.unity.purchasing/Editor/Authoring/LiveContentAdminApi/Client/Model/SortOrder.cs using Guid(50192e8fdecd4441eb294a33cd5907e0) Importer(2089858483,b0f066a214c2f5e87bad3c948f4d605d) (ScriptedImporter) -> (artifact id: '1c47a15b371629fa7e313b100f47ac37') in 0.0130473 seconds
Number of updated asset objects reloaded before import = 0Number of asset objects unloaded after import = 0

========================================================================
Received Import Request.
  Time since last request: 0.000039 seconds.
  path: Packages/com.unity.purchasing/Runtime/Purchasing/Core/Purchasing/Android/GooglePlay/Models/SubscriptionChangeRequest.cs
  artifactKey: Guid(8c333812b2c34905bebd5ad0a413cb34) Importer(2089858483,b0f066a214c2f5e87bad3c948f4d605d)
Start importing Packages/com.unity.purchasing/Runtime/Purchasing/Core/Purchasing/Android/GooglePlay/Models/SubscriptionChangeRequest.cs using Guid(8c333812b2c34905bebd5ad0a413cb34) Importer(2089858483,b0f066a214c2f5e87bad3c948f4d605d) (ScriptedImporter) -> (artifact id: '4618af927e805a75c25ec9e47f273c82') in 0.0087381 seconds
Number of updated asset objects reloaded before import = 0Number of asset objects unloaded after import = 0

========================================================================
Received Import Request.
  Time since last request: 0.000066 seconds.
  path: Packages/com.unity.purchasing/Editor/Shared/DependencyInversion/ConstructorNotFoundException.Gen.cs
  artifactKey: Guid(a7a9a426ba374902b8781325da056527) Importer(2089858483,b0f066a214c2f5e87bad3c948f4d605d)
Start importing Packages/com.unity.purchasing/Editor/Shared/DependencyInversion/ConstructorNotFoundException.Gen.cs using Guid(a7a9a426ba374902b8781325da056527) Importer(2089858483,b0f066a214c2f5e87bad3c948f4d605d) (ScriptedImporter) -> (artifact id: '41201b163b80203107b067651fcf82d3') in 0.0105367 seconds
Number of updated asset objects reloaded before import = 0Number of asset objects unloaded after import = 0

========================================================================
Received Import Request.
  Time since last request: 0.000110 seconds.
  path: Packages/com.unity.microsoft.gdk/Runtime/unity.microsoft.gdk.asmdef
  artifactKey: Guid(5ee1933b8c8d484ea7cb408c3d679e50) Importer(2089858483,b0f066a214c2f5e87bad3c948f4d605d)
Start importing Packages/com.unity.microsoft.gdk/Runtime/unity.microsoft.gdk.asmdef using Guid(5ee1933b8c8d484ea7cb408c3d679e50) Importer(2089858483,b0f066a214c2f5e87bad3c948f4d605d) (ScriptedImporter) -> (artifact id: 'f39109fc4585426149e2914c8e234fde') in 0.0139688 seconds
Number of updated asset objects reloaded before import = 0Number of asset objects unloaded after import = 1

========================================================================
Received Import Request.
  Time since last request: 0.000019 seconds.
  path: Packages/com.unity.services.core/Editor/Core/Utils
  artifactKey: Guid(2834b4ceb01eed449ad34cbd5f6d13cb) Importer(2089858483,b0f066a214c2f5e87bad3c948f4d605d)
Start importing Packages/com.unity.services.core/Editor/Core/Utils using Guid(2834b4ceb01eed449ad34cbd5f6d13cb) Importer(2089858483,b0f066a214c2f5e87bad3c948f4d605d) (ScriptedImporter) -> (artifact id: 'd80686e7a451b89e02c8657760026bd2') in 0.0121983 seconds
Number of updated asset objects reloaded before import = 0Number of asset objects unloaded after import = 1

========================================================================
Received Import Request.
  Time since last request: 0.000018 seconds.
  path: Packages/com.unity.microsoft.gdk/package.json
  artifactKey: Guid(3643e9d3ceb454b4fb164b53adcda9ff) Importer(2089858483,b0f066a214c2f5e87bad3c948f4d605d)
Start importing Packages/com.unity.microsoft.gdk/package.json using Guid(3643e9d3ceb454b4fb164b53adcda9ff) Importer(2089858483,b0f066a214c2f5e87bad3c948f4d605d) (ScriptedImporter) -> (artifact id: '3d9352c9a5fd58585f1b6d67e14fdc27') in 0.0113416 seconds
Number of updated asset objects reloaded before import = 0Number of asset objects unloaded after import = 1

========================================================================
Received Import Request.
  Time since last request: 0.000074 seconds.
  path: Packages/com.unity.services.deployment/Editor/Interface/UI/Views/EnvironmentNotSetView.cs
  artifactKey: Guid(a8d2e9e0080504c8d888dc38f1a8d70b) Importer(2089858483,b0f066a214c2f5e87bad3c948f4d605d)
Start importing Packages/com.unity.services.deployment/Editor/Interface/UI/Views/EnvironmentNotSetView.cs using Guid(a8d2e9e0080504c8d888dc38f1a8d70b) Importer(2089858483,b0f066a214c2f5e87bad3c948f4d605d) (ScriptedImporter) -> (artifact id: '3f88ec49f0c13fd13e265af219206cf4') in 0.0124578 seconds
Number of updated asset objects reloaded before import = 0Number of asset objects unloaded after import = 0

========================================================================
Received Import Request.
  Time since last request: 0.000063 seconds.
  path: Packages/com.unity.services.deployment/Editor/Interface/UI/Assets/DeploymentWindowStateTemplates/DeploymentWindow_EnvironmentNotSet.uxml
  artifactKey: Guid(3b58b604297e44d3a9a6977ce959d193) Importer(2089858483,b0f066a214c2f5e87bad3c948f4d605d)
Start importing Packages/com.unity.services.deployment/Editor/Interface/UI/Assets/DeploymentWindowStateTemplates/DeploymentWindow_EnvironmentNotSet.uxml using Guid(3b58b604297e44d3a9a6977ce959d193) Importer(2089858483,b0f066a214c2f5e87bad3c948f4d605d) (ScriptedImporter) -> (artifact id: 'c4203a4ac7a507a26b7f158b5a1538ff') in 0.0172169 seconds
Number of updated asset objects reloaded before import = 0Number of asset objects unloaded after import = 3

========================================================================
Received Import Request.
  Time since last request: 0.000021 seconds.
  path: Packages/com.unity.services.core/Runtime/Core.Internal/Components/Authentication/IReleaseContext.cs
  artifactKey: Guid(89f04f02479a446dc83d434585c13759) Importer(2089858483,b0f066a214c2f5e87bad3c948f4d605d)
Start importing Packages/com.unity.services.core/Runtime/Core.Internal/Components/Authentication/IReleaseContext.cs using Guid(89f04f02479a446dc83d434585c13759) Importer(2089858483,b0f066a214c2f5e87bad3c948f4d605d) (ScriptedImporter) -> (artifact id: '5b50d94b395f7eff439270c7581d3c63') in 0.011135 seconds
Number of updated asset objects reloaded before import = 0Number of asset objects unloaded after import = 0

========================================================================
Received Import Request.
  Time since last request: 0.000088 seconds.
  path: Packages/com.unity.purchasing/Editor/ServiceProjectSettings/Service/Networking/GoogleConfigurationWebRequests.cs
  artifactKey: Guid(611c457a7378a4b449440667e1fa48e2) Importer(2089858483,b0f066a214c2f5e87bad3c948f4d605d)
Start importing Packages/com.unity.purchasing/Editor/ServiceProjectSettings/Service/Networking/GoogleConfigurationWebRequests.cs using Guid(611c457a7378a4b449440667e1fa48e2) Importer(2089858483,b0f066a214c2f5e87bad3c948f4d605d) (ScriptedImporter) -> (artifact id: '06ffb2cc730ed8ecd1c9054f8fd6d039') in 0.0121663 seconds
Number of updated asset objects reloaded before import = 0Number of asset objects unloaded after import = 0

========================================================================
Received Import Request.
  Time since last request: 0.000077 seconds.
  path: Packages/com.unity.purchasing/Runtime/Stores/FakeStore/FakeStoreCartValidator.cs
  artifactKey: Guid(eb49924048f14e84a52a80cd907b9e4d) Importer(2089858483,b0f066a214c2f5e87bad3c948f4d605d)
Start importing Packages/com.unity.purchasing/Runtime/Stores/FakeStore/FakeStoreCartValidator.cs using Guid(eb49924048f14e84a52a80cd907b9e4d) Importer(2089858483,b0f066a214c2f5e87bad3c948f4d605d) (ScriptedImporter) -> (artifact id: '91e751084ff6cdab42849a8f174d0db8') in 0.0132963 seconds
Number of updated asset objects reloaded before import = 0Number of asset objects unloaded after import = 0

========================================================================
Received Import Request.
  Time since last request: 0.000050 seconds.
  path: Packages/com.unity.purchasing/Runtime/UnityPaymentProviders/Client/Http/HttpException.cs
  artifactKey: Guid(d9d27d2a939984e1880f694923f864ec) Importer(2089858483,b0f066a214c2f5e87bad3c948f4d605d)
Start importing Packages/com.unity.purchasing/Runtime/UnityPaymentProviders/Client/Http/HttpException.cs using Guid(d9d27d2a939984e1880f694923f864ec) Importer(2089858483,b0f066a214c2f5e87bad3c948f4d605d) (ScriptedImporter) -> (artifact id: '60a4137f8c1f8f0c370c551c642b9362') in 0.0123766 seconds
Number of updated asset objects reloaded before import = 0Number of asset objects unloaded after import = 0

========================================================================
Received Import Request.
  Time since last request: 0.000056 seconds.
  path: Packages/com.unity.services.deployment/Editor/DeploymentDefinitions/IEditorDeploymentDefinition.cs
  artifactKey: Guid(79f8baa9aca945308cc47a97383b9f75) Importer(2089858483,b0f066a214c2f5e87bad3c948f4d605d)
Start importing Packages/com.unity.services.deployment/Editor/DeploymentDefinitions/IEditorDeploymentDefinition.cs using Guid(79f8baa9aca945308cc47a97383b9f75) Importer(2089858483,b0f066a214c2f5e87bad3c948f4d605d) (ScriptedImporter) -> (artifact id: '16424d38c4416eb0a0cc308e4bf0ec0e') in 0.0109126 seconds
Number of updated asset objects reloaded before import = 0Number of asset objects unloaded after import = 0

========================================================================
Received Import Request.
  Time since last request: 0.000057 seconds.
  path: Packages/com.unity.purchasing/Runtime/Purchasing/Legacy/Extensions/Interfaces
  artifactKey: Guid(191a427375d24133bdb4f8b610d726d0) Importer(2089858483,b0f066a214c2f5e87bad3c948f4d605d)
Start importing Packages/com.unity.purchasing/Runtime/Purchasing/Legacy/Extensions/Interfaces using Guid(191a427375d24133bdb4f8b610d726d0) Importer(2089858483,b0f066a214c2f5e87bad3c948f4d605d) (ScriptedImporter) -> (artifact id: 'c007c5e8172d3a5bd46376baa379d000') in 0.0102717 seconds
Number of updated asset objects reloaded before import = 0Number of asset objects unloaded after import = 1

========================================================================
Received Import Request.
  Time since last request: 0.000043 seconds.
  path: Packages/com.unity.purchasing/Runtime/Purchasing/Legacy/Interfaces/IDetailedStoreListener.cs
  artifactKey: Guid(0853c878f8034457bf55ba4635a30d4b) Importer(2089858483,b0f066a214c2f5e87bad3c948f4d605d)
Start importing Packages/com.unity.purchasing/Runtime/Purchasing/Legacy/Interfaces/IDetailedStoreListener.cs using Guid(0853c878f8034457bf55ba4635a30d4b) Importer(2089858483,b0f066a214c2f5e87bad3c948f4d605d) (ScriptedImporter) -> (artifact id: '64bbaa6e3e599e52c2b8d5bbc78ffa28') in 0.0100844 seconds
Number of updated asset objects reloaded before import = 0Number of asset objects unloaded after import = 0

========================================================================
Received Import Request.
  Time since last request: 0.000066 seconds.
  path: Packages/com.unity.purchasing/Runtime/Purchasing/Core/Store/Interfaces/IStoreManager.cs
  artifactKey: Guid(43d20ec554614cc98c961384f5994b91) Importer(2089858483,b0f066a214c2f5e87bad3c948f4d605d)
Start importing Packages/com.unity.purchasing/Runtime/Purchasing/Core/Store/Interfaces/IStoreManager.cs using Guid(43d20ec554614cc98c961384f5994b91) Importer(2089858483,b0f066a214c2f5e87bad3c948f4d605d) (ScriptedImporter) -> (artifact id: 'fe468524148ea803df206a5c2c359089') in 0.0106978 seconds
Number of updated asset objects reloaded before import = 0Number of asset objects unloaded after import = 0

========================================================================
Received Import Request.
  Time since last request: 0.000052 seconds.
  path: Packages/com.unity.purchasing/Runtime/Purchasing/Core/Store/Interfaces/IStoreServiceExtension.cs
  artifactKey: Guid(0563af751a58429fbaea08a96926756a) Importer(2089858483,b0f066a214c2f5e87bad3c948f4d605d)
Start importing Packages/com.unity.purchasing/Runtime/Purchasing/Core/Store/Interfaces/IStoreServiceExtension.cs using Guid(0563af751a58429fbaea08a96926756a) Importer(2089858483,b0f066a214c2f5e87bad3c948f4d605d) (ScriptedImporter) -> (artifact id: 'b6e3cb20fd29f0ef14f15292c5bf0db6') in 0.0102509 seconds
Number of updated asset objects reloaded before import = 0Number of asset objects unloaded after import = 0

========================================================================
Received Import Request.
  Time since last request: 0.000019 seconds.
  path: Packages/com.unity.services.deployment/Editor/Shared/Analytics/CommonAnalyticEvent.Gen.cs
  artifactKey: Guid(21a2298ca0e8440a0b04c2ff748ff499) Importer(2089858483,b0f066a214c2f5e87bad3c948f4d605d)
Start importing Packages/com.unity.services.deployment/Editor/Shared/Analytics/CommonAnalyticEvent.Gen.cs using Guid(21a2298ca0e8440a0b04c2ff748ff499) Importer(2089858483,b0f066a214c2f5e87bad3c948f4d605d) (ScriptedImporter) -> (artifact id: 'f77417fbda29cc6904f5c0c63bb2a6ef') in 0.0104363 seconds
Number of updated asset objects reloaded before import = 0Number of asset objects unloaded after import = 0

========================================================================
Received Import Request.
  Time since last request: 0.000046 seconds.
  path: Packages/com.unity.purchasing/Editor/ServiceProjectSettings/UI/UXML/Label.uxml
  artifactKey: Guid(1fc8186e4165842fc814f3d67c2c3d84) Importer(2089858483,b0f066a214c2f5e87bad3c948f4d605d)
Start importing Packages/com.unity.purchasing/Editor/ServiceProjectSettings/UI/UXML/Label.uxml using Guid(1fc8186e4165842fc814f3d67c2c3d84) Importer(2089858483,b0f066a214c2f5e87bad3c948f4d605d) (ScriptedImporter) -> (artifact id: 'e3336a8ef5349576e0797511aa40e57b') in 0.0126284 seconds
Number of updated asset objects reloaded before import = 0Number of asset objects unloaded after import = 2

========================================================================
Received Import Request.
  Time since last request: 0.000016 seconds.
  path: Packages/com.unity.purchasing/Runtime/Purchasing/Core/Purchasing/Android/GooglePlay/Extensions/Interfaces
  artifactKey: Guid(ea7c279624497f8438c4380aeb0dccea) Importer(2089858483,b0f066a214c2f5e87bad3c948f4d605d)
Start importing Packages/com.unity.purchasing/Runtime/Purchasing/Core/Purchasing/Android/GooglePlay/Extensions/Interfaces using Guid(ea7c279624497f8438c4380aeb0dccea) Importer(2089858483,b0f066a214c2f5e87bad3c948f4d605d) (ScriptedImporter) -> (artifact id: '72e9aac306b0a610a8ea832d95d09c6c') in 0.0107714 seconds
Number of updated asset objects reloaded before import = 0Number of asset objects unloaded after import = 1

========================================================================
Received Import Request.
  Time since last request: 0.000051 seconds.
  path: Packages/com.unity.purchasing/Runtime/Purchasing/Core/Purchasing/UseCases
  artifactKey: Guid(3269727354512aa43ac7b25301fb3d74) Importer(2089858483,b0f066a214c2f5e87bad3c948f4d605d)
Start importing Packages/com.unity.purchasing/Runtime/Purchasing/Core/Purchasing/UseCases using Guid(3269727354512aa43ac7b25301fb3d74) Importer(2089858483,b0f066a214c2f5e87bad3c948f4d605d) (ScriptedImporter) -> (artifact id: '31e7a72291d6c98edeb90d7e391d030e') in 0.0107104 seconds
Number of updated asset objects reloaded before import = 0Number of asset objects unloaded after import = 1

========================================================================
Received Import Request.
  Time since last request: 0.000018 seconds.
  path: Packages/com.unity.purchasing/AiAssistantSkills/in-app-purchases/SKILL.md
  artifactKey: Guid(5ef3aee4e1a984b7bb21b7d045aba91a) Importer(2089858483,b0f066a214c2f5e87bad3c948f4d605d)
Start importing Packages/com.unity.purchasing/AiAssistantSkills/in-app-purchases/SKILL.md using Guid(5ef3aee4e1a984b7bb21b7d045aba91a) Importer(2089858483,b0f066a214c2f5e87bad3c948f4d605d) (ScriptedImporter) -> (artifact id: '68c90a216fcad35c86252053f7e1c79c') in 0.010254 seconds
Number of updated asset objects reloaded before import = 0Number of asset objects unloaded after import = 1

========================================================================
Received Import Request.
  Time since last request: 0.000045 seconds.
  path: Packages/com.unity.services.deployment/Editor/IO
  artifactKey: Guid(360cf05ba7294237b2cb51021d9fcc15) Importer(2089858483,b0f066a214c2f5e87bad3c948f4d605d)
Start importing Packages/com.unity.services.deployment/Editor/IO using Guid(360cf05ba7294237b2cb51021d9fcc15) Importer(2089858483,b0f066a214c2f5e87bad3c948f4d605d) (ScriptedImporter) -> (artifact id: '583f25f0d0796ba82209b2a30a943f24') in 0.012257 seconds
Number of updated asset objects reloaded before import = 0Number of asset objects unloaded after import = 1

========================================================================
Received Import Request.
  Time since last request: 0.000064 seconds.
  path: Packages/com.unity.services.core/Runtime/Core.Internal/Components/Networking
  artifactKey: Guid(2cbeea08e009b4f1d8f8b2786d63ca25) Importer(2089858483,b0f066a214c2f5e87bad3c948f4d605d)
Start importing Packages/com.unity.services.core/Runtime/Core.Internal/Components/Networking using Guid(2cbeea08e009b4f1d8f8b2786d63ca25) Importer(2089858483,b0f066a214c2f5e87bad3c948f4d605d) (ScriptedImporter) -> (artifact id: 'a09aa50eef27542b9af3a5b23a550fe7') in 0.0116782 seconds
Number of updated asset objects reloaded before import = 0Number of asset objects unloaded after import = 1

========================================================================
Received Import Request.
  Time since last request: 0.000046 seconds.
  path: Packages/com.unity.services.core/Editor/Core/Environments/Client/Http/JsonObjectConverter.cs
  artifactKey: Guid(291b6e45f0c954c73b6598341521c6be) Importer(2089858483,b0f066a214c2f5e87bad3c948f4d605d)
Start importing Packages/com.unity.services.core/Editor/Core/Environments/Client/Http/JsonObjectConverter.cs using Guid(291b6e45f0c954c73b6598341521c6be) Importer(2089858483,b0f066a214c2f5e87bad3c948f4d605d) (ScriptedImporter) -> (artifact id: '574dfc51db69afbbbc95d351b7d902b8') in 0.0114288 seconds
Number of updated asset objects reloaded before import = 0Number of asset objects unloaded after import = 0

========================================================================
Received Import Request.
  Time since last request: 0.000126 seconds.
  path: Packages/com.unity.purchasing/Runtime/UnityWebshops/README.md
  artifactKey: Guid(1f371287f7314602b4d24f61941c23a6) Importer(2089858483,b0f066a214c2f5e87bad3c948f4d605d)
Start importing Packages/com.unity.purchasing/Runtime/UnityWebshops/README.md using Guid(1f371287f7314602b4d24f61941c23a6) Importer(2089858483,b0f066a214c2f5e87bad3c948f4d605d) (ScriptedImporter) -> (artifact id: 'f33b8435898e65f0e084ab7781e8344c') in 0.0102314 seconds
Number of updated asset objects reloaded before import = 0Number of asset objects unloaded after import = 1

========================================================================
Received Import Request.
  Time since last request: 0.000042 seconds.
  path: Packages/com.unity.purchasing/Editor/AppStoreExtensionMethods.cs
  artifactKey: Guid(2b52505d633b4e19b07a13b7f19ad79d) Importer(2089858483,b0f066a214c2f5e87bad3c948f4d605d)
Start importing Packages/com.unity.purchasing/Editor/AppStoreExtensionMethods.cs using Guid(2b52505d633b4e19b07a13b7f19ad79d) Importer(2089858483,b0f066a214c2f5e87bad3c948f4d605d) (ScriptedImporter) -> (artifact id: '6f8c3eb5ffd35ef945c6051ed5f91c6c') in 0.0093288 seconds
Number of updated asset objects reloaded before import = 0Number of asset objects unloaded after import = 0

========================================================================
Received Import Request.
  Time since last request: 0.000017 seconds.
  path: Packages/com.unity.services.analytics/Editor/Tools
  artifactKey: Guid(f431a25904fa2aa4e9df0e36dfbe6c16) Importer(2089858483,b0f066a214c2f5e87bad3c948f4d605d)
Start importing Packages/com.unity.services.analytics/Editor/Tools using Guid(f431a25904fa2aa4e9df0e36dfbe6c16) Importer(2089858483,b0f066a214c2f5e87bad3c948f4d605d) (ScriptedImporter) -> (artifact id: '32d633939f808960a5d0f721a3a8ffe1') in 0.0119481 seconds
Number of updated asset objects reloaded before import = 0Number of asset objects unloaded after import = 1

========================================================================
Received Import Request.
  Time since last request: 0.000016 seconds.
  path: Packages/com.unity.services.deployment/Core/Glob/AST/StringWildcard.Gen.cs
  artifactKey: Guid(b9558b91da5444b478848aebcdf51f33) Importer(2089858483,b0f066a214c2f5e87bad3c948f4d605d)
Start importing Packages/com.unity.services.deployment/Core/Glob/AST/StringWildcard.Gen.cs using Guid(b9558b91da5444b478848aebcdf51f33) Importer(2089858483,b0f066a214c2f5e87bad3c948f4d605d) (ScriptedImporter) -> (artifact id: '3962fd62ccf3b8d3ad2f07b64666563b') in 0.0096472 seconds
Number of updated asset objects reloaded before import = 0Number of asset objects unloaded after import = 0

========================================================================
Received Import Request.
  Time since last request: 0.000054 seconds.
  path: Packages/com.unity.purchasing/Runtime/Stores/Android/GooglePlay/AAR/GoogleLastKnownProductService.cs
  artifactKey: Guid(87a4c72e225a43745b0aa514ffa1fd0f) Importer(2089858483,b0f066a214c2f5e87bad3c948f4d605d)
Start importing Packages/com.unity.purchasing/Runtime/Stores/Android/GooglePlay/AAR/GoogleLastKnownProductService.cs using Guid(87a4c72e225a43745b0aa514ffa1fd0f) Importer(2089858483,b0f066a214c2f5e87bad3c948f4d605d) (ScriptedImporter) -> (artifact id: '81f1956526e3637982b62f373fcdc87b') in 0.0088654 seconds
Number of updated asset objects reloaded before import = 0Number of asset objects unloaded after import = 0

========================================================================
Received Import Request.
  Time since last request: 0.000082 seconds.
  path: Packages/com.unity.services.core/Editor/Core/Environments/EnvironmentNotFoundException.cs
  artifactKey: Guid(3524a8a1f3474e55b6fb404bb619253d) Importer(2089858483,b0f066a214c2f5e87bad3c948f4d605d)
Start importing Packages/com.unity.services.core/Editor/Core/Environments/EnvironmentNotFoundException.cs using Guid(3524a8a1f3474e55b6fb404bb619253d) Importer(2089858483,b0f066a214c2f5e87bad3c948f4d605d) (ScriptedImporter) -> (artifact id: 'f254cbfb6ee79adf02dec34b1c25adef') in 0.0124104 seconds
Number of updated asset objects reloaded before import = 0Number of asset objects unloaded after import = 0

========================================================================
Received Import Request.
  Time since last request: 0.000056 seconds.
  path: Packages/com.unity.purchasing/Editor/Authoring/PurchasingAdminApi/Client/Model/ExistingCodaConfig.cs
  artifactKey: Guid(00ac730e4084342da867864d6233f431) Importer(2089858483,b0f066a214c2f5e87bad3c948f4d605d)
Start importing Packages/com.unity.purchasing/Editor/Authoring/PurchasingAdminApi/Client/Model/ExistingCodaConfig.cs using Guid(00ac730e4084342da867864d6233f431) Importer(2089858483,b0f066a214c2f5e87bad3c948f4d605d) (ScriptedImporter) -> (artifact id: 'acc182aa1f23ac694fff36ff3d256cba') in 0.0103532 seconds
Number of updated asset objects reloaded before import = 0Number of asset objects unloaded after import = 0

========================================================================
Received Import Request.
  Time since last request: 0.000050 seconds.
  path: Packages/com.unity.microsoft.gdk/Runtime/XASyncProvider.cs
  artifactKey: Guid(82a4c8c080f136d46b0bfb81834438e1) Importer(2089858483,b0f066a214c2f5e87bad3c948f4d605d)
Start importing Packages/com.unity.microsoft.gdk/Runtime/XASyncProvider.cs using Guid(82a4c8c080f136d46b0bfb81834438e1) Importer(2089858483,b0f066a214c2f5e87bad3c948f4d605d) (ScriptedImporter) -> (artifact id: '1a5b0a6593ac032fab6436b1b3babe98') in 0.0134564 seconds
Number of updated asset objects reloaded before import = 0Number of asset objects unloaded after import = 0

========================================================================
Received Import Request.
  Time since last request: 0.000041 seconds.
  path: Packages/com.unity.purchasing/Editor/Authoring/UI/CatalogProductsTableDrawer.cs
  artifactKey: Guid(d8a04eafd76664052badb0d3a46cbcc3) Importer(2089858483,b0f066a214c2f5e87bad3c948f4d605d)
Start importing Packages/com.unity.purchasing/Editor/Authoring/UI/CatalogProductsTableDrawer.cs using Guid(d8a04eafd76664052badb0d3a46cbcc3) Importer(2089858483,b0f066a214c2f5e87bad3c948f4d605d) (ScriptedImporter) -> (artifact id: '351ec9114eef93d2db51e727e9878e08') in 0.0121842 seconds
Number of updated asset objects reloaded before import = 0Number of asset objects unloaded after import = 0

========================================================================
Received Import Request.
  Time since last request: 0.000047 seconds.
  path: Packages/com.unity.purchasing/Runtime/Utilities
  artifactKey: Guid(74103b91d3328034992e7f91ef0751a0) Importer(2089858483,b0f066a214c2f5e87bad3c948f4d605d)
Start importing Packages/com.unity.purchasing/Runtime/Utilities using Guid(74103b91d3328034992e7f91ef0751a0) Importer(2089858483,b0f066a214c2f5e87bad3c948f4d605d) (ScriptedImporter) -> (artifact id: '7a421539ddb5d70971fae79e199ec15d') in 0.0110203 seconds
Number of updated asset objects reloaded before import = 0Number of asset objects unloaded after import = 1

========================================================================
Received Import Request.
  Time since last request: 0.000058 seconds.
  path: Packages/com.unity.purchasing/Runtime/Purchasing/Telemetry/Diagnostics/Interfaces
  artifactKey: Guid(e0a86a11952f4a8fbefd35ee2c6f769f) Importer(2089858483,b0f066a214c2f5e87bad3c948f4d605d)
Start importing Packages/com.unity.purchasing/Runtime/Purchasing/Telemetry/Diagnostics/Interfaces using Guid(e0a86a11952f4a8fbefd35ee2c6f769f) Importer(2089858483,b0f066a214c2f5e87bad3c948f4d605d) (ScriptedImporter) -> (artifact id: '40b87021f7f98d2d6cea6f3860b4940d') in 0.0105057 seconds
Number of updated asset objects reloaded before import = 0Number of asset objects unloaded after import = 1

========================================================================
Received Import Request.
  Time since last request: 0.000018 seconds.
  path: Packages/com.unity.purchasing/Plugins/UnityPurchasing/iOS/SK2/Extensions/StringExtensions.swift
  artifactKey: Guid(a60e2f91a65c449a5bad58664d609efa) Importer(2089858483,b0f066a214c2f5e87bad3c948f4d605d)
Start importing Packages/com.unity.purchasing/Plugins/UnityPurchasing/iOS/SK2/Extensions/StringExtensions.swift using Guid(a60e2f91a65c449a5bad58664d609efa) Importer(2089858483,b0f066a214c2f5e87bad3c948f4d605d) (ScriptedImporter) -> (artifact id: '23bbceff7811929f8186c27db6e5e119') in 0.0097932 seconds
Number of updated asset objects reloaded before import = 0Number of asset objects unloaded after import = 0

========================================================================
Received Import Request.
  Time since last request: 0.000071 seconds.
  path: Packages/com.unity.microsoft.gdk/Runtime/Interop/XThreadInterop.cs
  artifactKey: Guid(f4a8c3d98886f144a8259db1f2fe1c49) Importer(2089858483,b0f066a214c2f5e87bad3c948f4d605d)
Start importing Packages/com.unity.microsoft.gdk/Runtime/Interop/XThreadInterop.cs using Guid(f4a8c3d98886f144a8259db1f2fe1c49) Importer(2089858483,b0f066a214c2f5e87bad3c948f4d605d) (ScriptedImporter) -> (artifact id: '38af46463e95dbeda07532d746261299') in 0.0117425 seconds
Number of updated asset objects reloaded before import = 0Number of asset objects unloaded after import = 0

========================================================================
Received Import Request.
  Time since last request: 0.000049 seconds.
  path: Packages/com.unity.analytics/Tests/Editor/PushNotificationEnableTests.cs
  artifactKey: Guid(a10564aae782c458cbf1de024f4870f7) Importer(2089858483,b0f066a214c2f5e87bad3c948f4d605d)
Start importing Packages/com.unity.analytics/Tests/Editor/PushNotificationEnableTests.cs using Guid(a10564aae782c458cbf1de024f4870f7) Importer(2089858483,b0f066a214c2f5e87bad3c948f4d605d) (ScriptedImporter) -> (artifact id: '5f59c0faddc880d686156d7e2cf2e4fd') in 0.0115885 seconds
Number of updated asset objects reloaded before import = 0Number of asset objects unloaded after import = 0

========================================================================
Received Import Request.
  Time since last request: 0.000087 seconds.
  path: Packages/com.unity.microsoft.gdk/Runtime/Interop/__GENERATED
  artifactKey: Guid(9f6a1cefdb7f46a3a0b73e6ec78a49a5) Importer(2089858483,b0f066a214c2f5e87bad3c948f4d605d)
Start importing Packages/com.unity.microsoft.gdk/Runtime/Interop/__GENERATED using Guid(9f6a1cefdb7f46a3a0b73e6ec78a49a5) Importer(2089858483,b0f066a214c2f5e87bad3c948f4d605d) (ScriptedImporter) -> (artifact id: '66a686e7c506b4b613f922a6e0551521') in 0.0101511 seconds
Number of updated asset objects reloaded before import = 0Number of asset objects unloaded after import = 1

========================================================================
Received Import Request.
  Time since last request: 0.000030 seconds.
  path: Packages/com.unity.purchasing/Plugins/UnityPurchasing/iOS/SK2/Responses/RenewalInfoDetails.swift
  artifactKey: Guid(53c02cb7c32254c79a12e49abf12fa54) Importer(2089858483,b0f066a214c2f5e87bad3c948f4d605d)
Start importing Packages/com.unity.purchasing/Plugins/UnityPurchasing/iOS/SK2/Responses/RenewalInfoDetails.swift using Guid(53c02cb7c32254c79a12e49abf12fa54) Importer(2089858483,b0f066a214c2f5e87bad3c948f4d605d) (ScriptedImporter) -> (artifact id: '5ebb899499c2baac803cf9bd25a9bd21') in 0.0108343 seconds
Number of updated asset objects reloaded before import = 0Number of asset objects unloaded after import = 0

========================================================================
Received Import Request.
  Time since last request: 0.000058 seconds.
  path: Packages/com.unity.purchasing/Runtime/Purchasing/Core/Purchasing/CartValidation/StoreCartValidator.cs
  artifactKey: Guid(4971c678845345d49d6dac47c2404a39) Importer(2089858483,b0f066a214c2f5e87bad3c948f4d605d)
Start importing Packages/com.unity.purchasing/Runtime/Purchasing/Core/Purchasing/CartValidation/StoreCartValidator.cs using Guid(4971c678845345d49d6dac47c2404a39) Importer(2089858483,b0f066a214c2f5e87bad3c948f4d605d) (ScriptedImporter) -> (artifact id: 'ed9c9d3a5ab59428bf09fa7334367b9a') in 0.0098569 seconds
Number of updated asset objects reloaded before import = 0Number of asset objects unloaded after import = 0

========================================================================
Received Import Request.
  Time since last request: 0.000036 seconds.
  path: Packages/com.unity.services.core/Editor/Core/Networking/StagingTokenExchangeUrls.cs
  artifactKey: Guid(3239cc5ca90c4d4b9c0cc90368564d04) Importer(2089858483,b0f066a214c2f5e87bad3c948f4d605d)
Start importing Packages/com.unity.services.core/Editor/Core/Networking/StagingTokenExchangeUrls.cs using Guid(3239cc5ca90c4d4b9c0cc90368564d04) Importer(2089858483,b0f066a214c2f5e87bad3c948f4d605d) (ScriptedImporter) -> (artifact id: 'ec6eb2cbe423edb6689e11795e4b6d7e') in 0.0115367 seconds
Number of updated asset objects reloaded before import = 0Number of asset objects unloaded after import = 0

========================================================================
Received Import Request.
  Time since last request: 0.000077 seconds.
  path: Packages/com.unity.purchasing/Editor/Authoring/PurchasingAdminApi/Client/Model/StripeConfiguration.cs
  artifactKey: Guid(c488c6d37b7db4e0383a208b5134a200) Importer(2089858483,b0f066a214c2f5e87bad3c948f4d605d)
Start importing Packages/com.unity.purchasing/Editor/Authoring/PurchasingAdminApi/Client/Model/StripeConfiguration.cs using Guid(c488c6d37b7db4e0383a208b5134a200) Importer(2089858483,b0f066a214c2f5e87bad3c948f4d605d) (ScriptedImporter) -> (artifact id: 'a8ad668342d8d8576b32dc320463f954') in 0.0090163 seconds
Number of updated asset objects reloaded before import = 0Number of asset objects unloaded after import = 0

========================================================================
Received Import Request.
  Time since last request: 0.000026 seconds.
  path: Packages/com.unity.ai.navigation/package.json
  artifactKey: Guid(fbee67e09f48e4652bfa085460c895c7) Importer(2089858483,b0f066a214c2f5e87bad3c948f4d605d)
Start importing Packages/com.unity.ai.navigation/package.json using Guid(fbee67e09f48e4652bfa085460c895c7) Importer(2089858483,b0f066a214c2f5e87bad3c948f4d605d) (ScriptedImporter) -> (artifact id: '03268f249e676d70594e61c24e63ce76') in 0.0112841 seconds
Number of updated asset objects reloaded before import = 0Number of asset objects unloaded after import = 1

========================================================================
Received Import Request.
  Time since last request: 0.000063 seconds.
  path: Packages/com.unity.services.core/Runtime
  artifactKey: Guid(49cc1478f193eaf42b317e31da46effa) Importer(2089858483,b0f066a214c2f5e87bad3c948f4d605d)
Start importing Packages/com.unity.services.core/Runtime using Guid(49cc1478f193eaf42b317e31da46effa) Importer(2089858483,b0f066a214c2f5e87bad3c948f4d605d) (ScriptedImporter) -> (artifact id: '98e50c8d68f9ee45fd1bd57bb00f4b78') in 0.0106259 seconds
Number of updated asset objects reloaded before import = 0Number of asset objects unloaded after import = 1

========================================================================
Received Import Request.
  Time since last request: 0.000016 seconds.
  path: Packages/com.unity.purchasing/Editor/Authoring/LiveContentAdminApi/Client/Model/FileMetadata.cs
  artifactKey: Guid(7fe6f77a5cc249cea3755b5c0c9a8a46) Importer(2089858483,b0f066a214c2f5e87bad3c948f4d605d)
Start importing Packages/com.unity.purchasing/Editor/Authoring/LiveContentAdminApi/Client/Model/FileMetadata.cs using Guid(7fe6f77a5cc249cea3755b5c0c9a8a46) Importer(2089858483,b0f066a214c2f5e87bad3c948f4d605d) (ScriptedImporter) -> (artifact id: '98434c2b5ac50f0100f319a8095d476b') in 0.0119994 seconds
Number of updated asset objects reloaded before import = 0Number of asset objects unloaded after import = 0

========================================================================
Received Import Request.
  Time since last request: 0.000069 seconds.
  path: Packages/com.unity.purchasing/Runtime/Purchasing/Core/Retries/Interfaces/IAsyncDelayer.cs
  artifactKey: Guid(5831934d64df48d188197394f5409a10) Importer(2089858483,b0f066a214c2f5e87bad3c948f4d605d)
Start importing Packages/com.unity.purchasing/Runtime/Purchasing/Core/Retries/Interfaces/IAsyncDelayer.cs using Guid(5831934d64df48d188197394f5409a10) Importer(2089858483,b0f066a214c2f5e87bad3c948f4d605d) (ScriptedImporter) -> (artifact id: '8afbe5cebde85af59ba75835ba698c3b') in 0.0111071 seconds
Number of updated asset objects reloaded before import = 0Number of asset objects unloaded after import = 0

========================================================================
Received Import Request.
  Time since last request: 0.000063 seconds.
  path: Packages/com.unity.purchasing/Runtime/Purchasing/Core/Purchasing/Models/PurchasedProductInfo.cs
  artifactKey: Guid(f221e18e72334b4ebe2dd09b8ab1be3a) Importer(2089858483,b0f066a214c2f5e87bad3c948f4d605d)
Start importing Packages/com.unity.purchasing/Runtime/Purchasing/Core/Purchasing/Models/PurchasedProductInfo.cs using Guid(f221e18e72334b4ebe2dd09b8ab1be3a) Importer(2089858483,b0f066a214c2f5e87bad3c948f4d605d) (ScriptedImporter) -> (artifact id: 'c66c335bcd99f0f9598eb7dfe3edc26a') in 0.0105737 seconds
Number of updated asset objects reloaded before import = 0Number of asset objects unloaded after import = 0

========================================================================
Received Import Request.
  Time since last request: 0.000101 seconds.
  path: Packages/com.unity.microsoft.gdk/Runtime/Interop/XBL/Multiplayer/XblMultiplayerSessionHandleId.cs
  artifactKey: Guid(5316a158d09874445a5501308b1ee26c) Importer(2089858483,b0f066a214c2f5e87bad3c948f4d605d)
Start importing Packages/com.unity.microsoft.gdk/Runtime/Interop/XBL/Multiplayer/XblMultiplayerSessionHandleId.cs using Guid(5316a158d09874445a5501308b1ee26c) Importer(2089858483,b0f066a214c2f5e87bad3c948f4d605d) (ScriptedImporter) -> (artifact id: '06043a61dbf1eee88afbe6f60d020d1c') in 0.0096594 seconds
Number of updated asset objects reloaded before import = 0Number of asset objects unloaded after import = 0

========================================================================
Received Import Request.
  Time since last request: 0.000038 seconds.
  path: Packages/com.unity.services.core/Editor/Core/EditorGameService/Analytics/EditorGameServiceAnalyticsSender.cs
  artifactKey: Guid(72f7787cfc7ca4ca087104bfb5a8b71c) Importer(2089858483,b0f066a214c2f5e87bad3c948f4d605d)
Start importing Packages/com.unity.services.core/Editor/Core/EditorGameService/Analytics/EditorGameServiceAnalyticsSender.cs using Guid(72f7787cfc7ca4ca087104bfb5a8b71c) Importer(2089858483,b0f066a214c2f5e87bad3c948f4d605d) (ScriptedImporter) -> (artifact id: 'a3850d103ad673e95b9ab2ac65c769ed') in 0.0106017 seconds
Number of updated asset objects reloaded before import = 0Number of asset objects unloaded after import = 0

========================================================================
Received Import Request.
  Time since last request: 0.000082 seconds.
  path: Packages/com.unity.services.core/Editor/Core/ProjectStateManagement/ProjectState.cs
  artifactKey: Guid(386d16474b5e4b42b6800aa2c1d99924) Importer(2089858483,b0f066a214c2f5e87bad3c948f4d605d)
Start importing Packages/com.unity.services.core/Editor/Core/ProjectStateManagement/ProjectState.cs using Guid(386d16474b5e4b42b6800aa2c1d99924) Importer(2089858483,b0f066a214c2f5e87bad3c948f4d605d) (ScriptedImporter) -> (artifact id: '1cfbd70d30d65fe55d3ae26e91ce71f1') in 0.0113052 seconds
Number of updated asset objects reloaded before import = 0Number of asset objects unloaded after import = 0

========================================================================
Received Import Request.
  Time since last request: 0.000029 seconds.
  path: Packages/com.unity.microsoft.gdk/Tests/PlayModeTests/XDisplayTests.cs
  artifactKey: Guid(81ffb8b6b5e82564e944d39bce0c8e6e) Importer(2089858483,b0f066a214c2f5e87bad3c948f4d605d)
Start importing Packages/com.unity.microsoft.gdk/Tests/PlayModeTests/XDisplayTests.cs using Guid(81ffb8b6b5e82564e944d39bce0c8e6e) Importer(2089858483,b0f066a214c2f5e87bad3c948f4d605d) (ScriptedImporter) -> (artifact id: 'e2c4ec3a5cf1d755d72946e0583c167d') in 0.0116859 seconds
Number of updated asset objects reloaded before import = 0Number of asset objects unloaded after import = 0

========================================================================
Received Import Request.
  Time since last request: 0.000094 seconds.
  path: Packages/com.unity.purchasing/Runtime/Stores/Core/Purchasing/PurchaseServiceDependencyFactoryInjector.cs
  artifactKey: Guid(27402a3cb3f3e6548a71e35ebc2f05d8) Importer(2089858483,b0f066a214c2f5e87bad3c948f4d605d)
Start importing Packages/com.unity.purchasing/Runtime/Stores/Core/Purchasing/PurchaseServiceDependencyFactoryInjector.cs using Guid(27402a3cb3f3e6548a71e35ebc2f05d8) Importer(2089858483,b0f066a214c2f5e87bad3c948f4d605d) (ScriptedImporter) -> (artifact id: 'd382d00e2ca8b9c4da5b1a351c40470f') in 0.0126175 seconds
Number of updated asset objects reloaded before import = 0Number of asset objects unloaded after import = 0

========================================================================
Received Import Request.
  Time since last request: 0.000053 seconds.
  path: Packages/com.unity.services.analytics/ValidationConfig.json
  artifactKey: Guid(67c57ed36880e4816b2988a904b5783d) Importer(2089858483,b0f066a214c2f5e87bad3c948f4d605d)
Start importing Packages/com.unity.services.analytics/ValidationConfig.json using Guid(67c57ed36880e4816b2988a904b5783d) Importer(2089858483,b0f066a214c2f5e87bad3c948f4d605d) (ScriptedImporter) -> (artifact id: '28ebef88cf7ae0e81ee057835d15c75c') in 0.0122591 seconds
Number of updated asset objects reloaded before import = 0Number of asset objects unloaded after import = 1

========================================================================
Received Import Request.
  Time since last request: 0.000033 seconds.
  path: Packages/com.unity.purchasing/Runtime/Purchasing/Stores/Android/AAR/IGoogleAdvertisingIdClient.cs
  artifactKey: Guid(87eac468a663a4bedad54137ba152266) Importer(2089858483,b0f066a214c2f5e87bad3c948f4d605d)
Start importing Packages/com.unity.purchasing/Runtime/Purchasing/Stores/Android/AAR/IGoogleAdvertisingIdClient.cs using Guid(87eac468a663a4bedad54137ba152266) Importer(2089858483,b0f066a214c2f5e87bad3c948f4d605d) (ScriptedImporter) -> (artifact id: '82fb56a280d012be5e428acc150bc83f') in 0.0099536 seconds
Number of updated asset objects reloaded before import = 0Number of asset objects unloaded after import = 0

========================================================================
Received Import Request.
  Time since last request: 0.000050 seconds.
  path: Packages/com.unity.purchasing/Editor/Authoring/Deployment/ProjectIdentifierProvider.cs
  artifactKey: Guid(c3ea8715aa34ffa4fb622c4ee95a87f7) Importer(2089858483,b0f066a214c2f5e87bad3c948f4d605d)
Start importing Packages/com.unity.purchasing/Editor/Authoring/Deployment/ProjectIdentifierProvider.cs using Guid(c3ea8715aa34ffa4fb622c4ee95a87f7) Importer(2089858483,b0f066a214c2f5e87bad3c948f4d605d) (ScriptedImporter) -> (artifact id: '45b576d6b511dcea4e8349fcc7fbe9ef') in 0.0128736 seconds
Number of updated asset objects reloaded before import = 0Number of asset objects unloaded after import = 0

========================================================================
Received Import Request.
  Time since last request: 0.000068 seconds.
  path: Packages/com.unity.services.core/Runtime/Core.Internal/ServicesType.cs
  artifactKey: Guid(c51e1c9a36156594f81b75a7dc713654) Importer(2089858483,b0f066a214c2f5e87bad3c948f4d605d)
Start importing Packages/com.unity.services.core/Runtime/Core.Internal/ServicesType.cs using Guid(c51e1c9a36156594f81b75a7dc713654) Importer(2089858483,b0f066a214c2f5e87bad3c948f4d605d) (ScriptedImporter) -> (artifact id: '8ed43843f176e574d053a5b1d2c26a2c') in 0.0099271 seconds
Number of updated asset objects reloaded before import = 0Number of asset objects unloaded after import = 0

========================================================================
Received Import Request.
  Time since last request: 0.000045 seconds.
  path: Packages/com.unity.purchasing/Runtime/Purchasing/PaymentOption/Resources/com.unity.purchasing/Brands/WebshopWhite.png
  artifactKey: Guid(c3f9a2f04563497bbe47c2de06acaa93) Importer(2089858483,b0f066a214c2f5e87bad3c948f4d605d)
Start importing Packages/com.unity.purchasing/Runtime/Purchasing/PaymentOption/Resources/com.unity.purchasing/Brands/WebshopWhite.png using Guid(c3f9a2f04563497bbe47c2de06acaa93) Importer(2089858483,b0f066a214c2f5e87bad3c948f4d605d) (ScriptedImporter) -> (artifact id: 'fcff67c411618cd0d5527444181f5ec6') in 0.0173927 seconds
Number of updated asset objects reloaded before import = 0Number of asset objects unloaded after import = 3

========================================================================
Received Import Request.
  Time since last request: 0.000021 seconds.
  path: Packages/com.unity.services.core/Editor/Core/Environments/Client/ErrorMitigation/RetryPolicyConfig.cs
  artifactKey: Guid(82a8d755c4b96403ab2a7e285328b299) Importer(2089858483,b0f066a214c2f5e87bad3c948f4d605d)
Start importing Packages/com.unity.services.core/Editor/Core/Environments/Client/ErrorMitigation/RetryPolicyConfig.cs using Guid(82a8d755c4b96403ab2a7e285328b299) Importer(2089858483,b0f066a214c2f5e87bad3c948f4d605d) (ScriptedImporter) -> (artifact id: 'bf52fc3fe2de2806762f3eef273773fd') in 0.0105564 seconds
Number of updated asset objects reloaded before import = 0Number of asset objects unloaded after import = 0

========================================================================
Received Import Request.
  Time since last request: 0.000033 seconds.
  path: Packages/com.unity.analytics/DataPrivacy/AssemblyInfo.cs
  artifactKey: Guid(7aad9e80c95b4991a1f4d017c8caf386) Importer(2089858483,b0f066a214c2f5e87bad3c948f4d605d)
Start importing Packages/com.unity.analytics/DataPrivacy/AssemblyInfo.cs using Guid(7aad9e80c95b4991a1f4d017c8caf386) Importer(2089858483,b0f066a214c2f5e87bad3c948f4d605d) (ScriptedImporter) -> (artifact id: 'e5d82617d39d5c06c6246ab25e444539') in 0.0099221 seconds
Number of updated asset objects reloaded before import = 0Number of asset objects unloaded after import = 0

========================================================================
Received Import Request.
  Time since last request: 0.000053 seconds.
  path: Packages/com.unity.services.core/Runtime/Telemetry/Unity.Services.Core.Telemetry.asmdef
  artifactKey: Guid(d8e56012c572e204692b3fe5183b7da1) Importer(2089858483,b0f066a214c2f5e87bad3c948f4d605d)
Start importing Packages/com.unity.services.core/Runtime/Telemetry/Unity.Services.Core.Telemetry.asmdef using Guid(d8e56012c572e204692b3fe5183b7da1) Importer(2089858483,b0f066a214c2f5e87bad3c948f4d605d) (ScriptedImporter) -> (artifact id: '5d0991fe59e35d464afe14afca7987e0') in 0.0122718 seconds
Number of updated asset objects reloaded before import = 0Number of asset objects unloaded after import = 1

========================================================================
Received Import Request.
  Time since last request: 0.000229 seconds.
  path: Packages/com.unity.purchasing/Editor/Authoring/PurchasingAdminApi/Client/Model/PaymentProviderConfigurationResponse.cs
  artifactKey: Guid(a835066dc41514de882f6058a9c353b4) Importer(2089858483,b0f066a214c2f5e87bad3c948f4d605d)
Start importing Packages/com.unity.purchasing/Editor/Authoring/PurchasingAdminApi/Client/Model/PaymentProviderConfigurationResponse.cs using Guid(a835066dc41514de882f6058a9c353b4) Importer(2089858483,b0f066a214c2f5e87bad3c948f4d605d) (ScriptedImporter) -> (artifact id: 'b7f787f8c808073b84757bb429f63913') in 0.0115036 seconds
Number of updated asset objects reloaded before import = 0Number of asset objects unloaded after import = 0

========================================================================
Received Import Request.
  Time since last request: 0.000072 seconds.
  path: Packages/com.unity.purchasing/Editor/Authoring/Import/Apple/AppleCatalogApiFetcher.cs
  artifactKey: Guid(ca7f4e4925ff645adafdc98b5ae29d1a) Importer(2089858483,b0f066a214c2f5e87bad3c948f4d605d)
Start importing Packages/com.unity.purchasing/Editor/Authoring/Import/Apple/AppleCatalogApiFetcher.cs using Guid(ca7f4e4925ff645adafdc98b5ae29d1a) Importer(2089858483,b0f066a214c2f5e87bad3c948f4d605d) (ScriptedImporter) -> (artifact id: '016cf0c8cbc7d63f895240798f9848b1') in 0.011635 seconds
Number of updated asset objects reloaded before import = 0Number of asset objects unloaded after import = 0

========================================================================
Received Import Request.
  Time since last request: 0.000080 seconds.
  path: Packages/com.unity.microsoft.gdk/Runtime/XBL/SocialManager/XblSocialManagerExtraDetailLevel.cs
  artifactKey: Guid(62d4571869e94808a1cc57c818a8e8b5) Importer(2089858483,b0f066a214c2f5e87bad3c948f4d605d)
Start importing Packages/com.unity.microsoft.gdk/Runtime/XBL/SocialManager/XblSocialManagerExtraDetailLevel.cs using Guid(62d4571869e94808a1cc57c818a8e8b5) Importer(2089858483,b0f066a214c2f5e87bad3c948f4d605d) (ScriptedImporter) -> (artifact id: 'c5ed71cde5435d66f4e28f1cb2b81f30') in 0.0088354 seconds
Number of updated asset objects reloaded before import = 0Number of asset objects unloaded after import = 0

========================================================================
Received Import Request.
  Time since last request: 0.000034 seconds.
  path: Packages/com.unity.purchasing/Runtime/Stores/ServicesCore
  artifactKey: Guid(291fc9da3d80411cbec0b36277bce386) Importer(2089858483,b0f066a214c2f5e87bad3c948f4d605d)
Start importing Packages/com.unity.purchasing/Runtime/Stores/ServicesCore using Guid(291fc9da3d80411cbec0b36277bce386) Importer(2089858483,b0f066a214c2f5e87bad3c948f4d605d) (ScriptedImporter) -> (artifact id: 'ebc1f9decabe9c27a7e92e8c10cabffe') in 0.011341 seconds
Number of updated asset objects reloaded before import = 0Number of asset objects unloaded after import = 1

========================================================================
Received Import Request.
  Time since last request: 0.000020 seconds.
  path: Packages/com.unity.purchasing/Runtime/Stores/Android/GooglePlay/GooglePurchaseConverter.cs
  artifactKey: Guid(54c014bda3b142bb99a26357dc4f692d) Importer(2089858483,b0f066a214c2f5e87bad3c948f4d605d)
Start importing Packages/com.unity.purchasing/Runtime/Stores/Android/GooglePlay/GooglePurchaseConverter.cs using Guid(54c014bda3b142bb99a26357dc4f692d) Importer(2089858483,b0f066a214c2f5e87bad3c948f4d605d) (ScriptedImporter) -> (artifact id: '807eaea7ef30c7d4ebbbcc2130ec0324') in 0.0122947 seconds
Number of updated asset objects reloaded before import = 0Number of asset objects unloaded after import = 0

========================================================================
Received Import Request.
  Time since last request: 0.000047 seconds.
  path: Packages/com.unity.purchasing/Runtime/Stores/Data/PlayerData.cs
  artifactKey: Guid(521f5c45cef38443a97f947bb6fffef8) Importer(2089858483,b0f066a214c2f5e87bad3c948f4d605d)
Start importing Packages/com.unity.purchasing/Runtime/Stores/Data/PlayerData.cs using Guid(521f5c45cef38443a97f947bb6fffef8) Importer(2089858483,b0f066a214c2f5e87bad3c948f4d605d) (ScriptedImporter) -> (artifact id: '88628fead16010361cf484d374349927') in 0.0114682 seconds
Number of updated asset objects reloaded before import = 0Number of asset objects unloaded after import = 0

========================================================================
Received Import Request.
  Time since last request: 1.259240 seconds.
  path: Packages/com.unity.purchasing/Runtime/Purchasing/Legacy/Configurations/Interfaces
  artifactKey: Guid(1a750a99a87e4882a7284c60042169d7) Importer(2089858483,b0f066a214c2f5e87bad3c948f4d605d)
Start importing Packages/com.unity.purchasing/Runtime/Purchasing/Legacy/Configurations/Interfaces using Guid(1a750a99a87e4882a7284c60042169d7) Importer(2089858483,b0f066a214c2f5e87bad3c948f4d605d) (ScriptedImporter) -> (artifact id: 'ae917b9234883d05a0d4280e638df460') in 0.0318616 seconds
Number of updated asset objects reloaded before import = 0Number of asset objects unloaded after import = 1

========================================================================
Received Import Request.
  Time since last request: 0.000016 seconds.
  path: Packages/com.unity.services.deployment/Editor/DeploymentDefinitions/DeploymentDefinition.cs
  artifactKey: Guid(4f35038c5bc6c4c4ea7fab7e029662be) Importer(2089858483,b0f066a214c2f5e87bad3c948f4d605d)
Start importing Packages/com.unity.services.deployment/Editor/DeploymentDefinitions/DeploymentDefinition.cs using Guid(4f35038c5bc6c4c4ea7fab7e029662be) Importer(2089858483,b0f066a214c2f5e87bad3c948f4d605d) (ScriptedImporter) -> (artifact id: '3ac6e854642ee930e6907ac9d1d1bf85') in 0.0104778 seconds
Number of updated asset objects reloaded before import = 0Number of asset objects unloaded after import = 0

========================================================================
Received Import Request.
  Time since last request: 0.000055 seconds.
  path: Packages/com.unity.microsoft.gdk/Runtime/Interop/XNetworkingInterop.cs
  artifactKey: Guid(a56608b8e2527c340b5054b508b902d6) Importer(2089858483,b0f066a214c2f5e87bad3c948f4d605d)
Start importing Packages/com.unity.microsoft.gdk/Runtime/Interop/XNetworkingInterop.cs using Guid(a56608b8e2527c340b5054b508b902d6) Importer(2089858483,b0f066a214c2f5e87bad3c948f4d605d) (ScriptedImporter) -> (artifact id: '145ea5efec93b4f59e6bf4a772487917') in 0.0111508 seconds
Number of updated asset objects reloaded before import = 0Number of asset objects unloaded after import = 0

========================================================================
Received Import Request.
  Time since last request: 0.000064 seconds.
  path: Packages/com.unity.purchasing/Runtime/Stores/Android/GooglePlay/Services/GooglePlayStoreFetchPurchasesService.cs
  artifactKey: Guid(81a589e8759574c28813550426224626) Importer(2089858483,b0f066a214c2f5e87bad3c948f4d605d)
Start importing Packages/com.unity.purchasing/Runtime/Stores/Android/GooglePlay/Services/GooglePlayStoreFetchPurchasesService.cs using Guid(81a589e8759574c28813550426224626) Importer(2089858483,b0f066a214c2f5e87bad3c948f4d605d) (ScriptedImporter) -> (artifact id: '825bb7c8eba60c5c50a70499c2732d01') in 0.0109435 seconds
Number of updated asset objects reloaded before import = 0Number of asset objects unloaded after import = 0

========================================================================
Received Import Request.
  Time since last request: 0.000110 seconds.
  path: Packages/com.unity.microsoft.gdk/Runtime/XBL/Multiplayer/XblMultiplayerSessionMemberRole.cs
  artifactKey: Guid(b9cd1532c05c9ec41a4a906c51b36203) Importer(2089858483,b0f066a214c2f5e87bad3c948f4d605d)
Start importing Packages/com.unity.microsoft.gdk/Runtime/XBL/Multiplayer/XblMultiplayerSessionMemberRole.cs using Guid(b9cd1532c05c9ec41a4a906c51b36203) Importer(2089858483,b0f066a214c2f5e87bad3c948f4d605d) (ScriptedImporter) -> (artifact id: '02cd96d05ff7cc9cdadd1b05418a2fdd') in 0.0106958 seconds
Number of updated asset objects reloaded before import = 0Number of asset objects unloaded after import = 0

========================================================================
Received Import Request.
  Time since last request: 0.000072 seconds.
  path: Packages/com.unity.purchasing/Runtime/UnityLiveContentAdapter/Models/LiveContentAdapterException.cs
  artifactKey: Guid(7b4a68600c45f45118b7ae86d61d6f62) Importer(2089858483,b0f066a214c2f5e87bad3c948f4d605d)
Start importing Packages/com.unity.purchasing/Runtime/UnityLiveContentAdapter/Models/LiveContentAdapterException.cs using Guid(7b4a68600c45f45118b7ae86d61d6f62) Importer(2089858483,b0f066a214c2f5e87bad3c948f4d605d) (ScriptedImporter) -> (artifact id: 'e861ded9e92cdddbf6e911b5a57ea251') in 0.0111403 seconds
Number of updated asset objects reloaded before import = 0Number of asset objects unloaded after import = 0

========================================================================
Received Import Request.
  Time since last request: 0.000029 seconds.
  path: Packages/com.unity.ai.navigation/Runtime
  artifactKey: Guid(ce67aa87f613246dda63a54a59c6399e) Importer(2089858483,b0f066a214c2f5e87bad3c948f4d605d)
Start importing Packages/com.unity.ai.navigation/Runtime using Guid(ce67aa87f613246dda63a54a59c6399e) Importer(2089858483,b0f066a214c2f5e87bad3c948f4d605d) (ScriptedImporter) -> (artifact id: 'e1f4afb1411c069d08368564a1a9544e') in 0.0116538 seconds
Number of updated asset objects reloaded before import = 0Number of asset objects unloaded after import = 1

========================================================================
Received Import Request.
  Time since last request: 0.000019 seconds.
  path: Packages/com.unity.purchasing/Editor/Shared/Assets/ObservableAssets.Gen.cs
  artifactKey: Guid(a9057924d29c47b5b1f77bfd709331a9) Importer(2089858483,b0f066a214c2f5e87bad3c948f4d605d)
Start importing Packages/com.unity.purchasing/Editor/Shared/Assets/ObservableAssets.Gen.cs using Guid(a9057924d29c47b5b1f77bfd709331a9) Importer(2089858483,b0f066a214c2f5e87bad3c948f4d605d) (ScriptedImporter) -> (artifact id: 'ffb60b67637767d37c695ab71c334d5d') in 0.0135431 seconds
Number of updated asset objects reloaded before import = 0Number of asset objects unloaded after import = 0

========================================================================
Received Import Request.
  Time since last request: 0.000027 seconds.
  path: Packages/com.unity.purchasing/Plugins/UnityPurchasing/iOS/SK2/Extensions/PromotionInfoExtensions.swift
  artifactKey: Guid(8b41954cfd734d548ecb1e7703cac563) Importer(2089858483,b0f066a214c2f5e87bad3c948f4d605d)
Start importing Packages/com.unity.purchasing/Plugins/UnityPurchasing/iOS/SK2/Extensions/PromotionInfoExtensions.swift using Guid(8b41954cfd734d548ecb1e7703cac563) Importer(2089858483,b0f066a214c2f5e87bad3c948f4d605d) (ScriptedImporter) -> (artifact id: 'f3b9630f9f8be219bb1945c111c53657') in 0.0110992 seconds
Number of updated asset objects reloaded before import = 0Number of asset objects unloaded after import = 0

========================================================================
Received Import Request.
  Time since last request: 0.000020 seconds.
  path: Packages/com.unity.microsoft.gdk/Runtime/XBL/Leaderboards/XblLeaderboardResult.cs
  artifactKey: Guid(a52864129a684c0ba6259e8433e02e3a) Importer(2089858483,b0f066a214c2f5e87bad3c948f4d605d)
Start importing Packages/com.unity.microsoft.gdk/Runtime/XBL/Leaderboards/XblLeaderboardResult.cs using Guid(a52864129a684c0ba6259e8433e02e3a) Importer(2089858483,b0f066a214c2f5e87bad3c948f4d605d) (ScriptedImporter) -> (artifact id: '4fa063111b7f576753f2759eb0789010') in 0.0113551 seconds
Number of updated asset objects reloaded before import = 0Number of asset objects unloaded after import = 0

========================================================================
Received Import Request.
  Time since last request: 0.000050 seconds.
  path: Packages/com.unity.purchasing/Editor/Analytics
  artifactKey: Guid(9714da6b254e7aa44acb355b5adc60a2) Importer(2089858483,b0f066a214c2f5e87bad3c948f4d605d)
Start importing Packages/com.unity.purchasing/Editor/Analytics using Guid(9714da6b254e7aa44acb355b5adc60a2) Importer(2089858483,b0f066a214c2f5e87bad3c948f4d605d) (ScriptedImporter) -> (artifact id: 'ab5b98041da2620427b07e8ea1b80043') in 0.011336 seconds
Number of updated asset objects reloaded before import = 0Number of asset objects unloaded after import = 1

========================================================================
Received Import Request.
  Time since last request: 0.000018 seconds.
  path: Packages/com.unity.services.deployment/Core/Glob/AST/GlobNode.Gen.cs
  artifactKey: Guid(e5531c0ae75fd4e37a96d069a4fa5815) Importer(2089858483,b0f066a214c2f5e87bad3c948f4d605d)
Start importing Packages/com.unity.services.deployment/Core/Glob/AST/GlobNode.Gen.cs using Guid(e5531c0ae75fd4e37a96d069a4fa5815) Importer(2089858483,b0f066a214c2f5e87bad3c948f4d605d) (ScriptedImporter) -> (artifact id: '5f7ba43e6ee792e9c4e852cb366ddea3') in 0.0100523 seconds
Number of updated asset objects reloaded before import = 0Number of asset objects unloaded after import = 0

========================================================================
Received Import Request.
  Time since last request: 0.000070 seconds.
  path: Packages/com.unity.services.core/Editor/Core/UiHelpers
  artifactKey: Guid(751662d6c01144819a1d17e1333bb5a4) Importer(2089858483,b0f066a214c2f5e87bad3c948f4d605d)
Start importing Packages/com.unity.services.core/Editor/Core/UiHelpers using Guid(751662d6c01144819a1d17e1333bb5a4) Importer(2089858483,b0f066a214c2f5e87bad3c948f4d605d) (ScriptedImporter) -> (artifact id: '8c8c76991858307f9c581cad2adf96c1') in 0.0096162 seconds
Number of updated asset objects reloaded before import = 0Number of asset objects unloaded after import = 1

========================================================================
Received Import Request.
  Time since last request: 0.000041 seconds.
  path: Packages/com.unity.services.core/Editor/Core/Networking/ITokenExchangeUrls.cs
  artifactKey: Guid(faf4a0a80610544208a483c5b11fad2b) Importer(2089858483,b0f066a214c2f5e87bad3c948f4d605d)
Start importing Packages/com.unity.services.core/Editor/Core/Networking/ITokenExchangeUrls.cs using Guid(faf4a0a80610544208a483c5b11fad2b) Importer(2089858483,b0f066a214c2f5e87bad3c948f4d605d) (ScriptedImporter) -> (artifact id: '7292e011248c9dc4788ebcbafa7edc1d') in 0.0094188 seconds
Number of updated asset objects reloaded before import = 0Number of asset objects unloaded after import = 0

========================================================================
Received Import Request.
  Time since last request: 0.000070 seconds.
  path: Packages/com.unity.purchasing/Runtime/Purchasing/Stores/Android/GooglePlay/Exceptions/GoogleFinishTransactionException.cs
  artifactKey: Guid(e467679a6b3dd4018a842271c03f9b9c) Importer(2089858483,b0f066a214c2f5e87bad3c948f4d605d)
Start importing Packages/com.unity.purchasing/Runtime/Purchasing/Stores/Android/GooglePlay/Exceptions/GoogleFinishTransactionException.cs using Guid(e467679a6b3dd4018a842271c03f9b9c) Importer(2089858483,b0f066a214c2f5e87bad3c948f4d605d) (ScriptedImporter) -> (artifact id: '997585c6d546546369156fb17321547f') in 0.0123613 seconds
Number of updated asset objects reloaded before import = 0Number of asset objects unloaded after import = 0

========================================================================
Received Import Request.
  Time since last request: 0.000025 seconds.
  path: Packages/com.unity.purchasing/Runtime/Purchasing/Utilities/Interfaces/ICurrencyFormatter.cs
  artifactKey: Guid(3ff954e63871845148b17cc99ee725a4) Importer(2089858483,b0f066a214c2f5e87bad3c948f4d605d)
Start importing Packages/com.unity.purchasing/Runtime/Purchasing/Utilities/Interfaces/ICurrencyFormatter.cs using Guid(3ff954e63871845148b17cc99ee725a4) Importer(2089858483,b0f066a214c2f5e87bad3c948f4d605d) (ScriptedImporter) -> (artifact id: '5f74e548c55b70efaf0378794849cf5e') in 0.0126619 seconds
Number of updated asset objects reloaded before import = 0Number of asset objects unloaded after import = 0

========================================================================
Received Import Request.
  Time since last request: 0.000098 seconds.
  path: Packages/com.unity.purchasing/Editor/ServiceProjectSettings/Presenter/BasePurchasingState.cs
  artifactKey: Guid(c2029b6923ca0499092aac6a1422c9de) Importer(2089858483,b0f066a214c2f5e87bad3c948f4d605d)
Start importing Packages/com.unity.purchasing/Editor/ServiceProjectSettings/Presenter/BasePurchasingState.cs using Guid(c2029b6923ca0499092aac6a1422c9de) Importer(2089858483,b0f066a214c2f5e87bad3c948f4d605d) (ScriptedImporter) -> (artifact id: '16ac243aa21c954074853b49394cdc3b') in 0.0099951 seconds
Number of updated asset objects reloaded before import = 0Number of asset objects unloaded after import = 0

========================================================================
Received Import Request.
  Time since last request: 0.000082 seconds.
  path: Packages/com.unity.xr.legacyinputhelpers/Runtime/ArmModels/TransitionArmModel.cs
  artifactKey: Guid(93492893b74ab764b83d940916a59b03) Importer(2089858483,b0f066a214c2f5e87bad3c948f4d605d)
Start importing Packages/com.unity.xr.legacyinputhelpers/Runtime/ArmModels/TransitionArmModel.cs using Guid(93492893b74ab764b83d940916a59b03) Importer(2089858483,b0f066a214c2f5e87bad3c948f4d605d) (ScriptedImporter) -> (artifact id: '9f25f40bf812720375d62fb9022ebfaf') in 0.0142806 seconds
Number of updated asset objects reloaded before import = 0Number of asset objects unloaded after import = 0

========================================================================
Received Import Request.
  Time since last request: 0.000068 seconds.
  path: Packages/com.unity.purchasing/Runtime/Purchasing/Core/Purchasing/Models/Interfaces/IPurchasedProductInfo.cs
  artifactKey: Guid(af2fd751368c45739745f44dc52b9033) Importer(2089858483,b0f066a214c2f5e87bad3c948f4d605d)
Start importing Packages/com.unity.purchasing/Runtime/Purchasing/Core/Purchasing/Models/Interfaces/IPurchasedProductInfo.cs using Guid(af2fd751368c45739745f44dc52b9033) Importer(2089858483,b0f066a214c2f5e87bad3c948f4d605d) (ScriptedImporter) -> (artifact id: 'a96387b322c3068d5ca8682904bb04b0') in 0.010504 seconds
Number of updated asset objects reloaded before import = 0Number of asset objects unloaded after import = 0

========================================================================
Received Import Request.
  Time since last request: 0.000042 seconds.
  path: Packages/com.unity.purchasing/Runtime/Purchasing/Core/Purchasing/PurchaseServiceContainer.cs
  artifactKey: Guid(ccfd24d40cca76b42a6864c47131df33) Importer(2089858483,b0f066a214c2f5e87bad3c948f4d605d)
Start importing Packages/com.unity.purchasing/Runtime/Purchasing/Core/Purchasing/PurchaseServiceContainer.cs using Guid(ccfd24d40cca76b42a6864c47131df33) Importer(2089858483,b0f066a214c2f5e87bad3c948f4d605d) (ScriptedImporter) -> (artifact id: '8aacb1744515f77b87f6103d9d2543a4') in 0.0126038 seconds
Number of updated asset objects reloaded before import = 0Number of asset objects unloaded after import = 0

========================================================================
Received Import Request.
  Time since last request: 0.000069 seconds.
  path: Packages/com.unity.services.deployment/Third Party Notices.md
  artifactKey: Guid(9d5775d64b99e4d9a801316ed968f63b) Importer(2089858483,b0f066a214c2f5e87bad3c948f4d605d)
Start importing Packages/com.unity.services.deployment/Third Party Notices.md using Guid(9d5775d64b99e4d9a801316ed968f63b) Importer(2089858483,b0f066a214c2f5e87bad3c948f4d605d) (ScriptedImporter) -> (artifact id: '44b00dd2960a1beccecad846927c4df9') in 0.0114406 seconds
Number of updated asset objects reloaded before import = 0Number of asset objects unloaded after import = 1

========================================================================
Received Import Request.
  Time since last request: 0.000018 seconds.
  path: Packages/com.unity.purchasing/Editor/IAPGeneratedCredentials.cs.template
  artifactKey: Guid(5d137f890d26642219841a7f08fff0fb) Importer(2089858483,b0f066a214c2f5e87bad3c948f4d605d)
Start importing Packages/com.unity.purchasing/Editor/IAPGeneratedCredentials.cs.template using Guid(5d137f890d26642219841a7f08fff0fb) Importer(2089858483,b0f066a214c2f5e87bad3c948f4d605d) (ScriptedImporter) -> (artifact id: '54d860fbc0a08ce5699b7a9a9b91ed5d') in 0.008915 seconds
Number of updated asset objects reloaded before import = 0Number of asset objects unloaded after import = 1

========================================================================
Received Import Request.
  Time since last request: 0.000092 seconds.
  path: Packages/com.unity.services.core/Editor/Core/Shared/Infrastructure/IO
  artifactKey: Guid(368c9397c0c824135971fff9f031ce88) Importer(2089858483,b0f066a214c2f5e87bad3c948f4d605d)
Start importing Packages/com.unity.services.core/Editor/Core/Shared/Infrastructure/IO using Guid(368c9397c0c824135971fff9f031ce88) Importer(2089858483,b0f066a214c2f5e87bad3c948f4d605d) (ScriptedImporter) -> (artifact id: 'afcbe065e656bec675d7b54d1573c2e0') in 0.0105201 seconds
Number of updated asset objects reloaded before import = 0Number of asset objects unloaded after import = 1

========================================================================
Received Import Request.
  Time since last request: 0.000075 seconds.
  path: Packages/com.unity.services.analytics/Runtime/IdentityManager.cs
  artifactKey: Guid(73472d503b956934e8cb9fe1c76afa1a) Importer(2089858483,b0f066a214c2f5e87bad3c948f4d605d)
Start importing Packages/com.unity.services.analytics/Runtime/IdentityManager.cs using Guid(73472d503b956934e8cb9fe1c76afa1a) Importer(2089858483,b0f066a214c2f5e87bad3c948f4d605d) (ScriptedImporter) -> (artifact id: '1077f2b27513dac21278f468894b642e') in 0.0111052 seconds
Number of updated asset objects reloaded before import = 0Number of asset objects unloaded after import = 0

========================================================================
Received Import Request.
  Time since last request: 0.000049 seconds.
  path: Packages/com.unity.purchasing/Runtime/Purchasing/Settings
  artifactKey: Guid(c7b547b375a14e58819087c07a3a2455) Importer(2089858483,b0f066a214c2f5e87bad3c948f4d605d)
Start importing Packages/com.unity.purchasing/Runtime/Purchasing/Settings using Guid(c7b547b375a14e58819087c07a3a2455) Importer(2089858483,b0f066a214c2f5e87bad3c948f4d605d) (ScriptedImporter) -> (artifact id: 'a50fed6e931c8999c4f24103eaa72433') in 0.0113269 seconds
Number of updated asset objects reloaded before import = 0Number of asset objects unloaded after import = 1

========================================================================
Received Import Request.
  Time since last request: 0.000058 seconds.
  path: Packages/com.unity.purchasing/Runtime/UnityPaymentProviders/Client/Http/IHttpClient.cs
  artifactKey: Guid(21fef5079303a416ca76b1ec04f50b3e) Importer(2089858483,b0f066a214c2f5e87bad3c948f4d605d)
Start importing Packages/com.unity.purchasing/Runtime/UnityPaymentProviders/Client/Http/IHttpClient.cs using Guid(21fef5079303a416ca76b1ec04f50b3e) Importer(2089858483,b0f066a214c2f5e87bad3c948f4d605d) (ScriptedImporter) -> (artifact id: 'e5e65134777af1451e6edb17435af64a') in 0.0099546 seconds
Number of updated asset objects reloaded before import = 0Number of asset objects unloaded after import = 0

========================================================================
Received Import Request.
  Time since last request: 0.000039 seconds.
  path: Packages/com.unity.purchasing/Runtime/Purchasing/Core/Retries/RetryPolicies/MaximumNumberOfAttemptsRetryPolicy.cs
  artifactKey: Guid(2e1d09c29a274ee7a855599e5c92f194) Importer(2089858483,b0f066a214c2f5e87bad3c948f4d605d)
Start importing Packages/com.unity.purchasing/Runtime/Purchasing/Core/Retries/RetryPolicies/MaximumNumberOfAttemptsRetryPolicy.cs using Guid(2e1d09c29a274ee7a855599e5c92f194) Importer(2089858483,b0f066a214c2f5e87bad3c948f4d605d) (ScriptedImporter) -> (artifact id: '91d267c0792b5bb163776c91dbe1c6bf') in 0.0106257 seconds
Number of updated asset objects reloaded before import = 0Number of asset objects unloaded after import = 0

========================================================================
Received Import Request.
  Time since last request: 0.000106 seconds.
  path: Packages/com.unity.services.core/Editor/Core/EditorGameService/USS
  artifactKey: Guid(c1badd287b3d9486b989e6861643165b) Importer(2089858483,b0f066a214c2f5e87bad3c948f4d605d)
Start importing Packages/com.unity.services.core/Editor/Core/EditorGameService/USS using Guid(c1badd287b3d9486b989e6861643165b) Importer(2089858483,b0f066a214c2f5e87bad3c948f4d605d) (ScriptedImporter) -> (artifact id: 'fdd50eb2a65a1b470a041e91c7df7c7c') in 0.0111033 seconds
Number of updated asset objects reloaded before import = 0Number of asset objects unloaded after import = 1

========================================================================
Received Import Request.
  Time since last request: 0.000028 seconds.
  path: Packages/com.unity.purchasing/Runtime/Purchasing/Telemetry/Diagnostics/TelemetryDiagnosticParams.cs
  artifactKey: Guid(0edab4879bac4c7b8de2a01221f8ff67) Importer(2089858483,b0f066a214c2f5e87bad3c948f4d605d)
Start importing Packages/com.unity.purchasing/Runtime/Purchasing/Telemetry/Diagnostics/TelemetryDiagnosticParams.cs using Guid(0edab4879bac4c7b8de2a01221f8ff67) Importer(2089858483,b0f066a214c2f5e87bad3c948f4d605d) (ScriptedImporter) -> (artifact id: 'c501bd2c78b00c4d40d263ba1eec38f2') in 0.012719 seconds
Number of updated asset objects reloaded before import = 0Number of asset objects unloaded after import = 0

========================================================================
Received Import Request.
  Time since last request: 0.000067 seconds.
  path: Packages/com.unity.purchasing/Editor/Shared/DependencyInversion/Scope.Gen.cs
  artifactKey: Guid(6cb33f4846d944899ae470eb8386b918) Importer(2089858483,b0f066a214c2f5e87bad3c948f4d605d)
Start importing Packages/com.unity.purchasing/Editor/Shared/DependencyInversion/Scope.Gen.cs using Guid(6cb33f4846d944899ae470eb8386b918) Importer(2089858483,b0f066a214c2f5e87bad3c948f4d605d) (ScriptedImporter) -> (artifact id: 'd99d9c1005fbdecaca3c42b8f051af8e') in 0.0109204 seconds
Number of updated asset objects reloaded before import = 0Number of asset objects unloaded after import = 0

========================================================================
Received Import Request.
  Time since last request: 0.000030 seconds.
  path: Packages/com.unity.purchasing/Plugins/UnityPurchasing/iOS/UnityAttribution
  artifactKey: Guid(1c5b46e68190840a099927988f4ec301) Importer(2089858483,b0f066a214c2f5e87bad3c948f4d605d)
Start importing Packages/com.unity.purchasing/Plugins/UnityPurchasing/iOS/UnityAttribution using Guid(1c5b46e68190840a099927988f4ec301) Importer(2089858483,b0f066a214c2f5e87bad3c948f4d605d) (ScriptedImporter) -> (artifact id: 'a5977153992042a8e002612851f26a95') in 0.0120204 seconds
Number of updated asset objects reloaded before import = 0Number of asset objects unloaded after import = 1

========================================================================
Received Import Request.
  Time since last request: 0.000023 seconds.
  path: Packages/com.unity.microsoft.gdk/Runtime/Interop/XBL/XblGlobalInterop.cs
  artifactKey: Guid(ad2fa38522d44eedaf42b5a454f92dc8) Importer(2089858483,b0f066a214c2f5e87bad3c948f4d605d)
Start importing Packages/com.unity.microsoft.gdk/Runtime/Interop/XBL/XblGlobalInterop.cs using Guid(ad2fa38522d44eedaf42b5a454f92dc8) Importer(2089858483,b0f066a214c2f5e87bad3c948f4d605d) (ScriptedImporter) -> (artifact id: '9989a0a418a0d143f330e6799a72ecbf') in 0.0114674 seconds
Number of updated asset objects reloaded before import = 0Number of asset objects unloaded after import = 0

========================================================================
Received Import Request.
  Time since last request: 0.000055 seconds.
  path: Packages/com.unity.purchasing/Runtime/Purchasing/Core/Purchasing/Interfaces/CartValidation
  artifactKey: Guid(71153157da084173b5974ef772afdbad) Importer(2089858483,b0f066a214c2f5e87bad3c948f4d605d)
Start importing Packages/com.unity.purchasing/Runtime/Purchasing/Core/Purchasing/Interfaces/CartValidation using Guid(71153157da084173b5974ef772afdbad) Importer(2089858483,b0f066a214c2f5e87bad3c948f4d605d) (ScriptedImporter) -> (artifact id: '8e33a128542d654efb8929d2bf9d8540') in 0.0102848 seconds
Number of updated asset objects reloaded before import = 0Number of asset objects unloaded after import = 1

========================================================================
Received Import Request.
  Time since last request: 0.000017 seconds.
  path: Packages/com.unity.services.core/Runtime/Core.Internal/Components/Analytics
  artifactKey: Guid(e5bcbad422c32d240b4dae8cdd6123fd) Importer(2089858483,b0f066a214c2f5e87bad3c948f4d605d)
Start importing Packages/com.unity.services.core/Runtime/Core.Internal/Components/Analytics using Guid(e5bcbad422c32d240b4dae8cdd6123fd) Importer(2089858483,b0f066a214c2f5e87bad3c948f4d605d) (ScriptedImporter) -> (artifact id: '1fd00c8eb1204bbd203e0d56c12cc885') in 0.0098961 seconds
Number of updated asset objects reloaded before import = 0Number of asset objects unloaded after import = 1

========================================================================
Received Import Request.
  Time since last request: 0.000047 seconds.
  path: Packages/com.unity.purchasing/Runtime/Purchasing/Telemetry/Metrics/TelemetryMetricsInstanceWrapper.cs
  artifactKey: Guid(757df1bf595d4524a56504167404cbd1) Importer(2089858483,b0f066a214c2f5e87bad3c948f4d605d)
Start importing Packages/com.unity.purchasing/Runtime/Purchasing/Telemetry/Metrics/TelemetryMetricsInstanceWrapper.cs using Guid(757df1bf595d4524a56504167404cbd1) Importer(2089858483,b0f066a214c2f5e87bad3c948f4d605d) (ScriptedImporter) -> (artifact id: '4b64c3b4e61e4951efd897445b41c95b') in 0.0133061 seconds
Number of updated asset objects reloaded before import = 0Number of asset objects unloaded after import = 0

========================================================================
Received Import Request.
  Time since last request: 0.000046 seconds.
  path: Packages/com.unity.purchasing/Runtime/Stores/Data/Insights/Models/IAPSDKEvent.cs
  artifactKey: Guid(72328d4304264a4aa8dfdec88785e67a) Importer(2089858483,b0f066a214c2f5e87bad3c948f4d605d)
Start importing Packages/com.unity.purchasing/Runtime/Stores/Data/Insights/Models/IAPSDKEvent.cs using Guid(72328d4304264a4aa8dfdec88785e67a) Importer(2089858483,b0f066a214c2f5e87bad3c948f4d605d) (ScriptedImporter) -> (artifact id: 'df79fd1ef0713672f42b0529a4878abc') in 0.011137 seconds
Number of updated asset objects reloaded before import = 0Number of asset objects unloaded after import = 0

========================================================================
Received Import Request.
  Time since last request: 0.000073 seconds.
  path: Packages/com.unity.purchasing/Runtime/Purchasing/Core/Store/Android/GooglePlay/Extensions/UseCases/Interfaces/IGooglePlayStoreConnectionUseCase.cs
  artifactKey: Guid(0cf6060e82ec4ff18f51381d2bc72f40) Importer(2089858483,b0f066a214c2f5e87bad3c948f4d605d)
Start importing Packages/com.unity.purchasing/Runtime/Purchasing/Core/Store/Android/GooglePlay/Extensions/UseCases/Interfaces/IGooglePlayStoreConnectionUseCase.cs using Guid(0cf6060e82ec4ff18f51381d2bc72f40) Importer(2089858483,b0f066a214c2f5e87bad3c948f4d605d) (ScriptedImporter) -> (artifact id: 'a94ddaa9bfb704d93d8603ed6087df57') in 0.0117913 seconds
Number of updated asset objects reloaded before import = 0Number of asset objects unloaded after import = 0

========================================================================
Received Import Request.
  Time since last request: 0.000031 seconds.
  path: Packages/com.unity.ai.navigation/Gizmos/NavMeshModifierVolume Icon.png
  artifactKey: Guid(cc7b9475dbddf4f9088d327d6e10ab77) Importer(2089858483,b0f066a214c2f5e87bad3c948f4d605d)
Start importing Packages/com.unity.ai.navigation/Gizmos/NavMeshModifierVolume Icon.png using Guid(cc7b9475dbddf4f9088d327d6e10ab77) Importer(2089858483,b0f066a214c2f5e87bad3c948f4d605d) (ScriptedImporter) -> (artifact id: 'a67a70cf3b916ebd7ac97b6c02c78279') in 0.0144893 seconds
Number of updated asset objects reloaded before import = 0Number of asset objects unloaded after import = 1

========================================================================
Received Import Request.
  Time since last request: 0.000109 seconds.
  path: Packages/com.unity.purchasing/Editor/Authoring/LiveContentAdminApi/Client/Model/FileVariant.cs
  artifactKey: Guid(90bf4313c93745d2b6b7425f2cb27b8b) Importer(2089858483,b0f066a214c2f5e87bad3c948f4d605d)
Start importing Packages/com.unity.purchasing/Editor/Authoring/LiveContentAdminApi/Client/Model/FileVariant.cs using Guid(90bf4313c93745d2b6b7425f2cb27b8b) Importer(2089858483,b0f066a214c2f5e87bad3c948f4d605d) (ScriptedImporter) -> (artifact id: 'b0d15f4d795a6ca4815241d715914e28') in 0.0129133 seconds
Number of updated asset objects reloaded before import = 0Number of asset objects unloaded after import = 0

========================================================================
Received Import Request.
  Time since last request: 0.000020 seconds.
  path: Packages/com.unity.purchasing/Runtime/UnityPaymentProviders/Interfaces/IPaymentProviderService.cs
  artifactKey: Guid(1a1d43f191c494cf09ec367c5c48a124) Importer(2089858483,b0f066a214c2f5e87bad3c948f4d605d)
Start importing Packages/com.unity.purchasing/Runtime/UnityPaymentProviders/Interfaces/IPaymentProviderService.cs using Guid(1a1d43f191c494cf09ec367c5c48a124) Importer(2089858483,b0f066a214c2f5e87bad3c948f4d605d) (ScriptedImporter) -> (artifact id: 'c50af0a40bd0a3caeeadd31a16e12ccd') in 0.0120991 seconds
Number of updated asset objects reloaded before import = 0Number of asset objects unloaded after import = 0

========================================================================
Received Import Request.
  Time since last request: 0.000068 seconds.
  path: Packages/com.unity.services.deployment/Editor/Shared/EditorUtils/Sync.Gen.cs
  artifactKey: Guid(2d4fe1db871ce497aa3018d6fcf8a0aa) Importer(2089858483,b0f066a214c2f5e87bad3c948f4d605d)
Start importing Packages/com.unity.services.deployment/Editor/Shared/EditorUtils/Sync.Gen.cs using Guid(2d4fe1db871ce497aa3018d6fcf8a0aa) Importer(2089858483,b0f066a214c2f5e87bad3c948f4d605d) (ScriptedImporter) -> (artifact id: 'd0363c3e9ffe66523f3edc56c91c2fdb') in 0.0109653 seconds
Number of updated asset objects reloaded before import = 0Number of asset objects unloaded after import = 0

========================================================================
Received Import Request.
  Time since last request: 0.000074 seconds.
  path: Packages/com.unity.purchasing/Editor/Authoring/UI/BrowsablePathField.cs
  artifactKey: Guid(3fc35a1aa10344e239c7d191b3ac7ee4) Importer(2089858483,b0f066a214c2f5e87bad3c948f4d605d)
Start importing Packages/com.unity.purchasing/Editor/Authoring/UI/BrowsablePathField.cs using Guid(3fc35a1aa10344e239c7d191b3ac7ee4) Importer(2089858483,b0f066a214c2f5e87bad3c948f4d605d) (ScriptedImporter) -> (artifact id: '8e492034b6b019045e4615e67617a50b') in 0.0091677 seconds
Number of updated asset objects reloaded before import = 0Number of asset objects unloaded after import = 0

========================================================================
Received Import Request.
  Time since last request: 0.000049 seconds.
  path: Packages/com.unity.services.deployment/Editor/Interface/UI/Events/DeployAllClicked.cs
  artifactKey: Guid(b6fa33f2487b4b8fbbffc16f4ed90c7a) Importer(2089858483,b0f066a214c2f5e87bad3c948f4d605d)
Start importing Packages/com.unity.services.deployment/Editor/Interface/UI/Events/DeployAllClicked.cs using Guid(b6fa33f2487b4b8fbbffc16f4ed90c7a) Importer(2089858483,b0f066a214c2f5e87bad3c948f4d605d) (ScriptedImporter) -> (artifact id: 'db836a69d8738bb051c9042db97ea369') in 0.0103344 seconds
Number of updated asset objects reloaded before import = 0Number of asset objects unloaded after import = 0

========================================================================
Received Import Request.
  Time since last request: 0.000096 seconds.
  path: Packages/com.unity.services.core/Editor/Core/Environments/Client/Models/UnityOrganizationV1.cs
  artifactKey: Guid(f1c3cc01f2ba44ce88e2780dc98b31fd) Importer(2089858483,b0f066a214c2f5e87bad3c948f4d605d)
Start importing Packages/com.unity.services.core/Editor/Core/Environments/Client/Models/UnityOrganizationV1.cs using Guid(f1c3cc01f2ba44ce88e2780dc98b31fd) Importer(2089858483,b0f066a214c2f5e87bad3c948f4d605d) (ScriptedImporter) -> (artifact id: 'efd0a0a1693f37ad86f777d708b8670c') in 0.0120118 seconds
Number of updated asset objects reloaded before import = 0Number of asset objects unloaded after import = 0

========================================================================
Received Import Request.
  Time since last request: 0.000066 seconds.
  path: Packages/com.unity.purchasing/Editor/Authoring/LiveContentAdminApi/Client/Model/FileDeleteBatch.cs
  artifactKey: Guid(1b836150bc7ca41ed8c68cdf40fa1ced) Importer(2089858483,b0f066a214c2f5e87bad3c948f4d605d)
Start importing Packages/com.unity.purchasing/Editor/Authoring/LiveContentAdminApi/Client/Model/FileDeleteBatch.cs using Guid(1b836150bc7ca41ed8c68cdf40fa1ced) Importer(2089858483,b0f066a214c2f5e87bad3c948f4d605d) (ScriptedImporter) -> (artifact id: 'ca18aa77dc2aecf613858dc62969b5a1') in 0.0117074 seconds
Number of updated asset objects reloaded before import = 0Number of asset objects unloaded after import = 0

========================================================================
Received Import Request.
  Time since last request: 0.000054 seconds.
  path: Packages/com.unity.services.core/Runtime/Environments/EnvironmentsOptionsExtensions.cs
  artifactKey: Guid(75eeeeadd65f0407db138d67605e095b) Importer(2089858483,b0f066a214c2f5e87bad3c948f4d605d)
Start importing Packages/com.unity.services.core/Runtime/Environments/EnvironmentsOptionsExtensions.cs using Guid(75eeeeadd65f0407db138d67605e095b) Importer(2089858483,b0f066a214c2f5e87bad3c948f4d605d) (ScriptedImporter) -> (artifact id: '2415baa17a789d6b798838cb0b0a4ac4') in 0.0109602 seconds
Number of updated asset objects reloaded before import = 0Number of asset objects unloaded after import = 0

========================================================================
Received Import Request.
  Time since last request: 0.000060 seconds.
  path: Packages/com.unity.purchasing/Runtime/Purchasing/Extension/InternalStore.cs
  artifactKey: Guid(b8d5223c041744b495f2ea0bea4e8eb1) Importer(2089858483,b0f066a214c2f5e87bad3c948f4d605d)
Start importing Packages/com.unity.purchasing/Runtime/Purchasing/Extension/InternalStore.cs using Guid(b8d5223c041744b495f2ea0bea4e8eb1) Importer(2089858483,b0f066a214c2f5e87bad3c948f4d605d) (ScriptedImporter) -> (artifact id: 'cbcabf565e1fac07028bf2fd24d44193') in 0.0088014 seconds
Number of updated asset objects reloaded before import = 0Number of asset objects unloaded after import = 0

========================================================================
Received Import Request.
  Time since last request: 0.000081 seconds.
  path: Packages/com.unity.purchasing/Runtime/TransactionVerifier/Client/Apis/GoogleApi.cs
  artifactKey: Guid(549fefbf712e6415ca21df84fe760a3f) Importer(2089858483,b0f066a214c2f5e87bad3c948f4d605d)
Start importing Packages/com.unity.purchasing/Runtime/TransactionVerifier/Client/Apis/GoogleApi.cs using Guid(549fefbf712e6415ca21df84fe760a3f) Importer(2089858483,b0f066a214c2f5e87bad3c948f4d605d) (ScriptedImporter) -> (artifact id: '95cf5582710304ebbfe9b455a8f7b50e') in 0.011832 seconds
Number of updated asset objects reloaded before import = 0Number of asset objects unloaded after import = 0

========================================================================
Received Import Request.
  Time since last request: 0.000074 seconds.
  path: Packages/com.unity.purchasing/Editor/ServiceProjectSettings/Presenter/SettingsUIUtils.cs
  artifactKey: Guid(47798b24b04cf44ec8d0f2aacd388c6d) Importer(2089858483,b0f066a214c2f5e87bad3c948f4d605d)
Start importing Packages/com.unity.purchasing/Editor/ServiceProjectSettings/Presenter/SettingsUIUtils.cs using Guid(47798b24b04cf44ec8d0f2aacd388c6d) Importer(2089858483,b0f066a214c2f5e87bad3c948f4d605d) (ScriptedImporter) -> (artifact id: 'cbe92b775a8d7b54be11a66f187b184d') in 0.0100845 seconds
Number of updated asset objects reloaded before import = 0Number of asset objects unloaded after import = 0

========================================================================
Received Import Request.
  Time since last request: 0.000046 seconds.
  path: Packages/com.unity.purchasing/Editor/Authoring/Core/Model/CatalogItem.Validation.cs
  artifactKey: Guid(1d505898eafd6aa4d99c6df843561981) Importer(2089858483,b0f066a214c2f5e87bad3c948f4d605d)
Start importing Packages/com.unity.purchasing/Editor/Authoring/Core/Model/CatalogItem.Validation.cs using Guid(1d505898eafd6aa4d99c6df843561981) Importer(2089858483,b0f066a214c2f5e87bad3c948f4d605d) (ScriptedImporter) -> (artifact id: '83e22b8e69fdaa663d87f94fc74d95e3') in 0.0104197 seconds
Number of updated asset objects reloaded before import = 0Number of asset objects unloaded after import = 0

========================================================================
Received Import Request.
  Time since last request: 0.000073 seconds.
  path: Packages/com.unity.purchasing/Runtime/Purchasing/Core/Store/AppleAppStore/Extensions/UseCases/SetAppAccountTokenUseCase.cs
  artifactKey: Guid(17c0b09b463e4662965001d03ae9a4da) Importer(2089858483,b0f066a214c2f5e87bad3c948f4d605d)
Start importing Packages/com.unity.purchasing/Runtime/Purchasing/Core/Store/AppleAppStore/Extensions/UseCases/SetAppAccountTokenUseCase.cs using Guid(17c0b09b463e4662965001d03ae9a4da) Importer(2089858483,b0f066a214c2f5e87bad3c948f4d605d) (ScriptedImporter) -> (artifact id: 'c29e1220b77b04c4f2fcacfcee27635c') in 0.0141934 seconds
Number of updated asset objects reloaded before import = 0Number of asset objects unloaded after import = 0

========================================================================
Received Import Request.
  Time since last request: 0.000043 seconds.
  path: Packages/com.unity.purchasing/Runtime/Purchasing/Core/Purchasing/Interfaces/Callbacks/IStorePurchaseConfirmCallback.cs
  artifactKey: Guid(bd7b3a66106a366409927a2fbdc93e69) Importer(2089858483,b0f066a214c2f5e87bad3c948f4d605d)
Start importing Packages/com.unity.purchasing/Runtime/Purchasing/Core/Purchasing/Interfaces/Callbacks/IStorePurchaseConfirmCallback.cs using Guid(bd7b3a66106a366409927a2fbdc93e69) Importer(2089858483,b0f066a214c2f5e87bad3c948f4d605d) (ScriptedImporter) -> (artifact id: '401d3e78ec2365f9aee113c60f86f594') in 0.0112219 seconds
Number of updated asset objects reloaded before import = 0Number of asset objects unloaded after import = 0

========================================================================
Received Import Request.
  Time since last request: 0.000026 seconds.
  path: Packages/com.unity.purchasing/Editor/ServiceProjectSettings/UI/Views
  artifactKey: Guid(23a51fcab5c15491ea9b1b3151d02562) Importer(2089858483,b0f066a214c2f5e87bad3c948f4d605d)
Start importing Packages/com.unity.purchasing/Editor/ServiceProjectSettings/UI/Views using Guid(23a51fcab5c15491ea9b1b3151d02562) Importer(2089858483,b0f066a214c2f5e87bad3c948f4d605d) (ScriptedImporter) -> (artifact id: '71231559571765a1c2dc31b175ba2013') in 0.0118974 seconds
Number of updated asset objects reloaded before import = 0Number of asset objects unloaded after import = 1

========================================================================
Received Import Request.
  Time since last request: 0.000040 seconds.
  path: Packages/com.unity.purchasing/Runtime/Stores/FakeStore/DialogRequest.cs
  artifactKey: Guid(5c9c401096e54ba45bf829401b1cccc4) Importer(2089858483,b0f066a214c2f5e87bad3c948f4d605d)
Start importing Packages/com.unity.purchasing/Runtime/Stores/FakeStore/DialogRequest.cs using Guid(5c9c401096e54ba45bf829401b1cccc4) Importer(2089858483,b0f066a214c2f5e87bad3c948f4d605d) (ScriptedImporter) -> (artifact id: '29fb691dc2ea335ba6ba66dc50516b7f') in 0.0107938 seconds
Number of updated asset objects reloaded before import = 0Number of asset objects unloaded after import = 0

========================================================================
Received Import Request.
  Time since last request: 0.000046 seconds.
  path: Packages/com.unity.purchasing/Runtime/Purchasing/Legacy/PurchasingManager.cs
  artifactKey: Guid(ef6015bd730743e3b6fce3252c6d04fd) Importer(2089858483,b0f066a214c2f5e87bad3c948f4d605d)
Start importing Packages/com.unity.purchasing/Runtime/Purchasing/Legacy/PurchasingManager.cs using Guid(ef6015bd730743e3b6fce3252c6d04fd) Importer(2089858483,b0f066a214c2f5e87bad3c948f4d605d) (ScriptedImporter) -> (artifact id: '0dbab70c7c7bde38e2ad7c5ce07e99c2') in 0.0104117 seconds
Number of updated asset objects reloaded before import = 0Number of asset objects unloaded after import = 0

========================================================================
Received Import Request.
  Time since last request: 0.000077 seconds.
  path: Packages/com.unity.microsoft.gdk/Runtime/Interop/XLaunchInterop.cs
  artifactKey: Guid(8a62cef5142750b42ae167f0738bdbed) Importer(2089858483,b0f066a214c2f5e87bad3c948f4d605d)
Start importing Packages/com.unity.microsoft.gdk/Runtime/Interop/XLaunchInterop.cs using Guid(8a62cef5142750b42ae167f0738bdbed) Importer(2089858483,b0f066a214c2f5e87bad3c948f4d605d) (ScriptedImporter) -> (artifact id: '7fbfb0e853f0c89e68b3b1963a715366') in 0.0111782 seconds
Number of updated asset objects reloaded before import = 0Number of asset objects unloaded after import = 0

========================================================================
Received Import Request.
  Time since last request: 0.000052 seconds.
  path: Packages/com.unity.purchasing/Runtime/Purchasing/Core/Retries/RetryRequest.cs
  artifactKey: Guid(6a744684c7674ecdb616bd3fcb8560e8) Importer(2089858483,b0f066a214c2f5e87bad3c948f4d605d)
Start importing Packages/com.unity.purchasing/Runtime/Purchasing/Core/Retries/RetryRequest.cs using Guid(6a744684c7674ecdb616bd3fcb8560e8) Importer(2089858483,b0f066a214c2f5e87bad3c948f4d605d) (ScriptedImporter) -> (artifact id: 'a184c13b75d793ffdf0d53c5af0e8e2e') in 0.0102839 seconds
Number of updated asset objects reloaded before import = 0Number of asset objects unloaded after import = 0

========================================================================
Received Import Request.
  Time since last request: 0.000047 seconds.
  path: Packages/com.unity.services.core/Editor/Core/UiHelpers/UXML/ProjectSettingsCommonHeader.uxml
  artifactKey: Guid(d93845e99ca3b42d0aecd4ab938a1342) Importer(2089858483,b0f066a214c2f5e87bad3c948f4d605d)
Start importing Packages/com.unity.services.core/Editor/Core/UiHelpers/UXML/ProjectSettingsCommonHeader.uxml using Guid(d93845e99ca3b42d0aecd4ab938a1342) Importer(2089858483,b0f066a214c2f5e87bad3c948f4d605d) (ScriptedImporter) -> (artifact id: 'e8cb1ae8b951c204d4c51630c03769df') in 0.0145437 seconds
Number of updated asset objects reloaded before import = 0Number of asset objects unloaded after import = 2

========================================================================
Received Import Request.
  Time since last request: 0.000020 seconds.
  path: Packages/com.unity.services.core/Runtime/Core.Internal/Components/Telemetry/IDiagnosticsFactory.cs
  artifactKey: Guid(ef7fcc1a349fcfd4eb60ca422145e7d2) Importer(2089858483,b0f066a214c2f5e87bad3c948f4d605d)
Start importing Packages/com.unity.services.core/Runtime/Core.Internal/Components/Telemetry/IDiagnosticsFactory.cs using Guid(ef7fcc1a349fcfd4eb60ca422145e7d2) Importer(2089858483,b0f066a214c2f5e87bad3c948f4d605d) (ScriptedImporter) -> (artifact id: '2d381c8e4bebd759b1759c00cf11874b') in 0.0098232 seconds
Number of updated asset objects reloaded before import = 0Number of asset objects unloaded after import = 0

========================================================================
Received Import Request.
  Time since last request: 0.000062 seconds.
  path: Packages/com.unity.purchasing/Editor/ServiceProjectSettings/Entity/IapEditorProjectSettings.cs
  artifactKey: Guid(fdd636edd81734ba3906bef7cfbb0cbc) Importer(2089858483,b0f066a214c2f5e87bad3c948f4d605d)
Start importing Packages/com.unity.purchasing/Editor/ServiceProjectSettings/Entity/IapEditorProjectSettings.cs using Guid(fdd636edd81734ba3906bef7cfbb0cbc) Importer(2089858483,b0f066a214c2f5e87bad3c948f4d605d) (ScriptedImporter) -> (artifact id: '733998b1d98117384f29b15c3291d8f5') in 0.0110087 seconds
Number of updated asset objects reloaded before import = 0Number of asset objects unloaded after import = 0

========================================================================
Received Import Request.
  Time since last request: 0.000062 seconds.
  path: Packages/com.unity.purchasing/AiAssistantSkills/in-app-purchases/references/codeless-catalog.md
  artifactKey: Guid(f4d9975cf3db68048a1fd0d6de6de55d) Importer(2089858483,b0f066a214c2f5e87bad3c948f4d605d)
Start importing Packages/com.unity.purchasing/AiAssistantSkills/in-app-purchases/references/codeless-catalog.md using Guid(f4d9975cf3db68048a1fd0d6de6de55d) Importer(2089858483,b0f066a214c2f5e87bad3c948f4d605d) (ScriptedImporter) -> (artifact id: 'e1f0e8f4913ab0d6d7848d177afed319') in 0.0117689 seconds
Number of updated asset objects reloaded before import = 0Number of asset objects unloaded after import = 1

========================================================================
Received Import Request.
  Time since last request: 0.000017 seconds.
  path: Packages/com.unity.purchasing/Runtime/Purchasing/Core/Purchasing/AppleAppStore/Extensions/UseCases/Interfaces/IRefreshAppReceiptUseCase.cs
  artifactKey: Guid(6f184bf217554130870dd5feadb68683) Importer(2089858483,b0f066a214c2f5e87bad3c948f4d605d)
Start importing Packages/com.unity.purchasing/Runtime/Purchasing/Core/Purchasing/AppleAppStore/Extensions/UseCases/Interfaces/IRefreshAppReceiptUseCase.cs using Guid(6f184bf217554130870dd5feadb68683) Importer(2089858483,b0f066a214c2f5e87bad3c948f4d605d) (ScriptedImporter) -> (artifact id: '448b03a0c5494ad8ba7b07c8d4b91b9d') in 0.0118271 seconds
Number of updated asset objects reloaded before import = 0Number of asset objects unloaded after import = 0

========================================================================
Received Import Request.
  Time since last request: 0.000021 seconds.
  path: Packages/com.unity.purchasing/Runtime/Purchasing/Core/Store/PaymentProviders
  artifactKey: Guid(8f300c8a382c4440aee621c5de41de7b) Importer(2089858483,b0f066a214c2f5e87bad3c948f4d605d)
Start importing Packages/com.unity.purchasing/Runtime/Purchasing/Core/Store/PaymentProviders using Guid(8f300c8a382c4440aee621c5de41de7b) Importer(2089858483,b0f066a214c2f5e87bad3c948f4d605d) (ScriptedImporter) -> (artifact id: '6c18e74fe1d71554cb409f2d0ed5c149') in 0.0103034 seconds
Number of updated asset objects reloaded before import = 0Number of asset objects unloaded after import = 1

========================================================================
Received Import Request.
  Time since last request: 0.000033 seconds.
  path: Packages/com.unity.microsoft.gdk/Runtime/Interop/NativeTypeNameAttribute.cs
  artifactKey: Guid(897fc3d83758462b8fb02a0a13cb8625) Importer(2089858483,b0f066a214c2f5e87bad3c948f4d605d)
Start importing Packages/com.unity.microsoft.gdk/Runtime/Interop/NativeTypeNameAttribute.cs using Guid(897fc3d83758462b8fb02a0a13cb8625) Importer(2089858483,b0f066a214c2f5e87bad3c948f4d605d) (ScriptedImporter) -> (artifact id: 'aa1d235cb8f028a8ecbf8c22633d839d') in 0.1409395 seconds
Number of updated asset objects reloaded before import = 0Number of asset objects unloaded after import = 0

========================================================================
Received Import Request.
  Time since last request: 0.000085 seconds.
  path: Packages/com.unity.services.analytics/Runtime/Events/AdImpression/AdPlacementType.cs
  artifactKey: Guid(732176235f824e20977f423c16f4947f) Importer(2089858483,b0f066a214c2f5e87bad3c948f4d605d)
Start importing Packages/com.unity.services.analytics/Runtime/Events/AdImpression/AdPlacementType.cs using Guid(732176235f824e20977f423c16f4947f) Importer(2089858483,b0f066a214c2f5e87bad3c948f4d605d) (ScriptedImporter) -> (artifact id: '5a026815409988d0051ac02e98828de3') in 0.0107943 seconds
Number of updated asset objects reloaded before import = 0Number of asset objects unloaded after import = 0

========================================================================
Received Import Request.
  Time since last request: 0.000070 seconds.
  path: Packages/com.unity.purchasing/Runtime/Purchasing/Legacy/Configurations
  artifactKey: Guid(7933d9d6dc4e42b6a9436454f154eaf2) Importer(2089858483,b0f066a214c2f5e87bad3c948f4d605d)
Start importing Packages/com.unity.purchasing/Runtime/Purchasing/Legacy/Configurations using Guid(7933d9d6dc4e42b6a9436454f154eaf2) Importer(2089858483,b0f066a214c2f5e87bad3c948f4d605d) (ScriptedImporter) -> (artifact id: '0b541de006c1362409356d7d0a61e677') in 0.0100049 seconds
Number of updated asset objects reloaded before import = 0Number of asset objects unloaded after import = 1

========================================================================
Received Import Request.
  Time since last request: 0.000017 seconds.
  path: Packages/com.unity.microsoft.gdk.discovery/README.md
  artifactKey: Guid(d3fd927294f753e41bf999b855de64c0) Importer(2089858483,b0f066a214c2f5e87bad3c948f4d605d)
Start importing Packages/com.unity.microsoft.gdk.discovery/README.md using Guid(d3fd927294f753e41bf999b855de64c0) Importer(2089858483,b0f066a214c2f5e87bad3c948f4d605d) (ScriptedImporter) -> (artifact id: '3dd682f1695dfbd6d75d5a83a7a0f2f8') in 0.0094367 seconds
Number of updated asset objects reloaded before import = 0Number of asset objects unloaded after import = 1

========================================================================
Received Import Request.
  Time since last request: 0.000023 seconds.
  path: Packages/com.unity.purchasing/Runtime/Stores/Android/GooglePlay/AAR/Models/BillingProgram.cs
  artifactKey: Guid(ba3580814f1d4a5faa644d4e0aebbf80) Importer(2089858483,b0f066a214c2f5e87bad3c948f4d605d)
Start importing Packages/com.unity.purchasing/Runtime/Stores/Android/GooglePlay/AAR/Models/BillingProgram.cs using Guid(ba3580814f1d4a5faa644d4e0aebbf80) Importer(2089858483,b0f066a214c2f5e87bad3c948f4d605d) (ScriptedImporter) -> (artifact id: 'de0015ed94c63cec7fcea0f4533a8e42') in 0.0123945 seconds
Number of updated asset objects reloaded before import = 0Number of asset objects unloaded after import = 0

========================================================================
Received Import Request.
  Time since last request: 0.000070 seconds.
  path: Packages/com.unity.purchasing/Runtime/Stores/Data
  artifactKey: Guid(0b3c58473ccb436990b70b994131b171) Importer(2089858483,b0f066a214c2f5e87bad3c948f4d605d)
Start importing Packages/com.unity.purchasing/Runtime/Stores/Data using Guid(0b3c58473ccb436990b70b994131b171) Importer(2089858483,b0f066a214c2f5e87bad3c948f4d605d) (ScriptedImporter) -> (artifact id: 'ea8c83755d4e795540eae03569fa86ed') in 0.0102156 seconds
Number of updated asset objects reloaded before import = 0Number of asset objects unloaded after import = 1

========================================================================
Received Import Request.
  Time since last request: 0.000016 seconds.
  path: Packages/com.unity.purchasing/Runtime/UnityLiveContentAdapter/Client/Scheduler/EngineStateHelper.cs
  artifactKey: Guid(0c982f173be2e4d9db10ee0d470b4876) Importer(2089858483,b0f066a214c2f5e87bad3c948f4d605d)
Start importing Packages/com.unity.purchasing/Runtime/UnityLiveContentAdapter/Client/Scheduler/EngineStateHelper.cs using Guid(0c982f173be2e4d9db10ee0d470b4876) Importer(2089858483,b0f066a214c2f5e87bad3c948f4d605d) (ScriptedImporter) -> (artifact id: 'bc81690abff7bb547a2a58aa02fd1cec') in 0.0121755 seconds
Number of updated asset objects reloaded before import = 0Number of asset objects unloaded after import = 0

========================================================================
Received Import Request.
  Time since last request: 0.000018 seconds.
  path: Packages/com.unity.purchasing/Runtime/Purchasing/Legacy/Extensions/Interfaces/IStoreExtension.cs
  artifactKey: Guid(2f8fe0bf75a54e66a3a9bc424e652221) Importer(2089858483,b0f066a214c2f5e87bad3c948f4d605d)
Start importing Packages/com.unity.purchasing/Runtime/Purchasing/Legacy/Extensions/Interfaces/IStoreExtension.cs using Guid(2f8fe0bf75a54e66a3a9bc424e652221) Importer(2089858483,b0f066a214c2f5e87bad3c948f4d605d) (ScriptedImporter) -> (artifact id: 'afc76776184d2f473f03b6c3aa8c4c28') in 0.0111835 seconds
Number of updated asset objects reloaded before import = 0Number of asset objects unloaded after import = 0

========================================================================
Received Import Request.
  Time since last request: 0.000075 seconds.
  path: Packages/com.unity.purchasing/Runtime/Security/Asn1Processor/Asn1Node.cs
  artifactKey: Guid(fec72274543004aff8768fda2a73da01) Importer(2089858483,b0f066a214c2f5e87bad3c948f4d605d)
Start importing Packages/com.unity.purchasing/Runtime/Security/Asn1Processor/Asn1Node.cs using Guid(fec72274543004aff8768fda2a73da01) Importer(2089858483,b0f066a214c2f5e87bad3c948f4d605d) (ScriptedImporter) -> (artifact id: 'aaaa4456ffc7c55ce4f7345907caaf11') in 0.0129243 seconds
Number of updated asset objects reloaded before import = 0Number of asset objects unloaded after import = 0

========================================================================
Received Import Request.
  Time since last request: 0.000076 seconds.
  path: Packages/com.unity.purchasing/Runtime/Purchasing/Stores/Android/GooglePlay/AAR/Interfaces/IGooglePurchase.cs
  artifactKey: Guid(318df9a589f34bacbd78ba634263ed15) Importer(2089858483,b0f066a214c2f5e87bad3c948f4d605d)
Start importing Packages/com.unity.purchasing/Runtime/Purchasing/Stores/Android/GooglePlay/AAR/Interfaces/IGooglePurchase.cs using Guid(318df9a589f34bacbd78ba634263ed15) Importer(2089858483,b0f066a214c2f5e87bad3c948f4d605d) (ScriptedImporter) -> (artifact id: 'ae55b48a9f66196480849d0d1a0caef8') in 0.0122556 seconds
Number of updated asset objects reloaded before import = 0Number of asset objects unloaded after import = 0

========================================================================
Received Import Request.
  Time since last request: 0.000069 seconds.
  path: Packages/com.unity.services.core/Runtime/Configuration/StreamingAssetsConfigurationLoader.cs
  artifactKey: Guid(f5d7186a4ae434942afddf441cccaa67) Importer(2089858483,b0f066a214c2f5e87bad3c948f4d605d)
Start importing Packages/com.unity.services.core/Runtime/Configuration/StreamingAssetsConfigurationLoader.cs using Guid(f5d7186a4ae434942afddf441cccaa67) Importer(2089858483,b0f066a214c2f5e87bad3c948f4d605d) (ScriptedImporter) -> (artifact id: '4f4cbaf867af81a349f19d747535f29e') in 0.0124984 seconds
Number of updated asset objects reloaded before import = 0Number of asset objects unloaded after import = 0

========================================================================
Received Import Request.
  Time since last request: 0.000030 seconds.
  path: Packages/com.unity.purchasing/Editor/Obfuscation/UI
  artifactKey: Guid(6ef51284a2f2e614698688f02135463f) Importer(2089858483,b0f066a214c2f5e87bad3c948f4d605d)
Start importing Packages/com.unity.purchasing/Editor/Obfuscation/UI using Guid(6ef51284a2f2e614698688f02135463f) Importer(2089858483,b0f066a214c2f5e87bad3c948f4d605d) (ScriptedImporter) -> (artifact id: '745f020d19d80e94c37e6ce58b9f0bef') in 0.0101375 seconds
Number of updated asset objects reloaded before import = 0Number of asset objects unloaded after import = 1

========================================================================
Received Import Request.
  Time since last request: 0.000015 seconds.
  path: Packages/com.unity.microsoft.gdk/Runtime/Interop/XBL/Achievements/XblAchievementProgressChangeEventArgs.cs
  artifactKey: Guid(e751fb91c8baea349a38ade28d4b1558) Importer(2089858483,b0f066a214c2f5e87bad3c948f4d605d)
Start importing Packages/com.unity.microsoft.gdk/Runtime/Interop/XBL/Achievements/XblAchievementProgressChangeEventArgs.cs using Guid(e751fb91c8baea349a38ade28d4b1558) Importer(2089858483,b0f066a214c2f5e87bad3c948f4d605d) (ScriptedImporter) -> (artifact id: '7578c021b374dd6cf56e162f8b3b4e69') in 0.0098719 seconds
Number of updated asset objects reloaded before import = 0Number of asset objects unloaded after import = 0

========================================================================
Received Import Request.
  Time since last request: 0.000104 seconds.
  path: Packages/com.unity.purchasing/Editor/Authoring/Core/Service/ILiveContentApiTransport.cs
  artifactKey: Guid(1b51e0605d7b945b8b4ff12e7fbbfb43) Importer(2089858483,b0f066a214c2f5e87bad3c948f4d605d)
Start importing Packages/com.unity.purchasing/Editor/Authoring/Core/Service/ILiveContentApiTransport.cs using Guid(1b51e0605d7b945b8b4ff12e7fbbfb43) Importer(2089858483,b0f066a214c2f5e87bad3c948f4d605d) (ScriptedImporter) -> (artifact id: '879b80745ff96ba9acd55b4f517bbb43') in 0.0108192 seconds
Number of updated asset objects reloaded before import = 0Number of asset objects unloaded after import = 0

========================================================================
Received Import Request.
  Time since last request: 0.869928 seconds.
  path: Packages/com.unity.microsoft.gdk/Runtime/Interop/XBL/MultiplayerManager/XblTournamentTeamResult.cs
  artifactKey: Guid(c8212bd1b020f9544bc0dd4710d63845) Importer(2089858483,b0f066a214c2f5e87bad3c948f4d605d)
Start importing Packages/com.unity.microsoft.gdk/Runtime/Interop/XBL/MultiplayerManager/XblTournamentTeamResult.cs using Guid(c8212bd1b020f9544bc0dd4710d63845) Importer(2089858483,b0f066a214c2f5e87bad3c948f4d605d) (ScriptedImporter) -> (artifact id: 'f2be65583175801f788163a77aafb3e1') in 0.0097041 seconds
Number of updated asset objects reloaded before import = 0Number of asset objects unloaded after import = 0

========================================================================
Received Import Request.
  Time since last request: 0.000040 seconds.
  path: Packages/com.unity.services.core/Runtime/Networking/Unity.Services.Core.Networking.asmdef
  artifactKey: Guid(4fc462806a32aa245a7b28367381bf24) Importer(2089858483,b0f066a214c2f5e87bad3c948f4d605d)
Start importing Packages/com.unity.services.core/Runtime/Networking/Unity.Services.Core.Networking.asmdef using Guid(4fc462806a32aa245a7b28367381bf24) Importer(2089858483,b0f066a214c2f5e87bad3c948f4d605d) (ScriptedImporter) -> (artifact id: 'bc1552cd9855d2a9137d6e7c378f9005') in 0.0245866 seconds
Number of updated asset objects reloaded before import = 0Number of asset objects unloaded after import = 1

========================================================================
Received Import Request.
  Time since last request: 0.000021 seconds.
  path: Packages/com.unity.services.core/Editor/Core/Environments/Analytics/IEnvironmentAnalytics.cs
  artifactKey: Guid(9a1aa442a69874c10a9b727262ca8181) Importer(2089858483,b0f066a214c2f5e87bad3c948f4d605d)
Start importing Packages/com.unity.services.core/Editor/Core/Environments/Analytics/IEnvironmentAnalytics.cs using Guid(9a1aa442a69874c10a9b727262ca8181) Importer(2089858483,b0f066a214c2f5e87bad3c948f4d605d) (ScriptedImporter) -> (artifact id: '7072cf712ca9ba56fa494d79d754f53b') in 0.0114265 seconds
Number of updated asset objects reloaded before import = 0Number of asset objects unloaded after import = 0

========================================================================
Received Import Request.
  Time since last request: 0.000042 seconds.
  path: Packages/com.unity.analytics/Editor/AnalyticsEditorCallbacks.cs
  artifactKey: Guid(250da6dd970222440987b2219ada094d) Importer(2089858483,b0f066a214c2f5e87bad3c948f4d605d)
Start importing Packages/com.unity.analytics/Editor/AnalyticsEditorCallbacks.cs using Guid(250da6dd970222440987b2219ada094d) Importer(2089858483,b0f066a214c2f5e87bad3c948f4d605d) (ScriptedImporter) -> (artifact id: 'c2dc9d6ce1baea51be2414a8c15cf31b') in 0.0103548 seconds
Number of updated asset objects reloaded before import = 0Number of asset objects unloaded after import = 0

========================================================================
Received Import Request.
  Time since last request: 0.000056 seconds.
  path: Packages/com.unity.services.analytics/Runtime/Runtime/AnalyticsForgetter.cs
  artifactKey: Guid(812dba571940745ff86174bc28c99e76) Importer(2089858483,b0f066a214c2f5e87bad3c948f4d605d)
Start importing Packages/com.unity.services.analytics/Runtime/Runtime/AnalyticsForgetter.cs using Guid(812dba571940745ff86174bc28c99e76) Importer(2089858483,b0f066a214c2f5e87bad3c948f4d605d) (ScriptedImporter) -> (artifact id: '5f806fcd6a8ecd790628a965f45e3881') in 0.0102831 seconds
Number of updated asset objects reloaded before import = 0Number of asset objects unloaded after import = 0

========================================================================
Received Import Request.
  Time since last request: 0.000063 seconds.
  path: Packages/com.unity.purchasing/Editor/Authoring/LiveContentAdminApi/WebshopCategoriesClient.cs
  artifactKey: Guid(3af27bbe9459554408009a0d475296d6) Importer(2089858483,b0f066a214c2f5e87bad3c948f4d605d)
Start importing Packages/com.unity.purchasing/Editor/Authoring/LiveContentAdminApi/WebshopCategoriesClient.cs using Guid(3af27bbe9459554408009a0d475296d6) Importer(2089858483,b0f066a214c2f5e87bad3c948f4d605d) (ScriptedImporter) -> (artifact id: '5f3e3274b5d8cab2cc72db612cdc3549') in 0.0121316 seconds
Number of updated asset objects reloaded before import = 0Number of asset objects unloaded after import = 0

========================================================================
Received Import Request.
  Time since last request: 0.000059 seconds.
  path: Packages/com.unity.purchasing/Runtime/Purchasing/Core/Product/Models/ProductFetchFailed.cs
  artifactKey: Guid(d9e6308b69b064549bed4bc954b85ea0) Importer(2089858483,b0f066a214c2f5e87bad3c948f4d605d)
Start importing Packages/com.unity.purchasing/Runtime/Purchasing/Core/Product/Models/ProductFetchFailed.cs using Guid(d9e6308b69b064549bed4bc954b85ea0) Importer(2089858483,b0f066a214c2f5e87bad3c948f4d605d) (ScriptedImporter) -> (artifact id: '24e4ae7647ac33c58589baf5c41e8513') in 0.0109331 seconds
Number of updated asset objects reloaded before import = 0Number of asset objects unloaded after import = 0

========================================================================
Received Import Request.
  Time since last request: 0.000043 seconds.
  path: Packages/com.unity.purchasing/Editor/Shared/Logging/Logger.Gen.cs
  artifactKey: Guid(cf938a77455b4456ae03edfd5f3e276b) Importer(2089858483,b0f066a214c2f5e87bad3c948f4d605d)
Start importing Packages/com.unity.purchasing/Editor/Shared/Logging/Logger.Gen.cs using Guid(cf938a77455b4456ae03edfd5f3e276b) Importer(2089858483,b0f066a214c2f5e87bad3c948f4d605d) (ScriptedImporter) -> (artifact id: 'd9294c52d3d85ab3ca3fe28a3a4732c3') in 0.0096833 seconds
Number of updated asset objects reloaded before import = 0Number of asset objects unloaded after import = 0

========================================================================
Received Import Request.
  Time since last request: 0.000060 seconds.
  path: Packages/com.unity.purchasing/Runtime/Purchasing/Extension/Interfaces/IStore.cs
  artifactKey: Guid(49a4a072237349dca126301d477a0dd8) Importer(2089858483,b0f066a214c2f5e87bad3c948f4d605d)
Start importing Packages/com.unity.purchasing/Runtime/Purchasing/Extension/Interfaces/IStore.cs using Guid(49a4a072237349dca126301d477a0dd8) Importer(2089858483,b0f066a214c2f5e87bad3c948f4d605d) (ScriptedImporter) -> (artifact id: 'd5d341adb7e780011840277f067d6283') in 0.0111873 seconds
Number of updated asset objects reloaded before import = 0Number of asset objects unloaded after import = 0

========================================================================
Received Import Request.
  Time since last request: 0.000031 seconds.
  path: Packages/com.unity.purchasing/Editor/MenuItems/ItemCreationUtility.cs
  artifactKey: Guid(b47b5eb4f2d34f4c9989c5b7377763d4) Importer(2089858483,b0f066a214c2f5e87bad3c948f4d605d)
Start importing Packages/com.unity.purchasing/Editor/MenuItems/ItemCreationUtility.cs using Guid(b47b5eb4f2d34f4c9989c5b7377763d4) Importer(2089858483,b0f066a214c2f5e87bad3c948f4d605d) (ScriptedImporter) -> (artifact id: 'cf328f6e582617a03d8ed8f6d7adcda3') in 0.0125362 seconds
Number of updated asset objects reloaded before import = 0Number of asset objects unloaded after import = 0

========================================================================
Received Import Request.
  Time since last request: 0.000065 seconds.
  path: Packages/com.unity.services.analytics/Editor/Tools/d_Error.png
  artifactKey: Guid(bf312944d5bc58e4ab1f2887cc38c63c) Importer(2089858483,b0f066a214c2f5e87bad3c948f4d605d)
Start importing Packages/com.unity.services.analytics/Editor/Tools/d_Error.png using Guid(bf312944d5bc58e4ab1f2887cc38c63c) Importer(2089858483,b0f066a214c2f5e87bad3c948f4d605d) (ScriptedImporter) -> (artifact id: '21a0a3094787991e612a6f4a82fc67b3') in 0.0130398 seconds
Number of updated asset objects reloaded before import = 0Number of asset objects unloaded after import = 1

========================================================================
Received Import Request.
  Time since last request: 0.000019 seconds.
  path: Packages/com.unity.purchasing/Runtime/UnityLiveContentAdapter/Interfaces/ILiveContentAdapterService.cs
  artifactKey: Guid(0fa12083202cd449ca3ae4ec6cb52eec) Importer(2089858483,b0f066a214c2f5e87bad3c948f4d605d)
Start importing Packages/com.unity.purchasing/Runtime/UnityLiveContentAdapter/Interfaces/ILiveContentAdapterService.cs using Guid(0fa12083202cd449ca3ae4ec6cb52eec) Importer(2089858483,b0f066a214c2f5e87bad3c948f4d605d) (ScriptedImporter) -> (artifact id: 'b1b1dacbe21e0ca1e4e83b7b317545c5') in 0.0110086 seconds
Number of updated asset objects reloaded before import = 0Number of asset objects unloaded after import = 0

========================================================================
Received Import Request.
  Time since last request: 0.000050 seconds.
  path: Packages/com.unity.purchasing/Runtime/Purchasing/Core/Retries/Interfaces/IRetryableRequestFailureDescription.cs
  artifactKey: Guid(070f3e433e054d7fb938a9bc2a645334) Importer(2089858483,b0f066a214c2f5e87bad3c948f4d605d)
Start importing Packages/com.unity.purchasing/Runtime/Purchasing/Core/Retries/Interfaces/IRetryableRequestFailureDescription.cs using Guid(070f3e433e054d7fb938a9bc2a645334) Importer(2089858483,b0f066a214c2f5e87bad3c948f4d605d) (ScriptedImporter) -> (artifact id: 'cf0e8cf984657e337e3e7293b7726465') in 0.0104003 seconds
Number of updated asset objects reloaded before import = 0Number of asset objects unloaded after import = 0

========================================================================
Received Import Request.
  Time since last request: 0.000089 seconds.
  path: Packages/com.unity.purchasing/Plugins/UnityPurchasing/iOS/SK2/Responses/SubscriptionInfoDetails.swift
  artifactKey: Guid(845a97a0699324a4a9da23725eddee11) Importer(2089858483,b0f066a214c2f5e87bad3c948f4d605d)
Start importing Packages/com.unity.purchasing/Plugins/UnityPurchasing/iOS/SK2/Responses/SubscriptionInfoDetails.swift using Guid(845a97a0699324a4a9da23725eddee11) Importer(2089858483,b0f066a214c2f5e87bad3c948f4d605d) (ScriptedImporter) -> (artifact id: '95c6f3f030eb362caca6b7ea2f9cf449') in 0.0126948 seconds
Number of updated asset objects reloaded before import = 0Number of asset objects unloaded after import = 0

========================================================================
Received Import Request.
  Time since last request: 0.000061 seconds.
  path: Packages/com.unity.purchasing/Editor/Shared/EditorUtils/ApplyRevertChangeTracker.Gen.cs
  artifactKey: Guid(c654947eb7f144cabef99f78e8086033) Importer(2089858483,b0f066a214c2f5e87bad3c948f4d605d)
Start importing Packages/com.unity.purchasing/Editor/Shared/EditorUtils/ApplyRevertChangeTracker.Gen.cs using Guid(c654947eb7f144cabef99f78e8086033) Importer(2089858483,b0f066a214c2f5e87bad3c948f4d605d) (ScriptedImporter) -> (artifact id: '031eaf8e9c0cae9687904509cf3ff4b6') in 0.0094375 seconds
Number of updated asset objects reloaded before import = 0Number of asset objects unloaded after import = 0

========================================================================
Received Import Request.
  Time since last request: 0.000046 seconds.
  path: Packages/com.unity.microsoft.gdk/Assemblies
  artifactKey: Guid(9a1e4f5a2348a384c98bfa582788ed76) Importer(2089858483,b0f066a214c2f5e87bad3c948f4d605d)
Start importing Packages/com.unity.microsoft.gdk/Assemblies using Guid(9a1e4f5a2348a384c98bfa582788ed76) Importer(2089858483,b0f066a214c2f5e87bad3c948f4d605d) (ScriptedImporter) -> (artifact id: 'aedfd4366df8f9bb4357ea2cb2c2dbc7') in 0.0099363 seconds
Number of updated asset objects reloaded before import = 0Number of asset objects unloaded after import = 1

========================================================================
Received Import Request.
  Time since last request: 0.000030 seconds.
  path: Packages/com.unity.services.analytics/Runtime/Events/CustomEvent.cs
  artifactKey: Guid(96262441ff435fa45b260886251c9315) Importer(2089858483,b0f066a214c2f5e87bad3c948f4d605d)
Start importing Packages/com.unity.services.analytics/Runtime/Events/CustomEvent.cs using Guid(96262441ff435fa45b260886251c9315) Importer(2089858483,b0f066a214c2f5e87bad3c948f4d605d) (ScriptedImporter) -> (artifact id: 'c3da5b2fb51378649e287905bc18c832') in 0.0125439 seconds
Number of updated asset objects reloaded before import = 0Number of asset objects unloaded after import = 0

========================================================================
Received Import Request.
  Time since last request: 0.000019 seconds.
  path: Packages/com.unity.purchasing/Plugins/UnityPurchasing/iOS/SK2/Models/PurchaseFailureReason.swift
  artifactKey: Guid(7d421e11c3324474ba878b6f7c701fa8) Importer(2089858483,b0f066a214c2f5e87bad3c948f4d605d)
Start importing Packages/com.unity.purchasing/Plugins/UnityPurchasing/iOS/SK2/Models/PurchaseFailureReason.swift using Guid(7d421e11c3324474ba878b6f7c701fa8) Importer(2089858483,b0f066a214c2f5e87bad3c948f4d605d) (ScriptedImporter) -> (artifact id: '770f4feb6f984f37650c1d687cfae1d8') in 0.0116063 seconds
Number of updated asset objects reloaded before import = 0Number of asset objects unloaded after import = 0

========================================================================
Received Import Request.
  Time since last request: 0.000021 seconds.
  path: Packages/com.unity.purchasing/Runtime/AppleMacos
  artifactKey: Guid(66ce40988510b174aa3496dc7a3cb778) Importer(2089858483,b0f066a214c2f5e87bad3c948f4d605d)
Start importing Packages/com.unity.purchasing/Runtime/AppleMacos using Guid(66ce40988510b174aa3496dc7a3cb778) Importer(2089858483,b0f066a214c2f5e87bad3c948f4d605d) (ScriptedImporter) -> (artifact id: 'bae27c1913dcdc0e21971836d34a1831') in 0.0106013 seconds
Number of updated asset objects reloaded before import = 0Number of asset objects unloaded after import = 1

========================================================================
Received Import Request.
  Time since last request: 0.000018 seconds.
  path: Packages/com.unity.purchasing/Runtime/Purchasing/Core/Store/AppleAppStore/Extensions/UseCases/FetchStorefrontUseCase.cs
  artifactKey: Guid(05956707157a3472a9f12f2ad04bf84d) Importer(2089858483,b0f066a214c2f5e87bad3c948f4d605d)
Start importing Packages/com.unity.purchasing/Runtime/Purchasing/Core/Store/AppleAppStore/Extensions/UseCases/FetchStorefrontUseCase.cs using Guid(05956707157a3472a9f12f2ad04bf84d) Importer(2089858483,b0f066a214c2f5e87bad3c948f4d605d) (ScriptedImporter) -> (artifact id: 'eadadfcb7391a6e489713f32b3ebc9bb') in 0.0116313 seconds
Number of updated asset objects reloaded before import = 0Number of asset objects unloaded after import = 0

========================================================================
Received Import Request.
  Time since last request: 0.000018 seconds.
  path: Packages/com.unity.services.core/Runtime/Core.Internal/Components/Configuration/IExternalUserId.cs
  artifactKey: Guid(bd53524449ca040b9910cc0e70379457) Importer(2089858483,b0f066a214c2f5e87bad3c948f4d605d)
Start importing Packages/com.unity.services.core/Runtime/Core.Internal/Components/Configuration/IExternalUserId.cs using Guid(bd53524449ca040b9910cc0e70379457) Importer(2089858483,b0f066a214c2f5e87bad3c948f4d605d) (ScriptedImporter) -> (artifact id: '796181afd7b366bca0a5e7622d433af2') in 0.0129808 seconds
Number of updated asset objects reloaded before import = 0Number of asset objects unloaded after import = 0

========================================================================
Received Import Request.
  Time since last request: 0.000039 seconds.
  path: Packages/com.unity.purchasing/Editor/Shared/WebApi/ApiErrorType.cs
  artifactKey: Guid(0530cbc8cdb4496b8fbbb5f85faed415) Importer(2089858483,b0f066a214c2f5e87bad3c948f4d605d)
Start importing Packages/com.unity.purchasing/Editor/Shared/WebApi/ApiErrorType.cs using Guid(0530cbc8cdb4496b8fbbb5f85faed415) Importer(2089858483,b0f066a214c2f5e87bad3c948f4d605d) (ScriptedImporter) -> (artifact id: '1a247848a89b5b24ecb23fa666f4f93d') in 0.0103071 seconds
Number of updated asset objects reloaded before import = 0Number of asset objects unloaded after import = 0

========================================================================
Received Import Request.
  Time since last request: 0.000034 seconds.
  path: Packages/com.unity.services.deployment/Core/Glob/GlobOptions.Gen.cs
  artifactKey: Guid(294fe08f4285d4b41938139222ede014) Importer(2089858483,b0f066a214c2f5e87bad3c948f4d605d)
Start importing Packages/com.unity.services.deployment/Core/Glob/GlobOptions.Gen.cs using Guid(294fe08f4285d4b41938139222ede014) Importer(2089858483,b0f066a214c2f5e87bad3c948f4d605d) (ScriptedImporter) -> (artifact id: '74f829941f0aa91cb582b5ee2cb65f67') in 0.0116974 seconds
Number of updated asset objects reloaded before import = 0Number of asset objects unloaded after import = 0

========================================================================
Received Import Request.
  Time since last request: 0.000043 seconds.
  path: Packages/com.unity.purchasing/Editor/Authoring/UI/RoutingInspectorConfig.cs
  artifactKey: Guid(d3736ba726204345a8f210bce0ad0860) Importer(2089858483,b0f066a214c2f5e87bad3c948f4d605d)
Start importing Packages/com.unity.purchasing/Editor/Authoring/UI/RoutingInspectorConfig.cs using Guid(d3736ba726204345a8f210bce0ad0860) Importer(2089858483,b0f066a214c2f5e87bad3c948f4d605d) (ScriptedImporter) -> (artifact id: '5a13396d7c596391e7769010d3b5c791') in 0.0109071 seconds
Number of updated asset objects reloaded before import = 0Number of asset objects unloaded after import = 0

========================================================================
Received Import Request.
  Time since last request: 0.000080 seconds.
  path: Packages/com.unity.purchasing/Runtime/AppleStub
  artifactKey: Guid(537dc85ed32d4d288e291a956fb9034d) Importer(2089858483,b0f066a214c2f5e87bad3c948f4d605d)
Start importing Packages/com.unity.purchasing/Runtime/AppleStub using Guid(537dc85ed32d4d288e291a956fb9034d) Importer(2089858483,b0f066a214c2f5e87bad3c948f4d605d) (ScriptedImporter) -> (artifact id: '6fc55282fa938bf0ac113e1a5e67e08e') in 0.0102034 seconds
Number of updated asset objects reloaded before import = 0Number of asset objects unloaded after import = 1

========================================================================
Received Import Request.
  Time since last request: 0.000021 seconds.
  path: Packages/com.unity.services.deployment/Editor/Shared/Clients/AdminApiHeaders.Gen.cs
  artifactKey: Guid(0aa6e9ef80bc24309b22de0c184fe805) Importer(2089858483,b0f066a214c2f5e87bad3c948f4d605d)
Start importing Packages/com.unity.services.deployment/Editor/Shared/Clients/AdminApiHeaders.Gen.cs using Guid(0aa6e9ef80bc24309b22de0c184fe805) Importer(2089858483,b0f066a214c2f5e87bad3c948f4d605d) (ScriptedImporter) -> (artifact id: 'ddf8a7e43f6ac5bcc767d47be6b30641') in 0.0104148 seconds
Number of updated asset objects reloaded before import = 0Number of asset objects unloaded after import = 0

========================================================================
Received Import Request.
  Time since last request: 0.000021 seconds.
  path: Packages/com.unity.purchasing/Editor/Shared/UI
  artifactKey: Guid(32c47466d1d4431287c830ee90903a34) Importer(2089858483,b0f066a214c2f5e87bad3c948f4d605d)
Start importing Packages/com.unity.purchasing/Editor/Shared/UI using Guid(32c47466d1d4431287c830ee90903a34) Importer(2089858483,b0f066a214c2f5e87bad3c948f4d605d) (ScriptedImporter) -> (artifact id: '90c6680fe674f5cfa04358d782f78ce2') in 0.010713 seconds
Number of updated asset objects reloaded before import = 0Number of asset objects unloaded after import = 1

========================================================================
Received Import Request.
  Time since last request: 0.000015 seconds.
  path: Packages/com.unity.purchasing/Runtime/UnityWebshops/Client/Http/DeserializationException.cs
  artifactKey: Guid(679793ef1dfc041189207ffea245eee7) Importer(2089858483,b0f066a214c2f5e87bad3c948f4d605d)
Start importing Packages/com.unity.purchasing/Runtime/UnityWebshops/Client/Http/DeserializationException.cs using Guid(679793ef1dfc041189207ffea245eee7) Importer(2089858483,b0f066a214c2f5e87bad3c948f4d605d) (ScriptedImporter) -> (artifact id: '4761d04a9138f30ec7ed11f337692215') in 0.0075132 seconds
Number of updated asset objects reloaded before import = 0Number of asset objects unloaded after import = 0

========================================================================
Received Import Request.
  Time since last request: 0.000069 seconds.
  path: Packages/com.unity.purchasing/Runtime/Security/Obfuscator.cs
  artifactKey: Guid(dde6eba1a4c8149aa9a0182234ac7c0e) Importer(2089858483,b0f066a214c2f5e87bad3c948f4d605d)
Start importing Packages/com.unity.purchasing/Runtime/Security/Obfuscator.cs using Guid(dde6eba1a4c8149aa9a0182234ac7c0e) Importer(2089858483,b0f066a214c2f5e87bad3c948f4d605d) (ScriptedImporter) -> (artifact id: '33a55d1176766d2b9692b6cc249d79ac') in 0.011132 seconds
Number of updated asset objects reloaded before import = 0Number of asset objects unloaded after import = 0

========================================================================
Received Import Request.
  Time since last request: 0.000016 seconds.
  path: Packages/com.unity.purchasing/Runtime/Stores/Android/GooglePlay/AAR/Interfaces/IProductDetailsQueryResponse.cs
  artifactKey: Guid(2ffc1f37c39224177a92dddd7836ebc0) Importer(2089858483,b0f066a214c2f5e87bad3c948f4d605d)
Start importing Packages/com.unity.purchasing/Runtime/Stores/Android/GooglePlay/AAR/Interfaces/IProductDetailsQueryResponse.cs using Guid(2ffc1f37c39224177a92dddd7836ebc0) Importer(2089858483,b0f066a214c2f5e87bad3c948f4d605d) (ScriptedImporter) -> (artifact id: '16898e1138ca196b3d52d3aeebe25f65') in 0.0120539 seconds
Number of updated asset objects reloaded before import = 0Number of asset objects unloaded after import = 0

========================================================================
Received Import Request.
  Time since last request: 0.000024 seconds.
  path: Packages/com.unity.ai.navigation/Editor
  artifactKey: Guid(63b588f3892bb4b5eb73ad3d2791e05c) Importer(2089858483,b0f066a214c2f5e87bad3c948f4d605d)
Start importing Packages/com.unity.ai.navigation/Editor using Guid(63b588f3892bb4b5eb73ad3d2791e05c) Importer(2089858483,b0f066a214c2f5e87bad3c948f4d605d) (ScriptedImporter) -> (artifact id: '36f7b7454dc785a1345bde7f522f36c0') in 0.0103841 seconds
Number of updated asset objects reloaded before import = 0Number of asset objects unloaded after import = 1

========================================================================
Received Import Request.
  Time since last request: 0.000023 seconds.
  path: Packages/com.unity.microsoft.gdk/Runtime/Interop/XBL/UserStatistics
  artifactKey: Guid(e6906cb5abc74a9c921532eace20fd04) Importer(2089858483,b0f066a214c2f5e87bad3c948f4d605d)
Start importing Packages/com.unity.microsoft.gdk/Runtime/Interop/XBL/UserStatistics using Guid(e6906cb5abc74a9c921532eace20fd04) Importer(2089858483,b0f066a214c2f5e87bad3c948f4d605d) (ScriptedImporter) -> (artifact id: 'bb39cadf7490deb6bae95c85e4f5feb7') in 0.0105406 seconds
Number of updated asset objects reloaded before import = 0Number of asset objects unloaded after import = 1

========================================================================
Received Import Request.
  Time since last request: 0.000019 seconds.
  path: Packages/com.unity.purchasing/Runtime/UnityWebshops/Interfaces/IWebshopClientWrapper.cs
  artifactKey: Guid(1112b134fdec4f259749ac60797223e2) Importer(2089858483,b0f066a214c2f5e87bad3c948f4d605d)
Start importing Packages/com.unity.purchasing/Runtime/UnityWebshops/Interfaces/IWebshopClientWrapper.cs using Guid(1112b134fdec4f259749ac60797223e2) Importer(2089858483,b0f066a214c2f5e87bad3c948f4d605d) (ScriptedImporter) -> (artifact id: '25f86de692292d7080490b76c4425ccb') in 0.0108613 seconds
Number of updated asset objects reloaded before import = 0Number of asset objects unloaded after import = 0

========================================================================
Received Import Request.
  Time since last request: 0.000116 seconds.
  path: Packages/com.unity.purchasing/Runtime/Stores/XboxStore/CloudServices/IXboxPurchaseValidatorService.cs
  artifactKey: Guid(b84502f4fbe55604588391c7675a46fd) Importer(2089858483,b0f066a214c2f5e87bad3c948f4d605d)
Start importing Packages/com.unity.purchasing/Runtime/Stores/XboxStore/CloudServices/IXboxPurchaseValidatorService.cs using Guid(b84502f4fbe55604588391c7675a46fd) Importer(2089858483,b0f066a214c2f5e87bad3c948f4d605d) (ScriptedImporter) -> (artifact id: '722ed64bfbd682d94b510a64bd5d33bd') in 0.0104922 seconds
Number of updated asset objects reloaded before import = 0Number of asset objects unloaded after import = 0

========================================================================
Received Import Request.
  Time since last request: 0.000062 seconds.
  path: Packages/com.unity.services.core/Editor/Core/Environments/EnvironmentsApiInternal.cs
  artifactKey: Guid(729d559312e6e4c9a8fcf4ef80a668dd) Importer(2089858483,b0f066a214c2f5e87bad3c948f4d605d)
Start importing Packages/com.unity.services.core/Editor/Core/Environments/EnvironmentsApiInternal.cs using Guid(729d559312e6e4c9a8fcf4ef80a668dd) Importer(2089858483,b0f066a214c2f5e87bad3c948f4d605d) (ScriptedImporter) -> (artifact id: '3f36d69f139679de8c6ad4ddf1c28c88') in 0.011956 seconds
Number of updated asset objects reloaded before import = 0Number of asset objects unloaded after import = 0

========================================================================
Received Import Request.
  Time since last request: 0.000047 seconds.
  path: Packages/com.unity.purchasing/Runtime/Purchasing/PaymentOption/Resources/com.unity.purchasing/Brands/StripeWhite.png
  artifactKey: Guid(d286fcb5d11c86e4aac2e79e50f86b90) Importer(2089858483,b0f066a214c2f5e87bad3c948f4d605d)
Start importing Packages/com.unity.purchasing/Runtime/Purchasing/PaymentOption/Resources/com.unity.purchasing/Brands/StripeWhite.png using Guid(d286fcb5d11c86e4aac2e79e50f86b90) Importer(2089858483,b0f066a214c2f5e87bad3c948f4d605d) (ScriptedImporter) -> (artifact id: '9833da8e24afdfac2ff7425a0538c6e2') in 0.0192488 seconds
Number of updated asset objects reloaded before import = 0Number of asset objects unloaded after import = 7

========================================================================
Received Import Request.
  Time since last request: 0.000016 seconds.
  path: Packages/com.unity.services.deployment/Editor/Interface/UI/StatusPanel.cs
  artifactKey: Guid(e99c64c494bff4446bf44e5e8e233c0c) Importer(2089858483,b0f066a214c2f5e87bad3c948f4d605d)
Start importing Packages/com.unity.services.deployment/Editor/Interface/UI/StatusPanel.cs using Guid(e99c64c494bff4446bf44e5e8e233c0c) Importer(2089858483,b0f066a214c2f5e87bad3c948f4d605d) (ScriptedImporter) -> (artifact id: '6e7db98247dc86668d83bc0d800764d1') in 0.0113538 seconds
Number of updated asset objects reloaded before import = 0Number of asset objects unloaded after import = 0

========================================================================
Received Import Request.
  Time since last request: 0.000018 seconds.
  path: Packages/com.unity.purchasing/Runtime/Purchasing/Core/Product/Models/ProductFetchRequest.cs
  artifactKey: Guid(6f857148eb91f1247a693875415ff19e) Importer(2089858483,b0f066a214c2f5e87bad3c948f4d605d)
Start importing Packages/com.unity.purchasing/Runtime/Purchasing/Core/Product/Models/ProductFetchRequest.cs using Guid(6f857148eb91f1247a693875415ff19e) Importer(2089858483,b0f066a214c2f5e87bad3c948f4d605d) (ScriptedImporter) -> (artifact id: 'b88e893d39e5000b212b140cc5df5a34') in 0.0094335 seconds
Number of updated asset objects reloaded before import = 0Number of asset objects unloaded after import = 0

========================================================================
Received Import Request.
  Time since last request: 0.000245 seconds.
  path: Packages/com.unity.microsoft.gdk/Runtime/XBL/Achievements/XblAchievementRewardType.cs
  artifactKey: Guid(5206718c43e14462bc70b7440cbda3e4) Importer(2089858483,b0f066a214c2f5e87bad3c948f4d605d)
Start importing Packages/com.unity.microsoft.gdk/Runtime/XBL/Achievements/XblAchievementRewardType.cs using Guid(5206718c43e14462bc70b7440cbda3e4) Importer(2089858483,b0f066a214c2f5e87bad3c948f4d605d) (ScriptedImporter) -> (artifact id: '314f4004386508b0af046fa32f629354') in 0.0095304 seconds
Number of updated asset objects reloaded before import = 0Number of asset objects unloaded after import = 0

========================================================================
Received Import Request.
  Time since last request: 0.000060 seconds.
  path: Packages/com.unity.purchasing/Runtime/Purchasing/Core/Purchasing/ExtensiblePurchaseService.cs
  artifactKey: Guid(0798893204ab5bd4eae46b7dd7934ea9) Importer(2089858483,b0f066a214c2f5e87bad3c948f4d605d)
Start importing Packages/com.unity.purchasing/Runtime/Purchasing/Core/Purchasing/ExtensiblePurchaseService.cs using Guid(0798893204ab5bd4eae46b7dd7934ea9) Importer(2089858483,b0f066a214c2f5e87bad3c948f4d605d) (ScriptedImporter) -> (artifact id: '043c327662068a88f7978791d5e05582') in 0.0108372 seconds
Number of updated asset objects reloaded before import = 0Number of asset objects unloaded after import = 0

========================================================================
Received Import Request.
  Time since last request: 0.000069 seconds.
  path: Packages/com.unity.services.core/Editor/Core/Environments/Save/EnvironmentSaveSystem.cs
  artifactKey: Guid(b7909be5df0d42b5858fe576acdb19e4) Importer(2089858483,b0f066a214c2f5e87bad3c948f4d605d)
Start importing Packages/com.unity.services.core/Editor/Core/Environments/Save/EnvironmentSaveSystem.cs using Guid(b7909be5df0d42b5858fe576acdb19e4) Importer(2089858483,b0f066a214c2f5e87bad3c948f4d605d) (ScriptedImporter) -> (artifact id: '5356b6e72d31004b019bb9dc5acb1da7') in 0.010515 seconds
Number of updated asset objects reloaded before import = 0Number of asset objects unloaded after import = 0

========================================================================
Received Import Request.
  Time since last request: 0.000021 seconds.
  path: Packages/com.unity.purchasing/Editor/Authoring/PurchasingAdminApi/Client/Model/UpsertSpecificPaymentProviderConfigurationRequest.cs
  artifactKey: Guid(660affaed13fd44b7aaaa571f9122566) Importer(2089858483,b0f066a214c2f5e87bad3c948f4d605d)
Start importing Packages/com.unity.purchasing/Editor/Authoring/PurchasingAdminApi/Client/Model/UpsertSpecificPaymentProviderConfigurationRequest.cs using Guid(660affaed13fd44b7aaaa571f9122566) Importer(2089858483,b0f066a214c2f5e87bad3c948f4d605d) (ScriptedImporter) -> (artifact id: 'b04f349711f1329202bd322f89437d35') in 0.011061 seconds
Number of updated asset objects reloaded before import = 0Number of asset objects unloaded after import = 0

========================================================================
Received Import Request.
  Time since last request: 0.000048 seconds.
  path: Packages/com.unity.purchasing/Editor/ServiceProjectSettings/UI/Views/PlatformsAndStoresEnabledServiceSettingsBlock.cs
  artifactKey: Guid(a36ac87c5ef664ba6aee599aa8de49ec) Importer(2089858483,b0f066a214c2f5e87bad3c948f4d605d)
Start importing Packages/com.unity.purchasing/Editor/ServiceProjectSettings/UI/Views/PlatformsAndStoresEnabledServiceSettingsBlock.cs using Guid(a36ac87c5ef664ba6aee599aa8de49ec) Importer(2089858483,b0f066a214c2f5e87bad3c948f4d605d) (ScriptedImporter) -> (artifact id: '402b8e262d04e4766c14754ae371c078') in 0.0121815 seconds
Number of updated asset objects reloaded before import = 0Number of asset objects unloaded after import = 0

========================================================================
Received Import Request.
  Time since last request: 0.000048 seconds.
  path: Packages/com.unity.purchasing/Runtime/Stores/Android/GooglePlay/AAR/Models/LinkType.cs
  artifactKey: Guid(a6d7c2163c0d46459979e452cde7a593) Importer(2089858483,b0f066a214c2f5e87bad3c948f4d605d)
Start importing Packages/com.unity.purchasing/Runtime/Stores/Android/GooglePlay/AAR/Models/LinkType.cs using Guid(a6d7c2163c0d46459979e452cde7a593) Importer(2089858483,b0f066a214c2f5e87bad3c948f4d605d) (ScriptedImporter) -> (artifact id: 'b64232c3d6ca6fb857fc7ac040866da0') in 0.0110942 seconds
Number of updated asset objects reloaded before import = 0Number of asset objects unloaded after import = 0

========================================================================
Received Import Request.
  Time since last request: 0.000152 seconds.
  path: Packages/com.unity.purchasing/Editor/Authoring/Import/ICatalogFetcher.cs
  artifactKey: Guid(bab72736a17a48cc99e88491e5aac737) Importer(2089858483,b0f066a214c2f5e87bad3c948f4d605d)
Start importing Packages/com.unity.purchasing/Editor/Authoring/Import/ICatalogFetcher.cs using Guid(bab72736a17a48cc99e88491e5aac737) Importer(2089858483,b0f066a214c2f5e87bad3c948f4d605d) (ScriptedImporter) -> (artifact id: 'ae5654e7ef5c2f7d53f2b7f017dedb28') in 0.012259 seconds
Number of updated asset objects reloaded before import = 0Number of asset objects unloaded after import = 0

========================================================================
Received Import Request.
  Time since last request: 0.000094 seconds.
  path: Packages/com.unity.purchasing/Runtime/Purchasing/Core/Purchasing/Android/GooglePlay/Models
  artifactKey: Guid(64759eaed982d6e438baefa6a0d1ee4e) Importer(2089858483,b0f066a214c2f5e87bad3c948f4d605d)
Start importing Packages/com.unity.purchasing/Runtime/Purchasing/Core/Purchasing/Android/GooglePlay/Models using Guid(64759eaed982d6e438baefa6a0d1ee4e) Importer(2089858483,b0f066a214c2f5e87bad3c948f4d605d) (ScriptedImporter) -> (artifact id: 'f76c0fd1f552193edbf0b4cbfa949794') in 0.0114861 seconds
Number of updated asset objects reloaded before import = 0Number of asset objects unloaded after import = 1

========================================================================
Received Import Request.
  Time since last request: 0.000063 seconds.
  path: Packages/com.unity.services.core/Editor/Core/Utils/OrganizationHandler/IOrganizationHandler.cs
  artifactKey: Guid(d0b82cea4f17c2d4ca9d0cf90f65875e) Importer(2089858483,b0f066a214c2f5e87bad3c948f4d605d)
Start importing Packages/com.unity.services.core/Editor/Core/Utils/OrganizationHandler/IOrganizationHandler.cs using Guid(d0b82cea4f17c2d4ca9d0cf90f65875e) Importer(2089858483,b0f066a214c2f5e87bad3c948f4d605d) (ScriptedImporter) -> (artifact id: 'e2c2e880d51680ce976973ec1b9b8fbc') in 0.0120444 seconds
Number of updated asset objects reloaded before import = 0Number of asset objects unloaded after import = 0

========================================================================
Received Import Request.
  Time since last request: 0.000044 seconds.
  path: Packages/com.unity.microsoft.gdk/Runtime/XBL/Achievements/XblAchievementMediaAsset.cs
  artifactKey: Guid(1aedb19e65c44d349a31cc2f409ab6dd) Importer(2089858483,b0f066a214c2f5e87bad3c948f4d605d)
Start importing Packages/com.unity.microsoft.gdk/Runtime/XBL/Achievements/XblAchievementMediaAsset.cs using Guid(1aedb19e65c44d349a31cc2f409ab6dd) Importer(2089858483,b0f066a214c2f5e87bad3c948f4d605d) (ScriptedImporter) -> (artifact id: 'fb6650452f8520e79864a57f77ab1542') in 0.0116854 seconds
Number of updated asset objects reloaded before import = 0Number of asset objects unloaded after import = 0

========================================================================
Received Import Request.
  Time since last request: 0.000044 seconds.
  path: Packages/com.unity.purchasing/Runtime/Purchasing/Core/Product/AppleAppStore/Extensions/UseCases/GetIntroductoryPriceDictionaryUseCase.cs
  artifactKey: Guid(d19d92cb2a444e8aa702d858e6c69216) Importer(2089858483,b0f066a214c2f5e87bad3c948f4d605d)
Start importing Packages/com.unity.purchasing/Runtime/Purchasing/Core/Product/AppleAppStore/Extensions/UseCases/GetIntroductoryPriceDictionaryUseCase.cs using Guid(d19d92cb2a444e8aa702d858e6c69216) Importer(2089858483,b0f066a214c2f5e87bad3c948f4d605d) (ScriptedImporter) -> (artifact id: '5c7806bfae8fec3bf69d81679ae3a631') in 0.0091618 seconds
Number of updated asset objects reloaded before import = 0Number of asset objects unloaded after import = 0

========================================================================
Received Import Request.
  Time since last request: 0.000015 seconds.
  path: Packages/com.unity.services.deployment/Editor/DeploymentDefinitions/DeploymentDefinitionCollection.cs
  artifactKey: Guid(5fc6111f5ea644cdb6b3160fbfb9c668) Importer(2089858483,b0f066a214c2f5e87bad3c948f4d605d)
Start importing Packages/com.unity.services.deployment/Editor/DeploymentDefinitions/DeploymentDefinitionCollection.cs using Guid(5fc6111f5ea644cdb6b3160fbfb9c668) Importer(2089858483,b0f066a214c2f5e87bad3c948f4d605d) (ScriptedImporter) -> (artifact id: '4439c9e5426af5afc666b163fe0634d4') in 0.009679 seconds
Number of updated asset objects reloaded before import = 0Number of asset objects unloaded after import = 0

========================================================================
Received Import Request.
  Time since last request: 0.000100 seconds.
  path: Packages/com.unity.purchasing/Runtime/Purchasing/Legacy/PurchaseFailedEventArgs.cs
  artifactKey: Guid(3bebba25b8084f07bcbd77702677dd6c) Importer(2089858483,b0f066a214c2f5e87bad3c948f4d605d)
Start importing Packages/com.unity.purchasing/Runtime/Purchasing/Legacy/PurchaseFailedEventArgs.cs using Guid(3bebba25b8084f07bcbd77702677dd6c) Importer(2089858483,b0f066a214c2f5e87bad3c948f4d605d) (ScriptedImporter) -> (artifact id: '626f513bc760721c6ab54c4a4078bc03') in 0.0120928 seconds
Number of updated asset objects reloaded before import = 0Number of asset objects unloaded after import = 0

========================================================================
Received Import Request.
  Time since last request: 0.000019 seconds.
  path: Packages/com.unity.services.core/Runtime/Core.Internal/Registry/CoreRegistration.cs
  artifactKey: Guid(5d7656ad1edbc49f9b3f548ae90f3fdb) Importer(2089858483,b0f066a214c2f5e87bad3c948f4d605d)
Start importing Packages/com.unity.services.core/Runtime/Core.Internal/Registry/CoreRegistration.cs using Guid(5d7656ad1edbc49f9b3f548ae90f3fdb) Importer(2089858483,b0f066a214c2f5e87bad3c948f4d605d) (ScriptedImporter) -> (artifact id: '4b53336975576c7603c9bd401759fa31') in 0.0112337 seconds
Number of updated asset objects reloaded before import = 0Number of asset objects unloaded after import = 0

========================================================================
Received Import Request.
  Time since last request: 0.000077 seconds.
  path: Packages/com.unity.microsoft.gdk/Runtime/Interop/XGameInviteInterop.cs
  artifactKey: Guid(c55faa24fc7bbe941b1ecb44ad9fe207) Importer(2089858483,b0f066a214c2f5e87bad3c948f4d605d)
Start importing Packages/com.unity.microsoft.gdk/Runtime/Interop/XGameInviteInterop.cs using Guid(c55faa24fc7bbe941b1ecb44ad9fe207) Importer(2089858483,b0f066a214c2f5e87bad3c948f4d605d) (ScriptedImporter) -> (artifact id: '4e19ee7d89b45bb039bf11aa395d044a') in 0.0111425 seconds
Number of updated asset objects reloaded before import = 0Number of asset objects unloaded after import = 0

========================================================================
Received Import Request.
  Time since last request: 0.000078 seconds.
  path: Packages/com.unity.services.core/Runtime/Core.Internal/Components/Wire
  artifactKey: Guid(b9bc5cd0bdb9d4676878ddd8f116adfa) Importer(2089858483,b0f066a214c2f5e87bad3c948f4d605d)
Start importing Packages/com.unity.services.core/Runtime/Core.Internal/Components/Wire using Guid(b9bc5cd0bdb9d4676878ddd8f116adfa) Importer(2089858483,b0f066a214c2f5e87bad3c948f4d605d) (ScriptedImporter) -> (artifact id: '19b2b916fe60311978b22c14e4c6e4f5') in 0.0106376 seconds
Number of updated asset objects reloaded before import = 0Number of asset objects unloaded after import = 1

========================================================================
Received Import Request.
  Time since last request: 0.000017 seconds.
  path: Packages/com.unity.purchasing/Runtime/UnityPaymentProviders/Client/Models/OrderResponseEmbeddedInfo.cs
  artifactKey: Guid(1120db222c53a41f7bb2e1309c64418c) Importer(2089858483,b0f066a214c2f5e87bad3c948f4d605d)
Start importing Packages/com.unity.purchasing/Runtime/UnityPaymentProviders/Client/Models/OrderResponseEmbeddedInfo.cs using Guid(1120db222c53a41f7bb2e1309c64418c) Importer(2089858483,b0f066a214c2f5e87bad3c948f4d605d) (ScriptedImporter) -> (artifact id: '6c95046fdbf27c248eec74534ad935a8') in 0.0114453 seconds
Number of updated asset objects reloaded before import = 0Number of asset objects unloaded after import = 0

========================================================================
Received Import Request.
  Time since last request: 0.000048 seconds.
  path: Packages/com.unity.purchasing/Editor/AssemblyInfo.cs
  artifactKey: Guid(c0aa8f039a25408ca9325cd8b7f28fd9) Importer(2089858483,b0f066a214c2f5e87bad3c948f4d605d)
Start importing Packages/com.unity.purchasing/Editor/AssemblyInfo.cs using Guid(c0aa8f039a25408ca9325cd8b7f28fd9) Importer(2089858483,b0f066a214c2f5e87bad3c948f4d605d) (ScriptedImporter) -> (artifact id: '5afdcf9a055d29e7a125c0e59a66b2da') in 0.0095018 seconds
Number of updated asset objects reloaded before import = 0Number of asset objects unloaded after import = 0

========================================================================
Received Import Request.
  Time since last request: 0.000053 seconds.
  path: Packages/com.unity.services.core/Runtime/Registration
  artifactKey: Guid(e0f34382d332b4ab6ab0055a3a89c029) Importer(2089858483,b0f066a214c2f5e87bad3c948f4d605d)
Start importing Packages/com.unity.services.core/Runtime/Registration using Guid(e0f34382d332b4ab6ab0055a3a89c029) Importer(2089858483,b0f066a214c2f5e87bad3c948f4d605d) (ScriptedImporter) -> (artifact id: '414c50b6e1019fa267e6cdd48d1f22c5') in 0.0114441 seconds
Number of updated asset objects reloaded before import = 0Number of asset objects unloaded after import = 1

========================================================================
Received Import Request.
  Time since last request: 0.000052 seconds.
  path: Packages/com.unity.purchasing/ValidationConfig.json
  artifactKey: Guid(da47ff85af73c48daac597fffda37594) Importer(2089858483,b0f066a214c2f5e87bad3c948f4d605d)
Start importing Packages/com.unity.purchasing/ValidationConfig.json using Guid(da47ff85af73c48daac597fffda37594) Importer(2089858483,b0f066a214c2f5e87bad3c948f4d605d) (ScriptedImporter) -> (artifact id: '5edb6d1854e22f419b273d79eeb6df6c') in 0.0109344 seconds
Number of updated asset objects reloaded before import = 0Number of asset objects unloaded after import = 1

========================================================================
Received Import Request.
  Time since last request: 0.000016 seconds.
  path: Packages/com.unity.microsoft.gdk/Runtime/XBL/SocialManager/XblPresenceFilter.cs
  artifactKey: Guid(165fd835a6a746e29d22b86f9b3ea8eb) Importer(2089858483,b0f066a214c2f5e87bad3c948f4d605d)
Start importing Packages/com.unity.microsoft.gdk/Runtime/XBL/SocialManager/XblPresenceFilter.cs using Guid(165fd835a6a746e29d22b86f9b3ea8eb) Importer(2089858483,b0f066a214c2f5e87bad3c948f4d605d) (ScriptedImporter) -> (artifact id: '777ebe5603ccf05286d48f5a54d951f7') in 0.0113519 seconds
Number of updated asset objects reloaded before import = 0Number of asset objects unloaded after import = 0

========================================================================
Received Import Request.
  Time since last request: 0.000017 seconds.
  path: Packages/com.unity.services.deployment/Core/Glob/AST
  artifactKey: Guid(3818d7976082643389b2b51d96bf30af) Importer(2089858483,b0f066a214c2f5e87bad3c948f4d605d)
Start importing Packages/com.unity.services.deployment/Core/Glob/AST using Guid(3818d7976082643389b2b51d96bf30af) Importer(2089858483,b0f066a214c2f5e87bad3c948f4d605d) (ScriptedImporter) -> (artifact id: 'e004f74baf17842fc2b53520220896e7') in 0.0102711 seconds
Number of updated asset objects reloaded before import = 0Number of asset objects unloaded after import = 1

========================================================================
Received Import Request.
  Time since last request: 0.000064 seconds.
  path: Packages/com.unity.services.core/Runtime/Core/RequestFailedException.cs
  artifactKey: Guid(0b321f1156cb24f0e8d4c8fa0d32f5c7) Importer(2089858483,b0f066a214c2f5e87bad3c948f4d605d)
Start importing Packages/com.unity.services.core/Runtime/Core/RequestFailedException.cs using Guid(0b321f1156cb24f0e8d4c8fa0d32f5c7) Importer(2089858483,b0f066a214c2f5e87bad3c948f4d605d) (ScriptedImporter) -> (artifact id: 'ff66546f1bb7c4df6af278e51d8c29f4') in 0.0104365 seconds
Number of updated asset objects reloaded before import = 0Number of asset objects unloaded after import = 0

========================================================================
Received Import Request.
  Time since last request: 0.000047 seconds.
  path: Packages/com.unity.purchasing/Runtime/AppleStub/AssemblyInfo.cs
  artifactKey: Guid(7407b45606324a5e9acea7cb46f48a26) Importer(2089858483,b0f066a214c2f5e87bad3c948f4d605d)
Start importing Packages/com.unity.purchasing/Runtime/AppleStub/AssemblyInfo.cs using Guid(7407b45606324a5e9acea7cb46f48a26) Importer(2089858483,b0f066a214c2f5e87bad3c948f4d605d) (ScriptedImporter) -> (artifact id: 'bd6416f7abc928f9a7b32a8fb8ebc2e9') in 0.0107396 seconds
Number of updated asset objects reloaded before import = 0Number of asset objects unloaded after import = 0

========================================================================
Received Import Request.
  Time since last request: 0.000036 seconds.
  path: Packages/com.unity.purchasing/Runtime/UnityWebshops/Client/ErrorMitigation
  artifactKey: Guid(b6e8a2fcaa87e43b3ba6925d6b9d99a8) Importer(2089858483,b0f066a214c2f5e87bad3c948f4d605d)
Start importing Packages/com.unity.purchasing/Runtime/UnityWebshops/Client/ErrorMitigation using Guid(b6e8a2fcaa87e43b3ba6925d6b9d99a8) Importer(2089858483,b0f066a214c2f5e87bad3c948f4d605d) (ScriptedImporter) -> (artifact id: 'a58295afc4d3dc51652fd1a3e1770a2f') in 0.0111453 seconds
Number of updated asset objects reloaded before import = 0Number of asset objects unloaded after import = 1

========================================================================
Received Import Request.
  Time since last request: 0.000021 seconds.
  path: Packages/com.unity.purchasing/Runtime/AppleMacos/AssemblyInfo.cs
  artifactKey: Guid(a899cfe32f813fe3326640419aecfbd7) Importer(2089858483,b0f066a214c2f5e87bad3c948f4d605d)
Start importing Packages/com.unity.purchasing/Runtime/AppleMacos/AssemblyInfo.cs using Guid(a899cfe32f813fe3326640419aecfbd7) Importer(2089858483,b0f066a214c2f5e87bad3c948f4d605d) (ScriptedImporter) -> (artifact id: '2a8071d595a9fa7160d9eb47c3581293') in 0.0116263 seconds
Number of updated asset objects reloaded before import = 0Number of asset objects unloaded after import = 0

========================================================================
Received Import Request.
  Time since last request: 0.000058 seconds.
  path: Packages/com.unity.purchasing/Runtime/UnityLiveContentAdapter/LiveContentAdapterClientWrapper.cs
  artifactKey: Guid(2a1d97edba795497faf890054ce8613d) Importer(2089858483,b0f066a214c2f5e87bad3c948f4d605d)
Start importing Packages/com.unity.purchasing/Runtime/UnityLiveContentAdapter/LiveContentAdapterClientWrapper.cs using Guid(2a1d97edba795497faf890054ce8613d) Importer(2089858483,b0f066a214c2f5e87bad3c948f4d605d) (ScriptedImporter) -> (artifact id: 'cd127276c78d75b3865655a154c1ed74') in 0.0119534 seconds
Number of updated asset objects reloaded before import = 0Number of asset objects unloaded after import = 0

========================================================================
Received Import Request.
  Time since last request: 0.000055 seconds.
  path: Packages/com.unity.services.core/Runtime/Core.Internal/Attributes
  artifactKey: Guid(38493ded9634a674cb91f57109427d3c) Importer(2089858483,b0f066a214c2f5e87bad3c948f4d605d)
Start importing Packages/com.unity.services.core/Runtime/Core.Internal/Attributes using Guid(38493ded9634a674cb91f57109427d3c) Importer(2089858483,b0f066a214c2f5e87bad3c948f4d605d) (ScriptedImporter) -> (artifact id: 'a4152e0fd5dddca94e51bad9dd695f33') in 0.0100281 seconds
Number of updated asset objects reloaded before import = 0Number of asset objects unloaded after import = 1

========================================================================
Received Import Request.
  Time since last request: 0.000058 seconds.
  path: Packages/com.unity.microsoft.gdk/Runtime/Interop/XBL/Presence/XblPresenceQueryFilters.cs
  artifactKey: Guid(55116fc5a35f4ed3947b57557a138b6e) Importer(2089858483,b0f066a214c2f5e87bad3c948f4d605d)
Start importing Packages/com.unity.microsoft.gdk/Runtime/Interop/XBL/Presence/XblPresenceQueryFilters.cs using Guid(55116fc5a35f4ed3947b57557a138b6e) Importer(2089858483,b0f066a214c2f5e87bad3c948f4d605d) (ScriptedImporter) -> (artifact id: 'baf1bc06d2215f04f5aecee11b007ad0') in 0.0127028 seconds
Number of updated asset objects reloaded before import = 0Number of asset objects unloaded after import = 0

========================================================================
Received Import Request.
  Time since last request: 0.000074 seconds.
  path: Packages/com.unity.microsoft.gdk/Runtime/XBL/Privacy/XblPermission.cs
  artifactKey: Guid(308950c45aeb469384926dff9229e851) Importer(2089858483,b0f066a214c2f5e87bad3c948f4d605d)
Start importing Packages/com.unity.microsoft.gdk/Runtime/XBL/Privacy/XblPermission.cs using Guid(308950c45aeb469384926dff9229e851) Importer(2089858483,b0f066a214c2f5e87bad3c948f4d605d) (ScriptedImporter) -> (artifact id: 'e5fd0c0390655eb536e1d8a06cbd390d') in 0.0105389 seconds
Number of updated asset objects reloaded before import = 0Number of asset objects unloaded after import = 0

========================================================================
Received Import Request.
  Time since last request: 0.000101 seconds.
  path: Packages/com.unity.services.core/Runtime/Components/Unity.Services.Core.Components.api
  artifactKey: Guid(dc4d653a4df37f0488eb48939f3898fd) Importer(2089858483,b0f066a214c2f5e87bad3c948f4d605d)
Start importing Packages/com.unity.services.core/Runtime/Components/Unity.Services.Core.Components.api using Guid(dc4d653a4df37f0488eb48939f3898fd) Importer(2089858483,b0f066a214c2f5e87bad3c948f4d605d) (ScriptedImporter) -> (artifact id: '282b6cd10f5a029d5b3255f0f94ecce0') in 0.0111799 seconds
Number of updated asset objects reloaded before import = 0Number of asset objects unloaded after import = 1

========================================================================
Received Import Request.
  Time since last request: 0.000027 seconds.
  path: Packages/com.unity.purchasing/Editor/Authoring/Deployment
  artifactKey: Guid(532c19a7d120ec24c8ba38e60cc0a739) Importer(2089858483,b0f066a214c2f5e87bad3c948f4d605d)
Start importing Packages/com.unity.purchasing/Editor/Authoring/Deployment using Guid(532c19a7d120ec24c8ba38e60cc0a739) Importer(2089858483,b0f066a214c2f5e87bad3c948f4d605d) (ScriptedImporter) -> (artifact id: 'b44a1dcf7c661139c4658e2ab8724890') in 0.0106764 seconds
Number of updated asset objects reloaded before import = 0Number of asset objects unloaded after import = 1

========================================================================
Received Import Request.
  Time since last request: 0.000033 seconds.
  path: Packages/com.unity.services.core/Editor/Core/Environments/Client/Models/UnityGetUserGuestProjects200Response.cs
  artifactKey: Guid(e79be1821d7fcebc98ca23dbab17f130) Importer(2089858483,b0f066a214c2f5e87bad3c948f4d605d)
Start importing Packages/com.unity.services.core/Editor/Core/Environments/Client/Models/UnityGetUserGuestProjects200Response.cs using Guid(e79be1821d7fcebc98ca23dbab17f130) Importer(2089858483,b0f066a214c2f5e87bad3c948f4d605d) (ScriptedImporter) -> (artifact id: '397333ee5fec309717e704d991e1675b') in 0.0106401 seconds
Number of updated asset objects reloaded before import = 0Number of asset objects unloaded after import = 0

========================================================================
Received Import Request.
  Time since last request: 0.000048 seconds.
  path: Packages/com.unity.purchasing/Editor/Obfuscation/Entity
  artifactKey: Guid(e34c537eab14fb140bd81396f1948f36) Importer(2089858483,b0f066a214c2f5e87bad3c948f4d605d)
Start importing Packages/com.unity.purchasing/Editor/Obfuscation/Entity using Guid(e34c537eab14fb140bd81396f1948f36) Importer(2089858483,b0f066a214c2f5e87bad3c948f4d605d) (ScriptedImporter) -> (artifact id: 'afa5bd5fb8ce01ed1d7a69dd3f38901b') in 0.0123519 seconds
Number of updated asset objects reloaded before import = 0Number of asset objects unloaded after import = 1

========================================================================
Received Import Request.
  Time since last request: 0.000018 seconds.
  path: Packages/com.unity.services.core/Runtime/Scheduler/ScheduledInvocation.cs
  artifactKey: Guid(07c14def3cbf48069bc2ef1c10d936c5) Importer(2089858483,b0f066a214c2f5e87bad3c948f4d605d)
Start importing Packages/com.unity.services.core/Runtime/Scheduler/ScheduledInvocation.cs using Guid(07c14def3cbf48069bc2ef1c10d936c5) Importer(2089858483,b0f066a214c2f5e87bad3c948f4d605d) (ScriptedImporter) -> (artifact id: '1d191d651ca63580101a489f9dbc6ed3') in 0.0105762 seconds
Number of updated asset objects reloaded before import = 0Number of asset objects unloaded after import = 0

========================================================================
Received Import Request.
  Time since last request: 0.000058 seconds.
  path: Packages/com.unity.microsoft.gdk/Runtime/XBL/Presence/XblPresenceUserState.cs
  artifactKey: Guid(a7f16e4b64d3495e831ec8f75edc5bfc) Importer(2089858483,b0f066a214c2f5e87bad3c948f4d605d)
Start importing Packages/com.unity.microsoft.gdk/Runtime/XBL/Presence/XblPresenceUserState.cs using Guid(a7f16e4b64d3495e831ec8f75edc5bfc) Importer(2089858483,b0f066a214c2f5e87bad3c948f4d605d) (ScriptedImporter) -> (artifact id: '699a60c84eeada88a1aa8955928c8a4f') in 0.0121956 seconds
Number of updated asset objects reloaded before import = 0Number of asset objects unloaded after import = 0

========================================================================
Received Import Request.
  Time since last request: 0.000053 seconds.
  path: Packages/com.unity.purchasing/Runtime/Stores/Android/GooglePlay/Services/GooglePlayStoreFinishTransactionService.cs
  artifactKey: Guid(5d984a0a778f0450fbad65acc26af585) Importer(2089858483,b0f066a214c2f5e87bad3c948f4d605d)
Start importing Packages/com.unity.purchasing/Runtime/Stores/Android/GooglePlay/Services/GooglePlayStoreFinishTransactionService.cs using Guid(5d984a0a778f0450fbad65acc26af585) Importer(2089858483,b0f066a214c2f5e87bad3c948f4d605d) (ScriptedImporter) -> (artifact id: '8b8a5e41d573734e46f9a275ac23fadd') in 0.0095531 seconds
Number of updated asset objects reloaded before import = 0Number of asset objects unloaded after import = 0

========================================================================
Received Import Request.
  Time since last request: 0.000054 seconds.
  path: Packages/com.unity.purchasing/Runtime/Purchasing/PaymentOption/PaymentOptionProvider.UI.cs
  artifactKey: Guid(45260a7f8c5a4388b529ff197328cca8) Importer(2089858483,b0f066a214c2f5e87bad3c948f4d605d)
Start importing Packages/com.unity.purchasing/Runtime/Purchasing/PaymentOption/PaymentOptionProvider.UI.cs using Guid(45260a7f8c5a4388b529ff197328cca8) Importer(2089858483,b0f066a214c2f5e87bad3c948f4d605d) (ScriptedImporter) -> (artifact id: '17e3f4ab9dd5217e11f7159c0dcd5d49') in 0.0097452 seconds
Number of updated asset objects reloaded before import = 0Number of asset objects unloaded after import = 0

========================================================================
Received Import Request.
  Time since last request: 0.000046 seconds.
  path: Packages/com.unity.microsoft.gdk/Runtime/Interop/XBL/SocialManager/XblSocialManagerInterop.cs
  artifactKey: Guid(b336397e4647464bbdf14d12c0d5df6b) Importer(2089858483,b0f066a214c2f5e87bad3c948f4d605d)
Start importing Packages/com.unity.microsoft.gdk/Runtime/Interop/XBL/SocialManager/XblSocialManagerInterop.cs using Guid(b336397e4647464bbdf14d12c0d5df6b) Importer(2089858483,b0f066a214c2f5e87bad3c948f4d605d) (ScriptedImporter) -> (artifact id: 'd2052d40dcd524fb814595b34b1c6159') in 0.0113251 seconds
Number of updated asset objects reloaded before import = 0Number of asset objects unloaded after import = 0

========================================================================
Received Import Request.
  Time since last request: 0.000077 seconds.
  path: Packages/com.unity.services.core/Editor/Core/Environments/Config/EnvironmentConfigProvider.cs
  artifactKey: Guid(170ea167263d459683c879aad38ee142) Importer(2089858483,b0f066a214c2f5e87bad3c948f4d605d)
Start importing Packages/com.unity.services.core/Editor/Core/Environments/Config/EnvironmentConfigProvider.cs using Guid(170ea167263d459683c879aad38ee142) Importer(2089858483,b0f066a214c2f5e87bad3c948f4d605d) (ScriptedImporter) -> (artifact id: 'ded2238b668b796f9fc15642a13b185d') in 0.0108172 seconds
Number of updated asset objects reloaded before import = 0Number of asset objects unloaded after import = 0

========================================================================
Received Import Request.
  Time since last request: 0.000117 seconds.
  path: Packages/com.unity.services.core/Editor/Core/Configuration/Utils/AssetUtils.cs
  artifactKey: Guid(f46ae31386794c47a083a210dc6c6bf9) Importer(2089858483,b0f066a214c2f5e87bad3c948f4d605d)
Start importing Packages/com.unity.services.core/Editor/Core/Configuration/Utils/AssetUtils.cs using Guid(f46ae31386794c47a083a210dc6c6bf9) Importer(2089858483,b0f066a214c2f5e87bad3c948f4d605d) (ScriptedImporter) -> (artifact id: 'd872ddc3e68ce3503d3590e0417f8623') in 0.0097824 seconds
Number of updated asset objects reloaded before import = 0Number of asset objects unloaded after import = 0

========================================================================
Received Import Request.
  Time since last request: 0.000052 seconds.
  path: Packages/com.unity.purchasing/Runtime/Purchasing/Legacy/Extensions
  artifactKey: Guid(914fe9a4f2904ec4ac9aa6dbf4e21cc6) Importer(2089858483,b0f066a214c2f5e87bad3c948f4d605d)
Start importing Packages/com.unity.purchasing/Runtime/Purchasing/Legacy/Extensions using Guid(914fe9a4f2904ec4ac9aa6dbf4e21cc6) Importer(2089858483,b0f066a214c2f5e87bad3c948f4d605d) (ScriptedImporter) -> (artifact id: '7c417d456389d9081289a210064cd3eb') in 0.0111645 seconds
Number of updated asset objects reloaded before import = 0Number of asset objects unloaded after import = 1

========================================================================
Received Import Request.
  Time since last request: 0.000039 seconds.
  path: Packages/com.unity.purchasing/Editor/Shared/DependencyInversion/Singleton.Gen.cs
  artifactKey: Guid(c6c332dae18141b3ad3bdd5269d2f352) Importer(2089858483,b0f066a214c2f5e87bad3c948f4d605d)
Start importing Packages/com.unity.purchasing/Editor/Shared/DependencyInversion/Singleton.Gen.cs using Guid(c6c332dae18141b3ad3bdd5269d2f352) Importer(2089858483,b0f066a214c2f5e87bad3c948f4d605d) (ScriptedImporter) -> (artifact id: 'f7845e0037c31414d63a6f2dec00148f') in 0.0110384 seconds
Number of updated asset objects reloaded before import = 0Number of asset objects unloaded after import = 0

========================================================================
Received Import Request.
  Time since last request: 0.000052 seconds.
  path: Packages/com.unity.purchasing/Runtime/Stores/Android/GooglePlay/AAR/Models/GooglePurchaseStateEnum.cs
  artifactKey: Guid(767067582a751431f87b20f33cad0c54) Importer(2089858483,b0f066a214c2f5e87bad3c948f4d605d)
Start importing Packages/com.unity.purchasing/Runtime/Stores/Android/GooglePlay/AAR/Models/GooglePurchaseStateEnum.cs using Guid(767067582a751431f87b20f33cad0c54) Importer(2089858483,b0f066a214c2f5e87bad3c948f4d605d) (ScriptedImporter) -> (artifact id: 'dbeec8dbeb65e0bad2aa686a0dc4a801') in 0.0119618 seconds
Number of updated asset objects reloaded before import = 0Number of asset objects unloaded after import = 0

========================================================================
Received Import Request.
  Time since last request: 0.000058 seconds.
  path: Packages/com.unity.purchasing/Runtime/UnityPaymentProviders/Models/PaymentProviderException.cs
  artifactKey: Guid(3e44061f53904358a5d872cacda4cdc2) Importer(2089858483,b0f066a214c2f5e87bad3c948f4d605d)
Start importing Packages/com.unity.purchasing/Runtime/UnityPaymentProviders/Models/PaymentProviderException.cs using Guid(3e44061f53904358a5d872cacda4cdc2) Importer(2089858483,b0f066a214c2f5e87bad3c948f4d605d) (ScriptedImporter) -> (artifact id: '5105953513774ee074be9e1914de26bb') in 0.0108823 seconds
Number of updated asset objects reloaded before import = 0Number of asset objects unloaded after import = 0

========================================================================
Received Import Request.
  Time since last request: 0.000039 seconds.
  path: Packages/com.unity.purchasing/Runtime/Purchasing/Stores
  artifactKey: Guid(3534f5c211d79e64cb21d415b0976f56) Importer(2089858483,b0f066a214c2f5e87bad3c948f4d605d)
Start importing Packages/com.unity.purchasing/Runtime/Purchasing/Stores using Guid(3534f5c211d79e64cb21d415b0976f56) Importer(2089858483,b0f066a214c2f5e87bad3c948f4d605d) (ScriptedImporter) -> (artifact id: 'fd07809bbbee41851994cba7315ae6fb') in 0.0109906 seconds
Number of updated asset objects reloaded before import = 0Number of asset objects unloaded after import = 1

========================================================================
Received Import Request.
  Time since last request: 0.000040 seconds.
  path: Packages/com.unity.purchasing/Runtime/AppleMacos/OSXStoreBindings.cs
  artifactKey: Guid(147390da81124328b53e90817831160f) Importer(2089858483,b0f066a214c2f5e87bad3c948f4d605d)
Start importing Packages/com.unity.purchasing/Runtime/AppleMacos/OSXStoreBindings.cs using Guid(147390da81124328b53e90817831160f) Importer(2089858483,b0f066a214c2f5e87bad3c948f4d605d) (ScriptedImporter) -> (artifact id: '8f12726198bf13e4b6c8dd8c57bcaea9') in 0.0102776 seconds
Number of updated asset objects reloaded before import = 0Number of asset objects unloaded after import = 0

========================================================================
Received Import Request.
  Time since last request: 0.000064 seconds.
  path: Packages/com.unity.purchasing/Editor/Shared/Infrastructure/Collections/IReadOnlyObservable.Gen.cs
  artifactKey: Guid(b42d15734e1040209f731955b4b19a92) Importer(2089858483,b0f066a214c2f5e87bad3c948f4d605d)
Start importing Packages/com.unity.purchasing/Editor/Shared/Infrastructure/Collections/IReadOnlyObservable.Gen.cs using Guid(b42d15734e1040209f731955b4b19a92) Importer(2089858483,b0f066a214c2f5e87bad3c948f4d605d) (ScriptedImporter) -> (artifact id: '4e6b81ff560a0740ad7b3fcea35d83f4') in 0.0112393 seconds
Number of updated asset objects reloaded before import = 0Number of asset objects unloaded after import = 0

========================================================================
Received Import Request.
  Time since last request: 0.000048 seconds.
  path: Packages/com.unity.services.analytics/Runtime/PrivacyInfo.xcprivacy
  artifactKey: Guid(8e1fada997d3b475b954d112d6a1b4ea) Importer(2089858483,b0f066a214c2f5e87bad3c948f4d605d)
Start importing Packages/com.unity.services.analytics/Runtime/PrivacyInfo.xcprivacy using Guid(8e1fada997d3b475b954d112d6a1b4ea) Importer(2089858483,b0f066a214c2f5e87bad3c948f4d605d) (ScriptedImporter) -> (artifact id: 'eb1e6760a34e107f70b6b4931ef23375') in 0.0096214 seconds
Number of updated asset objects reloaded before import = 0Number of asset objects unloaded after import = 0

========================================================================
Received Import Request.
  Time since last request: 0.000094 seconds.
  path: Packages/com.unity.microsoft.gdk/Runtime/Interop/XBL/SocialManager/XblSocialManagerUserGroupHandle.cs
  artifactKey: Guid(c2bb4d55dcb44f9db97d7f4ff0df5812) Importer(2089858483,b0f066a214c2f5e87bad3c948f4d605d)
Start importing Packages/com.unity.microsoft.gdk/Runtime/Interop/XBL/SocialManager/XblSocialManagerUserGroupHandle.cs using Guid(c2bb4d55dcb44f9db97d7f4ff0df5812) Importer(2089858483,b0f066a214c2f5e87bad3c948f4d605d) (ScriptedImporter) -> (artifact id: '691d3178df2718715b1606e89f8cbf1b') in 0.0088104 seconds
Number of updated asset objects reloaded before import = 0Number of asset objects unloaded after import = 0

========================================================================
Received Import Request.
  Time since last request: 0.000071 seconds.
  path: Packages/com.unity.microsoft.gdk/Runtime/XDisplay.cs
  artifactKey: Guid(9ef45212d8b6b1646878d7e782604cf5) Importer(2089858483,b0f066a214c2f5e87bad3c948f4d605d)
Start importing Packages/com.unity.microsoft.gdk/Runtime/XDisplay.cs using Guid(9ef45212d8b6b1646878d7e782604cf5) Importer(2089858483,b0f066a214c2f5e87bad3c948f4d605d) (ScriptedImporter) -> (artifact id: '88f11b09dc01c51b61180c8615499fea') in 0.0116479 seconds
Number of updated asset objects reloaded before import = 0Number of asset objects unloaded after import = 0

========================================================================
Received Import Request.
  Time since last request: 0.000052 seconds.
  path: Packages/com.unity.purchasing/Editor/ServiceProjectSettings/Entity/Consts/SettingsUIConstants.cs
  artifactKey: Guid(60e997803e97a430f87444ca5eeab843) Importer(2089858483,b0f066a214c2f5e87bad3c948f4d605d)
Start importing Packages/com.unity.purchasing/Editor/ServiceProjectSettings/Entity/Consts/SettingsUIConstants.cs using Guid(60e997803e97a430f87444ca5eeab843) Importer(2089858483,b0f066a214c2f5e87bad3c948f4d605d) (ScriptedImporter) -> (artifact id: '3b5faa81af89c3e66c9547e46ef66337') in 0.0098414 seconds
Number of updated asset objects reloaded before import = 0Number of asset objects unloaded after import = 0

========================================================================
Received Import Request.
  Time since last request: 0.000029 seconds.
  path: Packages/com.unity.services.deployment/Editor/Commands/CommandManager.cs
  artifactKey: Guid(ece348af967c40b4be6afff5ae00ba7b) Importer(2089858483,b0f066a214c2f5e87bad3c948f4d605d)
Start importing Packages/com.unity.services.deployment/Editor/Commands/CommandManager.cs using Guid(ece348af967c40b4be6afff5ae00ba7b) Importer(2089858483,b0f066a214c2f5e87bad3c948f4d605d) (ScriptedImporter) -> (artifact id: '592e66172ada2966acdbbeabbefd94f0') in 0.0102773 seconds
Number of updated asset objects reloaded before import = 0Number of asset objects unloaded after import = 0

========================================================================
Received Import Request.
  Time since last request: 0.000063 seconds.
  path: Packages/com.unity.microsoft.gdk/Runtime/Interop/__GENERATED/XBL/XboxLiveContext/XboxLiveContext.cs
  artifactKey: Guid(efd92f72ef894b7d97ec44d4252e2604) Importer(2089858483,b0f066a214c2f5e87bad3c948f4d605d)
Start importing Packages/com.unity.microsoft.gdk/Runtime/Interop/__GENERATED/XBL/XboxLiveContext/XboxLiveContext.cs using Guid(efd92f72ef894b7d97ec44d4252e2604) Importer(2089858483,b0f066a214c2f5e87bad3c948f4d605d) (ScriptedImporter) -> (artifact id: '7db30fce07d9a2d659b785db03dc6a2e') in 0.0102602 seconds
Number of updated asset objects reloaded before import = 0Number of asset objects unloaded after import = 0

========================================================================
Received Import Request.
  Time since last request: 0.000068 seconds.
  path: Packages/com.unity.services.core/Editor/Core/Environments/Analytics/EnvironmentAnalyticsSender.cs
  artifactKey: Guid(320e8a82ba9b470d9daf05ba21fc6c0a) Importer(2089858483,b0f066a214c2f5e87bad3c948f4d605d)
Start importing Packages/com.unity.services.core/Editor/Core/Environments/Analytics/EnvironmentAnalyticsSender.cs using Guid(320e8a82ba9b470d9daf05ba21fc6c0a) Importer(2089858483,b0f066a214c2f5e87bad3c948f4d605d) (ScriptedImporter) -> (artifact id: 'd097e9d09ed56282fabb28fd2fac776a') in 0.0143688 seconds
Number of updated asset objects reloaded before import = 0Number of asset objects unloaded after import = 0

========================================================================
Received Import Request.
  Time since last request: 0.000055 seconds.
  path: Packages/com.unity.purchasing/Editor/Apple
  artifactKey: Guid(cc1e1c221d764c5382838370e7814bd3) Importer(2089858483,b0f066a214c2f5e87bad3c948f4d605d)
Start importing Packages/com.unity.purchasing/Editor/Apple using Guid(cc1e1c221d764c5382838370e7814bd3) Importer(2089858483,b0f066a214c2f5e87bad3c948f4d605d) (ScriptedImporter) -> (artifact id: '2196abe1c2b814b93ee9e25adb429c9d') in 0.0096847 seconds
Number of updated asset objects reloaded before import = 0Number of asset objects unloaded after import = 1

========================================================================
Received Import Request.
  Time since last request: 0.000018 seconds.
  path: Packages/com.unity.services.core/Editor/Core/UserRoleManagement/IUserRoleHandler.cs
  artifactKey: Guid(a97a88294a224bf9970a770cd8fa3aa7) Importer(2089858483,b0f066a214c2f5e87bad3c948f4d605d)
Start importing Packages/com.unity.services.core/Editor/Core/UserRoleManagement/IUserRoleHandler.cs using Guid(a97a88294a224bf9970a770cd8fa3aa7) Importer(2089858483,b0f066a214c2f5e87bad3c948f4d605d) (ScriptedImporter) -> (artifact id: '06b40d7b70e2472465d7c60d3810112b') in 0.0085693 seconds
Number of updated asset objects reloaded before import = 0Number of asset objects unloaded after import = 0

========================================================================
Received Import Request.
  Time since last request: 0.000059 seconds.
  path: Packages/com.unity.services.core/Editor/Core/Shared/DependencyInversion/Factories.Gen.cs
  artifactKey: Guid(f79518f6fea114ee39c48fee07c637c2) Importer(2089858483,b0f066a214c2f5e87bad3c948f4d605d)
Start importing Packages/com.unity.services.core/Editor/Core/Shared/DependencyInversion/Factories.Gen.cs using Guid(f79518f6fea114ee39c48fee07c637c2) Importer(2089858483,b0f066a214c2f5e87bad3c948f4d605d) (ScriptedImporter) -> (artifact id: '2151c70acebcef97c2a3ad931060a3c0') in 0.0108366 seconds
Number of updated asset objects reloaded before import = 0Number of asset objects unloaded after import = 0

========================================================================
Received Import Request.
  Time since last request: 0.000041 seconds.
  path: Packages/com.unity.purchasing/Editor/Obfuscation/Service
  artifactKey: Guid(130c79db835a93f4caaa093122d27a97) Importer(2089858483,b0f066a214c2f5e87bad3c948f4d605d)
Start importing Packages/com.unity.purchasing/Editor/Obfuscation/Service using Guid(130c79db835a93f4caaa093122d27a97) Importer(2089858483,b0f066a214c2f5e87bad3c948f4d605d) (ScriptedImporter) -> (artifact id: '46b22bf037e506758962010b3e30b51e') in 0.0102185 seconds
Number of updated asset objects reloaded before import = 0Number of asset objects unloaded after import = 1

========================================================================
Received Import Request.
  Time since last request: 0.000076 seconds.
  path: Packages/com.unity.purchasing/Runtime/TransactionVerifier/Client/Apis/AppleApi.cs
  artifactKey: Guid(f4474b28c8bc04de9af0eb6a47fd81d4) Importer(2089858483,b0f066a214c2f5e87bad3c948f4d605d)
Start importing Packages/com.unity.purchasing/Runtime/TransactionVerifier/Client/Apis/AppleApi.cs using Guid(f4474b28c8bc04de9af0eb6a47fd81d4) Importer(2089858483,b0f066a214c2f5e87bad3c948f4d605d) (ScriptedImporter) -> (artifact id: '2dad4821d0f2bf4afae8be63ed95ec6a') in 0.0110437 seconds
Number of updated asset objects reloaded before import = 0Number of asset objects unloaded after import = 0

========================================================================
Received Import Request.
  Time since last request: 0.000127 seconds.
  path: Packages/com.unity.purchasing/Editor/Shared/DependencyInversion/ServiceCollection.Gen.cs
  artifactKey: Guid(0d310cf75dda4ed085406c5c2080e1f9) Importer(2089858483,b0f066a214c2f5e87bad3c948f4d605d)
Start importing Packages/com.unity.purchasing/Editor/Shared/DependencyInversion/ServiceCollection.Gen.cs using Guid(0d310cf75dda4ed085406c5c2080e1f9) Importer(2089858483,b0f066a214c2f5e87bad3c948f4d605d) (ScriptedImporter) -> (artifact id: '09c85d9fdc0bd817e89f107a9ee48278') in 0.010146 seconds
Number of updated asset objects reloaded before import = 0Number of asset objects unloaded after import = 0

========================================================================
Received Import Request.
  Time since last request: 0.000058 seconds.
  path: Packages/com.unity.purchasing/Editor/Authoring/PurchasingAdminApi/Client/Model/TargetingRequest.cs
  artifactKey: Guid(030fc5e805ba147a7801cb78b9d70b58) Importer(2089858483,b0f066a214c2f5e87bad3c948f4d605d)
Start importing Packages/com.unity.purchasing/Editor/Authoring/PurchasingAdminApi/Client/Model/TargetingRequest.cs using Guid(030fc5e805ba147a7801cb78b9d70b58) Importer(2089858483,b0f066a214c2f5e87bad3c948f4d605d) (ScriptedImporter) -> (artifact id: '880b3cc85d9691bc38b7a81a4614baf6') in 0.012475 seconds
Number of updated asset objects reloaded before import = 0Number of asset objects unloaded after import = 0

========================================================================
Received Import Request.
  Time since last request: 0.000040 seconds.
  path: Packages/com.unity.purchasing/Runtime/Purchasing/Core/Purchasing/Interfaces/Callbacks
  artifactKey: Guid(7381f780ba6c36c409f588dbe6663155) Importer(2089858483,b0f066a214c2f5e87bad3c948f4d605d)
Start importing Packages/com.unity.purchasing/Runtime/Purchasing/Core/Purchasing/Interfaces/Callbacks using Guid(7381f780ba6c36c409f588dbe6663155) Importer(2089858483,b0f066a214c2f5e87bad3c948f4d605d) (ScriptedImporter) -> (artifact id: '0c70e1377d478c4184b4efac56dd8e8c') in 0.0104739 seconds
Number of updated asset objects reloaded before import = 0Number of asset objects unloaded after import = 1

========================================================================
Received Import Request.
  Time since last request: 0.000036 seconds.
  path: Packages/com.unity.purchasing/Runtime/Security/Asn1Processor/Asn1EndOfIndefiniteLengthNodeType.cs
  artifactKey: Guid(a13f3d23776e7534ab1875fbbe826313) Importer(2089858483,b0f066a214c2f5e87bad3c948f4d605d)
Start importing Packages/com.unity.purchasing/Runtime/Security/Asn1Processor/Asn1EndOfIndefiniteLengthNodeType.cs using Guid(a13f3d23776e7534ab1875fbbe826313) Importer(2089858483,b0f066a214c2f5e87bad3c948f4d605d) (ScriptedImporter) -> (artifact id: 'e503071d6963ca724df1e8a65a5cc1a0') in 0.01118 seconds
Number of updated asset objects reloaded before import = 0Number of asset objects unloaded after import = 0

========================================================================
Received Import Request.
  Time since last request: 0.000069 seconds.
  path: Packages/com.unity.purchasing/Runtime/UnityPaymentProviders/Client/Http/AsyncOpRetry.cs
  artifactKey: Guid(a05d34ce409cd4bffba0b888ca03d622) Importer(2089858483,b0f066a214c2f5e87bad3c948f4d605d)
Start importing Packages/com.unity.purchasing/Runtime/UnityPaymentProviders/Client/Http/AsyncOpRetry.cs using Guid(a05d34ce409cd4bffba0b888ca03d622) Importer(2089858483,b0f066a214c2f5e87bad3c948f4d605d) (ScriptedImporter) -> (artifact id: '2516c80b302726bda77d6e7c8f90ca54') in 0.0079087 seconds
Number of updated asset objects reloaded before import = 0Number of asset objects unloaded after import = 0

========================================================================
Received Import Request.
  Time since last request: 0.000059 seconds.
  path: Packages/com.unity.microsoft.gdk/Runtime/XBL/Social/XblSocialRelationship.cs
  artifactKey: Guid(38354f1ae1f231a40a96d25a9aecef2e) Importer(2089858483,b0f066a214c2f5e87bad3c948f4d605d)
Start importing Packages/com.unity.microsoft.gdk/Runtime/XBL/Social/XblSocialRelationship.cs using Guid(38354f1ae1f231a40a96d25a9aecef2e) Importer(2089858483,b0f066a214c2f5e87bad3c948f4d605d) (ScriptedImporter) -> (artifact id: 'f8c46fe461ea70ed6835bcdbd53df268') in 0.0122367 seconds
Number of updated asset objects reloaded before import = 0Number of asset objects unloaded after import = 0

========================================================================
Received Import Request.
  Time since last request: 0.000034 seconds.
  path: Packages/com.unity.services.analytics/Editor/Tools/DebugPanelStylesLight.uss
  artifactKey: Guid(e52cc1fcf2af9374c8ce0fe21f3ba3bc) Importer(2089858483,b0f066a214c2f5e87bad3c948f4d605d)
Start importing Packages/com.unity.services.analytics/Editor/Tools/DebugPanelStylesLight.uss using Guid(e52cc1fcf2af9374c8ce0fe21f3ba3bc) Importer(2089858483,b0f066a214c2f5e87bad3c948f4d605d) (ScriptedImporter) -> (artifact id: '8d0b107c7e53a50ddff3ae27c7f0f06a') in 0.0122659 seconds
Number of updated asset objects reloaded before import = 0Number of asset objects unloaded after import = 1

========================================================================
Received Import Request.
  Time since last request: 0.000017 seconds.
  path: Packages/com.unity.purchasing/Runtime/Purchasing/Core/Purchasing/Models/EntitlementStatus.cs
  artifactKey: Guid(6c25876b6661f114e84c6aa2b8dfb3b7) Importer(2089858483,b0f066a214c2f5e87bad3c948f4d605d)
Start importing Packages/com.unity.purchasing/Runtime/Purchasing/Core/Purchasing/Models/EntitlementStatus.cs using Guid(6c25876b6661f114e84c6aa2b8dfb3b7) Importer(2089858483,b0f066a214c2f5e87bad3c948f4d605d) (ScriptedImporter) -> (artifact id: 'a08affbc37bdc8f8af2ac82a43336824') in 0.010964 seconds
Number of updated asset objects reloaded before import = 0Number of asset objects unloaded after import = 0

========================================================================
Received Import Request.
  Time since last request: 0.000061 seconds.
  path: Packages/com.unity.services.core/Editor/Core/ProjectStateManagement/IProjectStateRequest.cs
  artifactKey: Guid(973ed18fe43543b9aa8aa43e5e88961d) Importer(2089858483,b0f066a214c2f5e87bad3c948f4d605d)
Start importing Packages/com.unity.services.core/Editor/Core/ProjectStateManagement/IProjectStateRequest.cs using Guid(973ed18fe43543b9aa8aa43e5e88961d) Importer(2089858483,b0f066a214c2f5e87bad3c948f4d605d) (ScriptedImporter) -> (artifact id: 'ea3845198e421eb2c5409b4286390617') in 0.0119505 seconds
Number of updated asset objects reloaded before import = 0Number of asset objects unloaded after import = 0

========================================================================
Received Import Request.
  Time since last request: 0.000073 seconds.
  path: Packages/com.unity.purchasing/AiAssistantSkills/in-app-purchases
  artifactKey: Guid(b0212c36946b4174793cbeba2f5b7b5c) Importer(2089858483,b0f066a214c2f5e87bad3c948f4d605d)
Start importing Packages/com.unity.purchasing/AiAssistantSkills/in-app-purchases using Guid(b0212c36946b4174793cbeba2f5b7b5c) Importer(2089858483,b0f066a214c2f5e87bad3c948f4d605d) (ScriptedImporter) -> (artifact id: 'fcf55313358faf45a2b5edbf370389cb') in 0.0109572 seconds
Number of updated asset objects reloaded before import = 0Number of asset objects unloaded after import = 1

========================================================================
Received Import Request.
  Time since last request: 0.000022 seconds.
  path: Packages/com.unity.ai.navigation/EditorResources/Overlay/d_NavigationOverlay On@2x.png
  artifactKey: Guid(a206ff0ddc681e642a2e62fc57a7d51c) Importer(2089858483,b0f066a214c2f5e87bad3c948f4d605d)
Start importing Packages/com.unity.ai.navigation/EditorResources/Overlay/d_NavigationOverlay On@2x.png using Guid(a206ff0ddc681e642a2e62fc57a7d51c) Importer(2089858483,b0f066a214c2f5e87bad3c948f4d605d) (ScriptedImporter) -> (artifact id: 'b1aeaba5ab449ebec85ffc3cfd28c334') in 0.0163363 seconds
Number of updated asset objects reloaded before import = 0Number of asset objects unloaded after import = 1

========================================================================
Received Import Request.
  Time since last request: 0.000038 seconds.
  path: Packages/com.unity.purchasing/Editor/Authoring/Core/IO/IFileSystem.cs
  artifactKey: Guid(45158518906a5bc448f217288cbba689) Importer(2089858483,b0f066a214c2f5e87bad3c948f4d605d)
Start importing Packages/com.unity.purchasing/Editor/Authoring/Core/IO/IFileSystem.cs using Guid(45158518906a5bc448f217288cbba689) Importer(2089858483,b0f066a214c2f5e87bad3c948f4d605d) (ScriptedImporter) -> (artifact id: '0051d4cb1660f06ae20c252d629f3e56') in 0.0106985 seconds
Number of updated asset objects reloaded before import = 0Number of asset objects unloaded after import = 0

========================================================================
Received Import Request.
  Time since last request: 0.000033 seconds.
  path: Packages/com.unity.purchasing/Runtime/Stores/PaymentProvider/PaymentProviderImpl.cs
  artifactKey: Guid(3dd7ee23639e49a19571afc1ca47b9ea) Importer(2089858483,b0f066a214c2f5e87bad3c948f4d605d)
Start importing Packages/com.unity.purchasing/Runtime/Stores/PaymentProvider/PaymentProviderImpl.cs using Guid(3dd7ee23639e49a19571afc1ca47b9ea) Importer(2089858483,b0f066a214c2f5e87bad3c948f4d605d) (ScriptedImporter) -> (artifact id: '3403efe7e9b3bced7610187341e4dbea') in 0.010733 seconds
Number of updated asset objects reloaded before import = 0Number of asset objects unloaded after import = 0

========================================================================
Received Import Request.
  Time since last request: 0.000057 seconds.
  path: Packages/com.unity.services.core/Editor/Core/Linker/Models/XmlLinkerModel.cs
  artifactKey: Guid(01e7e065dd954fd695f04594c6d42959) Importer(2089858483,b0f066a214c2f5e87bad3c948f4d605d)
Start importing Packages/com.unity.services.core/Editor/Core/Linker/Models/XmlLinkerModel.cs using Guid(01e7e065dd954fd695f04594c6d42959) Importer(2089858483,b0f066a214c2f5e87bad3c948f4d605d) (ScriptedImporter) -> (artifact id: 'c67f3f5e8ebf1fa662e5a88ab7f09f05') in 0.0112655 seconds
Number of updated asset objects reloaded before import = 0Number of asset objects unloaded after import = 0

========================================================================
Received Import Request.
  Time since last request: 0.000107 seconds.
  path: Packages/com.unity.services.core/Editor/Core/UserRoleManagement/IUserRoleRequest.cs
  artifactKey: Guid(4a4f12b5466c418ab0e66bd23e0a0af2) Importer(2089858483,b0f066a214c2f5e87bad3c948f4d605d)
Start importing Packages/com.unity.services.core/Editor/Core/UserRoleManagement/IUserRoleRequest.cs using Guid(4a4f12b5466c418ab0e66bd23e0a0af2) Importer(2089858483,b0f066a214c2f5e87bad3c948f4d605d) (ScriptedImporter) -> (artifact id: '579b6900de0234e10755580cdcb5fd37') in 0.0111238 seconds
Number of updated asset objects reloaded before import = 0Number of asset objects unloaded after import = 0

========================================================================
Received Import Request.
  Time since last request: 0.000020 seconds.
  path: Packages/com.unity.services.core/Runtime/Configuration/ConfigurationResetter.cs
  artifactKey: Guid(d98f48c190c0e448ca61c4f095f55ec3) Importer(2089858483,b0f066a214c2f5e87bad3c948f4d605d)
Start importing Packages/com.unity.services.core/Runtime/Configuration/ConfigurationResetter.cs using Guid(d98f48c190c0e448ca61c4f095f55ec3) Importer(2089858483,b0f066a214c2f5e87bad3c948f4d605d) (ScriptedImporter) -> (artifact id: '1c3d00828e9ce3a9c69dfdd54057e73b') in 0.0103606 seconds
Number of updated asset objects reloaded before import = 0Number of asset objects unloaded after import = 0

========================================================================
Received Import Request.
  Time since last request: 0.000051 seconds.
  path: Packages/com.unity.services.core/Runtime/Core/IService.cs
  artifactKey: Guid(eaca1461750224243bbf46b2e8741f64) Importer(2089858483,b0f066a214c2f5e87bad3c948f4d605d)
Start importing Packages/com.unity.services.core/Runtime/Core/IService.cs using Guid(eaca1461750224243bbf46b2e8741f64) Importer(2089858483,b0f066a214c2f5e87bad3c948f4d605d) (ScriptedImporter) -> (artifact id: '98187d38c31b8498de77fbae7e0bfe2c') in 0.0136673 seconds
Number of updated asset objects reloaded before import = 0Number of asset objects unloaded after import = 0

========================================================================
Received Import Request.
  Time since last request: 0.000021 seconds.
  path: Packages/com.unity.ai.navigation/README.md
  artifactKey: Guid(6fc2b2cf518e540319637f5c5c573d3a) Importer(2089858483,b0f066a214c2f5e87bad3c948f4d605d)
Start importing Packages/com.unity.ai.navigation/README.md using Guid(6fc2b2cf518e540319637f5c5c573d3a) Importer(2089858483,b0f066a214c2f5e87bad3c948f4d605d) (ScriptedImporter) -> (artifact id: '10cbe5e61ba6656bd266b2a823e8e7b1') in 0.0097187 seconds
Number of updated asset objects reloaded before import = 0Number of asset objects unloaded after import = 1

========================================================================
Received Import Request.
  Time since last request: 0.000060 seconds.
  path: Packages/com.unity.services.core/Runtime/Scheduler/TimeProvider/ITimeProvider.cs
  artifactKey: Guid(5d6b5b582538b37428e63b2b6c506ea7) Importer(2089858483,b0f066a214c2f5e87bad3c948f4d605d)
Start importing Packages/com.unity.services.core/Runtime/Scheduler/TimeProvider/ITimeProvider.cs using Guid(5d6b5b582538b37428e63b2b6c506ea7) Importer(2089858483,b0f066a214c2f5e87bad3c948f4d605d) (ScriptedImporter) -> (artifact id: '3d11cc434666f0d87371e2c6e18582c5') in 0.0100405 seconds
Number of updated asset objects reloaded before import = 0Number of asset objects unloaded after import = 0

========================================================================
Received Import Request.
  Time since last request: 0.000046 seconds.
  path: Packages/com.unity.services.core/Runtime/Core/DynamicDependency/PreserveDependencyAttribute.cs
  artifactKey: Guid(c6603f554e19f4ef6ac932f67674ca3d) Importer(2089858483,b0f066a214c2f5e87bad3c948f4d605d)
Start importing Packages/com.unity.services.core/Runtime/Core/DynamicDependency/PreserveDependencyAttribute.cs using Guid(c6603f554e19f4ef6ac932f67674ca3d) Importer(2089858483,b0f066a214c2f5e87bad3c948f4d605d) (ScriptedImporter) -> (artifact id: '5b162347743e94b96bacb0eba4b1c250') in 0.0104607 seconds
Number of updated asset objects reloaded before import = 0Number of asset objects unloaded after import = 0

========================================================================
Received Import Request.
  Time since last request: 0.000056 seconds.
  path: Packages/com.unity.purchasing/Runtime/UnityPaymentProviders/PaymentProviderServiceExceptionMapper.cs
  artifactKey: Guid(b132bc6d262d4a00977b612991dee58c) Importer(2089858483,b0f066a214c2f5e87bad3c948f4d605d)
Start importing Packages/com.unity.purchasing/Runtime/UnityPaymentProviders/PaymentProviderServiceExceptionMapper.cs using Guid(b132bc6d262d4a00977b612991dee58c) Importer(2089858483,b0f066a214c2f5e87bad3c948f4d605d) (ScriptedImporter) -> (artifact id: '24ca1e7804ef404cf372da01041b9b5c') in 0.013221 seconds
Number of updated asset objects reloaded before import = 0Number of asset objects unloaded after import = 0

========================================================================
Received Import Request.
  Time since last request: 0.000097 seconds.
  path: Packages/com.unity.services.deployment/Editor/Shared/EditorUtils/EditorValueTracker.Gen.cs
  artifactKey: Guid(5bb3b125d416f461ab542b36c904846a) Importer(2089858483,b0f066a214c2f5e87bad3c948f4d605d)
Start importing Packages/com.unity.services.deployment/Editor/Shared/EditorUtils/EditorValueTracker.Gen.cs using Guid(5bb3b125d416f461ab542b36c904846a) Importer(2089858483,b0f066a214c2f5e87bad3c948f4d605d) (ScriptedImporter) -> (artifact id: '00a673cc5b18acbccf3f26faf46288a8') in 0.0112926 seconds
Number of updated asset objects reloaded before import = 0Number of asset objects unloaded after import = 0

========================================================================
Received Import Request.
  Time since last request: 0.000073 seconds.
  path: Packages/com.unity.analytics/Unity.Analytics.Editor.xml
  artifactKey: Guid(237d7e3287fd7f6cab1521d812659fc8) Importer(2089858483,b0f066a214c2f5e87bad3c948f4d605d)
Start importing Packages/com.unity.analytics/Unity.Analytics.Editor.xml using Guid(237d7e3287fd7f6cab1521d812659fc8) Importer(2089858483,b0f066a214c2f5e87bad3c948f4d605d) (ScriptedImporter) -> (artifact id: '5b95cdee6f028f6aea0c0db97783914e') in 0.0108941 seconds
Number of updated asset objects reloaded before import = 0Number of asset objects unloaded after import = 1

========================================================================
Received Import Request.
  Time since last request: 0.000021 seconds.
  path: Packages/com.unity.purchasing/Runtime/Purchasing/Stores/Android
  artifactKey: Guid(159d47e54d3649445af5491bd2e7661b) Importer(2089858483,b0f066a214c2f5e87bad3c948f4d605d)
Start importing Packages/com.unity.purchasing/Runtime/Purchasing/Stores/Android using Guid(159d47e54d3649445af5491bd2e7661b) Importer(2089858483,b0f066a214c2f5e87bad3c948f4d605d) (ScriptedImporter) -> (artifact id: 'd39a93d3824fcd7910d717628ef47515') in 0.0117841 seconds
Number of updated asset objects reloaded before import = 0Number of asset objects unloaded after import = 1

========================================================================
Received Import Request.
  Time since last request: 0.000036 seconds.
  path: Packages/com.unity.xr.legacyinputhelpers
  artifactKey: Guid(40419491344566eb17bca0e9ec9d5c53) Importer(2089858483,b0f066a214c2f5e87bad3c948f4d605d)
Start importing Packages/com.unity.xr.legacyinputhelpers using Guid(40419491344566eb17bca0e9ec9d5c53) Importer(2089858483,b0f066a214c2f5e87bad3c948f4d605d) (ScriptedImporter) -> (artifact id: 'cb50ffafc47dbdb12b3e375e8a063adf') in 0.0093639 seconds
Number of updated asset objects reloaded before import = 0Number of asset objects unloaded after import = 1

========================================================================
Received Import Request.
  Time since last request: 0.000023 seconds.
  path: Packages/com.unity.purchasing/Runtime/Stores/XboxStore/XboxStoreImpl.cs
  artifactKey: Guid(bb62931a7f35ecc439c7810ce6dfaead) Importer(2089858483,b0f066a214c2f5e87bad3c948f4d605d)
Start importing Packages/com.unity.purchasing/Runtime/Stores/XboxStore/XboxStoreImpl.cs using Guid(bb62931a7f35ecc439c7810ce6dfaead) Importer(2089858483,b0f066a214c2f5e87bad3c948f4d605d) (ScriptedImporter) -> (artifact id: '3af5e5168b8c9fc6ac62ba2359ba3ccf') in 0.0103102 seconds
Number of updated asset objects reloaded before import = 0Number of asset objects unloaded after import = 0

========================================================================
Received Import Request.
  Time since last request: 0.000114 seconds.
  path: Packages/com.unity.purchasing/Runtime/Purchasing/Core/Purchasing/Interfaces/IPurchaseServiceFactoryManagerInjectionPoint.cs
  artifactKey: Guid(afff87d2394091246a1f2eeffd6aba6e) Importer(2089858483,b0f066a214c2f5e87bad3c948f4d605d)
Start importing Packages/com.unity.purchasing/Runtime/Purchasing/Core/Purchasing/Interfaces/IPurchaseServiceFactoryManagerInjectionPoint.cs using Guid(afff87d2394091246a1f2eeffd6aba6e) Importer(2089858483,b0f066a214c2f5e87bad3c948f4d605d) (ScriptedImporter) -> (artifact id: '27d44ddb61cdb3f7a82a28c5e1583348') in 0.0119392 seconds
Number of updated asset objects reloaded before import = 0Number of asset objects unloaded after import = 0

========================================================================
Received Import Request.
  Time since last request: 0.140769 seconds.
  path: Packages/com.unity.purchasing/Runtime/Stores/XboxStore/CloudServices/XboxPurchaseValidatorService.cs
  artifactKey: Guid(76ecc4d47d75407479d996bdc4d84be6) Importer(2089858483,b0f066a214c2f5e87bad3c948f4d605d)
Start importing Packages/com.unity.purchasing/Runtime/Stores/XboxStore/CloudServices/XboxPurchaseValidatorService.cs using Guid(76ecc4d47d75407479d996bdc4d84be6) Importer(2089858483,b0f066a214c2f5e87bad3c948f4d605d) (ScriptedImporter) -> (artifact id: '6904ceda74403ead91b69cc19141a593') in 0.0108355 seconds
Number of updated asset objects reloaded before import = 0Number of asset objects unloaded after import = 0

========================================================================
Received Import Request.
  Time since last request: 0.000041 seconds.
  path: Packages/com.unity.purchasing/Editor/Authoring/UI/DeploymentConfigInspectorFooter/Assets/DeploymentConfigInspectorFooter.uxml
  artifactKey: Guid(dc8fff88ed5f45443b730278faab33c3) Importer(2089858483,b0f066a214c2f5e87bad3c948f4d605d)
Start importing Packages/com.unity.purchasing/Editor/Authoring/UI/DeploymentConfigInspectorFooter/Assets/DeploymentConfigInspectorFooter.uxml using Guid(dc8fff88ed5f45443b730278faab33c3) Importer(2089858483,b0f066a214c2f5e87bad3c948f4d605d) (ScriptedImporter) -> (artifact id: '985d3b13192c5f3c10479baa08df8d29') in 0.0150384 seconds
Number of updated asset objects reloaded before import = 0Number of asset objects unloaded after import = 2

========================================================================
Received Import Request.
  Time since last request: 0.000020 seconds.
  path: Packages/com.unity.purchasing/Editor/Authoring/PurchasingAdminApi/Client/Model/InternalServerErrorResponse.cs
  artifactKey: Guid(39effe9b16a8c456ebc296bb271bc028) Importer(2089858483,b0f066a214c2f5e87bad3c948f4d605d)
Start importing Packages/com.unity.purchasing/Editor/Authoring/PurchasingAdminApi/Client/Model/InternalServerErrorResponse.cs using Guid(39effe9b16a8c456ebc296bb271bc028) Importer(2089858483,b0f066a214c2f5e87bad3c948f4d605d) (ScriptedImporter) -> (artifact id: '6533f4b70626d8225d89e270f09d3359') in 0.0073702 seconds
Number of updated asset objects reloaded before import = 0Number of asset objects unloaded after import = 0

========================================================================
Received Import Request.
  Time since last request: 0.000078 seconds.
  path: Packages/com.unity.purchasing/Editor/ServiceProjectSettings/UI/Views/IPurchasingSettingsUIBlock.cs
  artifactKey: Guid(29ec2b62f22d1f5469fd2a6f0ff2ad76) Importer(2089858483,b0f066a214c2f5e87bad3c948f4d605d)
Start importing Packages/com.unity.purchasing/Editor/ServiceProjectSettings/UI/Views/IPurchasingSettingsUIBlock.cs using Guid(29ec2b62f22d1f5469fd2a6f0ff2ad76) Importer(2089858483,b0f066a214c2f5e87bad3c948f4d605d) (ScriptedImporter) -> (artifact id: '9f253471f71437478a3bbb715173c55b') in 0.0115337 seconds
Number of updated asset objects reloaded before import = 0Number of asset objects unloaded after import = 0

========================================================================
Received Import Request.
  Time since last request: 0.000022 seconds.
  path: Packages/com.unity.purchasing/Runtime/Security/Unity.Purchasing.Security.asmdef
  artifactKey: Guid(94e1de2458b07d0bf1e9f13e6ae06443) Importer(2089858483,b0f066a214c2f5e87bad3c948f4d605d)
Start importing Packages/com.unity.purchasing/Runtime/Security/Unity.Purchasing.Security.asmdef using Guid(94e1de2458b07d0bf1e9f13e6ae06443) Importer(2089858483,b0f066a214c2f5e87bad3c948f4d605d) (ScriptedImporter) -> (artifact id: '64e951bcaddfba116e076d933c37a069') in 0.0120652 seconds
Number of updated asset objects reloaded before import = 0Number of asset objects unloaded after import = 1

========================================================================
Received Import Request.
  Time since last request: 0.000072 seconds.
  path: Packages/com.unity.purchasing/Runtime/Security/Asn1Processor/Asn1Tag.cs
  artifactKey: Guid(d39cfc579c8584aaa893e37a588891ff) Importer(2089858483,b0f066a214c2f5e87bad3c948f4d605d)
Start importing Packages/com.unity.purchasing/Runtime/Security/Asn1Processor/Asn1Tag.cs using Guid(d39cfc579c8584aaa893e37a588891ff) Importer(2089858483,b0f066a214c2f5e87bad3c948f4d605d) (ScriptedImporter) -> (artifact id: 'fd88c24f9cf05a3b81b1f6e107309bfb') in 0.0090677 seconds
Number of updated asset objects reloaded before import = 0Number of asset objects unloaded after import = 0

========================================================================
Received Import Request.
  Time since last request: 0.000056 seconds.
  path: Packages/com.unity.purchasing/Editor/Analytics/Signatures/SignatureDefinitions.cs
  artifactKey: Guid(bf48658e04699da4b94de7955ce6b943) Importer(2089858483,b0f066a214c2f5e87bad3c948f4d605d)
Start importing Packages/com.unity.purchasing/Editor/Analytics/Signatures/SignatureDefinitions.cs using Guid(bf48658e04699da4b94de7955ce6b943) Importer(2089858483,b0f066a214c2f5e87bad3c948f4d605d) (ScriptedImporter) -> (artifact id: '5a76a46751595ce57dceaefd017f537a') in 0.0100843 seconds
Number of updated asset objects reloaded before import = 0Number of asset objects unloaded after import = 0

========================================================================
Received Import Request.
  Time since last request: 0.000037 seconds.
  path: Packages/com.unity.services.core/Editor/Core/UserRoleManagement/UserRoleHandler.cs
  artifactKey: Guid(71648f2c67f4c40cda4f186ea8e4e62c) Importer(2089858483,b0f066a214c2f5e87bad3c948f4d605d)
Start importing Packages/com.unity.services.core/Editor/Core/UserRoleManagement/UserRoleHandler.cs using Guid(71648f2c67f4c40cda4f186ea8e4e62c) Importer(2089858483,b0f066a214c2f5e87bad3c948f4d605d) (ScriptedImporter) -> (artifact id: 'b528b6f4f1365e66118e43ce1f7e2e9d') in 0.0141304 seconds
Number of updated asset objects reloaded before import = 0Number of asset objects unloaded after import = 0

========================================================================
Received Import Request.
  Time since last request: 0.000069 seconds.
  path: Packages/com.unity.microsoft.gdk/Runtime/Interop/XBL/Multiplayer/XblMultiplayerInterop.cs
  artifactKey: Guid(df71e4a995e56d545ad02bd8110d9bdd) Importer(2089858483,b0f066a214c2f5e87bad3c948f4d605d)
Start importing Packages/com.unity.microsoft.gdk/Runtime/Interop/XBL/Multiplayer/XblMultiplayerInterop.cs using Guid(df71e4a995e56d545ad02bd8110d9bdd) Importer(2089858483,b0f066a214c2f5e87bad3c948f4d605d) (ScriptedImporter) -> (artifact id: 'b7140e25757d64c1015b16ccb7781739') in 0.0093451 seconds
Number of updated asset objects reloaded before import = 0Number of asset objects unloaded after import = 0

========================================================================
Received Import Request.
  Time since last request: 0.000029 seconds.
  path: Packages/com.unity.services.deployment/Editor/Interface/UI/Components/TreeViewElement.cs
  artifactKey: Guid(ae8fab8ba12ff4454a91b01cc57d0c50) Importer(2089858483,b0f066a214c2f5e87bad3c948f4d605d)
Start importing Packages/com.unity.services.deployment/Editor/Interface/UI/Components/TreeViewElement.cs using Guid(ae8fab8ba12ff4454a91b01cc57d0c50) Importer(2089858483,b0f066a214c2f5e87bad3c948f4d605d) (ScriptedImporter) -> (artifact id: '2a14a4f70657b90d43d86e762ed3230f') in 0.0116488 seconds
Number of updated asset objects reloaded before import = 0Number of asset objects unloaded after import = 0

========================================================================
Received Import Request.
  Time since last request: 0.000066 seconds.
  path: Packages/com.unity.purchasing/Runtime/Purchasing/Core/Purchasing/Android/GooglePlay/Interfaces/Callbacks/IGooglePlayChangeSubscriptionCallback.cs
  artifactKey: Guid(82d3c0cd43114a9fb90a51785bcbbee2) Importer(2089858483,b0f066a214c2f5e87bad3c948f4d605d)
Start importing Packages/com.unity.purchasing/Runtime/Purchasing/Core/Purchasing/Android/GooglePlay/Interfaces/Callbacks/IGooglePlayChangeSubscriptionCallback.cs using Guid(82d3c0cd43114a9fb90a51785bcbbee2) Importer(2089858483,b0f066a214c2f5e87bad3c948f4d605d) (ScriptedImporter) -> (artifact id: 'fe43044ba91735c4f8ce741912d79a93') in 0.0126665 seconds
Number of updated asset objects reloaded before import = 0Number of asset objects unloaded after import = 0

========================================================================
Received Import Request.
  Time since last request: 0.000031 seconds.
  path: Packages/com.unity.services.deployment/Editor/Shared/Analytics/ICommonAnalyticProvider.Gen.cs
  artifactKey: Guid(b8c28777a26324ce997c2feb5ea30f91) Importer(2089858483,b0f066a214c2f5e87bad3c948f4d605d)
Start importing Packages/com.unity.services.deployment/Editor/Shared/Analytics/ICommonAnalyticProvider.Gen.cs using Guid(b8c28777a26324ce997c2feb5ea30f91) Importer(2089858483,b0f066a214c2f5e87bad3c948f4d605d) (ScriptedImporter) -> (artifact id: '0fad7f48f3c8b286a72eb337c37d9867') in 0.0112197 seconds
Number of updated asset objects reloaded before import = 0Number of asset objects unloaded after import = 0

========================================================================
Received Import Request.
  Time since last request: 0.000033 seconds.
  path: Packages/com.unity.microsoft.gdk/Runtime/ExtensionLibraries
  artifactKey: Guid(ff1977b96439452998a12543b4325749) Importer(2089858483,b0f066a214c2f5e87bad3c948f4d605d)
Start importing Packages/com.unity.microsoft.gdk/Runtime/ExtensionLibraries using Guid(ff1977b96439452998a12543b4325749) Importer(2089858483,b0f066a214c2f5e87bad3c948f4d605d) (ScriptedImporter) -> (artifact id: '98422f757472aa2b837fa55c4bcc216a') in 0.0122011 seconds
Number of updated asset objects reloaded before import = 0Number of asset objects unloaded after import = 1

========================================================================
Received Import Request.
  Time since last request: 0.000019 seconds.
  path: Packages/com.unity.services.core/Runtime/Configuration/IConfigurationLoader.cs
  artifactKey: Guid(329750b2a7303a4469bcbd1fa0b517a2) Importer(2089858483,b0f066a214c2f5e87bad3c948f4d605d)
Start importing Packages/com.unity.services.core/Runtime/Configuration/IConfigurationLoader.cs using Guid(329750b2a7303a4469bcbd1fa0b517a2) Importer(2089858483,b0f066a214c2f5e87bad3c948f4d605d) (ScriptedImporter) -> (artifact id: '93c3f7b25f38f412098568d4a8d407d0') in 0.0108913 seconds
Number of updated asset objects reloaded before import = 0Number of asset objects unloaded after import = 0

========================================================================
Received Import Request.
  Time since last request: 0.000033 seconds.
  path: Packages/com.unity.services.core/Editor/Core/Unity.Services.Core.Editor.api
  artifactKey: Guid(24b38a646859243c4a35b882459da8a9) Importer(2089858483,b0f066a214c2f5e87bad3c948f4d605d)
Start importing Packages/com.unity.services.core/Editor/Core/Unity.Services.Core.Editor.api using Guid(24b38a646859243c4a35b882459da8a9) Importer(2089858483,b0f066a214c2f5e87bad3c948f4d605d) (ScriptedImporter) -> (artifact id: 'b0795cb66dbbd69cc6855391b2ac3215') in 0.0112409 seconds
Number of updated asset objects reloaded before import = 0Number of asset objects unloaded after import = 1

========================================================================
Received Import Request.
  Time since last request: 0.000032 seconds.
  path: Packages/com.unity.purchasing/Runtime/Stores/PaymentProvider/UnresolvedOrder.cs
  artifactKey: Guid(8007204b8774415d9a3dd8714dc9e6dd) Importer(2089858483,b0f066a214c2f5e87bad3c948f4d605d)
Start importing Packages/com.unity.purchasing/Runtime/Stores/PaymentProvider/UnresolvedOrder.cs using Guid(8007204b8774415d9a3dd8714dc9e6dd) Importer(2089858483,b0f066a214c2f5e87bad3c948f4d605d) (ScriptedImporter) -> (artifact id: 'b081461b39f35b4f456ada320de12f87') in 0.0115462 seconds
Number of updated asset objects reloaded before import = 0Number of asset objects unloaded after import = 0

========================================================================
Received Import Request.
  Time since last request: 0.000086 seconds.
  path: Packages/com.unity.purchasing/Runtime/Purchasing/Core/Store/UseCases/StoreConnectUseCaseFactory.cs
  artifactKey: Guid(562ab88fa7dd46358ea9b245c4abff6b) Importer(2089858483,b0f066a214c2f5e87bad3c948f4d605d)
Start importing Packages/com.unity.purchasing/Runtime/Purchasing/Core/Store/UseCases/StoreConnectUseCaseFactory.cs using Guid(562ab88fa7dd46358ea9b245c4abff6b) Importer(2089858483,b0f066a214c2f5e87bad3c948f4d605d) (ScriptedImporter) -> (artifact id: 'bf8080dd5ce31840f7a3fd3df2c9f4f0') in 0.0104534 seconds
Number of updated asset objects reloaded before import = 0Number of asset objects unloaded after import = 0

========================================================================
Received Import Request.
  Time since last request: 0.000037 seconds.
  path: Packages/com.unity.purchasing/Runtime/Purchasing/Stores/Android/GooglePlay/AAR/Interfaces/IBillingClientBase.cs
  artifactKey: Guid(36be43cb8fef4bfc8ce334a011640f40) Importer(2089858483,b0f066a214c2f5e87bad3c948f4d605d)
Start importing Packages/com.unity.purchasing/Runtime/Purchasing/Stores/Android/GooglePlay/AAR/Interfaces/IBillingClientBase.cs using Guid(36be43cb8fef4bfc8ce334a011640f40) Importer(2089858483,b0f066a214c2f5e87bad3c948f4d605d) (ScriptedImporter) -> (artifact id: '0a6d511b8fa9dcc6b3ccc4672ec79512') in 0.0103379 seconds
Number of updated asset objects reloaded before import = 0Number of asset objects unloaded after import = 0

========================================================================
Received Import Request.
  Time since last request: 0.000035 seconds.
  path: Packages/com.unity.purchasing/Runtime/Stores/Android/GooglePlay/AAR/Models/BillingProgramReportingDetails.cs
  artifactKey: Guid(d0e8afbe714444ca8f605a4e7b57a640) Importer(2089858483,b0f066a214c2f5e87bad3c948f4d605d)
Start importing Packages/com.unity.purchasing/Runtime/Stores/Android/GooglePlay/AAR/Models/BillingProgramReportingDetails.cs using Guid(d0e8afbe714444ca8f605a4e7b57a640) Importer(2089858483,b0f066a214c2f5e87bad3c948f4d605d) (ScriptedImporter) -> (artifact id: '0a1ae700f8f0bbaa423ccd486cd05eff') in 0.0121548 seconds
Number of updated asset objects reloaded before import = 0Number of asset objects unloaded after import = 0

========================================================================
Received Import Request.
  Time since last request: 0.000045 seconds.
  path: Packages/com.unity.purchasing/AiAssistantSkills/in-app-purchases/references/path-implement-iap-d2c.md
  artifactKey: Guid(b3d905e8c6b00674089f081228a81af0) Importer(2089858483,b0f066a214c2f5e87bad3c948f4d605d)
Start importing Packages/com.unity.purchasing/AiAssistantSkills/in-app-purchases/references/path-implement-iap-d2c.md using Guid(b3d905e8c6b00674089f081228a81af0) Importer(2089858483,b0f066a214c2f5e87bad3c948f4d605d) (ScriptedImporter) -> (artifact id: '14cf8d3b6e36bcd518788c9218c5937f') in 0.0120438 seconds
Number of updated asset objects reloaded before import = 0Number of asset objects unloaded after import = 1

========================================================================
Received Import Request.
  Time since last request: 0.000031 seconds.
  path: Packages/com.unity.purchasing/Runtime/UnityPaymentProviders/Client/Models/InitiatePaymentProviderOrder400Response.cs
  artifactKey: Guid(30762ad8d2d174f8dbad4282793850b9) Importer(2089858483,b0f066a214c2f5e87bad3c948f4d605d)
Start importing Packages/com.unity.purchasing/Runtime/UnityPaymentProviders/Client/Models/InitiatePaymentProviderOrder400Response.cs using Guid(30762ad8d2d174f8dbad4282793850b9) Importer(2089858483,b0f066a214c2f5e87bad3c948f4d605d) (ScriptedImporter) -> (artifact id: 'af09b13d0cdf83ef94f4d6eda98e7283') in 0.0106104 seconds
Number of updated asset objects reloaded before import = 0Number of asset objects unloaded after import = 0

========================================================================
Received Import Request.
  Time since last request: 0.000056 seconds.
  path: Packages/com.unity.services.analytics/Runtime/Events/Transaction/TransactionType.cs
  artifactKey: Guid(bf63a635a92a419e9443fda13afbfe4c) Importer(2089858483,b0f066a214c2f5e87bad3c948f4d605d)
Start importing Packages/com.unity.services.analytics/Runtime/Events/Transaction/TransactionType.cs using Guid(bf63a635a92a419e9443fda13afbfe4c) Importer(2089858483,b0f066a214c2f5e87bad3c948f4d605d) (ScriptedImporter) -> (artifact id: '6c7f74814d3616b0144422057664c340') in 0.0084322 seconds
Number of updated asset objects reloaded before import = 0Number of asset objects unloaded after import = 0

========================================================================
Received Import Request.
  Time since last request: 0.000018 seconds.
  path: Packages/com.unity.microsoft.gdk/Runtime/XBL/SocialManager/XblRelationshipFilter.cs
  artifactKey: Guid(15fffc95eed94345b26dc23e8de2d240) Importer(2089858483,b0f066a214c2f5e87bad3c948f4d605d)
Start importing Packages/com.unity.microsoft.gdk/Runtime/XBL/SocialManager/XblRelationshipFilter.cs using Guid(15fffc95eed94345b26dc23e8de2d240) Importer(2089858483,b0f066a214c2f5e87bad3c948f4d605d) (ScriptedImporter) -> (artifact id: '528ae10f56b188236626a5f6bde6c3b0') in 0.0106217 seconds
Number of updated asset objects reloaded before import = 0Number of asset objects unloaded after import = 0

========================================================================
Received Import Request.
  Time since last request: 0.000022 seconds.
  path: Packages/com.unity.purchasing/Runtime/Purchasing/Core/Product/AppleAppStore/Extensions/Interfaces/IAppleStoreExtendedProductService.cs
  artifactKey: Guid(efcd1d8ee8594db7be75dd709ee70efe) Importer(2089858483,b0f066a214c2f5e87bad3c948f4d605d)
Start importing Packages/com.unity.purchasing/Runtime/Purchasing/Core/Product/AppleAppStore/Extensions/Interfaces/IAppleStoreExtendedProductService.cs using Guid(efcd1d8ee8594db7be75dd709ee70efe) Importer(2089858483,b0f066a214c2f5e87bad3c948f4d605d) (ScriptedImporter) -> (artifact id: 'befd4ddfc6bdf6d4b0d7a2e52cebf1a9') in 0.0120908 seconds
Number of updated asset objects reloaded before import = 0Number of asset objects unloaded after import = 0

========================================================================
Received Import Request.
  Time since last request: 0.000083 seconds.
  path: Packages/com.unity.purchasing/Runtime/Stores/Android/GooglePlay/AAR/Models
  artifactKey: Guid(0e43d21c7429d482b8fb60645c3e2930) Importer(2089858483,b0f066a214c2f5e87bad3c948f4d605d)
Start importing Packages/com.unity.purchasing/Runtime/Stores/Android/GooglePlay/AAR/Models using Guid(0e43d21c7429d482b8fb60645c3e2930) Importer(2089858483,b0f066a214c2f5e87bad3c948f4d605d) (ScriptedImporter) -> (artifact id: '270957d1fb2bee0b094c738fe53b5e76') in 0.0105349 seconds
Number of updated asset objects reloaded before import = 0Number of asset objects unloaded after import = 1

========================================================================
Received Import Request.
  Time since last request: 0.000029 seconds.
  path: Packages/com.unity.purchasing/Runtime/UnityWebshops/Client/Http/IsolatedJsonConvert.cs
  artifactKey: Guid(ed02ee7c2bbee41edb97038aac29f4c8) Importer(2089858483,b0f066a214c2f5e87bad3c948f4d605d)
Start importing Packages/com.unity.purchasing/Runtime/UnityWebshops/Client/Http/IsolatedJsonConvert.cs using Guid(ed02ee7c2bbee41edb97038aac29f4c8) Importer(2089858483,b0f066a214c2f5e87bad3c948f4d605d) (ScriptedImporter) -> (artifact id: '863fa6e376125e5746827939cce2510f') in 0.0121241 seconds
Number of updated asset objects reloaded before import = 0Number of asset objects unloaded after import = 0

========================================================================
Received Import Request.
  Time since last request: 0.000052 seconds.
  path: Packages/com.unity.purchasing/Runtime/UnityLiveContentAdapter/Client/Apis/ClientApi.cs
  artifactKey: Guid(510090a4c782e46218cfe7fc08f52547) Importer(2089858483,b0f066a214c2f5e87bad3c948f4d605d)
Start importing Packages/com.unity.purchasing/Runtime/UnityLiveContentAdapter/Client/Apis/ClientApi.cs using Guid(510090a4c782e46218cfe7fc08f52547) Importer(2089858483,b0f066a214c2f5e87bad3c948f4d605d) (ScriptedImporter) -> (artifact id: '979b2971f77c116367703af61bc2cd83') in 0.0103865 seconds
Number of updated asset objects reloaded before import = 0Number of asset objects unloaded after import = 0

========================================================================
Received Import Request.
  Time since last request: 0.000094 seconds.
  path: Packages/com.unity.ai.navigation/Editor/NavMeshModifierVolumeEditor.cs
  artifactKey: Guid(c0f3bef2a67ae4e139538afec3e59b03) Importer(2089858483,b0f066a214c2f5e87bad3c948f4d605d)
Start importing Packages/com.unity.ai.navigation/Editor/NavMeshModifierVolumeEditor.cs using Guid(c0f3bef2a67ae4e139538afec3e59b03) Importer(2089858483,b0f066a214c2f5e87bad3c948f4d605d) (ScriptedImporter) -> (artifact id: 'b50d8a51b4f8133f435f5a98114bd0ed') in 0.0101605 seconds
Number of updated asset objects reloaded before import = 0Number of asset objects unloaded after import = 0

========================================================================
Received Import Request.
  Time since last request: 0.000047 seconds.
  path: Packages/com.unity.services.core/Runtime/Core.Internal/Components/Authentication/ITargetingActivation.cs
  artifactKey: Guid(ad77858d50cb4354a2d68512f4ecea5d) Importer(2089858483,b0f066a214c2f5e87bad3c948f4d605d)
Start importing Packages/com.unity.services.core/Runtime/Core.Internal/Components/Authentication/ITargetingActivation.cs using Guid(ad77858d50cb4354a2d68512f4ecea5d) Importer(2089858483,b0f066a214c2f5e87bad3c948f4d605d) (ScriptedImporter) -> (artifact id: 'fb8f241c0f2b14f4003fc2117b1a1a96') in 0.0104441 seconds
Number of updated asset objects reloaded before import = 0Number of asset objects unloaded after import = 0

========================================================================
Received Import Request.
  Time since last request: 0.000037 seconds.
  path: Packages/com.unity.purchasing/Runtime/Stores/PaymentProvider
  artifactKey: Guid(d7d86439207141e8b0778c513254f4b5) Importer(2089858483,b0f066a214c2f5e87bad3c948f4d605d)
Start importing Packages/com.unity.purchasing/Runtime/Stores/PaymentProvider using Guid(d7d86439207141e8b0778c513254f4b5) Importer(2089858483,b0f066a214c2f5e87bad3c948f4d605d) (ScriptedImporter) -> (artifact id: '78b5b44a3a50c3c79323554e3cd35b99') in 0.0090851 seconds
Number of updated asset objects reloaded before import = 0Number of asset objects unloaded after import = 1

========================================================================
Received Import Request.
  Time since last request: 0.000050 seconds.
  path: Packages/com.unity.services.deployment/Core/Glob/AST/Segment.Gen.cs
  artifactKey: Guid(2abc6b388f5854099a00c5b818e57848) Importer(2089858483,b0f066a214c2f5e87bad3c948f4d605d)
Start importing Packages/com.unity.services.deployment/Core/Glob/AST/Segment.Gen.cs using Guid(2abc6b388f5854099a00c5b818e57848) Importer(2089858483,b0f066a214c2f5e87bad3c948f4d605d) (ScriptedImporter) -> (artifact id: '279945945ff7d5ee45f9f82edbda54c1') in 0.0126478 seconds
Number of updated asset objects reloaded before import = 0Number of asset objects unloaded after import = 0

========================================================================
Received Import Request.
  Time since last request: 0.000016 seconds.
  path: Packages/com.unity.purchasing/Runtime/Purchasing/Core/Purchasing/Models/PurchasesFetchFailureReason.cs
  artifactKey: Guid(1bf7a07ca239abd4cb19f5879d580924) Importer(2089858483,b0f066a214c2f5e87bad3c948f4d605d)
Start importing Packages/com.unity.purchasing/Runtime/Purchasing/Core/Purchasing/Models/PurchasesFetchFailureReason.cs using Guid(1bf7a07ca239abd4cb19f5879d580924) Importer(2089858483,b0f066a214c2f5e87bad3c948f4d605d) (ScriptedImporter) -> (artifact id: '200e6fd227d1b2342a337f2891832097') in 0.0120048 seconds
Number of updated asset objects reloaded before import = 0Number of asset objects unloaded after import = 0

========================================================================
Received Import Request.
  Time since last request: 0.000036 seconds.
  path: Packages/com.unity.purchasing/Runtime/TransactionVerifier/Client/Models/ValidationErrorBody.cs
  artifactKey: Guid(c038c66e623f1430cb6ec016b2957005) Importer(2089858483,b0f066a214c2f5e87bad3c948f4d605d)
Start importing Packages/com.unity.purchasing/Runtime/TransactionVerifier/Client/Models/ValidationErrorBody.cs using Guid(c038c66e623f1430cb6ec016b2957005) Importer(2089858483,b0f066a214c2f5e87bad3c948f4d605d) (ScriptedImporter) -> (artifact id: '82d292e57c493cf634916f1fac4a5047') in 0.0114889 seconds
Number of updated asset objects reloaded before import = 0Number of asset objects unloaded after import = 0

========================================================================
Received Import Request.
  Time since last request: 0.000036 seconds.
  path: Packages/com.unity.services.core/LICENSE.md
  artifactKey: Guid(0d41728ad423e904cb4aa8ee699c4e42) Importer(2089858483,b0f066a214c2f5e87bad3c948f4d605d)
Start importing Packages/com.unity.services.core/LICENSE.md using Guid(0d41728ad423e904cb4aa8ee699c4e42) Importer(2089858483,b0f066a214c2f5e87bad3c948f4d605d) (ScriptedImporter) -> (artifact id: '6a6a3fdfac3499f9f87cd8a2f06772dc') in 0.0138498 seconds
Number of updated asset objects reloaded before import = 0Number of asset objects unloaded after import = 1

========================================================================
Received Import Request.
  Time since last request: 0.000058 seconds.
  path: Packages/com.unity.purchasing/Runtime/UnityPaymentProviders/Client/Models/ValidationErrorBody.cs
  artifactKey: Guid(ca5675afaa92545e99acc08b7e6ab7a9) Importer(2089858483,b0f066a214c2f5e87bad3c948f4d605d)
Start importing Packages/com.unity.purchasing/Runtime/UnityPaymentProviders/Client/Models/ValidationErrorBody.cs using Guid(ca5675afaa92545e99acc08b7e6ab7a9) Importer(2089858483,b0f066a214c2f5e87bad3c948f4d605d) (ScriptedImporter) -> (artifact id: '678166d5c8a9c880648d1d898f227654') in 0.0106004 seconds
Number of updated asset objects reloaded before import = 0Number of asset objects unloaded after import = 0

========================================================================
Received Import Request.
  Time since last request: 0.000079 seconds.
  path: Packages/com.unity.purchasing/Runtime/Utilities/IAPObsoleteMessages.cs
  artifactKey: Guid(f57d1a6aa6e6453c9dff8251d89f14c3) Importer(2089858483,b0f066a214c2f5e87bad3c948f4d605d)
Start importing Packages/com.unity.purchasing/Runtime/Utilities/IAPObsoleteMessages.cs using Guid(f57d1a6aa6e6453c9dff8251d89f14c3) Importer(2089858483,b0f066a214c2f5e87bad3c948f4d605d) (ScriptedImporter) -> (artifact id: '7cfcf039b7408ef9492d07d9f2f03a45') in 0.0116567 seconds
Number of updated asset objects reloaded before import = 0Number of asset objects unloaded after import = 0

========================================================================
Received Import Request.
  Time since last request: 0.000067 seconds.
  path: Packages/com.unity.microsoft.gdk/Runtime/Interop/XGameSaveInterop.cs
  artifactKey: Guid(993381fc6f2b4384aaccc89cdbbf8b59) Importer(2089858483,b0f066a214c2f5e87bad3c948f4d605d)
Start importing Packages/com.unity.microsoft.gdk/Runtime/Interop/XGameSaveInterop.cs using Guid(993381fc6f2b4384aaccc89cdbbf8b59) Importer(2089858483,b0f066a214c2f5e87bad3c948f4d605d) (ScriptedImporter) -> (artifact id: '875d7e9fb29591c57c84676e7ddef419') in 0.012328 seconds
Number of updated asset objects reloaded before import = 0Number of asset objects unloaded after import = 0

========================================================================
Received Import Request.
  Time since last request: 0.000064 seconds.
  path: Packages/com.unity.services.core/Runtime/Core.Internal/Registry/DependencyTree.cs
  artifactKey: Guid(9077f672dce4c48b6ba1b81bc1037196) Importer(2089858483,b0f066a214c2f5e87bad3c948f4d605d)
Start importing Packages/com.unity.services.core/Runtime/Core.Internal/Registry/DependencyTree.cs using Guid(9077f672dce4c48b6ba1b81bc1037196) Importer(2089858483,b0f066a214c2f5e87bad3c948f4d605d) (ScriptedImporter) -> (artifact id: 'af40031ad95e6aab10ab06658c1ffbd3') in 0.010255 seconds
Number of updated asset objects reloaded before import = 0Number of asset objects unloaded after import = 0

========================================================================
Received Import Request.
  Time since last request: 0.000071 seconds.
  path: Packages/com.unity.microsoft.gdk/Tests/PlayModeTests/XNetworkingTests.cs
  artifactKey: Guid(30c31785e29a9ac49b716716a030d83a) Importer(2089858483,b0f066a214c2f5e87bad3c948f4d605d)
Start importing Packages/com.unity.microsoft.gdk/Tests/PlayModeTests/XNetworkingTests.cs using Guid(30c31785e29a9ac49b716716a030d83a) Importer(2089858483,b0f066a214c2f5e87bad3c948f4d605d) (ScriptedImporter) -> (artifact id: '26622f020345e13efe6913796586e9da') in 0.0104157 seconds
Number of updated asset objects reloaded before import = 0Number of asset objects unloaded after import = 0

========================================================================
Received Import Request.
  Time since last request: 0.000072 seconds.
  path: Packages/com.unity.purchasing/Runtime/Purchasing/Core/Product/AppleAppStore/Extensions/UseCases/FetchStorePromotionOrderUseCase.cs
  artifactKey: Guid(2e22fe07ef284d898097bb30e80a8075) Importer(2089858483,b0f066a214c2f5e87bad3c948f4d605d)
Start importing Packages/com.unity.purchasing/Runtime/Purchasing/Core/Product/AppleAppStore/Extensions/UseCases/FetchStorePromotionOrderUseCase.cs using Guid(2e22fe07ef284d898097bb30e80a8075) Importer(2089858483,b0f066a214c2f5e87bad3c948f4d605d) (ScriptedImporter) -> (artifact id: 'a6004b849aaf85f7e2cb109877f53f87') in 0.0171615 seconds
Number of updated asset objects reloaded before import = 0Number of asset objects unloaded after import = 0

========================================================================
Received Import Request.
  Time since last request: 0.000055 seconds.
  path: Packages/com.unity.services.core/Editor/Core/UiHelpers/AccessTokenErrorUiHelper.cs
  artifactKey: Guid(4ec562db73a1a9542b5e467840433378) Importer(2089858483,b0f066a214c2f5e87bad3c948f4d605d)
Start importing Packages/com.unity.services.core/Editor/Core/UiHelpers/AccessTokenErrorUiHelper.cs using Guid(4ec562db73a1a9542b5e467840433378) Importer(2089858483,b0f066a214c2f5e87bad3c948f4d605d) (ScriptedImporter) -> (artifact id: '5f94d962bc4804eacee229c517ab5c64') in 0.0129292 seconds
Number of updated asset objects reloaded before import = 0Number of asset objects unloaded after import = 0

========================================================================
Received Import Request.
  Time since last request: 0.000052 seconds.
  path: Packages/com.unity.purchasing/Runtime/Purchasing/Core/Store/Interfaces/IStoreFactory.cs
  artifactKey: Guid(99b80da082034b23b5a2cb12967c36ef) Importer(2089858483,b0f066a214c2f5e87bad3c948f4d605d)
Start importing Packages/com.unity.purchasing/Runtime/Purchasing/Core/Store/Interfaces/IStoreFactory.cs using Guid(99b80da082034b23b5a2cb12967c36ef) Importer(2089858483,b0f066a214c2f5e87bad3c948f4d605d) (ScriptedImporter) -> (artifact id: '06de3b3f33dd7df988ffa95d207875ff') in 0.0125761 seconds
Number of updated asset objects reloaded before import = 0Number of asset objects unloaded after import = 0

========================================================================
Received Import Request.
  Time since last request: 0.000092 seconds.
  path: Packages/com.unity.purchasing/Runtime/Stores/PaymentProvider/UnresolvedOrders.cs
  artifactKey: Guid(6f2d787ab55d4ab3a8d5287365683b02) Importer(2089858483,b0f066a214c2f5e87bad3c948f4d605d)
Start importing Packages/com.unity.purchasing/Runtime/Stores/PaymentProvider/UnresolvedOrders.cs using Guid(6f2d787ab55d4ab3a8d5287365683b02) Importer(2089858483,b0f066a214c2f5e87bad3c948f4d605d) (ScriptedImporter) -> (artifact id: 'de6edf87004509e76c712a6ef10adf40') in 0.0129287 seconds
Number of updated asset objects reloaded before import = 0Number of asset objects unloaded after import = 0

========================================================================
Received Import Request.
  Time since last request: 0.000074 seconds.
  path: Packages/com.unity.purchasing/Runtime/Purchasing/Core/Purchasing/AppleAppStore/Extensions/AppleStoreExtendedPurchaseService.cs
  artifactKey: Guid(f1d7d22bb48b461f89406e44a79fbe40) Importer(2089858483,b0f066a214c2f5e87bad3c948f4d605d)
Start importing Packages/com.unity.purchasing/Runtime/Purchasing/Core/Purchasing/AppleAppStore/Extensions/AppleStoreExtendedPurchaseService.cs using Guid(f1d7d22bb48b461f89406e44a79fbe40) Importer(2089858483,b0f066a214c2f5e87bad3c948f4d605d) (ScriptedImporter) -> (artifact id: '63e012df58075ba84c9b05080ac49114') in 0.0118902 seconds
Number of updated asset objects reloaded before import = 0Number of asset objects unloaded after import = 0

========================================================================
Received Import Request.
  Time since last request: 0.000085 seconds.
  path: Packages/com.unity.services.core/Runtime/Device/UserIdProviders/UnityAdsIdentifier.cs
  artifactKey: Guid(5845494cae7434f98a56718a3f9eb802) Importer(2089858483,b0f066a214c2f5e87bad3c948f4d605d)
Start importing Packages/com.unity.services.core/Runtime/Device/UserIdProviders/UnityAdsIdentifier.cs using Guid(5845494cae7434f98a56718a3f9eb802) Importer(2089858483,b0f066a214c2f5e87bad3c948f4d605d) (ScriptedImporter) -> (artifact id: '4bd0c3880ba1f6f2360b5817f661fde7') in 0.0122454 seconds
Number of updated asset objects reloaded before import = 0Number of asset objects unloaded after import = 0

========================================================================
Received Import Request.
  Time since last request: 0.000107 seconds.
  path: Packages/com.unity.services.core/Editor/Core/Shared/Infrastructure
  artifactKey: Guid(a8e64265b126d4a479f3d0f27c7338c2) Importer(2089858483,b0f066a214c2f5e87bad3c948f4d605d)
Start importing Packages/com.unity.services.core/Editor/Core/Shared/Infrastructure using Guid(a8e64265b126d4a479f3d0f27c7338c2) Importer(2089858483,b0f066a214c2f5e87bad3c948f4d605d) (ScriptedImporter) -> (artifact id: '819dc8da76bc0bd0afab35adb1e10de8') in 0.0122385 seconds
Number of updated asset objects reloaded before import = 0Number of asset objects unloaded after import = 1

========================================================================
Received Import Request.
  Time since last request: 0.000048 seconds.
  path: Packages/com.unity.microsoft.gdk/Runtime/XBL/MultiplayerActivity/XblMultiplayerActivityEncounterType.cs
  artifactKey: Guid(8d4ea7cf5627d934292b305ad5f0a15f) Importer(2089858483,b0f066a214c2f5e87bad3c948f4d605d)
Start importing Packages/com.unity.microsoft.gdk/Runtime/XBL/MultiplayerActivity/XblMultiplayerActivityEncounterType.cs using Guid(8d4ea7cf5627d934292b305ad5f0a15f) Importer(2089858483,b0f066a214c2f5e87bad3c948f4d605d) (ScriptedImporter) -> (artifact id: 'c404a1e3f6a2997b6e81c07467c073ba') in 0.0106039 seconds
Number of updated asset objects reloaded before import = 0Number of asset objects unloaded after import = 0

========================================================================
Received Import Request.
  Time since last request: 0.000040 seconds.
  path: Packages/com.unity.microsoft.gdk/Runtime/Interop/XBL/Achievements/XblAchievementsResultHandle.cs
  artifactKey: Guid(406a1210bf4c4e1da7da3fe2ac5b7236) Importer(2089858483,b0f066a214c2f5e87bad3c948f4d605d)
Start importing Packages/com.unity.microsoft.gdk/Runtime/Interop/XBL/Achievements/XblAchievementsResultHandle.cs using Guid(406a1210bf4c4e1da7da3fe2ac5b7236) Importer(2089858483,b0f066a214c2f5e87bad3c948f4d605d) (ScriptedImporter) -> (artifact id: 'c97cbf64e3cac55f6af83e0877b1e831') in 0.0110875 seconds
Number of updated asset objects reloaded before import = 0Number of asset objects unloaded after import = 0

========================================================================
Received Import Request.
  Time since last request: 0.000055 seconds.
  path: Packages/com.unity.microsoft.gdk/Runtime/Interop/__GENERATED/XBL/UserStatistics
  artifactKey: Guid(bc9fe774adc54f3084fe67c0b604db2d) Importer(2089858483,b0f066a214c2f5e87bad3c948f4d605d)
Start importing Packages/com.unity.microsoft.gdk/Runtime/Interop/__GENERATED/XBL/UserStatistics using Guid(bc9fe774adc54f3084fe67c0b604db2d) Importer(2089858483,b0f066a214c2f5e87bad3c948f4d605d) (ScriptedImporter) -> (artifact id: '1cf1171af10b1d77c18004ca469544e0') in 0.0108482 seconds
Number of updated asset objects reloaded before import = 0Number of asset objects unloaded after import = 1

========================================================================
Received Import Request.
  Time since last request: 0.000044 seconds.
  path: Packages/com.unity.microsoft.gdk/Runtime/Interop/XBL/Multiplayer/XblMultiplayerSessionMemberRole.cs
  artifactKey: Guid(e3108411a7fb05b4bbb722fd84bb6216) Importer(2089858483,b0f066a214c2f5e87bad3c948f4d605d)
Start importing Packages/com.unity.microsoft.gdk/Runtime/Interop/XBL/Multiplayer/XblMultiplayerSessionMemberRole.cs using Guid(e3108411a7fb05b4bbb722fd84bb6216) Importer(2089858483,b0f066a214c2f5e87bad3c948f4d605d) (ScriptedImporter) -> (artifact id: 'ca83563fada474e7df1decd2c3a6de57') in 0.0108372 seconds
Number of updated asset objects reloaded before import = 0Number of asset objects unloaded after import = 0

========================================================================
Received Import Request.
  Time since last request: 0.000054 seconds.
  path: Packages/com.unity.purchasing/Runtime/Purchasing/Core/Product/Interfaces/Callbacks
  artifactKey: Guid(5fa24f7555fade946856038aa8d1b58d) Importer(2089858483,b0f066a214c2f5e87bad3c948f4d605d)
Start importing Packages/com.unity.purchasing/Runtime/Purchasing/Core/Product/Interfaces/Callbacks using Guid(5fa24f7555fade946856038aa8d1b58d) Importer(2089858483,b0f066a214c2f5e87bad3c948f4d605d) (ScriptedImporter) -> (artifact id: '584f37f9e78835bdf71ff0aa730c1fc0') in 0.0108811 seconds
Number of updated asset objects reloaded before import = 0Number of asset objects unloaded after import = 1

========================================================================
Received Import Request.
  Time since last request: 0.000064 seconds.
  path: Packages/com.unity.purchasing/Editor/Shared/AssemblyInfo.cs
  artifactKey: Guid(47064803000542418ec1d783319ce84f) Importer(2089858483,b0f066a214c2f5e87bad3c948f4d605d)
Start importing Packages/com.unity.purchasing/Editor/Shared/AssemblyInfo.cs using Guid(47064803000542418ec1d783319ce84f) Importer(2089858483,b0f066a214c2f5e87bad3c948f4d605d) (ScriptedImporter) -> (artifact id: '2bd38b5378ffeae78ba6f8f8ab1fa6cc') in 0.0116479 seconds
Number of updated asset objects reloaded before import = 0Number of asset objects unloaded after import = 0

========================================================================
Received Import Request.
  Time since last request: 0.000060 seconds.
  path: Packages/com.unity.purchasing/Runtime/Purchasing/Core/Product/Models/ProductFetchFailureReason.cs
  artifactKey: Guid(2294e432368960c4aa143d6642473076) Importer(2089858483,b0f066a214c2f5e87bad3c948f4d605d)
Start importing Packages/com.unity.purchasing/Runtime/Purchasing/Core/Product/Models/ProductFetchFailureReason.cs using Guid(2294e432368960c4aa143d6642473076) Importer(2089858483,b0f066a214c2f5e87bad3c948f4d605d) (ScriptedImporter) -> (artifact id: '507514fa0a5c15e5eeb47de07cbb18b0') in 0.0103658 seconds
Number of updated asset objects reloaded before import = 0Number of asset objects unloaded after import = 0

========================================================================
Received Import Request.
  Time since last request: 0.000027 seconds.
  path: Packages/com.unity.purchasing/Runtime/Purchasing/Legacy/Configurations/Interfaces/IGooglePlayConfiguration.cs
  artifactKey: Guid(76e094383f964404ae4a5cb7dc0e8675) Importer(2089858483,b0f066a214c2f5e87bad3c948f4d605d)
Start importing Packages/com.unity.purchasing/Runtime/Purchasing/Legacy/Configurations/Interfaces/IGooglePlayConfiguration.cs using Guid(76e094383f964404ae4a5cb7dc0e8675) Importer(2089858483,b0f066a214c2f5e87bad3c948f4d605d) (ScriptedImporter) -> (artifact id: '8ac8f2d7dfb2ed3a7d01a04dc557afe8') in 0.0113679 seconds
Number of updated asset objects reloaded before import = 0Number of asset objects unloaded after import = 0

========================================================================
Received Import Request.
  Time since last request: 0.000081 seconds.
  path: Packages/com.unity.purchasing/Runtime/Purchasing/Extension/CatalogListings/CatalogListingResult.cs
  artifactKey: Guid(0830fd37c402d4515b233fb052d925a7) Importer(2089858483,b0f066a214c2f5e87bad3c948f4d605d)
Start importing Packages/com.unity.purchasing/Runtime/Purchasing/Extension/CatalogListings/CatalogListingResult.cs using Guid(0830fd37c402d4515b233fb052d925a7) Importer(2089858483,b0f066a214c2f5e87bad3c948f4d605d) (ScriptedImporter) -> (artifact id: 'f2206efe92b96d087c3b94862a5e04dd') in 0.0106389 seconds
Number of updated asset objects reloaded before import = 0Number of asset objects unloaded after import = 0

========================================================================
Received Import Request.
  Time since last request: 0.000047 seconds.
  path: Packages/com.unity.services.core/Runtime/Core.Internal/Components/Telemetry
  artifactKey: Guid(cdc4ee70299e74aba975054ebe4d3432) Importer(2089858483,b0f066a214c2f5e87bad3c948f4d605d)
Start importing Packages/com.unity.services.core/Runtime/Core.Internal/Components/Telemetry using Guid(cdc4ee70299e74aba975054ebe4d3432) Importer(2089858483,b0f066a214c2f5e87bad3c948f4d605d) (ScriptedImporter) -> (artifact id: 'e194de46aed420f77dfca0b1b7408db6') in 0.012007 seconds
Number of updated asset objects reloaded before import = 0Number of asset objects unloaded after import = 1

========================================================================
Received Import Request.
  Time since last request: 0.000051 seconds.
  path: Packages/com.unity.services.core/Editor/Core/Environments/EnvironmentsApi.cs
  artifactKey: Guid(0fda2e89476d45ee88061de782415ae8) Importer(2089858483,b0f066a214c2f5e87bad3c948f4d605d)
Start importing Packages/com.unity.services.core/Editor/Core/Environments/EnvironmentsApi.cs using Guid(0fda2e89476d45ee88061de782415ae8) Importer(2089858483,b0f066a214c2f5e87bad3c948f4d605d) (ScriptedImporter) -> (artifact id: '29691d344f6b96659680710a5ea1047c') in 0.0098945 seconds
Number of updated asset objects reloaded before import = 0Number of asset objects unloaded after import = 0

========================================================================
Received Import Request.
  Time since last request: 0.000075 seconds.
  path: Packages/com.unity.purchasing/Runtime/UnityPaymentProviders/Client/ErrorMitigation/RetryPolicy.cs
  artifactKey: Guid(ca3c3cc1140544f589eded91a61516ad) Importer(2089858483,b0f066a214c2f5e87bad3c948f4d605d)
Start importing Packages/com.unity.purchasing/Runtime/UnityPaymentProviders/Client/ErrorMitigation/RetryPolicy.cs using Guid(ca3c3cc1140544f589eded91a61516ad) Importer(2089858483,b0f066a214c2f5e87bad3c948f4d605d) (ScriptedImporter) -> (artifact id: '92212fb7b0f8e59a92059c34dae79238') in 0.0123269 seconds
Number of updated asset objects reloaded before import = 0Number of asset objects unloaded after import = 0

========================================================================
Received Import Request.
  Time since last request: 0.000023 seconds.
  path: Packages/com.unity.purchasing/Runtime/Purchasing/Core/Purchasing/Interfaces/IPurchaseServiceFactoryManager.cs
  artifactKey: Guid(ce3a9ebf837e1034c9ab84e24ca23820) Importer(2089858483,b0f066a214c2f5e87bad3c948f4d605d)
Start importing Packages/com.unity.purchasing/Runtime/Purchasing/Core/Purchasing/Interfaces/IPurchaseServiceFactoryManager.cs using Guid(ce3a9ebf837e1034c9ab84e24ca23820) Importer(2089858483,b0f066a214c2f5e87bad3c948f4d605d) (ScriptedImporter) -> (artifact id: '80861f4cef7fe76a75df600cf3326df7') in 0.0131496 seconds
Number of updated asset objects reloaded before import = 0Number of asset objects unloaded after import = 0

========================================================================
Received Import Request.
  Time since last request: 0.000032 seconds.
  path: Packages/com.unity.purchasing/Editor/ServiceProjectSettings/UI/Views/AISkillsSettingsBlock.cs
  artifactKey: Guid(cb2f41a09a4d1274c8c0e830eba45357) Importer(2089858483,b0f066a214c2f5e87bad3c948f4d605d)
Start importing Packages/com.unity.purchasing/Editor/ServiceProjectSettings/UI/Views/AISkillsSettingsBlock.cs using Guid(cb2f41a09a4d1274c8c0e830eba45357) Importer(2089858483,b0f066a214c2f5e87bad3c948f4d605d) (ScriptedImporter) -> (artifact id: '9a75707bcb920861b159a30565bc841f') in 0.0125941 seconds
Number of updated asset objects reloaded before import = 0Number of asset objects unloaded after import = 0

========================================================================
Received Import Request.
  Time since last request: 0.000085 seconds.
  path: Packages/com.unity.services.deployment/Editor/Commands/AggregateCommand.cs
  artifactKey: Guid(641e8d7955f84d3a9ff44700005b0322) Importer(2089858483,b0f066a214c2f5e87bad3c948f4d605d)
Start importing Packages/com.unity.services.deployment/Editor/Commands/AggregateCommand.cs using Guid(641e8d7955f84d3a9ff44700005b0322) Importer(2089858483,b0f066a214c2f5e87bad3c948f4d605d) (ScriptedImporter) -> (artifact id: '35687eaf7cac04eaeaea71c955abe2ac') in 0.011565 seconds
Number of updated asset objects reloaded before import = 0Number of asset objects unloaded after import = 0

========================================================================
Received Import Request.
  Time since last request: 0.000062 seconds.
  path: Packages/com.unity.purchasing/Runtime/Purchasing/Telemetry/Diagnostics/TelemetryDiagnosticsInstanceWrapper.cs
  artifactKey: Guid(781dae170fdb496ca6d777c6708c5a49) Importer(2089858483,b0f066a214c2f5e87bad3c948f4d605d)
Start importing Packages/com.unity.purchasing/Runtime/Purchasing/Telemetry/Diagnostics/TelemetryDiagnosticsInstanceWrapper.cs using Guid(781dae170fdb496ca6d777c6708c5a49) Importer(2089858483,b0f066a214c2f5e87bad3c948f4d605d) (ScriptedImporter) -> (artifact id: '58adf0061cb2e814eff215984e72061e') in 0.0126468 seconds
Number of updated asset objects reloaded before import = 0Number of asset objects unloaded after import = 0

========================================================================
Received Import Request.
  Time since last request: 0.000020 seconds.
  path: Packages/com.unity.services.deployment/Core/Glob/Glob.Statics.Gen.cs
  artifactKey: Guid(bc13f67cd92a64d7a9e52f61151fe5f7) Importer(2089858483,b0f066a214c2f5e87bad3c948f4d605d)
Start importing Packages/com.unity.services.deployment/Core/Glob/Glob.Statics.Gen.cs using Guid(bc13f67cd92a64d7a9e52f61151fe5f7) Importer(2089858483,b0f066a214c2f5e87bad3c948f4d605d) (ScriptedImporter) -> (artifact id: 'e1ea6b70e685820dbb06f67ad82f0cf9') in 0.0113184 seconds
Number of updated asset objects reloaded before import = 0Number of asset objects unloaded after import = 0

========================================================================
Received Import Request.
  Time since last request: 0.000037 seconds.
  path: Packages/com.unity.purchasing/Runtime/Stores/Android/GooglePlay/AAR/Utils/GoogleProductDetailsReader.cs
  artifactKey: Guid(504c959cd27244ebd94699afc085ffeb) Importer(2089858483,b0f066a214c2f5e87bad3c948f4d605d)
Start importing Packages/com.unity.purchasing/Runtime/Stores/Android/GooglePlay/AAR/Utils/GoogleProductDetailsReader.cs using Guid(504c959cd27244ebd94699afc085ffeb) Importer(2089858483,b0f066a214c2f5e87bad3c948f4d605d) (ScriptedImporter) -> (artifact id: 'bf460007328190abe95d15e645055f70') in 0.0121478 seconds
Number of updated asset objects reloaded before import = 0Number of asset objects unloaded after import = 0

========================================================================
Received Import Request.
  Time since last request: 0.000076 seconds.
  path: Packages/com.unity.ai.navigation/Editor/NavigationOverlay.cs
  artifactKey: Guid(c660403886dc4a449f55327665b10bbb) Importer(2089858483,b0f066a214c2f5e87bad3c948f4d605d)
Start importing Packages/com.unity.ai.navigation/Editor/NavigationOverlay.cs using Guid(c660403886dc4a449f55327665b10bbb) Importer(2089858483,b0f066a214c2f5e87bad3c948f4d605d) (ScriptedImporter) -> (artifact id: '8602e8b48c95117d5687dbc1d017a21c') in 0.0108766 seconds
Number of updated asset objects reloaded before import = 0Number of asset objects unloaded after import = 0

========================================================================
Received Import Request.
  Time since last request: 0.000050 seconds.
  path: Packages/com.unity.services.deployment/Editor/Interface/UI/Inspector/DeploymentItemInspectorHeader.cs
  artifactKey: Guid(969f99585a004e2e9c5f53aa4ab1545d) Importer(2089858483,b0f066a214c2f5e87bad3c948f4d605d)
Start importing Packages/com.unity.services.deployment/Editor/Interface/UI/Inspector/DeploymentItemInspectorHeader.cs using Guid(969f99585a004e2e9c5f53aa4ab1545d) Importer(2089858483,b0f066a214c2f5e87bad3c948f4d605d) (ScriptedImporter) -> (artifact id: '89e52e7174bd94af436d629e946e8903') in 0.0107318 seconds
Number of updated asset objects reloaded before import = 0Number of asset objects unloaded after import = 0

========================================================================
Received Import Request.
  Time since last request: 0.000100 seconds.
  path: Packages/com.unity.services.core/Runtime/Core.Internal/Components/Wire/SubscriptionState.cs
  artifactKey: Guid(4dc74701c67cd41a18b37fe1a4e42b71) Importer(2089858483,b0f066a214c2f5e87bad3c948f4d605d)
Start importing Packages/com.unity.services.core/Runtime/Core.Internal/Components/Wire/SubscriptionState.cs using Guid(4dc74701c67cd41a18b37fe1a4e42b71) Importer(2089858483,b0f066a214c2f5e87bad3c948f4d605d) (ScriptedImporter) -> (artifact id: 'aaf94a979c0c67a545e9286a3f4de248') in 0.0094559 seconds
Number of updated asset objects reloaded before import = 0Number of asset objects unloaded after import = 0

========================================================================
Received Import Request.
  Time since last request: 0.000020 seconds.
  path: Packages/com.unity.purchasing/Runtime/UnityPaymentProviders/Client/Http/IDeserializable.cs
  artifactKey: Guid(09f20f5e7c1f3407f889c13d90d48778) Importer(2089858483,b0f066a214c2f5e87bad3c948f4d605d)
Start importing Packages/com.unity.purchasing/Runtime/UnityPaymentProviders/Client/Http/IDeserializable.cs using Guid(09f20f5e7c1f3407f889c13d90d48778) Importer(2089858483,b0f066a214c2f5e87bad3c948f4d605d) (ScriptedImporter) -> (artifact id: '6fdb34748da701dee03902ff6ec9c411') in 0.0095968 seconds
Number of updated asset objects reloaded before import = 0Number of asset objects unloaded after import = 0

========================================================================
Received Import Request.
  Time since last request: 0.000052 seconds.
  path: Packages/com.unity.purchasing/Runtime/Stores/Android/GooglePlay/Services/GooglePlayStorePurchaseService.cs
  artifactKey: Guid(95be7fd2e0ac0491880d9acaaaf24c30) Importer(2089858483,b0f066a214c2f5e87bad3c948f4d605d)
Start importing Packages/com.unity.purchasing/Runtime/Stores/Android/GooglePlay/Services/GooglePlayStorePurchaseService.cs using Guid(95be7fd2e0ac0491880d9acaaaf24c30) Importer(2089858483,b0f066a214c2f5e87bad3c948f4d605d) (ScriptedImporter) -> (artifact id: 'f6d84bf8670159b9bfbf8de290a2b24b') in 0.0201186 seconds
Number of updated asset objects reloaded before import = 0Number of asset objects unloaded after import = 0

========================================================================
Received Import Request.
  Time since last request: 0.000064 seconds.
  path: Packages/com.unity.services.core/Editor/Core/EditorGameService/IServiceUrlBuilder.cs
  artifactKey: Guid(a0a5dd7415f94942b8b406641198323f) Importer(2089858483,b0f066a214c2f5e87bad3c948f4d605d)
Start importing Packages/com.unity.services.core/Editor/Core/EditorGameService/IServiceUrlBuilder.cs using Guid(a0a5dd7415f94942b8b406641198323f) Importer(2089858483,b0f066a214c2f5e87bad3c948f4d605d) (ScriptedImporter) -> (artifact id: '506e78d5a6bbc71131659613f4bf9fa1') in 0.0117481 seconds
Number of updated asset objects reloaded before import = 0Number of asset objects unloaded after import = 0

========================================================================
Received Import Request.
  Time since last request: 0.000097 seconds.
  path: Packages/com.unity.microsoft.gdk/Runtime/XBL/AchievementsManager/XblAchievementsManagerResultHandle.cs
  artifactKey: Guid(83fc3e5a421f2dc4fb44df3d476428c9) Importer(2089858483,b0f066a214c2f5e87bad3c948f4d605d)
Start importing Packages/com.unity.microsoft.gdk/Runtime/XBL/AchievementsManager/XblAchievementsManagerResultHandle.cs using Guid(83fc3e5a421f2dc4fb44df3d476428c9) Importer(2089858483,b0f066a214c2f5e87bad3c948f4d605d) (ScriptedImporter) -> (artifact id: '67197f723aecd47defab933589d68dd3') in 0.0114595 seconds
Number of updated asset objects reloaded before import = 0Number of asset objects unloaded after import = 0

========================================================================
Received Import Request.
  Time since last request: 0.000034 seconds.
  path: Packages/com.unity.purchasing/Runtime/Purchasing/PaymentOption/Resources/com.unity.purchasing/Brands/CodaWhite.png
  artifactKey: Guid(ce4e6db66902e604f950e816a61def86) Importer(2089858483,b0f066a214c2f5e87bad3c948f4d605d)
Start importing Packages/com.unity.purchasing/Runtime/Purchasing/PaymentOption/Resources/com.unity.purchasing/Brands/CodaWhite.png using Guid(ce4e6db66902e604f950e816a61def86) Importer(2089858483,b0f066a214c2f5e87bad3c948f4d605d) (ScriptedImporter) -> (artifact id: '4bbfd35a32d42879e318c5239c16424d') in 0.0177042 seconds
Number of updated asset objects reloaded before import = 0Number of asset objects unloaded after import = 6

========================================================================
Received Import Request.
  Time since last request: 0.000019 seconds.
  path: Packages/com.unity.purchasing/Runtime/Purchasing/Core/Purchasing/Models
  artifactKey: Guid(2851c13b4a72edb48bf5b6e1aca593e1) Importer(2089858483,b0f066a214c2f5e87bad3c948f4d605d)
Start importing Packages/com.unity.purchasing/Runtime/Purchasing/Core/Purchasing/Models using Guid(2851c13b4a72edb48bf5b6e1aca593e1) Importer(2089858483,b0f066a214c2f5e87bad3c948f4d605d) (ScriptedImporter) -> (artifact id: '02b582b844b3ce39663d5197bd35f0d1') in 0.0117472 seconds
Number of updated asset objects reloaded before import = 0Number of asset objects unloaded after import = 1

========================================================================
Received Import Request.
  Time since last request: 0.000017 seconds.
  path: Packages/com.unity.microsoft.gdk/Runtime/XBL/MultiplayerManager/XblMultiplayerSessionMemberStatus.cs
  artifactKey: Guid(6168567d71b2d244bb4f5134fbda8d1b) Importer(2089858483,b0f066a214c2f5e87bad3c948f4d605d)
Start importing Packages/com.unity.microsoft.gdk/Runtime/XBL/MultiplayerManager/XblMultiplayerSessionMemberStatus.cs using Guid(6168567d71b2d244bb4f5134fbda8d1b) Importer(2089858483,b0f066a214c2f5e87bad3c948f4d605d) (ScriptedImporter) -> (artifact id: '22ee7bfdb0e827047fabe6c2a37f2cbc') in 0.0105799 seconds
Number of updated asset objects reloaded before import = 0Number of asset objects unloaded after import = 0

========================================================================
Received Import Request.
  Time since last request: 0.000039 seconds.
  path: Packages/com.unity.purchasing/Editor/Shared/Assets/AssetPostprocessorProxy.Gen.cs
  artifactKey: Guid(812e8eda57db474683efb2ab140125c8) Importer(2089858483,b0f066a214c2f5e87bad3c948f4d605d)
Start importing Packages/com.unity.purchasing/Editor/Shared/Assets/AssetPostprocessorProxy.Gen.cs using Guid(812e8eda57db474683efb2ab140125c8) Importer(2089858483,b0f066a214c2f5e87bad3c948f4d605d) (ScriptedImporter) -> (artifact id: 'd67441dc1222cb1760a3a61258c55ff2') in 0.0112792 seconds
Number of updated asset objects reloaded before import = 0Number of asset objects unloaded after import = 0

========================================================================
Received Import Request.
  Time since last request: 0.000082 seconds.
  path: Packages/com.unity.purchasing/Runtime/UnityPaymentProviders/Client/Http/DeserializationException.cs
  artifactKey: Guid(9de54ebd7a1d041c7aa55ba6762f1baf) Importer(2089858483,b0f066a214c2f5e87bad3c948f4d605d)
Start importing Packages/com.unity.purchasing/Runtime/UnityPaymentProviders/Client/Http/DeserializationException.cs using Guid(9de54ebd7a1d041c7aa55ba6762f1baf) Importer(2089858483,b0f066a214c2f5e87bad3c948f4d605d) (ScriptedImporter) -> (artifact id: '0f98c6d95434cffd42c8af52e32f10ba') in 0.0110148 seconds
Number of updated asset objects reloaded before import = 0Number of asset objects unloaded after import = 0

========================================================================
Received Import Request.
  Time since last request: 0.000017 seconds.
  path: Packages/com.unity.purchasing/Runtime/Purchasing/Extension/IStoreOverrideReverseLookupService.cs
  artifactKey: Guid(7d6b1a85f1a14e2e9c0a8c1b5b9c6d11) Importer(2089858483,b0f066a214c2f5e87bad3c948f4d605d)
Start importing Packages/com.unity.purchasing/Runtime/Purchasing/Extension/IStoreOverrideReverseLookupService.cs using Guid(7d6b1a85f1a14e2e9c0a8c1b5b9c6d11) Importer(2089858483,b0f066a214c2f5e87bad3c948f4d605d) (ScriptedImporter) -> (artifact id: 'c1c0973a5418f2362178de2dc7e95444') in 0.0102895 seconds
Number of updated asset objects reloaded before import = 0Number of asset objects unloaded after import = 0

========================================================================
Received Import Request.
  Time since last request: 0.000075 seconds.
  path: Packages/com.unity.purchasing/Runtime/Purchasing/Core/Purchasing/Android/GooglePlay/Extensions/Interfaces/IGooglePlayStoreExtendedPurchaseService.cs
  artifactKey: Guid(73089c47dfc74d48a51b8e8c358eef45) Importer(2089858483,b0f066a214c2f5e87bad3c948f4d605d)
Start importing Packages/com.unity.purchasing/Runtime/Purchasing/Core/Purchasing/Android/GooglePlay/Extensions/Interfaces/IGooglePlayStoreExtendedPurchaseService.cs using Guid(73089c47dfc74d48a51b8e8c358eef45) Importer(2089858483,b0f066a214c2f5e87bad3c948f4d605d) (ScriptedImporter) -> (artifact id: '027731afbcda10b02b2651298e837945') in 0.0105852 seconds
Number of updated asset objects reloaded before import = 0Number of asset objects unloaded after import = 0

========================================================================
Received Import Request.
  Time since last request: 0.000063 seconds.
  path: Packages/com.unity.purchasing/Runtime/Purchasing/Core/Purchasing/CartValidation/DistinctProductsCartValidator.cs
  artifactKey: Guid(69586e6eeaf3473684c319134c545460) Importer(2089858483,b0f066a214c2f5e87bad3c948f4d605d)
Start importing Packages/com.unity.purchasing/Runtime/Purchasing/Core/Purchasing/CartValidation/DistinctProductsCartValidator.cs using Guid(69586e6eeaf3473684c319134c545460) Importer(2089858483,b0f066a214c2f5e87bad3c948f4d605d) (ScriptedImporter) -> (artifact id: '40b55a361cc9f3ff7f803dcae11c36e5') in 0.0100601 seconds
Number of updated asset objects reloaded before import = 0Number of asset objects unloaded after import = 0

========================================================================
Received Import Request.
  Time since last request: 0.000056 seconds.
  path: Packages/com.unity.purchasing/Runtime/Purchasing/Core/Purchasing/Interfaces/UseCases/ICheckEntitlementUseCase.cs
  artifactKey: Guid(39650d43d2741294d97a613396433e85) Importer(2089858483,b0f066a214c2f5e87bad3c948f4d605d)
Start importing Packages/com.unity.purchasing/Runtime/Purchasing/Core/Purchasing/Interfaces/UseCases/ICheckEntitlementUseCase.cs using Guid(39650d43d2741294d97a613396433e85) Importer(2089858483,b0f066a214c2f5e87bad3c948f4d605d) (ScriptedImporter) -> (artifact id: '9ddb90a7e1970ddd1c3a98ef2dc9385f') in 0.0127221 seconds
Number of updated asset objects reloaded before import = 0Number of asset objects unloaded after import = 0

========================================================================
Received Import Request.
  Time since last request: 0.000106 seconds.
  path: Packages/com.unity.purchasing/Runtime/Purchasing/Stores/Android/GooglePlay/Exceptions/GoogleFetchProductException.cs
  artifactKey: Guid(a3d5aa64a1ed4c44b6aa40e165eb09b2) Importer(2089858483,b0f066a214c2f5e87bad3c948f4d605d)
Start importing Packages/com.unity.purchasing/Runtime/Purchasing/Stores/Android/GooglePlay/Exceptions/GoogleFetchProductException.cs using Guid(a3d5aa64a1ed4c44b6aa40e165eb09b2) Importer(2089858483,b0f066a214c2f5e87bad3c948f4d605d) (ScriptedImporter) -> (artifact id: 'cdca846fb21549c94912a5db68b06b41') in 0.0109157 seconds
Number of updated asset objects reloaded before import = 0Number of asset objects unloaded after import = 0

========================================================================
Received Import Request.
  Time since last request: 0.000078 seconds.
  path: Packages/com.unity.purchasing/Runtime/Purchasing/Core/Store/Interfaces/IStoreServiceFactory.cs
  artifactKey: Guid(85fb65e7f1e21504490f23f0bab0b23d) Importer(2089858483,b0f066a214c2f5e87bad3c948f4d605d)
Start importing Packages/com.unity.purchasing/Runtime/Purchasing/Core/Store/Interfaces/IStoreServiceFactory.cs using Guid(85fb65e7f1e21504490f23f0bab0b23d) Importer(2089858483,b0f066a214c2f5e87bad3c948f4d605d) (ScriptedImporter) -> (artifact id: '8b3b30bfbdbfae4a6b027f552809f036') in 0.0095314 seconds
Number of updated asset objects reloaded before import = 0Number of asset objects unloaded after import = 0

========================================================================
Received Import Request.
  Time since last request: 0.000038 seconds.
  path: Packages/com.unity.services.core/Editor/Core/Linker/Models/XmlLinkedProperty.cs
  artifactKey: Guid(62cb2395d95d4c3b918e83fc770dadb5) Importer(2089858483,b0f066a214c2f5e87bad3c948f4d605d)
Start importing Packages/com.unity.services.core/Editor/Core/Linker/Models/XmlLinkedProperty.cs using Guid(62cb2395d95d4c3b918e83fc770dadb5) Importer(2089858483,b0f066a214c2f5e87bad3c948f4d605d) (ScriptedImporter) -> (artifact id: '00390d39a3645085ff8f9c2409d422b6') in 0.0118011 seconds
Number of updated asset objects reloaded before import = 0Number of asset objects unloaded after import = 0

========================================================================
Received Import Request.
  Time since last request: 0.000080 seconds.
  path: Packages/com.unity.services.deployment/Core/Glob/PathTraverser.Gen.cs
  artifactKey: Guid(21a9fc39fc98d44d8884f9b277b1ab99) Importer(2089858483,b0f066a214c2f5e87bad3c948f4d605d)
Start importing Packages/com.unity.services.deployment/Core/Glob/PathTraverser.Gen.cs using Guid(21a9fc39fc98d44d8884f9b277b1ab99) Importer(2089858483,b0f066a214c2f5e87bad3c948f4d605d) (ScriptedImporter) -> (artifact id: '53fbcab4fc75e5270e05613cee6b7f78') in 0.0092456 seconds
Number of updated asset objects reloaded before import = 0Number of asset objects unloaded after import = 0

========================================================================
Received Import Request.
  Time since last request: 0.000088 seconds.
  path: Packages/com.unity.services.analytics/Runtime/AnalyticsService.cs
  artifactKey: Guid(93b11a885e8f43b5846c59ec13cbb2b7) Importer(2089858483,b0f066a214c2f5e87bad3c948f4d605d)
Start importing Packages/com.unity.services.analytics/Runtime/AnalyticsService.cs using Guid(93b11a885e8f43b5846c59ec13cbb2b7) Importer(2089858483,b0f066a214c2f5e87bad3c948f4d605d) (ScriptedImporter) -> (artifact id: '45a3b38b4851386c2728c608b9075566') in 0.012903 seconds
Number of updated asset objects reloaded before import = 0Number of asset objects unloaded after import = 0

========================================================================
Received Import Request.
  Time since last request: 0.000075 seconds.
  path: Packages/com.unity.microsoft.gdk/Runtime/Interop/XBL/Multiplayer/XblMultiplayerSessionHandle.cs
  artifactKey: Guid(9ec79aa53e808a440a45ab9b8dcc9279) Importer(2089858483,b0f066a214c2f5e87bad3c948f4d605d)
Start importing Packages/com.unity.microsoft.gdk/Runtime/Interop/XBL/Multiplayer/XblMultiplayerSessionHandle.cs using Guid(9ec79aa53e808a440a45ab9b8dcc9279) Importer(2089858483,b0f066a214c2f5e87bad3c948f4d605d) (ScriptedImporter) -> (artifact id: '16c29ffe7106eb26ac3ccaef5e7d0205') in 0.0134203 seconds
Number of updated asset objects reloaded before import = 0Number of asset objects unloaded after import = 0

========================================================================
Received Import Request.
  Time since last request: 0.000023 seconds.
  path: Packages/com.unity.purchasing/Editor/Authoring/LiveContentAdminApi/Client/Model/ReleaseCompareSummary.cs
  artifactKey: Guid(a30df804f39e41d59bf0701217b5d8ea) Importer(2089858483,b0f066a214c2f5e87bad3c948f4d605d)
Start importing Packages/com.unity.purchasing/Editor/Authoring/LiveContentAdminApi/Client/Model/ReleaseCompareSummary.cs using Guid(a30df804f39e41d59bf0701217b5d8ea) Importer(2089858483,b0f066a214c2f5e87bad3c948f4d605d) (ScriptedImporter) -> (artifact id: 'e385c45a59ecbdf149ded2f8a2679a8b') in 0.0093296 seconds
Number of updated asset objects reloaded before import = 0Number of asset objects unloaded after import = 0

========================================================================
Received Import Request.
  Time since last request: 0.000069 seconds.
  path: Packages/com.unity.microsoft.gdk/Runtime/XBL/RealTimeActivity
  artifactKey: Guid(82ab41e042924c9b82d738f5fe92b361) Importer(2089858483,b0f066a214c2f5e87bad3c948f4d605d)
Start importing Packages/com.unity.microsoft.gdk/Runtime/XBL/RealTimeActivity using Guid(82ab41e042924c9b82d738f5fe92b361) Importer(2089858483,b0f066a214c2f5e87bad3c948f4d605d) (ScriptedImporter) -> (artifact id: '022814ea95e2a5f4907bb9fccd513b8b') in 0.0093079 seconds
Number of updated asset objects reloaded before import = 0Number of asset objects unloaded after import = 1

========================================================================
Received Import Request.
  Time since last request: 0.000040 seconds.
  path: Packages/com.unity.purchasing/Runtime/Purchasing/Stores/Android/AAR
  artifactKey: Guid(7230a722aeaf44487b1f638621f80e53) Importer(2089858483,b0f066a214c2f5e87bad3c948f4d605d)
Start importing Packages/com.unity.purchasing/Runtime/Purchasing/Stores/Android/AAR using Guid(7230a722aeaf44487b1f638621f80e53) Importer(2089858483,b0f066a214c2f5e87bad3c948f4d605d) (ScriptedImporter) -> (artifact id: '6cd40976597c042cf7e7d350a18c42cf') in 0.0114304 seconds
Number of updated asset objects reloaded before import = 0Number of asset objects unloaded after import = 1

========================================================================
Received Import Request.
  Time since last request: 0.000016 seconds.
  path: Packages/com.unity.services.core/Editor/Core/Environments/IEnvironmentFetcher.cs
  artifactKey: Guid(7e6dba96056b47c9897554a9e4b14884) Importer(2089858483,b0f066a214c2f5e87bad3c948f4d605d)
Start importing Packages/com.unity.services.core/Editor/Core/Environments/IEnvironmentFetcher.cs using Guid(7e6dba96056b47c9897554a9e4b14884) Importer(2089858483,b0f066a214c2f5e87bad3c948f4d605d) (ScriptedImporter) -> (artifact id: '0aecc3bbac1d699bbf0f46e24ce5ccc9') in 0.010467 seconds
Number of updated asset objects reloaded before import = 0Number of asset objects unloaded after import = 0

========================================================================
Received Import Request.
  Time since last request: 0.000069 seconds.
  path: Packages/com.unity.microsoft.gdk/Runtime/Interop/XBL/SocialManager/XblSocialManagerPresenceRecord.cs
  artifactKey: Guid(7bcce29c1ed144a687cf0eb12fd2bf1e) Importer(2089858483,b0f066a214c2f5e87bad3c948f4d605d)
Start importing Packages/com.unity.microsoft.gdk/Runtime/Interop/XBL/SocialManager/XblSocialManagerPresenceRecord.cs using Guid(7bcce29c1ed144a687cf0eb12fd2bf1e) Importer(2089858483,b0f066a214c2f5e87bad3c948f4d605d) (ScriptedImporter) -> (artifact id: '6a0473d8ce01fa4859be517694e2c8be') in 0.0120337 seconds
Number of updated asset objects reloaded before import = 0Number of asset objects unloaded after import = 0

========================================================================
Received Import Request.
  Time since last request: 0.000022 seconds.
  path: Packages/com.unity.purchasing/Editor/ServiceProjectSettings/Service/XboxSettingsLoader.cs
  artifactKey: Guid(40a614d09bb49014288796416abc5206) Importer(2089858483,b0f066a214c2f5e87bad3c948f4d605d)
Start importing Packages/com.unity.purchasing/Editor/ServiceProjectSettings/Service/XboxSettingsLoader.cs using Guid(40a614d09bb49014288796416abc5206) Importer(2089858483,b0f066a214c2f5e87bad3c948f4d605d) (ScriptedImporter) -> (artifact id: 'fabf015f1af92fed1921854908ce251c') in 0.0103867 seconds
Number of updated asset objects reloaded before import = 0Number of asset objects unloaded after import = 0

========================================================================
Received Import Request.
  Time since last request: 0.000017 seconds.
  path: Packages/com.unity.purchasing/Runtime/Purchasing/Core/Purchasing/Android/GooglePlay/Extensions/GooglePlayStoreExtendedPurchaseService.cs
  artifactKey: Guid(05fdfe4150ee49c1abd805e867d46465) Importer(2089858483,b0f066a214c2f5e87bad3c948f4d605d)
Start importing Packages/com.unity.purchasing/Runtime/Purchasing/Core/Purchasing/Android/GooglePlay/Extensions/GooglePlayStoreExtendedPurchaseService.cs using Guid(05fdfe4150ee49c1abd805e867d46465) Importer(2089858483,b0f066a214c2f5e87bad3c948f4d605d) (ScriptedImporter) -> (artifact id: 'c8e0f1db1a8ced78c4dd59810025db0e') in 0.0117189 seconds
Number of updated asset objects reloaded before import = 0Number of asset objects unloaded after import = 0

========================================================================
Received Import Request.
  Time since last request: 0.000073 seconds.
  path: Packages/com.unity.purchasing/Runtime/Stores/Android/GooglePlay/AAR/Models/ExternalBillingProgramClient.cs
  artifactKey: Guid(9659c83ab65d4b538e586e8836dafe65) Importer(2089858483,b0f066a214c2f5e87bad3c948f4d605d)
Start importing Packages/com.unity.purchasing/Runtime/Stores/Android/GooglePlay/AAR/Models/ExternalBillingProgramClient.cs using Guid(9659c83ab65d4b538e586e8836dafe65) Importer(2089858483,b0f066a214c2f5e87bad3c948f4d605d) (ScriptedImporter) -> (artifact id: '1826ab5ad77217f540f2fc5b4ea9e5e8') in 0.0128679 seconds
Number of updated asset objects reloaded before import = 0Number of asset objects unloaded after import = 0

========================================================================
Received Import Request.
  Time since last request: 0.000088 seconds.
  path: Packages/com.unity.microsoft.gdk/Runtime/XTaskQueueHandle.cs
  artifactKey: Guid(827a59051bdfd254391590f40e6138ea) Importer(2089858483,b0f066a214c2f5e87bad3c948f4d605d)
Start importing Packages/com.unity.microsoft.gdk/Runtime/XTaskQueueHandle.cs using Guid(827a59051bdfd254391590f40e6138ea) Importer(2089858483,b0f066a214c2f5e87bad3c948f4d605d) (ScriptedImporter) -> (artifact id: 'cc32b40ea3b4fde4e7ac8c869c46bea3') in 0.0116496 seconds
Number of updated asset objects reloaded before import = 0Number of asset objects unloaded after import = 0

========================================================================
Received Import Request.
  Time since last request: 0.000056 seconds.
  path: Packages/com.unity.ai.navigation/Editor/NavMeshLinkEditor.cs
  artifactKey: Guid(ece1e865d1ad84587872fe8580ab5a20) Importer(2089858483,b0f066a214c2f5e87bad3c948f4d605d)
Start importing Packages/com.unity.ai.navigation/Editor/NavMeshLinkEditor.cs using Guid(ece1e865d1ad84587872fe8580ab5a20) Importer(2089858483,b0f066a214c2f5e87bad3c948f4d605d) (ScriptedImporter) -> (artifact id: 'ad53c63a7f27a11fd72f9cd54d3a96de') in 0.0098915 seconds
Number of updated asset objects reloaded before import = 0Number of asset objects unloaded after import = 0

========================================================================
Received Import Request.
  Time since last request: 0.000019 seconds.
  path: Packages/com.unity.services.deployment/Editor/Shared/Infrastructure/Collections/MappedObservableCollection.Gen.cs
  artifactKey: Guid(24e7bab78a8de4a19b1477130eda88ba) Importer(2089858483,b0f066a214c2f5e87bad3c948f4d605d)
Start importing Packages/com.unity.services.deployment/Editor/Shared/Infrastructure/Collections/MappedObservableCollection.Gen.cs using Guid(24e7bab78a8de4a19b1477130eda88ba) Importer(2089858483,b0f066a214c2f5e87bad3c948f4d605d) (ScriptedImporter) -> (artifact id: '4ec52ffc93daee02a18014169272b473') in 0.0094109 seconds
Number of updated asset objects reloaded before import = 0Number of asset objects unloaded after import = 0

========================================================================
Received Import Request.
  Time since last request: 0.000079 seconds.
  path: Packages/com.unity.services.core/Editor/Core/Telemetry/PackageConfig.cs
  artifactKey: Guid(7d6201bd8c7c44149b361b3df0426ba2) Importer(2089858483,b0f066a214c2f5e87bad3c948f4d605d)
Start importing Packages/com.unity.services.core/Editor/Core/Telemetry/PackageConfig.cs using Guid(7d6201bd8c7c44149b361b3df0426ba2) Importer(2089858483,b0f066a214c2f5e87bad3c948f4d605d) (ScriptedImporter) -> (artifact id: 'b4e08eb2386cdfbb9ea6acf03138c8ce') in 0.009584 seconds
Number of updated asset objects reloaded before import = 0Number of asset objects unloaded after import = 0

========================================================================
Received Import Request.
  Time since last request: 0.000103 seconds.
  path: Packages/com.unity.microsoft.gdk/Runtime/XBL/SocialManager/XblSocialManagerEventType.cs
  artifactKey: Guid(3b5550a4811948e497e810b99352fffd) Importer(2089858483,b0f066a214c2f5e87bad3c948f4d605d)
Start importing Packages/com.unity.microsoft.gdk/Runtime/XBL/SocialManager/XblSocialManagerEventType.cs using Guid(3b5550a4811948e497e810b99352fffd) Importer(2089858483,b0f066a214c2f5e87bad3c948f4d605d) (ScriptedImporter) -> (artifact id: 'ba9f38153e444ad5f47c96476171a8d4') in 0.0119764 seconds
Number of updated asset objects reloaded before import = 0Number of asset objects unloaded after import = 0

========================================================================
Received Import Request.
  Time since last request: 0.000060 seconds.
  path: Packages/com.unity.analytics
  artifactKey: Guid(2faba047fb56f7721d77442bf543875d) Importer(2089858483,b0f066a214c2f5e87bad3c948f4d605d)
Start importing Packages/com.unity.analytics using Guid(2faba047fb56f7721d77442bf543875d) Importer(2089858483,b0f066a214c2f5e87bad3c948f4d605d) (ScriptedImporter) -> (artifact id: '80acc2844df027ce8cdebedfe5d87c83') in 0.0140432 seconds
Number of updated asset objects reloaded before import = 0Number of asset objects unloaded after import = 1

========================================================================
Received Import Request.
  Time since last request: 0.000042 seconds.
  path: Packages/com.unity.services.analytics/Editor/Tools/DebugPanelStylesDark.uss
  artifactKey: Guid(18d4f34ad7671a449b06df2eba77fd35) Importer(2089858483,b0f066a214c2f5e87bad3c948f4d605d)
Start importing Packages/com.unity.services.analytics/Editor/Tools/DebugPanelStylesDark.uss using Guid(18d4f34ad7671a449b06df2eba77fd35) Importer(2089858483,b0f066a214c2f5e87bad3c948f4d605d) (ScriptedImporter) -> (artifact id: '69997b5f64dc2b0ed3e84ff02e384b75') in 0.0132949 seconds
Number of updated asset objects reloaded before import = 0Number of asset objects unloaded after import = 1

========================================================================
Received Import Request.
  Time since last request: 0.000019 seconds.
  path: Packages/com.unity.purchasing/Editor/Authoring/Core/Deploy/ICatalogDeploymentHandler.cs
  artifactKey: Guid(df692fca8a5d6804c8fcbd58e45034a9) Importer(2089858483,b0f066a214c2f5e87bad3c948f4d605d)
Start importing Packages/com.unity.purchasing/Editor/Authoring/Core/Deploy/ICatalogDeploymentHandler.cs using Guid(df692fca8a5d6804c8fcbd58e45034a9) Importer(2089858483,b0f066a214c2f5e87bad3c948f4d605d) (ScriptedImporter) -> (artifact id: '1641a561f68ea489b89fde62391b33f0') in 0.0097999 seconds
Number of updated asset objects reloaded before import = 0Number of asset objects unloaded after import = 0

========================================================================
Received Import Request.
  Time since last request: 0.000090 seconds.
  path: Packages/com.unity.purchasing/Runtime/Stores/Data/Insights
  artifactKey: Guid(00a4f501e2e94116ba2b871b79143d22) Importer(2089858483,b0f066a214c2f5e87bad3c948f4d605d)
Start importing Packages/com.unity.purchasing/Runtime/Stores/Data/Insights using Guid(00a4f501e2e94116ba2b871b79143d22) Importer(2089858483,b0f066a214c2f5e87bad3c948f4d605d) (ScriptedImporter) -> (artifact id: 'b846eea82c41fea9d8b24399a09a4702') in 0.0096415 seconds
Number of updated asset objects reloaded before import = 0Number of asset objects unloaded after import = 1

========================================================================
Received Import Request.
  Time since last request: 0.000029 seconds.
  path: Packages/com.unity.services.deployment/Editor/Interface/UI/Serialization/ISerializableComponent.cs
  artifactKey: Guid(1b95ffe5d3d04e2c85f4b9be0b97f63e) Importer(2089858483,b0f066a214c2f5e87bad3c948f4d605d)
Start importing Packages/com.unity.services.deployment/Editor/Interface/UI/Serialization/ISerializableComponent.cs using Guid(1b95ffe5d3d04e2c85f4b9be0b97f63e) Importer(2089858483,b0f066a214c2f5e87bad3c948f4d605d) (ScriptedImporter) -> (artifact id: '41463dac3a6462655d25266cc6b99de8') in 0.0142406 seconds
Number of updated asset objects reloaded before import = 0Number of asset objects unloaded after import = 0

========================================================================
Received Import Request.
  Time since last request: 0.000063 seconds.
  path: Packages/com.unity.purchasing/Runtime/Stores/BaseStore/Interfaces
  artifactKey: Guid(732fc4215e524d34b78f9f9d42727546) Importer(2089858483,b0f066a214c2f5e87bad3c948f4d605d)
Start importing Packages/com.unity.purchasing/Runtime/Stores/BaseStore/Interfaces using Guid(732fc4215e524d34b78f9f9d42727546) Importer(2089858483,b0f066a214c2f5e87bad3c948f4d605d) (ScriptedImporter) -> (artifact id: 'ada365ef5b1ae56e92f2edc6daba0551') in 0.0122917 seconds
Number of updated asset objects reloaded before import = 0Number of asset objects unloaded after import = 1

========================================================================
Received Import Request.
  Time since last request: 0.000036 seconds.
  path: Packages/com.unity.microsoft.gdk/Runtime/Interop/XDisplayInterop.cs
  artifactKey: Guid(1dc99035418d0af4c8ece2578d2c86b8) Importer(2089858483,b0f066a214c2f5e87bad3c948f4d605d)
Start importing Packages/com.unity.microsoft.gdk/Runtime/Interop/XDisplayInterop.cs using Guid(1dc99035418d0af4c8ece2578d2c86b8) Importer(2089858483,b0f066a214c2f5e87bad3c948f4d605d) (ScriptedImporter) -> (artifact id: '32a9a32d95cd63bc22777057763690f7') in 0.0111105 seconds
Number of updated asset objects reloaded before import = 0Number of asset objects unloaded after import = 0

========================================================================
Received Import Request.
  Time since last request: 0.000102 seconds.
  path: Packages/com.unity.services.core/Editor/Core/Unity.Services.Core.Editor.asmdef
  artifactKey: Guid(1c66728ad60364b82bf095d383b87458) Importer(2089858483,b0f066a214c2f5e87bad3c948f4d605d)
Start importing Packages/com.unity.services.core/Editor/Core/Unity.Services.Core.Editor.asmdef using Guid(1c66728ad60364b82bf095d383b87458) Importer(2089858483,b0f066a214c2f5e87bad3c948f4d605d) (ScriptedImporter) -> (artifact id: 'e493064dfb40e85c12844a230a8e5ae4') in 0.0097651 seconds
Number of updated asset objects reloaded before import = 0Number of asset objects unloaded after import = 1

========================================================================
Received Import Request.
  Time since last request: 0.000027 seconds.
  path: Packages/com.unity.purchasing/Runtime/TransactionVerifier/VerificationResponse.cs
  artifactKey: Guid(7f571c0f74fb4dabbfd7407b35f3b214) Importer(2089858483,b0f066a214c2f5e87bad3c948f4d605d)
Start importing Packages/com.unity.purchasing/Runtime/TransactionVerifier/VerificationResponse.cs using Guid(7f571c0f74fb4dabbfd7407b35f3b214) Importer(2089858483,b0f066a214c2f5e87bad3c948f4d605d) (ScriptedImporter) -> (artifact id: '8f24b66522a3deca9c015716901287ee') in 0.0131396 seconds
Number of updated asset objects reloaded before import = 0Number of asset objects unloaded after import = 0

========================================================================
Received Import Request.
  Time since last request: 0.000116 seconds.
  path: Packages/com.unity.services.deployment/Core/Glob/AST/Tree.Gen.cs
  artifactKey: Guid(18bff280452e642f19b7438644b7110c) Importer(2089858483,b0f066a214c2f5e87bad3c948f4d605d)
Start importing Packages/com.unity.services.deployment/Core/Glob/AST/Tree.Gen.cs using Guid(18bff280452e642f19b7438644b7110c) Importer(2089858483,b0f066a214c2f5e87bad3c948f4d605d) (ScriptedImporter) -> (artifact id: 'd5394db140ac2011564cc199cf299f29') in 0.0123368 seconds
Number of updated asset objects reloaded before import = 0Number of asset objects unloaded after import = 0

========================================================================
Received Import Request.
  Time since last request: 0.000047 seconds.
  path: Packages/com.unity.ai.navigation/Editor/NavMeshModifierEditor.cs
  artifactKey: Guid(6fa04b4743e3947eba4d7b9e5832ea69) Importer(2089858483,b0f066a214c2f5e87bad3c948f4d605d)
Start importing Packages/com.unity.ai.navigation/Editor/NavMeshModifierEditor.cs using Guid(6fa04b4743e3947eba4d7b9e5832ea69) Importer(2089858483,b0f066a214c2f5e87bad3c948f4d605d) (ScriptedImporter) -> (artifact id: '473bd85d98cd26cfb9c196ad96bcda37') in 0.0137139 seconds
Number of updated asset objects reloaded before import = 0Number of asset objects unloaded after import = 0

========================================================================
Received Import Request.
  Time since last request: 0.000043 seconds.
  path: Packages/com.unity.purchasing/Runtime/Utilities/UnityThreadUtils.cs
  artifactKey: Guid(9b676a2dd68c48b3b3f0d209db0d3895) Importer(2089858483,b0f066a214c2f5e87bad3c948f4d605d)
Start importing Packages/com.unity.purchasing/Runtime/Utilities/UnityThreadUtils.cs using Guid(9b676a2dd68c48b3b3f0d209db0d3895) Importer(2089858483,b0f066a214c2f5e87bad3c948f4d605d) (ScriptedImporter) -> (artifact id: '46c457b063f49d7129c3e73481723b02') in 0.0105808 seconds
Number of updated asset objects reloaded before import = 0Number of asset objects unloaded after import = 0

========================================================================
Received Import Request.
  Time since last request: 0.000087 seconds.
  path: Packages/com.unity.services.core/Editor/Core/Environments/Client/Http/BaseApiClient.cs
  artifactKey: Guid(f9c4f3fd3d86b491ebdbdb5671bf0843) Importer(2089858483,b0f066a214c2f5e87bad3c948f4d605d)
Start importing Packages/com.unity.services.core/Editor/Core/Environments/Client/Http/BaseApiClient.cs using Guid(f9c4f3fd3d86b491ebdbdb5671bf0843) Importer(2089858483,b0f066a214c2f5e87bad3c948f4d605d) (ScriptedImporter) -> (artifact id: 'b02f9e3db54a8096a4c6ec130cc94e25') in 0.0111927 seconds
Number of updated asset objects reloaded before import = 0Number of asset objects unloaded after import = 0

========================================================================
Received Import Request.
  Time since last request: 0.000039 seconds.
  path: Packages/com.unity.purchasing/Editor/SwitchStoreEditorWindow.cs
  artifactKey: Guid(c71b52a802bf4ecbb3979252ef749a6a) Importer(2089858483,b0f066a214c2f5e87bad3c948f4d605d)
Start importing Packages/com.unity.purchasing/Editor/SwitchStoreEditorWindow.cs using Guid(c71b52a802bf4ecbb3979252ef749a6a) Importer(2089858483,b0f066a214c2f5e87bad3c948f4d605d) (ScriptedImporter) -> (artifact id: '463c8b2d56daea1233167328542a3c4d') in 0.0104513 seconds
Number of updated asset objects reloaded before import = 0Number of asset objects unloaded after import = 0

========================================================================
Received Import Request.
  Time since last request: 0.000082 seconds.
  path: Packages/com.unity.services.core/Editor/Core/Shared/EditorUtils/ApplyRevertChangeTracker.Gen.cs
  artifactKey: Guid(0f64d807cc1f642829a405ac1e55d676) Importer(2089858483,b0f066a214c2f5e87bad3c948f4d605d)
Start importing Packages/com.unity.services.core/Editor/Core/Shared/EditorUtils/ApplyRevertChangeTracker.Gen.cs using Guid(0f64d807cc1f642829a405ac1e55d676) Importer(2089858483,b0f066a214c2f5e87bad3c948f4d605d) (ScriptedImporter) -> (artifact id: '2b20803a48dd55aabd3b6025781cb220') in 0.0128667 seconds
Number of updated asset objects reloaded before import = 0Number of asset objects unloaded after import = 0

========================================================================
Received Import Request.
  Time since last request: 0.000071 seconds.
  path: Packages/com.unity.services.deployment/Editor/PlayMode/IPlayModeInterrupt.cs
  artifactKey: Guid(e48f0c6bfacbf4157855b8e0298386da) Importer(2089858483,b0f066a214c2f5e87bad3c948f4d605d)
Start importing Packages/com.unity.services.deployment/Editor/PlayMode/IPlayModeInterrupt.cs using Guid(e48f0c6bfacbf4157855b8e0298386da) Importer(2089858483,b0f066a214c2f5e87bad3c948f4d605d) (ScriptedImporter) -> (artifact id: '4ca543f06a2de94cdcc8a1f9d142f194') in 0.0114719 seconds
Number of updated asset objects reloaded before import = 0Number of asset objects unloaded after import = 0

========================================================================
Received Import Request.
  Time since last request: 0.000060 seconds.
  path: Packages/com.unity.services.core/Editor/Core/EditorGameService/Analytics/IEditorGameServiceAnalyticsSender.cs
  artifactKey: Guid(0499a95597664d3fac32a48fcf995555) Importer(2089858483,b0f066a214c2f5e87bad3c948f4d605d)
Start importing Packages/com.unity.services.core/Editor/Core/EditorGameService/Analytics/IEditorGameServiceAnalyticsSender.cs using Guid(0499a95597664d3fac32a48fcf995555) Importer(2089858483,b0f066a214c2f5e87bad3c948f4d605d) (ScriptedImporter) -> (artifact id: '4edba565bfb1a65bf42f9fa79314c707') in 0.0104702 seconds
Number of updated asset objects reloaded before import = 0Number of asset objects unloaded after import = 0

========================================================================
Received Import Request.
  Time since last request: 0.000048 seconds.
  path: Packages/com.unity.purchasing/Runtime/UnityWebshops/Client/Http
  artifactKey: Guid(1bec698694b0148e98404a6c98e3591c) Importer(2089858483,b0f066a214c2f5e87bad3c948f4d605d)
Start importing Packages/com.unity.purchasing/Runtime/UnityWebshops/Client/Http using Guid(1bec698694b0148e98404a6c98e3591c) Importer(2089858483,b0f066a214c2f5e87bad3c948f4d605d) (ScriptedImporter) -> (artifact id: '0162db2ede29be818728f99ec064ea5a') in 0.0128041 seconds
Number of updated asset objects reloaded before import = 0Number of asset objects unloaded after import = 1

========================================================================
Received Import Request.
  Time since last request: 0.000018 seconds.
  path: Packages/com.unity.purchasing/Runtime/Purchasing/Core/Product/AppleAppStore
  artifactKey: Guid(11a5c9c761334af4ea89e1387ff72003) Importer(2089858483,b0f066a214c2f5e87bad3c948f4d605d)
Start importing Packages/com.unity.purchasing/Runtime/Purchasing/Core/Product/AppleAppStore using Guid(11a5c9c761334af4ea89e1387ff72003) Importer(2089858483,b0f066a214c2f5e87bad3c948f4d605d) (ScriptedImporter) -> (artifact id: 'c2696ef934c638f3e844e58761605dff') in 0.0092995 seconds
Number of updated asset objects reloaded before import = 0Number of asset objects unloaded after import = 1

========================================================================
Received Import Request.
  Time since last request: 0.000019 seconds.
  path: Packages/com.unity.services.deployment/Editor/Unity.Services.Deployment.api
  artifactKey: Guid(d17cf3da7ad0b44d5bbadbfda606c634) Importer(2089858483,b0f066a214c2f5e87bad3c948f4d605d)
Start importing Packages/com.unity.services.deployment/Editor/Unity.Services.Deployment.api using Guid(d17cf3da7ad0b44d5bbadbfda606c634) Importer(2089858483,b0f066a214c2f5e87bad3c948f4d605d) (ScriptedImporter) -> (artifact id: '856811a204ae758ec4145af540d0aeb2') in 0.0110334 seconds
Number of updated asset objects reloaded before import = 0Number of asset objects unloaded after import = 1

========================================================================
Received Import Request.
  Time since last request: 0.000056 seconds.
  path: Packages/com.unity.purchasing/Runtime/Purchasing/Stores/Android/GooglePlay/Models/GoogleProductMetadata.cs
  artifactKey: Guid(597cf31a6b3125a469e7a01863653d8b) Importer(2089858483,b0f066a214c2f5e87bad3c948f4d605d)
Start importing Packages/com.unity.purchasing/Runtime/Purchasing/Stores/Android/GooglePlay/Models/GoogleProductMetadata.cs using Guid(597cf31a6b3125a469e7a01863653d8b) Importer(2089858483,b0f066a214c2f5e87bad3c948f4d605d) (ScriptedImporter) -> (artifact id: '49d04b4847448ff8665c77302e5decca') in 0.0105034 seconds
Number of updated asset objects reloaded before import = 0Number of asset objects unloaded after import = 0

========================================================================
Received Import Request.
  Time since last request: 0.000041 seconds.
  path: Packages/com.unity.purchasing/Editor/ServiceProjectSettings/UI/Views/Obfuscator/GoogleObfuscatorSection.cs
  artifactKey: Guid(849b8bf94f5870549848ce3003933151) Importer(2089858483,b0f066a214c2f5e87bad3c948f4d605d)
Start importing Packages/com.unity.purchasing/Editor/ServiceProjectSettings/UI/Views/Obfuscator/GoogleObfuscatorSection.cs using Guid(849b8bf94f5870549848ce3003933151) Importer(2089858483,b0f066a214c2f5e87bad3c948f4d605d) (ScriptedImporter) -> (artifact id: '0b3442ebf22e3a3d9f14e1b5cde46040') in 0.0099915 seconds
Number of updated asset objects reloaded before import = 0Number of asset objects unloaded after import = 0

========================================================================
Received Import Request.
  Time since last request: 0.000036 seconds.
  path: Packages/com.unity.services.core/Editor/Core/UiHelpers/UserRoleRequestUiHelper.cs
  artifactKey: Guid(26586e3f36dd4e44b49c68eb9d95ee0a) Importer(2089858483,b0f066a214c2f5e87bad3c948f4d605d)
Start importing Packages/com.unity.services.core/Editor/Core/UiHelpers/UserRoleRequestUiHelper.cs using Guid(26586e3f36dd4e44b49c68eb9d95ee0a) Importer(2089858483,b0f066a214c2f5e87bad3c948f4d605d) (ScriptedImporter) -> (artifact id: 'a853839870fd831e4dcfac2c473b21ac') in 0.0113309 seconds
Number of updated asset objects reloaded before import = 0Number of asset objects unloaded after import = 0

========================================================================
Received Import Request.
  Time since last request: 0.000016 seconds.
  path: Packages/com.unity.services.core/Runtime/Device/UserIdProviders/UnityEngineIdentifier.cs
  artifactKey: Guid(b0e6fc8843fcd463aa6a3b763e0eeb1c) Importer(2089858483,b0f066a214c2f5e87bad3c948f4d605d)
Start importing Packages/com.unity.services.core/Runtime/Device/UserIdProviders/UnityEngineIdentifier.cs using Guid(b0e6fc8843fcd463aa6a3b763e0eeb1c) Importer(2089858483,b0f066a214c2f5e87bad3c948f4d605d) (ScriptedImporter) -> (artifact id: 'b8332e248704bf52db21c7b41a8046ef') in 0.011824 seconds
Number of updated asset objects reloaded before import = 0Number of asset objects unloaded after import = 0

========================================================================
Received Import Request.
  Time since last request: 0.000068 seconds.
  path: Packages/com.unity.microsoft.gdk/Runtime/XBL/Achievements/XblAchievementOrderBy.cs
  artifactKey: Guid(119be009586d4fdcac5b92be53f48f21) Importer(2089858483,b0f066a214c2f5e87bad3c948f4d605d)
Start importing Packages/com.unity.microsoft.gdk/Runtime/XBL/Achievements/XblAchievementOrderBy.cs using Guid(119be009586d4fdcac5b92be53f48f21) Importer(2089858483,b0f066a214c2f5e87bad3c948f4d605d) (ScriptedImporter) -> (artifact id: '59688b7b0c3547330a0fd4d57bfb7318') in 0.0115293 seconds
Number of updated asset objects reloaded before import = 0Number of asset objects unloaded after import = 0

========================================================================
Received Import Request.
  Time since last request: 0.000065 seconds.
  path: Packages/com.unity.services.core/Editor/Core/Utils/GatewayTokens.cs
  artifactKey: Guid(afc30112b30549bc9c07afa6a4f0f14f) Importer(2089858483,b0f066a214c2f5e87bad3c948f4d605d)
Start importing Packages/com.unity.services.core/Editor/Core/Utils/GatewayTokens.cs using Guid(afc30112b30549bc9c07afa6a4f0f14f) Importer(2089858483,b0f066a214c2f5e87bad3c948f4d605d) (ScriptedImporter) -> (artifact id: '7ddb892fcddf3bbc667900145ebbbe1d') in 0.0114722 seconds
Number of updated asset objects reloaded before import = 0Number of asset objects unloaded after import = 0

========================================================================
Received Import Request.
  Time since last request: 0.000053 seconds.
  path: Packages/com.unity.purchasing/Editor/Analytics/Events
  artifactKey: Guid(db798fc4f582d9948908acde746e5bdd) Importer(2089858483,b0f066a214c2f5e87bad3c948f4d605d)
Start importing Packages/com.unity.purchasing/Editor/Analytics/Events using Guid(db798fc4f582d9948908acde746e5bdd) Importer(2089858483,b0f066a214c2f5e87bad3c948f4d605d) (ScriptedImporter) -> (artifact id: '1ba07d0c8d9c023935988139d5d3c412') in 0.0093737 seconds
Number of updated asset objects reloaded before import = 0Number of asset objects unloaded after import = 1

========================================================================
Received Import Request.
  Time since last request: 0.000033 seconds.
  path: Packages/com.unity.microsoft.gdk/Runtime/Interop/XBL/Matchmaking/XblHopperStatisticsResponse.cs
  artifactKey: Guid(fdbaf8d8ea2b4b6f8a7dd7646f0109be) Importer(2089858483,b0f066a214c2f5e87bad3c948f4d605d)
Start importing Packages/com.unity.microsoft.gdk/Runtime/Interop/XBL/Matchmaking/XblHopperStatisticsResponse.cs using Guid(fdbaf8d8ea2b4b6f8a7dd7646f0109be) Importer(2089858483,b0f066a214c2f5e87bad3c948f4d605d) (ScriptedImporter) -> (artifact id: '8651d006b5c6350dc350bafcc6066d7c') in 0.0104119 seconds
Number of updated asset objects reloaded before import = 0Number of asset objects unloaded after import = 0

========================================================================
Received Import Request.
  Time since last request: 0.000069 seconds.
  path: Packages/com.unity.purchasing/Editor/Shared/Infrastructure/Threading/Sync.Gen.cs
  artifactKey: Guid(93d491c869b645a7ab5565ce6d39c9f3) Importer(2089858483,b0f066a214c2f5e87bad3c948f4d605d)
Start importing Packages/com.unity.purchasing/Editor/Shared/Infrastructure/Threading/Sync.Gen.cs using Guid(93d491c869b645a7ab5565ce6d39c9f3) Importer(2089858483,b0f066a214c2f5e87bad3c948f4d605d) (ScriptedImporter) -> (artifact id: '9fbe75b1020672f3365f1e8903c3401d') in 0.0103324 seconds
Number of updated asset objects reloaded before import = 0Number of asset objects unloaded after import = 0

========================================================================
Received Import Request.
  Time since last request: 0.000064 seconds.
  path: Packages/com.unity.microsoft.gdk/Runtime/Interop/XBL/Multiplayer/XblMultiplayerMatchmakingServer.cs
  artifactKey: Guid(4d59e34a7d1dac9418312f30952194ad) Importer(2089858483,b0f066a214c2f5e87bad3c948f4d605d)
Start importing Packages/com.unity.microsoft.gdk/Runtime/Interop/XBL/Multiplayer/XblMultiplayerMatchmakingServer.cs using Guid(4d59e34a7d1dac9418312f30952194ad) Importer(2089858483,b0f066a214c2f5e87bad3c948f4d605d) (ScriptedImporter) -> (artifact id: '36e388f2d7d10b278a5d5b85706bcd33') in 0.0095698 seconds
Number of updated asset objects reloaded before import = 0Number of asset objects unloaded after import = 0

========================================================================
Received Import Request.
  Time since last request: 0.000091 seconds.
  path: Packages/com.unity.purchasing/Runtime/Purchasing/Core/Purchasing/AppleAppStore/Extensions/UseCases/ContinuePromotionalPurchasesUseCase.cs
  artifactKey: Guid(fbb2dfa658ac41ec8a1901b645f86faa) Importer(2089858483,b0f066a214c2f5e87bad3c948f4d605d)
Start importing Packages/com.unity.purchasing/Runtime/Purchasing/Core/Purchasing/AppleAppStore/Extensions/UseCases/ContinuePromotionalPurchasesUseCase.cs using Guid(fbb2dfa658ac41ec8a1901b645f86faa) Importer(2089858483,b0f066a214c2f5e87bad3c948f4d605d) (ScriptedImporter) -> (artifact id: '8f9ece402e7aadceeb9362b10a7b3e70') in 0.0119143 seconds
Number of updated asset objects reloaded before import = 0Number of asset objects unloaded after import = 0

========================================================================
Received Import Request.
  Time since last request: 0.000084 seconds.
  path: Packages/com.unity.purchasing/Runtime/Stores/BaseStore/Interfaces/IStoreInternal.cs
  artifactKey: Guid(1fb4cca4bf524381815e7df0e5a3887b) Importer(2089858483,b0f066a214c2f5e87bad3c948f4d605d)
Start importing Packages/com.unity.purchasing/Runtime/Stores/BaseStore/Interfaces/IStoreInternal.cs using Guid(1fb4cca4bf524381815e7df0e5a3887b) Importer(2089858483,b0f066a214c2f5e87bad3c948f4d605d) (ScriptedImporter) -> (artifact id: '415a0ab0465b56dbd7fb974931a6e963') in 0.0109431 seconds
Number of updated asset objects reloaded before import = 0Number of asset objects unloaded after import = 0

========================================================================
Received Import Request.
  Time since last request: 0.000132 seconds.
  path: Packages/com.unity.microsoft.gdk/Runtime/XBL/Privacy/XblPrivilege.cs
  artifactKey: Guid(b749e4be30c9405b82221f4651420087) Importer(2089858483,b0f066a214c2f5e87bad3c948f4d605d)
Start importing Packages/com.unity.microsoft.gdk/Runtime/XBL/Privacy/XblPrivilege.cs using Guid(b749e4be30c9405b82221f4651420087) Importer(2089858483,b0f066a214c2f5e87bad3c948f4d605d) (ScriptedImporter) -> (artifact id: 'bcec3e2368293651c049c6f575566971') in 0.0096198 seconds
Number of updated asset objects reloaded before import = 0Number of asset objects unloaded after import = 0

========================================================================
Received Import Request.
  Time since last request: 0.000078 seconds.
  path: Packages/com.unity.purchasing/Editor/Authoring/LiveContentAdminApi/Client/Model/ConfigVariant.cs
  artifactKey: Guid(5f56ec734bff487995f0f08a7fec3bee) Importer(2089858483,b0f066a214c2f5e87bad3c948f4d605d)
Start importing Packages/com.unity.purchasing/Editor/Authoring/LiveContentAdminApi/Client/Model/ConfigVariant.cs using Guid(5f56ec734bff487995f0f08a7fec3bee) Importer(2089858483,b0f066a214c2f5e87bad3c948f4d605d) (ScriptedImporter) -> (artifact id: '93d646ebb863fd4e3c45e84556d0672f') in 0.0097485 seconds
Number of updated asset objects reloaded before import = 0Number of asset objects unloaded after import = 0

========================================================================
Received Import Request.
  Time since last request: 0.000022 seconds.
  path: Packages/com.unity.services.deployment/Editor/Interface/UI/Components/MultiSelect.cs
  artifactKey: Guid(0613b567e0c7941e1b21baf52c71fdf9) Importer(2089858483,b0f066a214c2f5e87bad3c948f4d605d)
Start importing Packages/com.unity.services.deployment/Editor/Interface/UI/Components/MultiSelect.cs using Guid(0613b567e0c7941e1b21baf52c71fdf9) Importer(2089858483,b0f066a214c2f5e87bad3c948f4d605d) (ScriptedImporter) -> (artifact id: 'a0e5474a9a4e004f2f118f0a2e1e3888') in 0.0127353 seconds
Number of updated asset objects reloaded before import = 0Number of asset objects unloaded after import = 0

========================================================================
Received Import Request.
  Time since last request: 0.000051 seconds.
  path: Packages/com.unity.purchasing/Runtime/Stores/XboxStore/CloudServices/XboxCloudSettings.cs
  artifactKey: Guid(57be5a73016f24f499e01b42221e5128) Importer(2089858483,b0f066a214c2f5e87bad3c948f4d605d)
Start importing Packages/com.unity.purchasing/Runtime/Stores/XboxStore/CloudServices/XboxCloudSettings.cs using Guid(57be5a73016f24f499e01b42221e5128) Importer(2089858483,b0f066a214c2f5e87bad3c948f4d605d) (ScriptedImporter) -> (artifact id: '504662ec0d7553a9fa6a24e10bb5733c') in 0.0101262 seconds
Number of updated asset objects reloaded before import = 0Number of asset objects unloaded after import = 0

========================================================================
Received Import Request.
  Time since last request: 0.000071 seconds.
  path: Packages/com.unity.purchasing/Runtime/Purchasing/Core/Purchasing/AppleAppStore/Extensions/UseCases/AppleRefreshAppReceiptUseCase.cs
  artifactKey: Guid(f3c33779d2544c44b8f25b3ebd83a321) Importer(2089858483,b0f066a214c2f5e87bad3c948f4d605d)
Start importing Packages/com.unity.purchasing/Runtime/Purchasing/Core/Purchasing/AppleAppStore/Extensions/UseCases/AppleRefreshAppReceiptUseCase.cs using Guid(f3c33779d2544c44b8f25b3ebd83a321) Importer(2089858483,b0f066a214c2f5e87bad3c948f4d605d) (ScriptedImporter) -> (artifact id: '5a585cd97f4d2c5c51c68bfb321e4d2a') in 0.0116725 seconds
Number of updated asset objects reloaded before import = 0Number of asset objects unloaded after import = 0

========================================================================
Received Import Request.
  Time since last request: 0.000038 seconds.
  path: Packages/com.unity.microsoft.gdk/Runtime/XBL/Multiplayer/XblMultiplayerSessionHandleId.cs
  artifactKey: Guid(fe8ee20845f7dd64e936017607cdb6b4) Importer(2089858483,b0f066a214c2f5e87bad3c948f4d605d)
Start importing Packages/com.unity.microsoft.gdk/Runtime/XBL/Multiplayer/XblMultiplayerSessionHandleId.cs using Guid(fe8ee20845f7dd64e936017607cdb6b4) Importer(2089858483,b0f066a214c2f5e87bad3c948f4d605d) (ScriptedImporter) -> (artifact id: '9a64e991a10c2353a50b34bf8a354d79') in 0.009089 seconds
Number of updated asset objects reloaded before import = 0Number of asset objects unloaded after import = 0

========================================================================
Received Import Request.
  Time since last request: 0.000180 seconds.
  path: Packages/com.unity.microsoft.gdk/Runtime/XBL/Matchmaking/XblPreserveSessionMode.cs
  artifactKey: Guid(496797120db84d4ebd52df4bbc08ce61) Importer(2089858483,b0f066a214c2f5e87bad3c948f4d605d)
Start importing Packages/com.unity.microsoft.gdk/Runtime/XBL/Matchmaking/XblPreserveSessionMode.cs using Guid(496797120db84d4ebd52df4bbc08ce61) Importer(2089858483,b0f066a214c2f5e87bad3c948f4d605d) (ScriptedImporter) -> (artifact id: 'd54ab48403445af212dbe5ccdb4eed91') in 0.0108446 seconds
Number of updated asset objects reloaded before import = 0Number of asset objects unloaded after import = 0

========================================================================
Received Import Request.
  Time since last request: 0.000089 seconds.
  path: Packages/com.unity.purchasing/Runtime/Utilities/Interfaces/IThreadUtils.cs
  artifactKey: Guid(83cd5a3eb90640fa8e157adfb1092fd0) Importer(2089858483,b0f066a214c2f5e87bad3c948f4d605d)
Start importing Packages/com.unity.purchasing/Runtime/Utilities/Interfaces/IThreadUtils.cs using Guid(83cd5a3eb90640fa8e157adfb1092fd0) Importer(2089858483,b0f066a214c2f5e87bad3c948f4d605d) (ScriptedImporter) -> (artifact id: '30770f313a7f976fd10cf4055a1f5414') in 0.0131003 seconds
Number of updated asset objects reloaded before import = 0Number of asset objects unloaded after import = 0

========================================================================
Received Import Request.
  Time since last request: 0.000025 seconds.
  path: Packages/com.unity.xr.legacyinputhelpers/Editor/ArmModels
  artifactKey: Guid(4209e16f276e327468a3bba1ee24a3dd) Importer(2089858483,b0f066a214c2f5e87bad3c948f4d605d)
Start importing Packages/com.unity.xr.legacyinputhelpers/Editor/ArmModels using Guid(4209e16f276e327468a3bba1ee24a3dd) Importer(2089858483,b0f066a214c2f5e87bad3c948f4d605d) (ScriptedImporter) -> (artifact id: '9103ba4c0ca71a2fcaf47969f0fda882') in 0.0098531 seconds
Number of updated asset objects reloaded before import = 0Number of asset objects unloaded after import = 1

========================================================================
Received Import Request.
  Time since last request: 0.000069 seconds.
  path: Packages/com.unity.purchasing/Runtime/Purchasing/PaymentOption/IPaymentOptionProvider.cs
  artifactKey: Guid(7a6e05944ad865a4896d986dd1382905) Importer(2089858483,b0f066a214c2f5e87bad3c948f4d605d)
Start importing Packages/com.unity.purchasing/Runtime/Purchasing/PaymentOption/IPaymentOptionProvider.cs using Guid(7a6e05944ad865a4896d986dd1382905) Importer(2089858483,b0f066a214c2f5e87bad3c948f4d605d) (ScriptedImporter) -> (artifact id: '8514ac9d9a07b60c596fca7a647c5486') in 0.0120609 seconds
Number of updated asset objects reloaded before import = 0Number of asset objects unloaded after import = 0

========================================================================
Received Import Request.
  Time since last request: 0.000066 seconds.
  path: Packages/com.unity.xr.legacyinputhelpers/Editor
  artifactKey: Guid(cdbbaacae9c2a9b4ba09caf34ba4ad5e) Importer(2089858483,b0f066a214c2f5e87bad3c948f4d605d)
Start importing Packages/com.unity.xr.legacyinputhelpers/Editor using Guid(cdbbaacae9c2a9b4ba09caf34ba4ad5e) Importer(2089858483,b0f066a214c2f5e87bad3c948f4d605d) (ScriptedImporter) -> (artifact id: '8dff49be9a84347ecb1cce0bb739baa7') in 0.0140938 seconds
Number of updated asset objects reloaded before import = 0Number of asset objects unloaded after import = 1

========================================================================
Received Import Request.
  Time since last request: 0.000051 seconds.
  path: Packages/com.unity.purchasing/Runtime/Purchasing/CoreServices/Interfaces/IUnityServicesInitializationChecker.cs
  artifactKey: Guid(234f58cbe0c0452c9fdfe8644391aa5e) Importer(2089858483,b0f066a214c2f5e87bad3c948f4d605d)
Start importing Packages/com.unity.purchasing/Runtime/Purchasing/CoreServices/Interfaces/IUnityServicesInitializationChecker.cs using Guid(234f58cbe0c0452c9fdfe8644391aa5e) Importer(2089858483,b0f066a214c2f5e87bad3c948f4d605d) (ScriptedImporter) -> (artifact id: '5e2bb8237115f0e47d9d6f8ebad5caf8') in 0.0095668 seconds
Number of updated asset objects reloaded before import = 0Number of asset objects unloaded after import = 0

========================================================================
Received Import Request.
  Time since last request: 0.000104 seconds.
  path: Packages/com.unity.purchasing/Runtime/TransactionVerifier/Client/Models/VerifyGoogleTransactionRequest.cs
  artifactKey: Guid(94ea6db52d1204c8caf97c0429da3a63) Importer(2089858483,b0f066a214c2f5e87bad3c948f4d605d)
Start importing Packages/com.unity.purchasing/Runtime/TransactionVerifier/Client/Models/VerifyGoogleTransactionRequest.cs using Guid(94ea6db52d1204c8caf97c0429da3a63) Importer(2089858483,b0f066a214c2f5e87bad3c948f4d605d) (ScriptedImporter) -> (artifact id: '7c848e63cb1f25a11fd4ec87951cc4e6') in 0.0119162 seconds
Number of updated asset objects reloaded before import = 0Number of asset objects unloaded after import = 0

========================================================================
Received Import Request.
  Time since last request: 0.000018 seconds.
  path: Packages/com.unity.microsoft.gdk/Runtime/XBL/Multiplayer
  artifactKey: Guid(0222790a49fc48f28de75009eaec8aa0) Importer(2089858483,b0f066a214c2f5e87bad3c948f4d605d)
Start importing Packages/com.unity.microsoft.gdk/Runtime/XBL/Multiplayer using Guid(0222790a49fc48f28de75009eaec8aa0) Importer(2089858483,b0f066a214c2f5e87bad3c948f4d605d) (ScriptedImporter) -> (artifact id: 'bd0889a7bba112441f051aff163e83d4') in 0.0104395 seconds
Number of updated asset objects reloaded before import = 0Number of asset objects unloaded after import = 1

========================================================================
Received Import Request.
  Time since last request: 0.000019 seconds.
  path: Packages/com.unity.services.core/Editor/Core/EditorGameService/DefaultCdnConfiguredEndpoint.cs
  artifactKey: Guid(7e91ddb9a38e46f2b0669180e053a695) Importer(2089858483,b0f066a214c2f5e87bad3c948f4d605d)
Start importing Packages/com.unity.services.core/Editor/Core/EditorGameService/DefaultCdnConfiguredEndpoint.cs using Guid(7e91ddb9a38e46f2b0669180e053a695) Importer(2089858483,b0f066a214c2f5e87bad3c948f4d605d) (ScriptedImporter) -> (artifact id: 'c0b9883fc378dc47612702bdd9f4eb81') in 0.0090539 seconds
Number of updated asset objects reloaded before import = 0Number of asset objects unloaded after import = 0

========================================================================
Received Import Request.
  Time since last request: 0.000099 seconds.
  path: Packages/com.unity.purchasing/AiAssistantSkills/in-app-purchases/references/path-convert-native-storekit.md
  artifactKey: Guid(b25d512d5fb911847b47332ec3f4ff69) Importer(2089858483,b0f066a214c2f5e87bad3c948f4d605d)
Start importing Packages/com.unity.purchasing/AiAssistantSkills/in-app-purchases/references/path-convert-native-storekit.md using Guid(b25d512d5fb911847b47332ec3f4ff69) Importer(2089858483,b0f066a214c2f5e87bad3c948f4d605d) (ScriptedImporter) -> (artifact id: '92fdaf83446c126cfd61912c846578ea') in 0.0120487 seconds
Number of updated asset objects reloaded before import = 0Number of asset objects unloaded after import = 1

========================================================================
Received Import Request.
  Time since last request: 0.000021 seconds.
  path: Packages/com.unity.services.deployment/Core/Glob/GlobPatternException.Gen.cs
  artifactKey: Guid(c50e23836fa654df68702daae4d86ac0) Importer(2089858483,b0f066a214c2f5e87bad3c948f4d605d)
Start importing Packages/com.unity.services.deployment/Core/Glob/GlobPatternException.Gen.cs using Guid(c50e23836fa654df68702daae4d86ac0) Importer(2089858483,b0f066a214c2f5e87bad3c948f4d605d) (ScriptedImporter) -> (artifact id: '0e27c3a103d9296f7d8b97e5757eb927') in 0.0102042 seconds
Number of updated asset objects reloaded before import = 0Number of asset objects unloaded after import = 0

========================================================================
Received Import Request.
  Time since last request: 0.000080 seconds.
  path: Packages/com.unity.microsoft.gdk/Runtime/XBL/Multiplayer/XblMultiplayerSessionChangeEventArgs.cs
  artifactKey: Guid(9d3bf962e9ee2f241839d5d1014a516b) Importer(2089858483,b0f066a214c2f5e87bad3c948f4d605d)
Start importing Packages/com.unity.microsoft.gdk/Runtime/XBL/Multiplayer/XblMultiplayerSessionChangeEventArgs.cs using Guid(9d3bf962e9ee2f241839d5d1014a516b) Importer(2089858483,b0f066a214c2f5e87bad3c948f4d605d) (ScriptedImporter) -> (artifact id: '7b5fe2f8a4ecbecf80a155f2d5ae5ff4') in 0.0099374 seconds
Number of updated asset objects reloaded before import = 0Number of asset objects unloaded after import = 0

========================================================================
Received Import Request.
  Time since last request: 0.000037 seconds.
  path: Packages/com.unity.services.deployment/Editor/PlayMode/IEditorEvents.cs
  artifactKey: Guid(005fc5b0fc1d4abba7eb60e4fce93de0) Importer(2089858483,b0f066a214c2f5e87bad3c948f4d605d)
Start importing Packages/com.unity.services.deployment/Editor/PlayMode/IEditorEvents.cs using Guid(005fc5b0fc1d4abba7eb60e4fce93de0) Importer(2089858483,b0f066a214c2f5e87bad3c948f4d605d) (ScriptedImporter) -> (artifact id: '7d8612214b6f53c51a1d2c020989e456') in 0.0107014 seconds
Number of updated asset objects reloaded before import = 0Number of asset objects unloaded after import = 0

========================================================================
Received Import Request.
  Time since last request: 0.000023 seconds.
  path: Packages/com.unity.microsoft.gdk/Tests/PlayModeTests/GdkTestHelper.cs
  artifactKey: Guid(463992241a856034b98ed426e30381f4) Importer(2089858483,b0f066a214c2f5e87bad3c948f4d605d)
Start importing Packages/com.unity.microsoft.gdk/Tests/PlayModeTests/GdkTestHelper.cs using Guid(463992241a856034b98ed426e30381f4) Importer(2089858483,b0f066a214c2f5e87bad3c948f4d605d) (ScriptedImporter) -> (artifact id: '4503834f940532c5cd3eee920d925498') in 0.0129388 seconds
Number of updated asset objects reloaded before import = 0Number of asset objects unloaded after import = 0

========================================================================
Received Import Request.
  Time since last request: 0.000022 seconds.
  path: Packages/com.unity.ai.navigation/Editor/ConversionSystem/converter_widget.uss
  artifactKey: Guid(63cb84b97408b4d25a6925daccffcd22) Importer(2089858483,b0f066a214c2f5e87bad3c948f4d605d)
Start importing Packages/com.unity.ai.navigation/Editor/ConversionSystem/converter_widget.uss using Guid(63cb84b97408b4d25a6925daccffcd22) Importer(2089858483,b0f066a214c2f5e87bad3c948f4d605d) (ScriptedImporter) -> (artifact id: 'f80650941fb7d40e93c37486ab210539') in 0.0199044 seconds
Number of updated asset objects reloaded before import = 0Number of asset objects unloaded after import = 1

========================================================================
Received Import Request.
  Time since last request: 0.000018 seconds.
  path: Packages/com.unity.analytics/Tests/Editor/LevelStartTests.cs
  artifactKey: Guid(876d47a520ae34f81a97792e1afed14b) Importer(2089858483,b0f066a214c2f5e87bad3c948f4d605d)
Start importing Packages/com.unity.analytics/Tests/Editor/LevelStartTests.cs using Guid(876d47a520ae34f81a97792e1afed14b) Importer(2089858483,b0f066a214c2f5e87bad3c948f4d605d) (ScriptedImporter) -> (artifact id: '2df6bedb45f880cc8be2fbf76577edaa') in 0.0111374 seconds
Number of updated asset objects reloaded before import = 0Number of asset objects unloaded after import = 0

========================================================================
Received Import Request.
  Time since last request: 0.000079 seconds.
  path: Packages/com.unity.purchasing/Runtime/UnityLiveContentAdapter/Client/ErrorMitigation/RetryPolicy.cs
  artifactKey: Guid(5abbc52b130d5489f99094881ed03b41) Importer(2089858483,b0f066a214c2f5e87bad3c948f4d605d)
Start importing Packages/com.unity.purchasing/Runtime/UnityLiveContentAdapter/Client/ErrorMitigation/RetryPolicy.cs using Guid(5abbc52b130d5489f99094881ed03b41) Importer(2089858483,b0f066a214c2f5e87bad3c948f4d605d) (ScriptedImporter) -> (artifact id: 'f3ecb222996a67714b0f3bf559cdfa02') in 0.0118989 seconds
Number of updated asset objects reloaded before import = 0Number of asset objects unloaded after import = 0

========================================================================
Received Import Request.
  Time since last request: 0.000247 seconds.
  path: Packages/com.unity.services.core/Editor/Core/Environments/Client/Models/UnityGetOrganizationMembers200Response.cs
  artifactKey: Guid(f4eea6806fae644df829a32ac4939577) Importer(2089858483,b0f066a214c2f5e87bad3c948f4d605d)
Start importing Packages/com.unity.services.core/Editor/Core/Environments/Client/Models/UnityGetOrganizationMembers200Response.cs using Guid(f4eea6806fae644df829a32ac4939577) Importer(2089858483,b0f066a214c2f5e87bad3c948f4d605d) (ScriptedImporter) -> (artifact id: '299ec0726b930e24537b35c7c323d911') in 0.0100101 seconds
Number of updated asset objects reloaded before import = 0Number of asset objects unloaded after import = 0

========================================================================
Received Import Request.
  Time since last request: 0.000035 seconds.
  path: Packages/com.unity.analytics/Tests/Editor/ChatMessageSentTests.cs
  artifactKey: Guid(7b186a0d29a784d81809e8a5471d155e) Importer(2089858483,b0f066a214c2f5e87bad3c948f4d605d)
Start importing Packages/com.unity.analytics/Tests/Editor/ChatMessageSentTests.cs using Guid(7b186a0d29a784d81809e8a5471d155e) Importer(2089858483,b0f066a214c2f5e87bad3c948f4d605d) (ScriptedImporter) -> (artifact id: '2d726f51b3bb67831ad5c82be104c0e2') in 0.0113519 seconds
Number of updated asset objects reloaded before import = 0Number of asset objects unloaded after import = 0

========================================================================
Received Import Request.
  Time since last request: 0.000047 seconds.
  path: Packages/com.unity.purchasing/Runtime/Stores/Android/GooglePlay/AAR/Interfaces/IGoogleCachedQueryProductDetailsService.cs
  artifactKey: Guid(b0fdb4a3754f2db459745c9f14ad938a) Importer(2089858483,b0f066a214c2f5e87bad3c948f4d605d)
Start importing Packages/com.unity.purchasing/Runtime/Stores/Android/GooglePlay/AAR/Interfaces/IGoogleCachedQueryProductDetailsService.cs using Guid(b0fdb4a3754f2db459745c9f14ad938a) Importer(2089858483,b0f066a214c2f5e87bad3c948f4d605d) (ScriptedImporter) -> (artifact id: '3c09b9f587ee2bbec557fd6de154ed9c') in 0.0112713 seconds
Number of updated asset objects reloaded before import = 0Number of asset objects unloaded after import = 0

========================================================================
Received Import Request.
  Time since last request: 0.000067 seconds.
  path: Packages/com.unity.purchasing/Runtime/Utilities/TransactionHistory/Interfaces
  artifactKey: Guid(32422e7280991de40b26511036d83c7a) Importer(2089858483,b0f066a214c2f5e87bad3c948f4d605d)
Start importing Packages/com.unity.purchasing/Runtime/Utilities/TransactionHistory/Interfaces using Guid(32422e7280991de40b26511036d83c7a) Importer(2089858483,b0f066a214c2f5e87bad3c948f4d605d) (ScriptedImporter) -> (artifact id: 'e6ba8d9fb978ebefd01045a9f1b8da6b') in 0.011204 seconds
Number of updated asset objects reloaded before import = 0Number of asset objects unloaded after import = 1

========================================================================
Received Import Request.
  Time since last request: 0.000020 seconds.
  path: Packages/com.unity.purchasing/Editor/Authoring/Deployment/DeleteRemoteCommand.cs
  artifactKey: Guid(d785ac1e2259de4419f206d31a3975ab) Importer(2089858483,b0f066a214c2f5e87bad3c948f4d605d)
Start importing Packages/com.unity.purchasing/Editor/Authoring/Deployment/DeleteRemoteCommand.cs using Guid(d785ac1e2259de4419f206d31a3975ab) Importer(2089858483,b0f066a214c2f5e87bad3c948f4d605d) (ScriptedImporter) -> (artifact id: '0125021550eeac635dc7fadc19ae7cef') in 0.0112684 seconds
Number of updated asset objects reloaded before import = 0Number of asset objects unloaded after import = 0

========================================================================
Received Import Request.
  Time since last request: 0.000043 seconds.
  path: Packages/com.unity.purchasing/Runtime/Stores/Android/GooglePlay/Services/Interfaces/IGooglePlayStoreConnectionService.cs
  artifactKey: Guid(e45989d20905469cb58ede7a9f48e904) Importer(2089858483,b0f066a214c2f5e87bad3c948f4d605d)
Start importing Packages/com.unity.purchasing/Runtime/Stores/Android/GooglePlay/Services/Interfaces/IGooglePlayStoreConnectionService.cs using Guid(e45989d20905469cb58ede7a9f48e904) Importer(2089858483,b0f066a214c2f5e87bad3c948f4d605d) (ScriptedImporter) -> (artifact id: 'f753549516e7162de5554f4e81df4599') in 0.0120797 seconds
Number of updated asset objects reloaded before import = 0Number of asset objects unloaded after import = 0

========================================================================
Received Import Request.
  Time since last request: 0.000019 seconds.
  path: Packages/com.unity.purchasing/Runtime/Purchasing/Core/Purchasing/PaymentProviders/Extensions/Interfaces/IPaymentProvidersExtendedPurchaseService.cs
  artifactKey: Guid(ad0e06cdab454459921ba2084f9677d8) Importer(2089858483,b0f066a214c2f5e87bad3c948f4d605d)
Start importing Packages/com.unity.purchasing/Runtime/Purchasing/Core/Purchasing/PaymentProviders/Extensions/Interfaces/IPaymentProvidersExtendedPurchaseService.cs using Guid(ad0e06cdab454459921ba2084f9677d8) Importer(2089858483,b0f066a214c2f5e87bad3c948f4d605d) (ScriptedImporter) -> (artifact id: 'e3ccd5b7ecb49cae3a1a8b879696c20b') in 0.0109009 seconds
Number of updated asset objects reloaded before import = 0Number of asset objects unloaded after import = 0

========================================================================
Received Import Request.
  Time since last request: 0.000059 seconds.
  path: Packages/com.unity.services.deployment/Core
  artifactKey: Guid(e469eabb0caf044a596d822b69a09edf) Importer(2089858483,b0f066a214c2f5e87bad3c948f4d605d)
Start importing Packages/com.unity.services.deployment/Core using Guid(e469eabb0caf044a596d822b69a09edf) Importer(2089858483,b0f066a214c2f5e87bad3c948f4d605d) (ScriptedImporter) -> (artifact id: '38f12773f117ae3924a9c21cdf2314b3') in 0.0105917 seconds
Number of updated asset objects reloaded before import = 0Number of asset objects unloaded after import = 1

========================================================================
Received Import Request.
  Time since last request: 0.000023 seconds.
  path: Packages/com.unity.purchasing/Runtime/UnityPaymentProviders/Client/Models/LinkOutSessionRegisterResponse.cs
  artifactKey: Guid(22df96e95a569416696519cd3463e217) Importer(2089858483,b0f066a214c2f5e87bad3c948f4d605d)
Start importing Packages/com.unity.purchasing/Runtime/UnityPaymentProviders/Client/Models/LinkOutSessionRegisterResponse.cs using Guid(22df96e95a569416696519cd3463e217) Importer(2089858483,b0f066a214c2f5e87bad3c948f4d605d) (ScriptedImporter) -> (artifact id: 'eb6c8e4d1b34e0bf78890edaf2f5f1f5') in 0.0139032 seconds
Number of updated asset objects reloaded before import = 0Number of asset objects unloaded after import = 0

========================================================================
Received Import Request.
  Time since last request: 0.000075 seconds.
  path: Packages/com.unity.microsoft.gdk/Runtime/Interop/SizeT.cs
  artifactKey: Guid(928b760c424d417b9342f1c904c3001c) Importer(2089858483,b0f066a214c2f5e87bad3c948f4d605d)
Start importing Packages/com.unity.microsoft.gdk/Runtime/Interop/SizeT.cs using Guid(928b760c424d417b9342f1c904c3001c) Importer(2089858483,b0f066a214c2f5e87bad3c948f4d605d) (ScriptedImporter) -> (artifact id: 'a5978206681303b68267da4233bd63d8') in 0.0152942 seconds
Number of updated asset objects reloaded before import = 0Number of asset objects unloaded after import = 0

========================================================================
Received Import Request.
  Time since last request: 0.000063 seconds.
  path: Packages/com.unity.purchasing/Plugins/UnityPurchasing/Android/IAPResolver/IAPAndroidDependencies.cs
  artifactKey: Guid(723367a3f7573456184217d397ff6e64) Importer(2089858483,b0f066a214c2f5e87bad3c948f4d605d)
Start importing Packages/com.unity.purchasing/Plugins/UnityPurchasing/Android/IAPResolver/IAPAndroidDependencies.cs using Guid(723367a3f7573456184217d397ff6e64) Importer(2089858483,b0f066a214c2f5e87bad3c948f4d605d) (ScriptedImporter) -> (artifact id: 'd37e7f465290fa611db16776ca29ab37') in 0.0108229 seconds
Number of updated asset objects reloaded before import = 0Number of asset objects unloaded after import = 0

========================================================================
Received Import Request.
  Time since last request: 0.000103 seconds.
  path: Packages/com.unity.services.core/Runtime/Core.Internal/Components/Wire/ChannelToken.cs
  artifactKey: Guid(5a367299638e0496c93ea5472d17e202) Importer(2089858483,b0f066a214c2f5e87bad3c948f4d605d)
Start importing Packages/com.unity.services.core/Runtime/Core.Internal/Components/Wire/ChannelToken.cs using Guid(5a367299638e0496c93ea5472d17e202) Importer(2089858483,b0f066a214c2f5e87bad3c948f4d605d) (ScriptedImporter) -> (artifact id: '47697daf8fce3ad2245bb849af41485a') in 0.0108539 seconds
Number of updated asset objects reloaded before import = 0Number of asset objects unloaded after import = 0

========================================================================
Received Import Request.
  Time since last request: 0.000053 seconds.
  path: Packages/com.unity.purchasing/Runtime/Purchasing/Core/Store/PaymentProviders/Extensions/CheckoutResult.cs
  artifactKey: Guid(a9695cc32c7140c38246a7e692fa3e5c) Importer(2089858483,b0f066a214c2f5e87bad3c948f4d605d)
Start importing Packages/com.unity.purchasing/Runtime/Purchasing/Core/Store/PaymentProviders/Extensions/CheckoutResult.cs using Guid(a9695cc32c7140c38246a7e692fa3e5c) Importer(2089858483,b0f066a214c2f5e87bad3c948f4d605d) (ScriptedImporter) -> (artifact id: '6f6388b117b5bb8562203ba37172c100') in 0.0126987 seconds
Number of updated asset objects reloaded before import = 0Number of asset objects unloaded after import = 0

========================================================================
Received Import Request.
  Time since last request: 0.000074 seconds.
  path: Packages/com.unity.ai.navigation/EditorResources/Overlay/d_NavigationOverlay@2x.png
  artifactKey: Guid(7d5867654fa2bf448b06f384143ceca7) Importer(2089858483,b0f066a214c2f5e87bad3c948f4d605d)
Start importing Packages/com.unity.ai.navigation/EditorResources/Overlay/d_NavigationOverlay@2x.png using Guid(7d5867654fa2bf448b06f384143ceca7) Importer(2089858483,b0f066a214c2f5e87bad3c948f4d605d) (ScriptedImporter) -> (artifact id: 'cb071a0f9170ec1abb2c189dcf96329f') in 0.0141493 seconds
Number of updated asset objects reloaded before import = 0Number of asset objects unloaded after import = 1

========================================================================
Received Import Request.
  Time since last request: 0.000023 seconds.
  path: Packages/com.unity.microsoft.gdk/Runtime/Interop/XBL/TitleManagedStats/XblTitleManagedStatsInterop.cs
  artifactKey: Guid(17c533d93c1b4fe19b71da2fd35c01da) Importer(2089858483,b0f066a214c2f5e87bad3c948f4d605d)
Start importing Packages/com.unity.microsoft.gdk/Runtime/Interop/XBL/TitleManagedStats/XblTitleManagedStatsInterop.cs using Guid(17c533d93c1b4fe19b71da2fd35c01da) Importer(2089858483,b0f066a214c2f5e87bad3c948f4d605d) (ScriptedImporter) -> (artifact id: 'b9f0defe52289c28117c0baed592259c') in 0.0101898 seconds
Number of updated asset objects reloaded before import = 0Number of asset objects unloaded after import = 0

========================================================================
Received Import Request.
  Time since last request: 0.000081 seconds.
  path: Packages/com.unity.purchasing/Runtime/Stores/Analytics/Interfaces
  artifactKey: Guid(98140e6db74d36145b91ba411d87032c) Importer(2089858483,b0f066a214c2f5e87bad3c948f4d605d)
Start importing Packages/com.unity.purchasing/Runtime/Stores/Analytics/Interfaces using Guid(98140e6db74d36145b91ba411d87032c) Importer(2089858483,b0f066a214c2f5e87bad3c948f4d605d) (ScriptedImporter) -> (artifact id: '1f7cace04250516991d633b601923eda') in 0.0106871 seconds
Number of updated asset objects reloaded before import = 0Number of asset objects unloaded after import = 1

========================================================================
Received Import Request.
  Time since last request: 0.000035 seconds.
  path: Packages/com.unity.xr.legacyinputhelpers/Editor/TrackedPoseDriver/UnityEditor.SpatialTracking.asmdef
  artifactKey: Guid(b13a1d1dfb13f1b489a0ff5612f36f29) Importer(2089858483,b0f066a214c2f5e87bad3c948f4d605d)
Start importing Packages/com.unity.xr.legacyinputhelpers/Editor/TrackedPoseDriver/UnityEditor.SpatialTracking.asmdef using Guid(b13a1d1dfb13f1b489a0ff5612f36f29) Importer(2089858483,b0f066a214c2f5e87bad3c948f4d605d) (ScriptedImporter) -> (artifact id: 'c3f49093135f0d395db37702771600f0') in 0.0131784 seconds
Number of updated asset objects reloaded before import = 0Number of asset objects unloaded after import = 1

========================================================================
Received Import Request.
  Time since last request: 0.000053 seconds.
  path: Packages/com.unity.purchasing/Runtime/UnityPaymentProviders/Client/Models/InitiatePaymentProviderOrder400ResponseOneOf.cs
  artifactKey: Guid(ca050e70ddf7a483485af50b60c60d09) Importer(2089858483,b0f066a214c2f5e87bad3c948f4d605d)
Start importing Packages/com.unity.purchasing/Runtime/UnityPaymentProviders/Client/Models/InitiatePaymentProviderOrder400ResponseOneOf.cs using Guid(ca050e70ddf7a483485af50b60c60d09) Importer(2089858483,b0f066a214c2f5e87bad3c948f4d605d) (ScriptedImporter) -> (artifact id: 'cdb6d2e81757bba2f7227a51d0e4e9d6') in 0.0108537 seconds
Number of updated asset objects reloaded before import = 0Number of asset objects unloaded after import = 0

========================================================================
Received Import Request.
  Time since last request: 0.000053 seconds.
  path: Packages/com.unity.services.deployment/Editor/PlayMode/EditorEvents.cs
  artifactKey: Guid(25c21e7661fc4342b94cefbf5ade016a) Importer(2089858483,b0f066a214c2f5e87bad3c948f4d605d)
Start importing Packages/com.unity.services.deployment/Editor/PlayMode/EditorEvents.cs using Guid(25c21e7661fc4342b94cefbf5ade016a) Importer(2089858483,b0f066a214c2f5e87bad3c948f4d605d) (ScriptedImporter) -> (artifact id: '9802a37f794b87ea7692316ac0037f2b') in 0.0102736 seconds
Number of updated asset objects reloaded before import = 0Number of asset objects unloaded after import = 0

========================================================================
Received Import Request.
  Time since last request: 0.000085 seconds.
  path: Packages/com.unity.services.deployment.api/Editor/DeploymentWindowApi/DeploymentProvider.cs
  artifactKey: Guid(00c43a1feb03db340a7290a38cb0c93d) Importer(2089858483,b0f066a214c2f5e87bad3c948f4d605d)
Start importing Packages/com.unity.services.deployment.api/Editor/DeploymentWindowApi/DeploymentProvider.cs using Guid(00c43a1feb03db340a7290a38cb0c93d) Importer(2089858483,b0f066a214c2f5e87bad3c948f4d605d) (ScriptedImporter) -> (artifact id: '4215a875503e143ec11fd45f60d5c844') in 0.0129855 seconds
Number of updated asset objects reloaded before import = 0Number of asset objects unloaded after import = 0

========================================================================
Received Import Request.
  Time since last request: 0.000054 seconds.
  path: Packages/com.unity.purchasing/Editor/Authoring/LiveContentAdminApi/Client/Model/ConfigVariantWithContent.cs
  artifactKey: Guid(f9ab34eb2b774f3b96029e055f5c1650) Importer(2089858483,b0f066a214c2f5e87bad3c948f4d605d)
Start importing Packages/com.unity.purchasing/Editor/Authoring/LiveContentAdminApi/Client/Model/ConfigVariantWithContent.cs using Guid(f9ab34eb2b774f3b96029e055f5c1650) Importer(2089858483,b0f066a214c2f5e87bad3c948f4d605d) (ScriptedImporter) -> (artifact id: 'd97a794357cf1bcb861d9572d93bc49f') in 0.0098036 seconds
Number of updated asset objects reloaded before import = 0Number of asset objects unloaded after import = 0

========================================================================
Received Import Request.
  Time since last request: 0.000035 seconds.
  path: Packages/com.unity.purchasing/Runtime/Purchasing/Core/Product/ProductServiceDependencyInjector.cs
  artifactKey: Guid(c1992ab7c44c03545bbfce6a5ef26642) Importer(2089858483,b0f066a214c2f5e87bad3c948f4d605d)
Start importing Packages/com.unity.purchasing/Runtime/Purchasing/Core/Product/ProductServiceDependencyInjector.cs using Guid(c1992ab7c44c03545bbfce6a5ef26642) Importer(2089858483,b0f066a214c2f5e87bad3c948f4d605d) (ScriptedImporter) -> (artifact id: 'cdcb2a4c47a083dbd67e8b9b4dde4ade') in 0.009386 seconds
Number of updated asset objects reloaded before import = 0Number of asset objects unloaded after import = 0

========================================================================
Received Import Request.
  Time since last request: 0.000033 seconds.
  path: Packages/com.unity.services.core/Editor/Core/Environments/Client/Models/UnityUploadIconV1201Response.cs
  artifactKey: Guid(8c2efaaf56f24529a91061c1537d607d) Importer(2089858483,b0f066a214c2f5e87bad3c948f4d605d)
Start importing Packages/com.unity.services.core/Editor/Core/Environments/Client/Models/UnityUploadIconV1201Response.cs using Guid(8c2efaaf56f24529a91061c1537d607d) Importer(2089858483,b0f066a214c2f5e87bad3c948f4d605d) (ScriptedImporter) -> (artifact id: '7d9057876cb6df637e6876ebab181357') in 0.0101378 seconds
Number of updated asset objects reloaded before import = 0Number of asset objects unloaded after import = 0

========================================================================
Received Import Request.
  Time since last request: 0.000021 seconds.
  path: Packages/com.unity.services.deployment/Editor/IO/IFileTracker.cs
  artifactKey: Guid(92ce88718888fda4885775fda992cd90) Importer(2089858483,b0f066a214c2f5e87bad3c948f4d605d)
Start importing Packages/com.unity.services.deployment/Editor/IO/IFileTracker.cs using Guid(92ce88718888fda4885775fda992cd90) Importer(2089858483,b0f066a214c2f5e87bad3c948f4d605d) (ScriptedImporter) -> (artifact id: 'dc31afa0f78a2cb0d50eb5f3e69baeaa') in 0.0106019 seconds
Number of updated asset objects reloaded before import = 0Number of asset objects unloaded after import = 0

========================================================================
Received Import Request.
  Time since last request: 0.000028 seconds.
  path: Packages/com.unity.services.analytics/Editor/Tools/StateUninitialised.png
  artifactKey: Guid(5d833ab30f10256408a64a1e31a24dd0) Importer(2089858483,b0f066a214c2f5e87bad3c948f4d605d)
Start importing Packages/com.unity.services.analytics/Editor/Tools/StateUninitialised.png using Guid(5d833ab30f10256408a64a1e31a24dd0) Importer(2089858483,b0f066a214c2f5e87bad3c948f4d605d) (ScriptedImporter) -> (artifact id: 'acac8cd8754f25001b7fc39a870134da') in 0.0141909 seconds
Number of updated asset objects reloaded before import = 0Number of asset objects unloaded after import = 1

========================================================================
Received Import Request.
  Time since last request: 0.000032 seconds.
  path: Packages/com.unity.services.core/Runtime/Core.Internal/Components/Authentication/IServerEnvironmentId.cs
  artifactKey: Guid(5adbe00cd9902e44db40feba07d1f6a5) Importer(2089858483,b0f066a214c2f5e87bad3c948f4d605d)
Start importing Packages/com.unity.services.core/Runtime/Core.Internal/Components/Authentication/IServerEnvironmentId.cs using Guid(5adbe00cd9902e44db40feba07d1f6a5) Importer(2089858483,b0f066a214c2f5e87bad3c948f4d605d) (ScriptedImporter) -> (artifact id: 'e6e31670ea315cce1c7721e07e824c52') in 0.0104994 seconds
Number of updated asset objects reloaded before import = 0Number of asset objects unloaded after import = 0

========================================================================
Received Import Request.
  Time since last request: 0.000041 seconds.
  path: Packages/com.unity.purchasing/Runtime/Purchasing/Extension/Interfaces/ICatalogProvider.cs
  artifactKey: Guid(41b59babcbb0499482a7d31cb3a71b81) Importer(2089858483,b0f066a214c2f5e87bad3c948f4d605d)
Start importing Packages/com.unity.purchasing/Runtime/Purchasing/Extension/Interfaces/ICatalogProvider.cs using Guid(41b59babcbb0499482a7d31cb3a71b81) Importer(2089858483,b0f066a214c2f5e87bad3c948f4d605d) (ScriptedImporter) -> (artifact id: 'b5c1ab5d76d043c69ac08d32db05f521') in 0.0103882 seconds
Number of updated asset objects reloaded before import = 0Number of asset objects unloaded after import = 0

========================================================================
Received Import Request.
  Time since last request: 0.000047 seconds.
  path: Packages/com.unity.purchasing/Editor/Authoring/Core/Retry
  artifactKey: Guid(3f52224feda747f8a6eba9be43cfcf63) Importer(2089858483,b0f066a214c2f5e87bad3c948f4d605d)
Start importing Packages/com.unity.purchasing/Editor/Authoring/Core/Retry using Guid(3f52224feda747f8a6eba9be43cfcf63) Importer(2089858483,b0f066a214c2f5e87bad3c948f4d605d) (ScriptedImporter) -> (artifact id: 'c3e16aa533b64bf6ecb0b8aa2074de93') in 0.0086089 seconds
Number of updated asset objects reloaded before import = 0Number of asset objects unloaded after import = 1

========================================================================
Received Import Request.
  Time since last request: 0.000021 seconds.
  path: Packages/com.unity.microsoft.gdk/Runtime/Interop/XBL/Social/XblSocialRelationship.cs
  artifactKey: Guid(af6eac6564d44640a52174b697949390) Importer(2089858483,b0f066a214c2f5e87bad3c948f4d605d)
Start importing Packages/com.unity.microsoft.gdk/Runtime/Interop/XBL/Social/XblSocialRelationship.cs using Guid(af6eac6564d44640a52174b697949390) Importer(2089858483,b0f066a214c2f5e87bad3c948f4d605d) (ScriptedImporter) -> (artifact id: 'c35f802693b039a05f4a76877dde68cc') in 0.011109 seconds
Number of updated asset objects reloaded before import = 0Number of asset objects unloaded after import = 0

========================================================================
Received Import Request.
  Time since last request: 0.000043 seconds.
  path: Packages/com.unity.microsoft.gdk/Runtime/Interop/XBL/UserStatistics/XblStatistic.cs
  artifactKey: Guid(2d4cb295d7964491b698df1a87da1d56) Importer(2089858483,b0f066a214c2f5e87bad3c948f4d605d)
Start importing Packages/com.unity.microsoft.gdk/Runtime/Interop/XBL/UserStatistics/XblStatistic.cs using Guid(2d4cb295d7964491b698df1a87da1d56) Importer(2089858483,b0f066a214c2f5e87bad3c948f4d605d) (ScriptedImporter) -> (artifact id: 'fbb0c1ab4b7c90426c0856179b39261a') in 0.0116681 seconds
Number of updated asset objects reloaded before import = 0Number of asset objects unloaded after import = 0

========================================================================
Received Import Request.
  Time since last request: 0.000106 seconds.
  path: Packages/com.unity.microsoft.gdk/Runtime/HR.cs
  artifactKey: Guid(a4ea4a2384ff4b4c9d1ad5ad56959066) Importer(2089858483,b0f066a214c2f5e87bad3c948f4d605d)
Start importing Packages/com.unity.microsoft.gdk/Runtime/HR.cs using Guid(a4ea4a2384ff4b4c9d1ad5ad56959066) Importer(2089858483,b0f066a214c2f5e87bad3c948f4d605d) (ScriptedImporter) -> (artifact id: 'ee5d57201d8fe5872b35a0662c8fc827') in 0.0118247 seconds
Number of updated asset objects reloaded before import = 0Number of asset objects unloaded after import = 0

========================================================================
Received Import Request.
  Time since last request: 0.000030 seconds.
  path: Packages/com.unity.purchasing/Runtime/TransactionVerifier/Client/Apis
  artifactKey: Guid(b3bb187cffcde456ea088291b463f34c) Importer(2089858483,b0f066a214c2f5e87bad3c948f4d605d)
Start importing Packages/com.unity.purchasing/Runtime/TransactionVerifier/Client/Apis using Guid(b3bb187cffcde456ea088291b463f34c) Importer(2089858483,b0f066a214c2f5e87bad3c948f4d605d) (ScriptedImporter) -> (artifact id: 'afc9c4cf37a109dbb39f76afa091dd7c') in 0.0112527 seconds
Number of updated asset objects reloaded before import = 0Number of asset objects unloaded after import = 1

========================================================================
Received Import Request.
  Time since last request: 0.000017 seconds.
  path: Packages/com.unity.purchasing/Runtime/UnityPaymentProviders/Client/Http/HttpClientResponse.cs
  artifactKey: Guid(57fcce210c1fb4477b3be7aa6791f1f5) Importer(2089858483,b0f066a214c2f5e87bad3c948f4d605d)
Start importing Packages/com.unity.purchasing/Runtime/UnityPaymentProviders/Client/Http/HttpClientResponse.cs using Guid(57fcce210c1fb4477b3be7aa6791f1f5) Importer(2089858483,b0f066a214c2f5e87bad3c948f4d605d) (ScriptedImporter) -> (artifact id: '40bd3d1b390a2f4f11ab538f27918422') in 0.0108017 seconds
Number of updated asset objects reloaded before import = 0Number of asset objects unloaded after import = 0

========================================================================
Received Import Request.
  Time since last request: 0.000058 seconds.
  path: Packages/com.unity.purchasing/Runtime/Purchasing/Utilities/ProductDefinitionExtensions.cs
  artifactKey: Guid(bd7889f983324abcbbf5195d90c68850) Importer(2089858483,b0f066a214c2f5e87bad3c948f4d605d)
Start importing Packages/com.unity.purchasing/Runtime/Purchasing/Utilities/ProductDefinitionExtensions.cs using Guid(bd7889f983324abcbbf5195d90c68850) Importer(2089858483,b0f066a214c2f5e87bad3c948f4d605d) (ScriptedImporter) -> (artifact id: '7ef674bffd5c967439b2788b6b329905') in 0.0107731 seconds
Number of updated asset objects reloaded before import = 0Number of asset objects unloaded after import = 0

========================================================================
Received Import Request.
  Time since last request: 0.000081 seconds.
  path: Packages/com.unity.analytics/LICENSE.md
  artifactKey: Guid(15bf9c691b85b41a39c18bee2f87e21b) Importer(2089858483,b0f066a214c2f5e87bad3c948f4d605d)
Start importing Packages/com.unity.analytics/LICENSE.md using Guid(15bf9c691b85b41a39c18bee2f87e21b) Importer(2089858483,b0f066a214c2f5e87bad3c948f4d605d) (ScriptedImporter) -> (artifact id: '8e4efceaa829c89f42c751e495c0728f') in 0.0108155 seconds
Number of updated asset objects reloaded before import = 0Number of asset objects unloaded after import = 1

========================================================================
Received Import Request.
  Time since last request: 0.000021 seconds.
  path: Packages/com.unity.services.core/Runtime/Core.Internal/Components/Networking/IHttpClient.cs
  artifactKey: Guid(03a13814984de4f0b88ec94c7f6f1b58) Importer(2089858483,b0f066a214c2f5e87bad3c948f4d605d)
Start importing Packages/com.unity.services.core/Runtime/Core.Internal/Components/Networking/IHttpClient.cs using Guid(03a13814984de4f0b88ec94c7f6f1b58) Importer(2089858483,b0f066a214c2f5e87bad3c948f4d605d) (ScriptedImporter) -> (artifact id: 'b3d40f06990885735af64217dda6ebb4') in 0.0117704 seconds
Number of updated asset objects reloaded before import = 0Number of asset objects unloaded after import = 0

========================================================================
Received Import Request.
  Time since last request: 0.000073 seconds.
  path: Packages/com.unity.services.core/Editor/Core/Environments/UI/Assets/EnvironmentSelectorUi.uss
  artifactKey: Guid(70a510401d114452a9dc4a53f35f6bfc) Importer(2089858483,b0f066a214c2f5e87bad3c948f4d605d)
Start importing Packages/com.unity.services.core/Editor/Core/Environments/UI/Assets/EnvironmentSelectorUi.uss using Guid(70a510401d114452a9dc4a53f35f6bfc) Importer(2089858483,b0f066a214c2f5e87bad3c948f4d605d) (ScriptedImporter) -> (artifact id: '7a04773769a6b0c433d4ae600c3be5fd') in 0.0096537 seconds
Number of updated asset objects reloaded before import = 0Number of asset objects unloaded after import = 1

========================================================================
Received Import Request.
  Time since last request: 0.000047 seconds.
  path: Packages/com.unity.purchasing/Runtime/Purchasing/Core/Purchasing/Interfaces/Callbacks/IStoreCheckEntitlementCallback.cs
  artifactKey: Guid(077db0fcfe36b7f42b5be9c84f681dc9) Importer(2089858483,b0f066a214c2f5e87bad3c948f4d605d)
Start importing Packages/com.unity.purchasing/Runtime/Purchasing/Core/Purchasing/Interfaces/Callbacks/IStoreCheckEntitlementCallback.cs using Guid(077db0fcfe36b7f42b5be9c84f681dc9) Importer(2089858483,b0f066a214c2f5e87bad3c948f4d605d) (ScriptedImporter) -> (artifact id: '43bc800150c4d84dc5d192e9fe30866b') in 0.0111697 seconds
Number of updated asset objects reloaded before import = 0Number of asset objects unloaded after import = 0

========================================================================
Received Import Request.
  Time since last request: 0.000041 seconds.
  path: Packages/com.unity.services.deployment/Editor/Shared/DependencyInversion/Scope.Gen.cs
  artifactKey: Guid(678e36a534ef740b9a162412f9148242) Importer(2089858483,b0f066a214c2f5e87bad3c948f4d605d)
Start importing Packages/com.unity.services.deployment/Editor/Shared/DependencyInversion/Scope.Gen.cs using Guid(678e36a534ef740b9a162412f9148242) Importer(2089858483,b0f066a214c2f5e87bad3c948f4d605d) (ScriptedImporter) -> (artifact id: '78ee29a1e19860837198d7056ee9f021') in 0.0103669 seconds
Number of updated asset objects reloaded before import = 0Number of asset objects unloaded after import = 0

========================================================================
Received Import Request.
  Time since last request: 0.000070 seconds.
  path: Packages/com.unity.purchasing/Runtime/UnityPaymentProviders/Client/Models/OrderRequestExternalTransactionTokensInner.cs
  artifactKey: Guid(ac1dd6fc7f6c54cebab0134f7fe9e902) Importer(2089858483,b0f066a214c2f5e87bad3c948f4d605d)
Start importing Packages/com.unity.purchasing/Runtime/UnityPaymentProviders/Client/Models/OrderRequestExternalTransactionTokensInner.cs using Guid(ac1dd6fc7f6c54cebab0134f7fe9e902) Importer(2089858483,b0f066a214c2f5e87bad3c948f4d605d) (ScriptedImporter) -> (artifact id: '144f2c7c8035533ea099679ab9016d2d') in 0.0087433 seconds
Number of updated asset objects reloaded before import = 0Number of asset objects unloaded after import = 0

========================================================================
Received Import Request.
  Time since last request: 0.000039 seconds.
  path: Packages/com.unity.purchasing/Runtime/Purchasing/PaymentOption/PurchaseOptionViewModel.cs
  artifactKey: Guid(c19da8d85fb6cc245b21ddd3dc574029) Importer(2089858483,b0f066a214c2f5e87bad3c948f4d605d)
Start importing Packages/com.unity.purchasing/Runtime/Purchasing/PaymentOption/PurchaseOptionViewModel.cs using Guid(c19da8d85fb6cc245b21ddd3dc574029) Importer(2089858483,b0f066a214c2f5e87bad3c948f4d605d) (ScriptedImporter) -> (artifact id: '3a4b8c8196f0a9c21906deb5a2522980') in 0.0136547 seconds
Number of updated asset objects reloaded before import = 0Number of asset objects unloaded after import = 0

========================================================================
Received Import Request.
  Time since last request: 0.000089 seconds.
  path: Packages/com.unity.microsoft.gdk/Runtime/Interop/XBL/Http
  artifactKey: Guid(b83e53ddf9914475aed3b043a9f5871c) Importer(2089858483,b0f066a214c2f5e87bad3c948f4d605d)
Start importing Packages/com.unity.microsoft.gdk/Runtime/Interop/XBL/Http using Guid(b83e53ddf9914475aed3b043a9f5871c) Importer(2089858483,b0f066a214c2f5e87bad3c948f4d605d) (ScriptedImporter) -> (artifact id: '2e8a5484bd51aba76cd19aaaad8e35dc') in 0.0105279 seconds
Number of updated asset objects reloaded before import = 0Number of asset objects unloaded after import = 1

========================================================================
Received Import Request.
  Time since last request: 0.000020 seconds.
  path: Packages/com.unity.purchasing/Editor/Authoring/Core
  artifactKey: Guid(a0609bf32fd66674ead0bf36e505ebce) Importer(2089858483,b0f066a214c2f5e87bad3c948f4d605d)
Start importing Packages/com.unity.purchasing/Editor/Authoring/Core using Guid(a0609bf32fd66674ead0bf36e505ebce) Importer(2089858483,b0f066a214c2f5e87bad3c948f4d605d) (ScriptedImporter) -> (artifact id: 'b254afc319a5c344ee3e2e16e13bf4f0') in 0.0128852 seconds
Number of updated asset objects reloaded before import = 0Number of asset objects unloaded after import = 1

========================================================================
Received Import Request.
  Time since last request: 0.000032 seconds.
  path: Packages/com.unity.services.core/Editor/Core/Linker
  artifactKey: Guid(61b29d9ff53546128af8ab2c42bc3556) Importer(2089858483,b0f066a214c2f5e87bad3c948f4d605d)
Start importing Packages/com.unity.services.core/Editor/Core/Linker using Guid(61b29d9ff53546128af8ab2c42bc3556) Importer(2089858483,b0f066a214c2f5e87bad3c948f4d605d) (ScriptedImporter) -> (artifact id: 'cecd30f54b94669181fcc88dde6895bf') in 0.0109055 seconds
Number of updated asset objects reloaded before import = 0Number of asset objects unloaded after import = 1

========================================================================
Received Import Request.
  Time since last request: 0.000022 seconds.
  path: Packages/com.unity.services.core/Runtime/Core.Internal/Components/Environments/IEnvironments.cs
  artifactKey: Guid(9ba8832336df045fca38ac55a6b587f0) Importer(2089858483,b0f066a214c2f5e87bad3c948f4d605d)
Start importing Packages/com.unity.services.core/Runtime/Core.Internal/Components/Environments/IEnvironments.cs using Guid(9ba8832336df045fca38ac55a6b587f0) Importer(2089858483,b0f066a214c2f5e87bad3c948f4d605d) (ScriptedImporter) -> (artifact id: '965e89f2e20e9d0d1132cd61a93e3119') in 0.0103998 seconds
Number of updated asset objects reloaded before import = 0Number of asset objects unloaded after import = 0

========================================================================
Received Import Request.
  Time since last request: 0.000048 seconds.
  path: Packages/com.unity.services.deployment/Editor/Interface/UI
  artifactKey: Guid(ddc6d7f0b21fb46408f1a7e1ea5d8179) Importer(2089858483,b0f066a214c2f5e87bad3c948f4d605d)
Start importing Packages/com.unity.services.deployment/Editor/Interface/UI using Guid(ddc6d7f0b21fb46408f1a7e1ea5d8179) Importer(2089858483,b0f066a214c2f5e87bad3c948f4d605d) (ScriptedImporter) -> (artifact id: 'e6f5bef30852bc9d15e9e1b4499b9074') in 0.0117546 seconds
Number of updated asset objects reloaded before import = 0Number of asset objects unloaded after import = 1

========================================================================
Received Import Request.
  Time since last request: 0.000043 seconds.
  path: Packages/com.unity.microsoft.gdk/Runtime/Interop/XBL/Achievements/XblAchievement.cs
  artifactKey: Guid(884c90e544ce48d481f60af01131d0cd) Importer(2089858483,b0f066a214c2f5e87bad3c948f4d605d)
Start importing Packages/com.unity.microsoft.gdk/Runtime/Interop/XBL/Achievements/XblAchievement.cs using Guid(884c90e544ce48d481f60af01131d0cd) Importer(2089858483,b0f066a214c2f5e87bad3c948f4d605d) (ScriptedImporter) -> (artifact id: 'e474ba3d3aa6472b2fc05684a3f1d241') in 0.0103263 seconds
Number of updated asset objects reloaded before import = 0Number of asset objects unloaded after import = 0

========================================================================
Received Import Request.
  Time since last request: 0.000019 seconds.
  path: Packages/com.unity.services.core/Runtime/Configuration/CloudProjectId.cs
  artifactKey: Guid(ac89e17024bc24b4dbbc6c7d233b333f) Importer(2089858483,b0f066a214c2f5e87bad3c948f4d605d)
Start importing Packages/com.unity.services.core/Runtime/Configuration/CloudProjectId.cs using Guid(ac89e17024bc24b4dbbc6c7d233b333f) Importer(2089858483,b0f066a214c2f5e87bad3c948f4d605d) (ScriptedImporter) -> (artifact id: '52097c270c075f8922ee3aa4d58c70ee') in 0.0118034 seconds
Number of updated asset objects reloaded before import = 0Number of asset objects unloaded after import = 0

========================================================================
Received Import Request.
  Time since last request: 0.000041 seconds.
  path: Packages/com.unity.services.core/Editor/Core/ProjectBindRedirect/ProjectBindRedirectProjectSettingsUi.cs
  artifactKey: Guid(3acf2aa337e346f289bc71ea2fb7d786) Importer(2089858483,b0f066a214c2f5e87bad3c948f4d605d)
Start importing Packages/com.unity.services.core/Editor/Core/ProjectBindRedirect/ProjectBindRedirectProjectSettingsUi.cs using Guid(3acf2aa337e346f289bc71ea2fb7d786) Importer(2089858483,b0f066a214c2f5e87bad3c948f4d605d) (ScriptedImporter) -> (artifact id: 'df3cc5a0f4d06d0ce9c7a8e1e219ddab') in 0.0123387 seconds
Number of updated asset objects reloaded before import = 0Number of asset objects unloaded after import = 0

========================================================================
Received Import Request.
  Time since last request: 0.000023 seconds.
  path: Packages/com.unity.microsoft.gdk/Runtime/Interop/XBL/Leaderboards/XblLeaderboardColumn.cs
  artifactKey: Guid(814bbd3b25aa4f488e9712b8cc32daa8) Importer(2089858483,b0f066a214c2f5e87bad3c948f4d605d)
Start importing Packages/com.unity.microsoft.gdk/Runtime/Interop/XBL/Leaderboards/XblLeaderboardColumn.cs using Guid(814bbd3b25aa4f488e9712b8cc32daa8) Importer(2089858483,b0f066a214c2f5e87bad3c948f4d605d) (ScriptedImporter) -> (artifact id: '57c697cac2bf5d19e1adc4542c3a257e') in 0.0089756 seconds
Number of updated asset objects reloaded before import = 0Number of asset objects unloaded after import = 0

========================================================================
Received Import Request.
  Time since last request: 0.000042 seconds.
  path: Packages/com.unity.analytics/Tests/Runtime/Unity.Analytics.DataPrivacy.Tests.asmdef
  artifactKey: Guid(015812e983113a84b95773e55f3cec13) Importer(2089858483,b0f066a214c2f5e87bad3c948f4d605d)
Start importing Packages/com.unity.analytics/Tests/Runtime/Unity.Analytics.DataPrivacy.Tests.asmdef using Guid(015812e983113a84b95773e55f3cec13) Importer(2089858483,b0f066a214c2f5e87bad3c948f4d605d) (ScriptedImporter) -> (artifact id: 'fb78f65df85f6ff3b5713e5e40a02c75') in 0.0134639 seconds
Number of updated asset objects reloaded before import = 0Number of asset objects unloaded after import = 1

========================================================================
Received Import Request.
  Time since last request: 0.000047 seconds.
  path: Packages/com.unity.purchasing/Runtime/Purchasing/Core/Purchasing/AppleAppStore/Extensions/UseCases/Interfaces/IContinuePromotionalPurchasesUseCase.cs
  artifactKey: Guid(8145f227693e453389360c2fe87f3cf3) Importer(2089858483,b0f066a214c2f5e87bad3c948f4d605d)
Start importing Packages/com.unity.purchasing/Runtime/Purchasing/Core/Purchasing/AppleAppStore/Extensions/UseCases/Interfaces/IContinuePromotionalPurchasesUseCase.cs using Guid(8145f227693e453389360c2fe87f3cf3) Importer(2089858483,b0f066a214c2f5e87bad3c948f4d605d) (ScriptedImporter) -> (artifact id: 'edf156817ad49c2636d93c7c652e615a') in 0.0096835 seconds
Number of updated asset objects reloaded before import = 0Number of asset objects unloaded after import = 0

========================================================================
Received Import Request.
  Time since last request: 0.000019 seconds.
  path: Packages/com.unity.purchasing/AiAssistantSkills/in-app-purchases/references/path-add-iap-to-new-project.md
  artifactKey: Guid(1a63b264841594b4b9e258b3c20251e9) Importer(2089858483,b0f066a214c2f5e87bad3c948f4d605d)
Start importing Packages/com.unity.purchasing/AiAssistantSkills/in-app-purchases/references/path-add-iap-to-new-project.md using Guid(1a63b264841594b4b9e258b3c20251e9) Importer(2089858483,b0f066a214c2f5e87bad3c948f4d605d) (ScriptedImporter) -> (artifact id: '6fed4eff813bf9630d105eb1e8b5ed16') in 0.0123087 seconds
Number of updated asset objects reloaded before import = 0Number of asset objects unloaded after import = 1

========================================================================
Received Import Request.
  Time since last request: 0.000055 seconds.
  path: Packages/com.unity.purchasing/Runtime/UnityPaymentProviders/script-fix-generated-var-names.sed
  artifactKey: Guid(8eb54ef253b8d44ce83a95f9351ea058) Importer(2089858483,b0f066a214c2f5e87bad3c948f4d605d)
Start importing Packages/com.unity.purchasing/Runtime/UnityPaymentProviders/script-fix-generated-var-names.sed using Guid(8eb54ef253b8d44ce83a95f9351ea058) Importer(2089858483,b0f066a214c2f5e87bad3c948f4d605d) (ScriptedImporter) -> (artifact id: '001ed07ca31022f609a97357536e6840') in 0.0115234 seconds
Number of updated asset objects reloaded before import = 0Number of asset objects unloaded after import = 1

========================================================================
Received Import Request.
  Time since last request: 0.000020 seconds.
  path: Packages/com.unity.microsoft.gdk.discovery/Editor/Unity.Microsoft.GDK.Discovery.asmdef
  artifactKey: Guid(e0b255ed2ada12d4d87852a1f40b53ce) Importer(2089858483,b0f066a214c2f5e87bad3c948f4d605d)
Start importing Packages/com.unity.microsoft.gdk.discovery/Editor/Unity.Microsoft.GDK.Discovery.asmdef using Guid(e0b255ed2ada12d4d87852a1f40b53ce) Importer(2089858483,b0f066a214c2f5e87bad3c948f4d605d) (ScriptedImporter) -> (artifact id: 'a0af5caf6e778c57e1a5677cf0e502b7') in 0.0137824 seconds
Number of updated asset objects reloaded before import = 0Number of asset objects unloaded after import = 1

========================================================================
Received Import Request.
  Time since last request: 0.000022 seconds.
  path: Packages/com.unity.purchasing/Plugins/UnityPurchasing/iOS/SK2/UseCases/TransactionObserverUseCase.swift
  artifactKey: Guid(8a5897e2d5fa042e7bba856179e508fd) Importer(2089858483,b0f066a214c2f5e87bad3c948f4d605d)
Start importing Packages/com.unity.purchasing/Plugins/UnityPurchasing/iOS/SK2/UseCases/TransactionObserverUseCase.swift using Guid(8a5897e2d5fa042e7bba856179e508fd) Importer(2089858483,b0f066a214c2f5e87bad3c948f4d605d) (ScriptedImporter) -> (artifact id: '581bb1c953c50e02f68464b4c3c26b87') in 0.0107197 seconds
Number of updated asset objects reloaded before import = 0Number of asset objects unloaded after import = 0

========================================================================
Received Import Request.
  Time since last request: 0.000100 seconds.
  path: Packages/com.unity.microsoft.gdk/Runtime/XBL/Achievements/XblAchievements.cs
  artifactKey: Guid(7806f018f1f848a19f9cc35294020167) Importer(2089858483,b0f066a214c2f5e87bad3c948f4d605d)
Start importing Packages/com.unity.microsoft.gdk/Runtime/XBL/Achievements/XblAchievements.cs using Guid(7806f018f1f848a19f9cc35294020167) Importer(2089858483,b0f066a214c2f5e87bad3c948f4d605d) (ScriptedImporter) -> (artifact id: '7ed4bb05d1a8c90a8edd8dc7c32290bf') in 0.0132038 seconds
Number of updated asset objects reloaded before import = 0Number of asset objects unloaded after import = 0

========================================================================
Received Import Request.
  Time since last request: 0.000018 seconds.
  path: Packages/com.unity.services.deployment.api/Editor/DeploymentWindowApi/IDependentItem.cs
  artifactKey: Guid(4b22fe139ef944dba774f6cae1359017) Importer(2089858483,b0f066a214c2f5e87bad3c948f4d605d)
Start importing Packages/com.unity.services.deployment.api/Editor/DeploymentWindowApi/IDependentItem.cs using Guid(4b22fe139ef944dba774f6cae1359017) Importer(2089858483,b0f066a214c2f5e87bad3c948f4d605d) (ScriptedImporter) -> (artifact id: 'c67a29cbf066f0a90aabf7397b5d7cd9') in 0.009159 seconds
Number of updated asset objects reloaded before import = 0Number of asset objects unloaded after import = 0

========================================================================
Received Import Request.
  Time since last request: 0.000058 seconds.
  path: Packages/com.unity.purchasing/Editor/Shared/WebApi/ApiObjectConverter.cs
  artifactKey: Guid(451a8a94716c4fc5a0e3d939b6f1e6eb) Importer(2089858483,b0f066a214c2f5e87bad3c948f4d605d)
Start importing Packages/com.unity.purchasing/Editor/Shared/WebApi/ApiObjectConverter.cs using Guid(451a8a94716c4fc5a0e3d939b6f1e6eb) Importer(2089858483,b0f066a214c2f5e87bad3c948f4d605d) (ScriptedImporter) -> (artifact id: 'a8ec02cc630ccfc7d8f5a54abfb7b704') in 0.0120884 seconds
Number of updated asset objects reloaded before import = 0Number of asset objects unloaded after import = 0

========================================================================
Received Import Request.
  Time since last request: 0.000039 seconds.
  path: Packages/com.unity.microsoft.gdk/Tests/PlayModeTests/XStoreTests.cs
  artifactKey: Guid(342dd95d0c855ba4887adaef78f94940) Importer(2089858483,b0f066a214c2f5e87bad3c948f4d605d)
Start importing Packages/com.unity.microsoft.gdk/Tests/PlayModeTests/XStoreTests.cs using Guid(342dd95d0c855ba4887adaef78f94940) Importer(2089858483,b0f066a214c2f5e87bad3c948f4d605d) (ScriptedImporter) -> (artifact id: '355575ef74b5387ff4c9000cfcd97ffb') in 0.0122571 seconds
Number of updated asset objects reloaded before import = 0Number of asset objects unloaded after import = 0

========================================================================
Received Import Request.
  Time since last request: 0.000026 seconds.
  path: Packages/com.unity.purchasing/Runtime/UnityLiveContentAdapter/Client/Http/DeserializationException.cs
  artifactKey: Guid(bfe6417dc5b6740f5b4fa0b01b281561) Importer(2089858483,b0f066a214c2f5e87bad3c948f4d605d)
Start importing Packages/com.unity.purchasing/Runtime/UnityLiveContentAdapter/Client/Http/DeserializationException.cs using Guid(bfe6417dc5b6740f5b4fa0b01b281561) Importer(2089858483,b0f066a214c2f5e87bad3c948f4d605d) (ScriptedImporter) -> (artifact id: '22c66824608cd7f07a256970e1565ee7') in 0.0111567 seconds
Number of updated asset objects reloaded before import = 0Number of asset objects unloaded after import = 0

========================================================================
Received Import Request.
  Time since last request: 0.000092 seconds.
  path: Packages/com.unity.purchasing/Editor/ServiceProjectSettings/UI/StyleSheets
  artifactKey: Guid(8ee1ac16e2987421cb2657dd20ba755d) Importer(2089858483,b0f066a214c2f5e87bad3c948f4d605d)
Start importing Packages/com.unity.purchasing/Editor/ServiceProjectSettings/UI/StyleSheets using Guid(8ee1ac16e2987421cb2657dd20ba755d) Importer(2089858483,b0f066a214c2f5e87bad3c948f4d605d) (ScriptedImporter) -> (artifact id: '34919a4eedfd365cce9f360bd9ea42bc') in 0.0132121 seconds
Number of updated asset objects reloaded before import = 0Number of asset objects unloaded after import = 1

========================================================================
Received Import Request.
  Time since last request: 0.000024 seconds.
  path: Packages/com.unity.services.core/Editor/Core/Networking/TokenExchange.cs
  artifactKey: Guid(460c6bd3df0f3f943a1ba014c1818f4a) Importer(2089858483,b0f066a214c2f5e87bad3c948f4d605d)
Start importing Packages/com.unity.services.core/Editor/Core/Networking/TokenExchange.cs using Guid(460c6bd3df0f3f943a1ba014c1818f4a) Importer(2089858483,b0f066a214c2f5e87bad3c948f4d605d) (ScriptedImporter) -> (artifact id: '433812c807a3ce029240f04cd4c65e55') in 0.011564 seconds
Number of updated asset objects reloaded before import = 0Number of asset objects unloaded after import = 0

========================================================================
Received Import Request.
  Time since last request: 0.000034 seconds.
  path: Packages/com.unity.purchasing/Editor/Authoring/Import/UI/CatalogEntryListView.cs
  artifactKey: Guid(0c3895602646842c2852dcbde3cea4b5) Importer(2089858483,b0f066a214c2f5e87bad3c948f4d605d)
Start importing Packages/com.unity.purchasing/Editor/Authoring/Import/UI/CatalogEntryListView.cs using Guid(0c3895602646842c2852dcbde3cea4b5) Importer(2089858483,b0f066a214c2f5e87bad3c948f4d605d) (ScriptedImporter) -> (artifact id: '7a1fe73a4f34368752eb917de563708e') in 0.0117548 seconds
Number of updated asset objects reloaded before import = 0Number of asset objects unloaded after import = 0

========================================================================
Received Import Request.
  Time since last request: 0.000061 seconds.
  path: Packages/com.unity.xr.legacyinputhelpers/Editor/ArmModels/ArmModelEditor.cs
  artifactKey: Guid(fd661411ada16794aa7015ddf3778407) Importer(2089858483,b0f066a214c2f5e87bad3c948f4d605d)
Start importing Packages/com.unity.xr.legacyinputhelpers/Editor/ArmModels/ArmModelEditor.cs using Guid(fd661411ada16794aa7015ddf3778407) Importer(2089858483,b0f066a214c2f5e87bad3c948f4d605d) (ScriptedImporter) -> (artifact id: '2684a831ae212ebe6d4fca7b5876dfb5') in 0.0125429 seconds
Number of updated asset objects reloaded before import = 0Number of asset objects unloaded after import = 0

========================================================================
Received Import Request.
  Time since last request: 0.000046 seconds.
  path: Packages/com.unity.purchasing/Editor/Analytics/PurchasingServiceAnalyticsRegistrar.cs
  artifactKey: Guid(415a1d6c4f1019744813ba36809435ac) Importer(2089858483,b0f066a214c2f5e87bad3c948f4d605d)
Start importing Packages/com.unity.purchasing/Editor/Analytics/PurchasingServiceAnalyticsRegistrar.cs using Guid(415a1d6c4f1019744813ba36809435ac) Importer(2089858483,b0f066a214c2f5e87bad3c948f4d605d) (ScriptedImporter) -> (artifact id: '95927b5823ad269bab76be3745494248') in 0.0090515 seconds
Number of updated asset objects reloaded before import = 0Number of asset objects unloaded after import = 0

========================================================================
Received Import Request.
  Time since last request: 0.000056 seconds.
  path: Packages/com.unity.microsoft.gdk/Runtime/Interop/XBL/MultiplayerManager/XblMultiplayerSessionReference.cs
  artifactKey: Guid(4676b3eb11cdcaa429789d6d63e2282d) Importer(2089858483,b0f066a214c2f5e87bad3c948f4d605d)
Start importing Packages/com.unity.microsoft.gdk/Runtime/Interop/XBL/MultiplayerManager/XblMultiplayerSessionReference.cs using Guid(4676b3eb11cdcaa429789d6d63e2282d) Importer(2089858483,b0f066a214c2f5e87bad3c948f4d605d) (ScriptedImporter) -> (artifact id: '9aa7d1d101e739a83976fd4ba4ffac69') in 0.0119985 seconds
Number of updated asset objects reloaded before import = 0Number of asset objects unloaded after import = 0

========================================================================
Received Import Request.
  Time since last request: 0.000050 seconds.
  path: Packages/com.unity.purchasing/Runtime/Stores/Core/Resolvers/StoreOverrideLookupClient.cs
  artifactKey: Guid(9d3e5fa42bc74c7283b8d9e3f4b2c6a5) Importer(2089858483,b0f066a214c2f5e87bad3c948f4d605d)
Start importing Packages/com.unity.purchasing/Runtime/Stores/Core/Resolvers/StoreOverrideLookupClient.cs using Guid(9d3e5fa42bc74c7283b8d9e3f4b2c6a5) Importer(2089858483,b0f066a214c2f5e87bad3c948f4d605d) (ScriptedImporter) -> (artifact id: 'be9892655d1b0a26e9a2a3cd7d5ae25b') in 0.0094415 seconds
Number of updated asset objects reloaded before import = 0Number of asset objects unloaded after import = 0

========================================================================
Received Import Request.
  Time since last request: 0.000030 seconds.
  path: Packages/com.unity.purchasing/Runtime/Stores/Android/GooglePlay/AAR/Utils/GooglePurchaseBuilder.cs
  artifactKey: Guid(93935a767c9464c3b8a85b28b562429e) Importer(2089858483,b0f066a214c2f5e87bad3c948f4d605d)
Start importing Packages/com.unity.purchasing/Runtime/Stores/Android/GooglePlay/AAR/Utils/GooglePurchaseBuilder.cs using Guid(93935a767c9464c3b8a85b28b562429e) Importer(2089858483,b0f066a214c2f5e87bad3c948f4d605d) (ScriptedImporter) -> (artifact id: 'b0b7b0c2f7016acc80dd0c80c2803de3') in 0.0123525 seconds
Number of updated asset objects reloaded before import = 0Number of asset objects unloaded after import = 0

========================================================================
Received Import Request.
  Time since last request: 0.000044 seconds.
  path: Packages/com.unity.purchasing/Runtime/Purchasing/Extension
  artifactKey: Guid(fdc32a6da4c14b4081d9ca61a89a7c86) Importer(2089858483,b0f066a214c2f5e87bad3c948f4d605d)
Start importing Packages/com.unity.purchasing/Runtime/Purchasing/Extension using Guid(fdc32a6da4c14b4081d9ca61a89a7c86) Importer(2089858483,b0f066a214c2f5e87bad3c948f4d605d) (ScriptedImporter) -> (artifact id: 'ffaaf55bf13d21eb78b8e8d73e781419') in 0.0120462 seconds
Number of updated asset objects reloaded before import = 0Number of asset objects unloaded after import = 1

========================================================================
Received Import Request.
  Time since last request: 0.000514 seconds.
  path: Packages/com.unity.services.core/Runtime/Core.Internal/Telemetry/CoreDiagnostics.cs
  artifactKey: Guid(9fb175b9ce0f46e89880ba861805a2ff) Importer(2089858483,b0f066a214c2f5e87bad3c948f4d605d)
Start importing Packages/com.unity.services.core/Runtime/Core.Internal/Telemetry/CoreDiagnostics.cs using Guid(9fb175b9ce0f46e89880ba861805a2ff) Importer(2089858483,b0f066a214c2f5e87bad3c948f4d605d) (ScriptedImporter) -> (artifact id: '10331ae74c75d6fe8502acbf5617ee93') in 0.010883 seconds
Number of updated asset objects reloaded before import = 0Number of asset objects unloaded after import = 0

========================================================================
Received Import Request.
  Time since last request: 0.000053 seconds.
  path: Packages/com.unity.services.deployment/Editor/Interface/UI/Serialization/ISerializationManager.cs
  artifactKey: Guid(2a75f06b844f405183ac128abd39e827) Importer(2089858483,b0f066a214c2f5e87bad3c948f4d605d)
Start importing Packages/com.unity.services.deployment/Editor/Interface/UI/Serialization/ISerializationManager.cs using Guid(2a75f06b844f405183ac128abd39e827) Importer(2089858483,b0f066a214c2f5e87bad3c948f4d605d) (ScriptedImporter) -> (artifact id: 'f9b34ac539922f4a9443b8df42235242') in 0.0119031 seconds
Number of updated asset objects reloaded before import = 0Number of asset objects unloaded after import = 0

========================================================================
Received Import Request.
  Time since last request: 0.000051 seconds.
  path: Packages/com.unity.purchasing/Runtime/Purchasing/Telemetry/Metrics/TelemetryMetricDefinition.cs
  artifactKey: Guid(17dda52e19ce4bdca57c1479622727c3) Importer(2089858483,b0f066a214c2f5e87bad3c948f4d605d)
Start importing Packages/com.unity.purchasing/Runtime/Purchasing/Telemetry/Metrics/TelemetryMetricDefinition.cs using Guid(17dda52e19ce4bdca57c1479622727c3) Importer(2089858483,b0f066a214c2f5e87bad3c948f4d605d) (ScriptedImporter) -> (artifact id: 'dd3bb620384163a681e30ca618136611') in 0.0115273 seconds
Number of updated asset objects reloaded before import = 0Number of asset objects unloaded after import = 0

========================================================================
Received Import Request.
  Time since last request: 0.000873 seconds.
  path: Packages/com.unity.services.deployment/Editor/Shared/Clients
  artifactKey: Guid(957a770c543254309828d0f5a960f406) Importer(2089858483,b0f066a214c2f5e87bad3c948f4d605d)
Start importing Packages/com.unity.services.deployment/Editor/Shared/Clients using Guid(957a770c543254309828d0f5a960f406) Importer(2089858483,b0f066a214c2f5e87bad3c948f4d605d) (ScriptedImporter) -> (artifact id: '903d5e510ab736059d084c3bb3fe6b44') in 0.0095503 seconds
Number of updated asset objects reloaded before import = 0Number of asset objects unloaded after import = 1

========================================================================
Received Import Request.
  Time since last request: 0.000046 seconds.
  path: Packages/com.unity.purchasing/Editor/Apple/AppleCapabilities.cs
  artifactKey: Guid(2e3df40998024a189cc6bb7313d85a44) Importer(2089858483,b0f066a214c2f5e87bad3c948f4d605d)
Start importing Packages/com.unity.purchasing/Editor/Apple/AppleCapabilities.cs using Guid(2e3df40998024a189cc6bb7313d85a44) Importer(2089858483,b0f066a214c2f5e87bad3c948f4d605d) (ScriptedImporter) -> (artifact id: '75f3f6ef31c2e342361767f1cd5c660f') in 0.0106065 seconds
Number of updated asset objects reloaded before import = 0Number of asset objects unloaded after import = 0

========================================================================
Received Import Request.
  Time since last request: 0.000071 seconds.
  path: Packages/com.unity.services.deployment/Editor/Interface/UI/Assets/CheckmarkToggle.uss
  artifactKey: Guid(5b26772964f114af0b39555dc35201cb) Importer(2089858483,b0f066a214c2f5e87bad3c948f4d605d)
Start importing Packages/com.unity.services.deployment/Editor/Interface/UI/Assets/CheckmarkToggle.uss using Guid(5b26772964f114af0b39555dc35201cb) Importer(2089858483,b0f066a214c2f5e87bad3c948f4d605d) (ScriptedImporter) -> (artifact id: '771925a4bff51cffada90b4f0b13a83a') in 0.0122884 seconds
Number of updated asset objects reloaded before import = 0Number of asset objects unloaded after import = 1

========================================================================
Received Import Request.
  Time since last request: 0.000018 seconds.
  path: Packages/com.unity.services.core/Runtime/Components
  artifactKey: Guid(2e40aad1c6102d44381ef4fceccc9388) Importer(2089858483,b0f066a214c2f5e87bad3c948f4d605d)
Start importing Packages/com.unity.services.core/Runtime/Components using Guid(2e40aad1c6102d44381ef4fceccc9388) Importer(2089858483,b0f066a214c2f5e87bad3c948f4d605d) (ScriptedImporter) -> (artifact id: 'a7abd8d1b195d2a1c327ca88f2bdc6ff') in 0.0105885 seconds
Number of updated asset objects reloaded before import = 0Number of asset objects unloaded after import = 1

========================================================================
Received Import Request.
  Time since last request: 0.000056 seconds.
  path: Packages/com.unity.xr.legacyinputhelpers/Editor/MenuUtils.cs
  artifactKey: Guid(4f594677a2340704797934efc5ba0678) Importer(2089858483,b0f066a214c2f5e87bad3c948f4d605d)
Start importing Packages/com.unity.xr.legacyinputhelpers/Editor/MenuUtils.cs using Guid(4f594677a2340704797934efc5ba0678) Importer(2089858483,b0f066a214c2f5e87bad3c948f4d605d) (ScriptedImporter) -> (artifact id: 'f0a380462ac203806c5cb0fd8b4b02fb') in 0.0095445 seconds
Number of updated asset objects reloaded before import = 0Number of asset objects unloaded after import = 0

========================================================================
Received Import Request.
  Time since last request: 0.000053 seconds.
  path: Packages/com.unity.purchasing/Runtime/Purchasing/Core/Purchasing/AppleAppStore/Extensions/UseCases/Interfaces/ISimulateAskToBuyUseCase.cs
  artifactKey: Guid(779f9ae305774916bfe0e2ff031eaf36) Importer(2089858483,b0f066a214c2f5e87bad3c948f4d605d)
Start importing Packages/com.unity.purchasing/Runtime/Purchasing/Core/Purchasing/AppleAppStore/Extensions/UseCases/Interfaces/ISimulateAskToBuyUseCase.cs using Guid(779f9ae305774916bfe0e2ff031eaf36) Importer(2089858483,b0f066a214c2f5e87bad3c948f4d605d) (ScriptedImporter) -> (artifact id: '0cdf5427b711d3693fc0e2606ebb38c9') in 0.0119454 seconds
Number of updated asset objects reloaded before import = 0Number of asset objects unloaded after import = 0

========================================================================
Received Import Request.
  Time since last request: 0.000044 seconds.
  path: Packages/com.unity.purchasing/Editor/ServiceProjectSettings/Entity/PurchasingServiceToggleEvent.cs
  artifactKey: Guid(40f9164b9a756184d9c35a724369fe41) Importer(2089858483,b0f066a214c2f5e87bad3c948f4d605d)
Start importing Packages/com.unity.purchasing/Editor/ServiceProjectSettings/Entity/PurchasingServiceToggleEvent.cs using Guid(40f9164b9a756184d9c35a724369fe41) Importer(2089858483,b0f066a214c2f5e87bad3c948f4d605d) (ScriptedImporter) -> (artifact id: 'b784027e4ef0695d97d613e8f9b63118') in 0.0135456 seconds
Number of updated asset objects reloaded before import = 0Number of asset objects unloaded after import = 0

========================================================================
Received Import Request.
  Time since last request: 0.000063 seconds.
  path: Packages/com.unity.purchasing/Runtime/UnityLiveContentAdapter/Interfaces/ILiveContentAdapterClientWrapper.cs
  artifactKey: Guid(6e372afb9db43460f973a99a747f7045) Importer(2089858483,b0f066a214c2f5e87bad3c948f4d605d)
Start importing Packages/com.unity.purchasing/Runtime/UnityLiveContentAdapter/Interfaces/ILiveContentAdapterClientWrapper.cs using Guid(6e372afb9db43460f973a99a747f7045) Importer(2089858483,b0f066a214c2f5e87bad3c948f4d605d) (ScriptedImporter) -> (artifact id: '09cf22d2f411760a8cadffc07c4e2ad9') in 0.0159018 seconds
Number of updated asset objects reloaded before import = 0Number of asset objects unloaded after import = 0

========================================================================
Received Import Request.
  Time since last request: 0.000146 seconds.
  path: Packages/com.unity.purchasing/Editor/Authoring/LiveContentAdminApi/Client/Model/DeleteConfig200Response.cs
  artifactKey: Guid(ebc571c31c3044db9884d4f57d252b20) Importer(2089858483,b0f066a214c2f5e87bad3c948f4d605d)
Start importing Packages/com.unity.purchasing/Editor/Authoring/LiveContentAdminApi/Client/Model/DeleteConfig200Response.cs using Guid(ebc571c31c3044db9884d4f57d252b20) Importer(2089858483,b0f066a214c2f5e87bad3c948f4d605d) (ScriptedImporter) -> (artifact id: '6c277aa2946d88cbdb297123306152e8') in 0.0111429 seconds
Number of updated asset objects reloaded before import = 0Number of asset objects unloaded after import = 0

========================================================================
Received Import Request.
  Time since last request: 0.000090 seconds.
  path: Packages/com.unity.purchasing/Runtime/Purchasing/CatalogListing.cs
  artifactKey: Guid(a12fd6ebc9274b6e85c57f9423ccadd4) Importer(2089858483,b0f066a214c2f5e87bad3c948f4d605d)
Start importing Packages/com.unity.purchasing/Runtime/Purchasing/CatalogListing.cs using Guid(a12fd6ebc9274b6e85c57f9423ccadd4) Importer(2089858483,b0f066a214c2f5e87bad3c948f4d605d) (ScriptedImporter) -> (artifact id: '75b911e56948e402366a30e6183b9355') in 0.0106232 seconds
Number of updated asset objects reloaded before import = 0Number of asset objects unloaded after import = 0

========================================================================
Received Import Request.
  Time since last request: 0.000069 seconds.
  path: Packages/com.unity.services.core/Editor/Core/Environments/UI/EnvironmentSelector.cs
  artifactKey: Guid(a6b7cd5474143421294936ce0035f352) Importer(2089858483,b0f066a214c2f5e87bad3c948f4d605d)
Start importing Packages/com.unity.services.core/Editor/Core/Environments/UI/EnvironmentSelector.cs using Guid(a6b7cd5474143421294936ce0035f352) Importer(2089858483,b0f066a214c2f5e87bad3c948f4d605d) (ScriptedImporter) -> (artifact id: '1fb53e9292635d7652c705debcaee4cd') in 0.0107885 seconds
Number of updated asset objects reloaded before import = 0Number of asset objects unloaded after import = 0

========================================================================
Received Import Request.
  Time since last request: 0.000034 seconds.
  path: Packages/com.unity.purchasing/Runtime/Purchasing/Telemetry/Metrics/TelemetryMetricParams.cs
  artifactKey: Guid(1950adf491c348aa9e84d45283c62684) Importer(2089858483,b0f066a214c2f5e87bad3c948f4d605d)
Start importing Packages/com.unity.purchasing/Runtime/Purchasing/Telemetry/Metrics/TelemetryMetricParams.cs using Guid(1950adf491c348aa9e84d45283c62684) Importer(2089858483,b0f066a214c2f5e87bad3c948f4d605d) (ScriptedImporter) -> (artifact id: '02fcc46f6ee61591dfa7f7d9b381b12d') in 0.011542 seconds
Number of updated asset objects reloaded before import = 0Number of asset objects unloaded after import = 0

========================================================================
Received Import Request.
  Time since last request: 0.000022 seconds.
  path: Packages/com.unity.services.deployment.api
  artifactKey: Guid(cc9b6879af8622a3f3df80ff192a8753) Importer(2089858483,b0f066a214c2f5e87bad3c948f4d605d)
Start importing Packages/com.unity.services.deployment.api using Guid(cc9b6879af8622a3f3df80ff192a8753) Importer(2089858483,b0f066a214c2f5e87bad3c948f4d605d) (ScriptedImporter) -> (artifact id: '97c560cdc8157f1b420c1e8fd78d488c') in 0.0109848 seconds
Number of updated asset objects reloaded before import = 0Number of asset objects unloaded after import = 1

========================================================================
Received Import Request.
  Time since last request: 0.000057 seconds.
  path: Packages/com.unity.services.deployment/Editor/Shared/Assets/IPath.Gen.cs
  artifactKey: Guid(5360ddedfb9fe4607a807de7d7a53fd6) Importer(2089858483,b0f066a214c2f5e87bad3c948f4d605d)
Start importing Packages/com.unity.services.deployment/Editor/Shared/Assets/IPath.Gen.cs using Guid(5360ddedfb9fe4607a807de7d7a53fd6) Importer(2089858483,b0f066a214c2f5e87bad3c948f4d605d) (ScriptedImporter) -> (artifact id: 'e0b969b632f8a816da284fed334ba8a6') in 0.0155576 seconds
Number of updated asset objects reloaded before import = 0Number of asset objects unloaded after import = 0

========================================================================
Received Import Request.
  Time since last request: 0.000061 seconds.
  path: Packages/com.unity.services.deployment/Editor/Shared/Serialization/IsolatedJsonConvert.Gen.cs
  artifactKey: Guid(823b7494101ba4950a40d70ef0138005) Importer(2089858483,b0f066a214c2f5e87bad3c948f4d605d)
Start importing Packages/com.unity.services.deployment/Editor/Shared/Serialization/IsolatedJsonConvert.Gen.cs using Guid(823b7494101ba4950a40d70ef0138005) Importer(2089858483,b0f066a214c2f5e87bad3c948f4d605d) (ScriptedImporter) -> (artifact id: '017491e5ad4bd832ffbe8a6457462548') in 0.012824 seconds
Number of updated asset objects reloaded before import = 0Number of asset objects unloaded after import = 0

========================================================================
Received Import Request.
  Time since last request: 0.000032 seconds.
  path: Packages/com.unity.analytics/Unity.Analytics.Editor.dll
  artifactKey: Guid(224ede67b4f3a4109bfec4d5cb161b05) Importer(2089858483,b0f066a214c2f5e87bad3c948f4d605d)
Start importing Packages/com.unity.analytics/Unity.Analytics.Editor.dll using Guid(224ede67b4f3a4109bfec4d5cb161b05) Importer(2089858483,b0f066a214c2f5e87bad3c948f4d605d) (ScriptedImporter) -> (artifact id: '95c3459f370d0b6ff1ca5c8deae25579') in 0.0142717 seconds
Number of updated asset objects reloaded before import = 0Number of asset objects unloaded after import = 0

========================================================================
Received Import Request.
  Time since last request: 0.000057 seconds.
  path: Packages/com.unity.microsoft.gdk/Runtime/XBL/TitleManagedStats/XblTitleManagedStatType.cs
  artifactKey: Guid(cd29a232d0b9422489b718effe4ffd85) Importer(2089858483,b0f066a214c2f5e87bad3c948f4d605d)
Start importing Packages/com.unity.microsoft.gdk/Runtime/XBL/TitleManagedStats/XblTitleManagedStatType.cs using Guid(cd29a232d0b9422489b718effe4ffd85) Importer(2089858483,b0f066a214c2f5e87bad3c948f4d605d) (ScriptedImporter) -> (artifact id: '6ccdaa8c5bc2ff1cc0d1746e85399137') in 0.0100076 seconds
Number of updated asset objects reloaded before import = 0Number of asset objects unloaded after import = 0

========================================================================
Received Import Request.
  Time since last request: 0.000101 seconds.
  path: Packages/com.unity.purchasing/Runtime/Purchasing/Extension/Interfaces/IRemoteCatalogProvider.cs
  artifactKey: Guid(c02494c5af234d738b2e4e05bde44fd0) Importer(2089858483,b0f066a214c2f5e87bad3c948f4d605d)
Start importing Packages/com.unity.purchasing/Runtime/Purchasing/Extension/Interfaces/IRemoteCatalogProvider.cs using Guid(c02494c5af234d738b2e4e05bde44fd0) Importer(2089858483,b0f066a214c2f5e87bad3c948f4d605d) (ScriptedImporter) -> (artifact id: 'f09b72b9130760a92ba1a34a308b9d47') in 0.0112976 seconds
Number of updated asset objects reloaded before import = 0Number of asset objects unloaded after import = 0

========================================================================
Received Import Request.
  Time since last request: 0.000017 seconds.
  path: Packages/com.unity.services.core/Editor/Core/Shared/UI/CollectionBinding.Gen.cs
  artifactKey: Guid(87afa49178de548ed83971e4819c36bd) Importer(2089858483,b0f066a214c2f5e87bad3c948f4d605d)
Start importing Packages/com.unity.services.core/Editor/Core/Shared/UI/CollectionBinding.Gen.cs using Guid(87afa49178de548ed83971e4819c36bd) Importer(2089858483,b0f066a214c2f5e87bad3c948f4d605d) (ScriptedImporter) -> (artifact id: '325ecbce1e2068aa39aa99e5756351d1') in 0.012556 seconds
Number of updated asset objects reloaded before import = 0Number of asset objects unloaded after import = 0

========================================================================
Received Import Request.
  Time since last request: 0.000068 seconds.
  path: Packages/com.unity.purchasing/Editor/Authoring/PurchasingAdminApi/Client/Model/TargetingResponse.cs
  artifactKey: Guid(4e012ba584f1549b9986de2992b1fb4c) Importer(2089858483,b0f066a214c2f5e87bad3c948f4d605d)
Start importing Packages/com.unity.purchasing/Editor/Authoring/PurchasingAdminApi/Client/Model/TargetingResponse.cs using Guid(4e012ba584f1549b9986de2992b1fb4c) Importer(2089858483,b0f066a214c2f5e87bad3c948f4d605d) (ScriptedImporter) -> (artifact id: '41cb42cfd7b6f159ae75036a1eebfebf') in 0.0098871 seconds
Number of updated asset objects reloaded before import = 0Number of asset objects unloaded after import = 0

========================================================================
Received Import Request.
  Time since last request: 0.000020 seconds.
  path: Packages/com.unity.microsoft.gdk/Tests/PlayModeTests/XAccessibilityTests.cs
  artifactKey: Guid(06e4aa8e515441a4dafa96f68352381b) Importer(2089858483,b0f066a214c2f5e87bad3c948f4d605d)
Start importing Packages/com.unity.microsoft.gdk/Tests/PlayModeTests/XAccessibilityTests.cs using Guid(06e4aa8e515441a4dafa96f68352381b) Importer(2089858483,b0f066a214c2f5e87bad3c948f4d605d) (ScriptedImporter) -> (artifact id: '01b6c5712f86d1007e7d9ce6db678701') in 0.0107899 seconds
Number of updated asset objects reloaded before import = 0Number of asset objects unloaded after import = 0

========================================================================
Received Import Request.
  Time since last request: 0.000081 seconds.
  path: Packages/com.unity.microsoft.gdk.discovery/Editor/GdkEnumerator.cs
  artifactKey: Guid(8cab899168531584a995ae0a0ae550f3) Importer(2089858483,b0f066a214c2f5e87bad3c948f4d605d)
Start importing Packages/com.unity.microsoft.gdk.discovery/Editor/GdkEnumerator.cs using Guid(8cab899168531584a995ae0a0ae550f3) Importer(2089858483,b0f066a214c2f5e87bad3c948f4d605d) (ScriptedImporter) -> (artifact id: 'c64949e93ccfbd20e52e773de5dd3c21') in 0.0123311 seconds
Number of updated asset objects reloaded before import = 0Number of asset objects unloaded after import = 0

========================================================================
Received Import Request.
  Time since last request: 0.000092 seconds.
  path: Packages/com.unity.purchasing/Runtime/Purchasing/Extension/CatalogListings
  artifactKey: Guid(2926360e50a9f4ef49107d6ccf49c768) Importer(2089858483,b0f066a214c2f5e87bad3c948f4d605d)
Start importing Packages/com.unity.purchasing/Runtime/Purchasing/Extension/CatalogListings using Guid(2926360e50a9f4ef49107d6ccf49c768) Importer(2089858483,b0f066a214c2f5e87bad3c948f4d605d) (ScriptedImporter) -> (artifact id: '3bf382c82cc258c8d8d225d95152dbe1') in 0.0113041 seconds
Number of updated asset objects reloaded before import = 0Number of asset objects unloaded after import = 1

========================================================================
Received Import Request.
  Time since last request: 0.000018 seconds.
  path: Packages/com.unity.purchasing/Runtime/AppleMacosStub/AssemblyInfo.cs
  artifactKey: Guid(e9acea7b45606324a5cb46f48a267407) Importer(2089858483,b0f066a214c2f5e87bad3c948f4d605d)
Start importing Packages/com.unity.purchasing/Runtime/AppleMacosStub/AssemblyInfo.cs using Guid(e9acea7b45606324a5cb46f48a267407) Importer(2089858483,b0f066a214c2f5e87bad3c948f4d605d) (ScriptedImporter) -> (artifact id: '0a031da96a2ef7232ee3292db8b8c0f2') in 0.0122347 seconds
Number of updated asset objects reloaded before import = 0Number of asset objects unloaded after import = 0

========================================================================
Received Import Request.
  Time since last request: 0.000020 seconds.
  path: Packages/com.unity.microsoft.gdk/Runtime/Interop/XAsyncBlockInterop.cs
  artifactKey: Guid(17ef6caf678d7e94d9d4aebf7bc78b99) Importer(2089858483,b0f066a214c2f5e87bad3c948f4d605d)
Start importing Packages/com.unity.microsoft.gdk/Runtime/Interop/XAsyncBlockInterop.cs using Guid(17ef6caf678d7e94d9d4aebf7bc78b99) Importer(2089858483,b0f066a214c2f5e87bad3c948f4d605d) (ScriptedImporter) -> (artifact id: '6b2881b90eb3c1cf4c5c6ba397ec633e') in 0.0105675 seconds
Number of updated asset objects reloaded before import = 0Number of asset objects unloaded after import = 0

========================================================================
Received Import Request.
  Time since last request: 0.000049 seconds.
  path: Packages/com.unity.purchasing/Editor/ServiceProjectSettings/UI/Views/XboxConfigurationSettingsBlock.cs
  artifactKey: Guid(77cb9845e5a4d6a469c8d67feef20ad3) Importer(2089858483,b0f066a214c2f5e87bad3c948f4d605d)
Start importing Packages/com.unity.purchasing/Editor/ServiceProjectSettings/UI/Views/XboxConfigurationSettingsBlock.cs using Guid(77cb9845e5a4d6a469c8d67feef20ad3) Importer(2089858483,b0f066a214c2f5e87bad3c948f4d605d) (ScriptedImporter) -> (artifact id: 'bedf8713f0479b67b099be1ef7c41c9f') in 0.011052 seconds
Number of updated asset objects reloaded before import = 0Number of asset objects unloaded after import = 0

========================================================================
Received Import Request.
  Time since last request: 0.000067 seconds.
  path: Packages/com.unity.services.core/Editor/Core/UiHelpers/UXML/PlatformSupportVisual.uxml
  artifactKey: Guid(3ec1058b5f6b14ce3ad4b976c291d834) Importer(2089858483,b0f066a214c2f5e87bad3c948f4d605d)
Start importing Packages/com.unity.services.core/Editor/Core/UiHelpers/UXML/PlatformSupportVisual.uxml using Guid(3ec1058b5f6b14ce3ad4b976c291d834) Importer(2089858483,b0f066a214c2f5e87bad3c948f4d605d) (ScriptedImporter) -> (artifact id: '55e871a8911488dd1fd08713fa8d0f1b') in 0.0157943 seconds
Number of updated asset objects reloaded before import = 0Number of asset objects unloaded after import = 2

========================================================================
Received Import Request.
  Time since last request: 0.000049 seconds.
  path: Packages/com.unity.purchasing/Editor/ServiceProjectSettings/UI/Views/PlatformsAndStoresServiceSettingsBlock.cs
  artifactKey: Guid(74971550027403b4d97784cdb01c4f5a) Importer(2089858483,b0f066a214c2f5e87bad3c948f4d605d)
Start importing Packages/com.unity.purchasing/Editor/ServiceProjectSettings/UI/Views/PlatformsAndStoresServiceSettingsBlock.cs using Guid(74971550027403b4d97784cdb01c4f5a) Importer(2089858483,b0f066a214c2f5e87bad3c948f4d605d) (ScriptedImporter) -> (artifact id: 'afa631eef916da2fe04fc0205ec3078a') in 0.0114486 seconds
Number of updated asset objects reloaded before import = 0Number of asset objects unloaded after import = 0

========================================================================
Received Import Request.
  Time since last request: 0.000073 seconds.
  path: Packages/com.unity.services.core/Editor/Core/Status/UIService.cs
  artifactKey: Guid(55664f0782a0cb94b92e75995c309760) Importer(2089858483,b0f066a214c2f5e87bad3c948f4d605d)
Start importing Packages/com.unity.services.core/Editor/Core/Status/UIService.cs using Guid(55664f0782a0cb94b92e75995c309760) Importer(2089858483,b0f066a214c2f5e87bad3c948f4d605d) (ScriptedImporter) -> (artifact id: '0d8fa6aafe15f94d1eb8f7eab7b6e9d3') in 0.009813 seconds
Number of updated asset objects reloaded before import = 0Number of asset objects unloaded after import = 0

========================================================================
Received Import Request.
  Time since last request: 0.000060 seconds.
  path: Packages/com.unity.microsoft.gdk/Runtime/Interop/XBL/Http/XblHttpInterop.cs
  artifactKey: Guid(9922124944f9456184c60a11bc603df2) Importer(2089858483,b0f066a214c2f5e87bad3c948f4d605d)
Start importing Packages/com.unity.microsoft.gdk/Runtime/Interop/XBL/Http/XblHttpInterop.cs using Guid(9922124944f9456184c60a11bc603df2) Importer(2089858483,b0f066a214c2f5e87bad3c948f4d605d) (ScriptedImporter) -> (artifact id: '29ea760581f8f31cd05a55ecf61939df') in 0.0092342 seconds
Number of updated asset objects reloaded before import = 0Number of asset objects unloaded after import = 0

========================================================================
Received Import Request.
  Time since last request: 0.000043 seconds.
  path: Packages/com.unity.services.core/Runtime/Components/ServicesInitializationEvents.cs
  artifactKey: Guid(a1952452a6d6d0e4dbbf9ccf58e31d37) Importer(2089858483,b0f066a214c2f5e87bad3c948f4d605d)
Start importing Packages/com.unity.services.core/Runtime/Components/ServicesInitializationEvents.cs using Guid(a1952452a6d6d0e4dbbf9ccf58e31d37) Importer(2089858483,b0f066a214c2f5e87bad3c948f4d605d) (ScriptedImporter) -> (artifact id: '8d5938bd41ac109ddd681683ce8c6f9d') in 0.0109641 seconds
Number of updated asset objects reloaded before import = 0Number of asset objects unloaded after import = 0

========================================================================
Received Import Request.
  Time since last request: 0.000036 seconds.
  path: Packages/com.unity.purchasing/Editor/Analytics/PackageKey
  artifactKey: Guid(d2a9fd35691908041b706803135caf71) Importer(2089858483,b0f066a214c2f5e87bad3c948f4d605d)
Start importing Packages/com.unity.purchasing/Editor/Analytics/PackageKey using Guid(d2a9fd35691908041b706803135caf71) Importer(2089858483,b0f066a214c2f5e87bad3c948f4d605d) (ScriptedImporter) -> (artifact id: 'c47ade4eed0c3caef8afd45a3754b1d8') in 0.0105192 seconds
Number of updated asset objects reloaded before import = 0Number of asset objects unloaded after import = 1

========================================================================
Received Import Request.
  Time since last request: 0.000020 seconds.
  path: Packages/com.unity.services.core/Editor/Core/UserRoleManagement/UserRoleRequest.cs
  artifactKey: Guid(e29e778179e742d99a136adc003ad43a) Importer(2089858483,b0f066a214c2f5e87bad3c948f4d605d)
Start importing Packages/com.unity.services.core/Editor/Core/UserRoleManagement/UserRoleRequest.cs using Guid(e29e778179e742d99a136adc003ad43a) Importer(2089858483,b0f066a214c2f5e87bad3c948f4d605d) (ScriptedImporter) -> (artifact id: '9b0968aceea1531068599adc6b4bae89') in 0.0113525 seconds
Number of updated asset objects reloaded before import = 0Number of asset objects unloaded after import = 0

========================================================================
Received Import Request.
  Time since last request: 0.000030 seconds.
  path: Packages/com.unity.microsoft.gdk/Runtime/XBL/Matchmaking/XblMatchmakingStatus.cs
  artifactKey: Guid(16fb89dfeeac4183aa057f7ba5f93a3f) Importer(2089858483,b0f066a214c2f5e87bad3c948f4d605d)
Start importing Packages/com.unity.microsoft.gdk/Runtime/XBL/Matchmaking/XblMatchmakingStatus.cs using Guid(16fb89dfeeac4183aa057f7ba5f93a3f) Importer(2089858483,b0f066a214c2f5e87bad3c948f4d605d) (ScriptedImporter) -> (artifact id: 'e36b49b0e280695beacf39ab949f31b4') in 0.0131458 seconds
Number of updated asset objects reloaded before import = 0Number of asset objects unloaded after import = 0

========================================================================
Received Import Request.
  Time since last request: 0.000066 seconds.
  path: Packages/com.unity.purchasing/Runtime/TransactionVerifier/Client/Http/UnityWebRequestHelpers.cs
  artifactKey: Guid(7c1ef15634441483bb3f7088bc2d7b20) Importer(2089858483,b0f066a214c2f5e87bad3c948f4d605d)
Start importing Packages/com.unity.purchasing/Runtime/TransactionVerifier/Client/Http/UnityWebRequestHelpers.cs using Guid(7c1ef15634441483bb3f7088bc2d7b20) Importer(2089858483,b0f066a214c2f5e87bad3c948f4d605d) (ScriptedImporter) -> (artifact id: '43e3c478310a297d1d96733bf5cb8032') in 0.0082605 seconds
Number of updated asset objects reloaded before import = 0Number of asset objects unloaded after import = 0

========================================================================
Received Import Request.
  Time since last request: 0.000093 seconds.
  path: Packages/com.unity.services.core/Editor/Core/Status/StatusService.cs
  artifactKey: Guid(16b8ddc876eddc643a2febc0a4c44823) Importer(2089858483,b0f066a214c2f5e87bad3c948f4d605d)
Start importing Packages/com.unity.services.core/Editor/Core/Status/StatusService.cs using Guid(16b8ddc876eddc643a2febc0a4c44823) Importer(2089858483,b0f066a214c2f5e87bad3c948f4d605d) (ScriptedImporter) -> (artifact id: '3b8f77ca3de3bb0a3ba3b5057d1dd538') in 0.0121541 seconds
Number of updated asset objects reloaded before import = 0Number of asset objects unloaded after import = 0

========================================================================
Received Import Request.
  Time since last request: 0.000027 seconds.
  path: Packages/com.unity.purchasing/Editor/Shared/WebApi/IApiClient.cs
  artifactKey: Guid(c7cdeb159e22424ab9558b15b5193cd7) Importer(2089858483,b0f066a214c2f5e87bad3c948f4d605d)
Start importing Packages/com.unity.purchasing/Editor/Shared/WebApi/IApiClient.cs using Guid(c7cdeb159e22424ab9558b15b5193cd7) Importer(2089858483,b0f066a214c2f5e87bad3c948f4d605d) (ScriptedImporter) -> (artifact id: 'e326fe8e1b1a650dbe02fd54339e7908') in 0.0115221 seconds
Number of updated asset objects reloaded before import = 0Number of asset objects unloaded after import = 0

========================================================================
Received Import Request.
  Time since last request: 0.000091 seconds.
  path: Packages/com.unity.purchasing/Runtime/Purchasing/Core/Store/AppleAppStore/AppleStoreExtendedService.cs
  artifactKey: Guid(1385cf7de4384e70bac8e2f4973d739e) Importer(2089858483,b0f066a214c2f5e87bad3c948f4d605d)
Start importing Packages/com.unity.purchasing/Runtime/Purchasing/Core/Store/AppleAppStore/AppleStoreExtendedService.cs using Guid(1385cf7de4384e70bac8e2f4973d739e) Importer(2089858483,b0f066a214c2f5e87bad3c948f4d605d) (ScriptedImporter) -> (artifact id: '7d0f33a998a30ed96c0328d6ace82a45') in 0.0107059 seconds
Number of updated asset objects reloaded before import = 0Number of asset objects unloaded after import = 0

========================================================================
Received Import Request.
  Time since last request: 0.000065 seconds.
  path: Packages/com.unity.services.analytics/Runtime/IAnalyticsService.cs
  artifactKey: Guid(c94fee32992645128008a4a562293ca0) Importer(2089858483,b0f066a214c2f5e87bad3c948f4d605d)
Start importing Packages/com.unity.services.analytics/Runtime/IAnalyticsService.cs using Guid(c94fee32992645128008a4a562293ca0) Importer(2089858483,b0f066a214c2f5e87bad3c948f4d605d) (ScriptedImporter) -> (artifact id: '3dfd38a640ffe1abb51b41dcd59cb121') in 0.0109995 seconds
Number of updated asset objects reloaded before import = 0Number of asset objects unloaded after import = 0

========================================================================
Received Import Request.
  Time since last request: 0.000096 seconds.
  path: Packages/com.unity.purchasing/Editor/Analytics/Helpers
  artifactKey: Guid(0e9a016b6a4a0a541a51926ab864a6bf) Importer(2089858483,b0f066a214c2f5e87bad3c948f4d605d)
Start importing Packages/com.unity.purchasing/Editor/Analytics/Helpers using Guid(0e9a016b6a4a0a541a51926ab864a6bf) Importer(2089858483,b0f066a214c2f5e87bad3c948f4d605d) (ScriptedImporter) -> (artifact id: '871ce0ee287d9b2b381d4b43889b4cc1') in 0.0118509 seconds
Number of updated asset objects reloaded before import = 0Number of asset objects unloaded after import = 1

========================================================================
Received Import Request.
  Time since last request: 0.000021 seconds.
  path: Packages/com.unity.microsoft.gdk/Runtime/Interop/XBL/RealTimeActivity/XblRealTimeActivitySubscriptionHandle.cs
  artifactKey: Guid(ef4e7c697a1c4927afba279dfd066fcb) Importer(2089858483,b0f066a214c2f5e87bad3c948f4d605d)
Start importing Packages/com.unity.microsoft.gdk/Runtime/Interop/XBL/RealTimeActivity/XblRealTimeActivitySubscriptionHandle.cs using Guid(ef4e7c697a1c4927afba279dfd066fcb) Importer(2089858483,b0f066a214c2f5e87bad3c948f4d605d) (ScriptedImporter) -> (artifact id: 'f0801907870f15abcbf6da6006b8e3ed') in 0.0113084 seconds
Number of updated asset objects reloaded before import = 0Number of asset objects unloaded after import = 0

========================================================================
Received Import Request.
  Time since last request: 0.000078 seconds.
  path: Packages/com.unity.purchasing/Runtime/Purchasing/Core/Store/StoreServiceFactoryManager.cs
  artifactKey: Guid(5ceb3c0b5cd742c4b8d735f65e4c23ae) Importer(2089858483,b0f066a214c2f5e87bad3c948f4d605d)
Start importing Packages/com.unity.purchasing/Runtime/Purchasing/Core/Store/StoreServiceFactoryManager.cs using Guid(5ceb3c0b5cd742c4b8d735f65e4c23ae) Importer(2089858483,b0f066a214c2f5e87bad3c948f4d605d) (ScriptedImporter) -> (artifact id: 'a2f1332afa033d4935a9229a28514b6c') in 0.0101477 seconds
Number of updated asset objects reloaded before import = 0Number of asset objects unloaded after import = 0

========================================================================
Received Import Request.
  Time since last request: 0.000072 seconds.
  path: Packages/com.unity.purchasing/Runtime/Purchasing/Core/Store/Models
  artifactKey: Guid(fb1fa6771e92ea749954bbf15ecb7a26) Importer(2089858483,b0f066a214c2f5e87bad3c948f4d605d)
Start importing Packages/com.unity.purchasing/Runtime/Purchasing/Core/Store/Models using Guid(fb1fa6771e92ea749954bbf15ecb7a26) Importer(2089858483,b0f066a214c2f5e87bad3c948f4d605d) (ScriptedImporter) -> (artifact id: '4c141981d33078ce0a393ec4e9e6544b') in 0.0089776 seconds
Number of updated asset objects reloaded before import = 0Number of asset objects unloaded after import = 1

========================================================================
Received Import Request.
  Time since last request: 0.000033 seconds.
  path: Packages/com.unity.services.core/Runtime/Core/Unity.Services.Core.api
  artifactKey: Guid(75ba8cc18b7164eb6aa7a8c4e64fbd25) Importer(2089858483,b0f066a214c2f5e87bad3c948f4d605d)
Start importing Packages/com.unity.services.core/Runtime/Core/Unity.Services.Core.api using Guid(75ba8cc18b7164eb6aa7a8c4e64fbd25) Importer(2089858483,b0f066a214c2f5e87bad3c948f4d605d) (ScriptedImporter) -> (artifact id: '52ea2c2e7f832a2d5749ad1a2fe851c0') in 0.0097737 seconds
Number of updated asset objects reloaded before import = 0Number of asset objects unloaded after import = 1

========================================================================
Received Import Request.
  Time since last request: 2.519137 seconds.
  path: Packages/com.unity.microsoft.gdk.tools/Editor/GdkEditionTracker.cs
  artifactKey: Guid(a7e827bcdf104709bfdaa3a9373d4335) Importer(2089858483,b0f066a214c2f5e87bad3c948f4d605d)
Start importing Packages/com.unity.microsoft.gdk.tools/Editor/GdkEditionTracker.cs using Guid(a7e827bcdf104709bfdaa3a9373d4335) Importer(2089858483,b0f066a214c2f5e87bad3c948f4d605d) (ScriptedImporter) -> (artifact id: '6d4077dad3168a0e67ed6daa2f806bdc') in 0.0138164 seconds
Number of updated asset objects reloaded before import = 0Number of asset objects unloaded after import = 0

========================================================================
Received Import Request.
  Time since last request: 0.000074 seconds.
  path: Packages/com.unity.microsoft.gdk.tools/Runtime/GameConfigLanguages.cs
  artifactKey: Guid(5053ec92dde0493da48d498da965f7e1) Importer(2089858483,b0f066a214c2f5e87bad3c948f4d605d)
Start importing Packages/com.unity.microsoft.gdk.tools/Runtime/GameConfigLanguages.cs using Guid(5053ec92dde0493da48d498da965f7e1) Importer(2089858483,b0f066a214c2f5e87bad3c948f4d605d) (ScriptedImporter) -> (artifact id: '42b2503d473566b89f12f8df05581392') in 0.0129372 seconds
Number of updated asset objects reloaded before import = 0Number of asset objects unloaded after import = 0

========================================================================
Received Import Request.
  Time since last request: 0.000020 seconds.
  path: Packages/com.unity.microsoft.gdk.tools/Editor/GdkEditorHelpers.cs
  artifactKey: Guid(f2b2afc31fb64173b1e14128d2686e95) Importer(2089858483,b0f066a214c2f5e87bad3c948f4d605d)
Start importing Packages/com.unity.microsoft.gdk.tools/Editor/GdkEditorHelpers.cs using Guid(f2b2afc31fb64173b1e14128d2686e95) Importer(2089858483,b0f066a214c2f5e87bad3c948f4d605d) (ScriptedImporter) -> (artifact id: '8696299d44415467031baf680d5748f3') in 0.0115231 seconds
Number of updated asset objects reloaded before import = 0Number of asset objects unloaded after import = 0

========================================================================
Received Import Request.
  Time since last request: 0.000019 seconds.
  path: Packages/com.unity.microsoft.gdk.tools/LICENSE.md
  artifactKey: Guid(f50ce92add4c8a744a7f33f46f4446de) Importer(2089858483,b0f066a214c2f5e87bad3c948f4d605d)
Start importing Packages/com.unity.microsoft.gdk.tools/LICENSE.md using Guid(f50ce92add4c8a744a7f33f46f4446de) Importer(2089858483,b0f066a214c2f5e87bad3c948f4d605d) (ScriptedImporter) -> (artifact id: '3ec50bb0a9b36b5e3149e5b698dc1727') in 0.0114108 seconds
Number of updated asset objects reloaded before import = 0Number of asset objects unloaded after import = 1

========================================================================
Received Import Request.
  Time since last request: 0.000017 seconds.
  path: Packages/com.unity.microsoft.gdk.tools/Editor/Icons/Light/Windows.png
  artifactKey: Guid(809ec14279ba03549ae2355c1b8bd336) Importer(2089858483,b0f066a214c2f5e87bad3c948f4d605d)
Start importing Packages/com.unity.microsoft.gdk.tools/Editor/Icons/Light/Windows.png using Guid(809ec14279ba03549ae2355c1b8bd336) Importer(2089858483,b0f066a214c2f5e87bad3c948f4d605d) (ScriptedImporter) -> (artifact id: '524158c63d3bdfd3e39cb81b0e4421bc') in 0.0193427 seconds
Number of updated asset objects reloaded before import = 0Number of asset objects unloaded after import = 1

========================================================================
Received Import Request.
  Time since last request: 0.000056 seconds.
  path: Packages/com.unity.microsoft.gdk.tools/Editor/GameConfigLocalizationTool.cs
  artifactKey: Guid(209b3f6a80279a346b1435ef4358d57b) Importer(2089858483,b0f066a214c2f5e87bad3c948f4d605d)
Start importing Packages/com.unity.microsoft.gdk.tools/Editor/GameConfigLocalizationTool.cs using Guid(209b3f6a80279a346b1435ef4358d57b) Importer(2089858483,b0f066a214c2f5e87bad3c948f4d605d) (ScriptedImporter) -> (artifact id: '910c2f524a4640b76f9e94a5107b61e1') in 0.0122748 seconds
Number of updated asset objects reloaded before import = 0Number of asset objects unloaded after import = 0

========================================================================
Received Import Request.
  Time since last request: 0.000081 seconds.
  path: Packages/com.unity.microsoft.gdk.tools/Editor/GdkEditionSelector.cs
  artifactKey: Guid(3adf57f877c44317955db6d19a099568) Importer(2089858483,b0f066a214c2f5e87bad3c948f4d605d)
Start importing Packages/com.unity.microsoft.gdk.tools/Editor/GdkEditionSelector.cs using Guid(3adf57f877c44317955db6d19a099568) Importer(2089858483,b0f066a214c2f5e87bad3c948f4d605d) (ScriptedImporter) -> (artifact id: '617ca4797ac15f78fbcad875045caea4') in 0.0129398 seconds
Number of updated asset objects reloaded before import = 0Number of asset objects unloaded after import = 0

========================================================================
Received Import Request.
  Time since last request: 0.000111 seconds.
  path: Packages/com.unity.microsoft.gdk.tools/Editor/GdkInstalledAppsEditorWindow.cs
  artifactKey: Guid(de8e72dc00844765acc4853a4d24033d) Importer(2089858483,b0f066a214c2f5e87bad3c948f4d605d)
Start importing Packages/com.unity.microsoft.gdk.tools/Editor/GdkInstalledAppsEditorWindow.cs using Guid(de8e72dc00844765acc4853a4d24033d) Importer(2089858483,b0f066a214c2f5e87bad3c948f4d605d) (ScriptedImporter) -> (artifact id: 'cda4c0f791a1572cae76691a8ac769e4') in 0.0120851 seconds
Number of updated asset objects reloaded before import = 0Number of asset objects unloaded after import = 0

========================================================================
Received Import Request.
  Time since last request: 0.000087 seconds.
  path: Packages/com.unity.microsoft.gdk.tools/Editor/GameConfigEditor.cs
  artifactKey: Guid(cc889fdc8ca6e6740b5d8116371a465d) Importer(2089858483,b0f066a214c2f5e87bad3c948f4d605d)
Start importing Packages/com.unity.microsoft.gdk.tools/Editor/GameConfigEditor.cs using Guid(cc889fdc8ca6e6740b5d8116371a465d) Importer(2089858483,b0f066a214c2f5e87bad3c948f4d605d) (ScriptedImporter) -> (artifact id: '18a2e6f102d20508f6d4991c7559c8eb') in 0.0112473 seconds
Number of updated asset objects reloaded before import = 0Number of asset objects unloaded after import = 0

========================================================================
Received Import Request.
  Time since last request: 0.000042 seconds.
  path: Packages/com.unity.microsoft.gdk.tools/Editor/Icons/GameConfigAsset.png
  artifactKey: Guid(0326a4731c6c9384289c380fa43c166a) Importer(2089858483,b0f066a214c2f5e87bad3c948f4d605d)
Start importing Packages/com.unity.microsoft.gdk.tools/Editor/Icons/GameConfigAsset.png using Guid(0326a4731c6c9384289c380fa43c166a) Importer(2089858483,b0f066a214c2f5e87bad3c948f4d605d) (ScriptedImporter) -> (artifact id: '5bbf7fb4bbf65a08d5fc7560c9eb241a') in 0.0147995 seconds
Number of updated asset objects reloaded before import = 0Number of asset objects unloaded after import = 1

========================================================================
Received Import Request.
  Time since last request: 0.000030 seconds.
  path: Packages/com.unity.microsoft.gdk.tools/Editor/GdkUtility.cs
  artifactKey: Guid(e335648280582d849966f81dcff1c298) Importer(2089858483,b0f066a214c2f5e87bad3c948f4d605d)
Start importing Packages/com.unity.microsoft.gdk.tools/Editor/GdkUtility.cs using Guid(e335648280582d849966f81dcff1c298) Importer(2089858483,b0f066a214c2f5e87bad3c948f4d605d) (ScriptedImporter) -> (artifact id: 'ae03d8e3aeb32fd55003ad5e181d2079') in 0.0098223 seconds
Number of updated asset objects reloaded before import = 0Number of asset objects unloaded after import = 0

========================================================================
Received Import Request.
  Time since last request: 0.000053 seconds.
  path: Packages/com.unity.microsoft.gdk.tools/Tools
  artifactKey: Guid(5cbd2304204e0da4cbf235f6bc4dc792) Importer(2089858483,b0f066a214c2f5e87bad3c948f4d605d)
Start importing Packages/com.unity.microsoft.gdk.tools/Tools using Guid(5cbd2304204e0da4cbf235f6bc4dc792) Importer(2089858483,b0f066a214c2f5e87bad3c948f4d605d) (ScriptedImporter) -> (artifact id: '932385a0fc6141c127980efe930a89ab') in 0.0121162 seconds
Number of updated asset objects reloaded before import = 0Number of asset objects unloaded after import = 1

========================================================================
Received Import Request.
  Time since last request: 0.000068 seconds.
  path: Packages/com.unity.microsoft.gdk.tools/Runtime
  artifactKey: Guid(828eff3168a1bbf408a2e2e35d08df52) Importer(2089858483,b0f066a214c2f5e87bad3c948f4d605d)
Start importing Packages/com.unity.microsoft.gdk.tools/Runtime using Guid(828eff3168a1bbf408a2e2e35d08df52) Importer(2089858483,b0f066a214c2f5e87bad3c948f4d605d) (ScriptedImporter) -> (artifact id: 'f85d838911565a5e076752ffefb6762c') in 0.0115892 seconds
Number of updated asset objects reloaded before import = 0Number of asset objects unloaded after import = 1

========================================================================
Received Import Request.
  Time since last request: 0.000055 seconds.
  path: Packages/com.unity.microsoft.gdk.tools/ValidationConfig.json
  artifactKey: Guid(5254befb82999124dbd75df457b6c0fe) Importer(2089858483,b0f066a214c2f5e87bad3c948f4d605d)
Start importing Packages/com.unity.microsoft.gdk.tools/ValidationConfig.json using Guid(5254befb82999124dbd75df457b6c0fe) Importer(2089858483,b0f066a214c2f5e87bad3c948f4d605d) (ScriptedImporter) -> (artifact id: '3403845af1e4676006c67f6c403d8d95') in 0.0109923 seconds
Number of updated asset objects reloaded before import = 0Number of asset objects unloaded after import = 1

========================================================================
Received Import Request.
  Time since last request: 0.000079 seconds.
  path: Packages/com.unity.microsoft.gdk.tools
  artifactKey: Guid(c9926fa1853975f2b3bca86ab18d772e) Importer(2089858483,b0f066a214c2f5e87bad3c948f4d605d)
Start importing Packages/com.unity.microsoft.gdk.tools using Guid(c9926fa1853975f2b3bca86ab18d772e) Importer(2089858483,b0f066a214c2f5e87bad3c948f4d605d) (ScriptedImporter) -> (artifact id: '149b8dfa3c710de6a88409a03b1504ce') in 0.0108477 seconds
Number of updated asset objects reloaded before import = 0Number of asset objects unloaded after import = 1

========================================================================
Received Import Request.
  Time since last request: 0.000018 seconds.
  path: Packages/com.unity.microsoft.gdk.tools/ProjectMetadata/Square44x44Logo.png
  artifactKey: Guid(bf545041c7224ee2bd5f642e47211c2a) Importer(2089858483,b0f066a214c2f5e87bad3c948f4d605d)
Start importing Packages/com.unity.microsoft.gdk.tools/ProjectMetadata/Square44x44Logo.png using Guid(bf545041c7224ee2bd5f642e47211c2a) Importer(2089858483,b0f066a214c2f5e87bad3c948f4d605d) (ScriptedImporter) -> (artifact id: '1a4eb4ce15090ad196fee38b993ba0e7') in 0.0153233 seconds
Number of updated asset objects reloaded before import = 0Number of asset objects unloaded after import = 1

========================================================================
Received Import Request.
  Time since last request: 0.000017 seconds.
  path: Packages/com.unity.microsoft.gdk.tools/Editor/unity.microsoft.gdk.tools.Editor.asmdef
  artifactKey: Guid(be1397f5d8f9011418469681b687c494) Importer(2089858483,b0f066a214c2f5e87bad3c948f4d605d)
Start importing Packages/com.unity.microsoft.gdk.tools/Editor/unity.microsoft.gdk.tools.Editor.asmdef using Guid(be1397f5d8f9011418469681b687c494) Importer(2089858483,b0f066a214c2f5e87bad3c948f4d605d) (ScriptedImporter) -> (artifact id: 'a4fe2f03c21ae27cbe58c24c5ed90c30') in 0.0094007 seconds
Number of updated asset objects reloaded before import = 0Number of asset objects unloaded after import = 1

========================================================================
Received Import Request.
  Time since last request: 0.000043 seconds.
  path: Packages/com.unity.microsoft.gdk.tools/Editor/GdkPlugin.cs
  artifactKey: Guid(5b0b7a71d35e4af8977ec8c5da514896) Importer(2089858483,b0f066a214c2f5e87bad3c948f4d605d)
Start importing Packages/com.unity.microsoft.gdk.tools/Editor/GdkPlugin.cs using Guid(5b0b7a71d35e4af8977ec8c5da514896) Importer(2089858483,b0f066a214c2f5e87bad3c948f4d605d) (ScriptedImporter) -> (artifact id: '9ab2a56b011bc6c871859dabed5bf522') in 0.0098609 seconds
Number of updated asset objects reloaded before import = 0Number of asset objects unloaded after import = 0

========================================================================
Received Import Request.
  Time since last request: 0.000018 seconds.
  path: Packages/com.unity.microsoft.gdk.tools/Editor/MakePkgStableKeyConfig.cs
  artifactKey: Guid(009a29e484a04cdf946216eaec8653ed) Importer(2089858483,b0f066a214c2f5e87bad3c948f4d605d)
Start importing Packages/com.unity.microsoft.gdk.tools/Editor/MakePkgStableKeyConfig.cs using Guid(009a29e484a04cdf946216eaec8653ed) Importer(2089858483,b0f066a214c2f5e87bad3c948f4d605d) (ScriptedImporter) -> (artifact id: 'ee6b501c4f2b08fce1c519931b20dd98') in 0.0086334 seconds
Number of updated asset objects reloaded before import = 0Number of asset objects unloaded after import = 0

========================================================================
Received Import Request.
  Time since last request: 0.000045 seconds.
  path: Packages/com.unity.microsoft.gdk.tools/Editor/GdkPostBuild.cs
  artifactKey: Guid(27c2b73727e2c6549a94cd0580c3837d) Importer(2089858483,b0f066a214c2f5e87bad3c948f4d605d)
Start importing Packages/com.unity.microsoft.gdk.tools/Editor/GdkPostBuild.cs using Guid(27c2b73727e2c6549a94cd0580c3837d) Importer(2089858483,b0f066a214c2f5e87bad3c948f4d605d) (ScriptedImporter) -> (artifact id: '7fee686e6bba8ac0f9090d6a600f968e') in 0.0112744 seconds
Number of updated asset objects reloaded before import = 0Number of asset objects unloaded after import = 0

Editor requested this worker to shutdown with reason: Scaling down because of idle timeout
AssetImportWorker is now disconnected from the server
Process exiting
Exiting without the bug reporter. Application will terminate with return code 0