[Licensing::Module] Trying to connect to existing licensing client channel...
[Licensing::IpcConnector] Successfully connected to: "LicenseClient-angda" at "2026-10-06T14:24:58.4033161Z"
Built from '6000.3/staging' branch; Version is '6000.3.20f1 (c9ba695d4f07) revision 13220457'; Using compiler version '194234433'; Build Type 'Release'
OS: 'Windows 11  (10.0.26200) Professional' Language: 'ko' Physical Memory: 16227 MB
BatchMode: 1, IsHumanControllingUs: 0, StartBugReporterOnCrash: 0, Is64bit: 1
System  architecture: x64
Process architecture: x64
Date: 2026-10-06T14:24:58Z

COMMAND LINE ARGUMENTS:
C:\Program Files\Unity\Hub\Editor\6000.3.20f1\Editor\Unity.exe
-adb2
-batchMode
-noUpm
-name
AssetImportWorker2
-projectPath
C:/unity/BugCatch
-logFile
Logs/AssetImportWorker2.log
-srvPort
64474
-parentPid
22924
-analyticsCloudUserId
14569595589620
-analyticsCloudProjectId
91e90bdc-e5a6-426d-93b6-7d69c060a2ad
-analyticsLocalProjectId
ccd1533ec17c98c4e85b4caebe0d0a7c
-job-worker-count
5
-background-job-worker-count
8
-gc-helper-count
1
-name
AssetImport
Successfully changed project path to: C:/unity/BugCatch
C:/unity/BugCatch
[UnityMemory] Configuration Parameters - Can be set up in boot.config
    "memorysetup-temp-allocator-size-nav-mesh-worker=65536"
    "memorysetup-temp-allocator-size-audio-worker=65536"
    "memorysetup-temp-allocator-size-gfx=262144"
    "memorysetup-allocator-temp-initial-block-size-main=262144"
    "memorysetup-allocator-temp-initial-block-size-worker=262144"
    "memorysetup-temp-allocator-size-background-worker=32768"
    "memorysetup-temp-allocator-size-job-worker=262144"
    "memorysetup-temp-allocator-size-preload-manager=33554432"
    "memorysetup-temp-allocator-size-gi-baking-worker=262144"
    "memorysetup-temp-allocator-size-gi-baking-worker=262144"
    "memorysetup-temp-allocator-size-gi-baking-worker=262144"
    "memorysetup-temp-allocator-size-gi-baking-worker=262144"
    "memorysetup-temp-allocator-size-gi-baking-worker=262144"
    "memorysetup-bucket-allocator-granularity=16"
    "memorysetup-bucket-allocator-bucket-count=8"
    "memorysetup-bucket-allocator-block-size=33554432"
    "memorysetup-bucket-allocator-block-count=8"
    "memorysetup-main-allocator-block-size=16777216"
    "memorysetup-thread-allocator-block-size=16777216"
    "memorysetup-gfx-main-allocator-block-size=16777216"
    "memorysetup-gfx-thread-allocator-block-size=16777216"
    "memorysetup-cache-allocator-block-size=4194304"
    "memorysetup-typetree-allocator-block-size=2097152"
    "memorysetup-profiler-bucket-allocator-granularity=16"
    "memorysetup-profiler-bucket-allocator-bucket-count=8"
    "memorysetup-profiler-bucket-allocator-block-size=33554432"
    "memorysetup-profiler-bucket-allocator-block-count=8"
    "memorysetup-profiler-allocator-block-size=16777216"
    "memorysetup-profiler-editor-allocator-block-size=1048576"
    "memorysetup-temp-allocator-size-main=16777216"
    "memorysetup-job-temp-allocator-block-size=2097152"
    "memorysetup-job-temp-allocator-block-size-background=1048576"
    "memorysetup-job-temp-allocator-reduction-small-platforms=262144"
    "memorysetup-temp-allocator-size-cloud-worker=32768"
Player connection [7980]  Target information:

Player connection [7980]  * "[IP] 172.31.3.154 [Port] 0 [Flags] 2 [Guid] 3794203085 [EditorId] 3794203085 [Version] 1048832 [Id] WindowsEditor(7,³ª°­À±) [Debug] 1 [PackageName] WindowsEditor [ProjectName] Editor" 

Player connection [7980] Host joined multi-casting on [225.0.0.222:54997]...
Player connection [7980] Host joined alternative multi-casting on [225.0.0.222:34997]...
JobSystem: Creating JobQueue using job-worker-count value 5
Input System module state changed to: Initialized.
[Physics::Module] Initialized fallback backend.
[Physics::Module] Id: 0xdecafbad
Library Redirect Path: Library/
[Physics::Module] Selected backend.
[Physics::Module] Name: PhysX
[Physics::Module] Id: 0xf2b8ea05
[Physics::Module] SDK Version: 4.1.2
[Physics::Module] Integration Version: 1.0.0
[Physics::Module] Threading Mode: Multi-Threaded
Refreshing native plugins compatible for Editor in 9.58 ms, found 3 plugins.
Preloading 0 native plugins for Editor in 0.00 ms.
Initialize engine version: 6000.3.20f1 (c9ba695d4f07)
[Subsystems] Discovering subsystems at path C:/Program Files/Unity/Hub/Editor/6000.3.20f1/Editor/Data/Resources/UnitySubsystems
[Subsystems] Discovering subsystems at path C:/unity/BugCatch/Assets
GfxDevice: creating device client; kGfxThreadingModeNonThreaded
Direct3D:
    Version:  Direct3D 11.0 [level 11.1]
    Renderer: NVIDIA GeForce GTX 1650 (ID=0x1f91)
    Vendor:   NVIDIA
    VRAM:     3935 MB
    Driver:   32.0.16.1062
Initialize mono
Mono path[0] = 'C:/Program Files/Unity/Hub/Editor/6000.3.20f1/Editor/Data/Managed'
Mono path[1] = 'C:/Program Files/Unity/Hub/Editor/6000.3.20f1/Editor/Data/MonoBleedingEdge/lib/mono/unityjit-win32'
Mono config path = 'C:/Program Files/Unity/Hub/Editor/6000.3.20f1/Editor/Data/MonoBleedingEdge/etc'
Using monoOptions --debugger-agent=transport=dt_socket,embedding=1,server=y,suspend=n,address=127.0.0.1:56220
Begin MonoManager ReloadAssembly
Registering precompiled unity dll's ...
Register platform support module: C:/Program Files/Unity/Hub/Editor/6000.3.20f1/Editor/Data/PlaybackEngines/WindowsStandaloneSupport/UnityEditor.WindowsStandalone.Extensions.dll
Registered in 0.004187 seconds.
- Loaded All Assemblies, in  0.952 seconds
Native extension for WindowsStandalone target not found
Package Manager log level set to [2]
[Package Manager] Failed to launch server process. Reason: Unity was launched with the -noUpm command-line argument
[Package Manager] Unable to send message (not connected to server process).
[Package Manager] Cannot connect to Unity Package Manager local server
ScheduleIndexationOnStartup MainProcess:False IndexOnStartup:True
Mono: successfully reloaded assembly
- Finished resetting the current domain, in  0.899 seconds
Domain Reload Profiling: 1841ms
	BeginReloadAssembly (279ms)
		ExecutionOrderSort (0ms)
		DisableScriptedObjects (0ms)
		BackupInstance (0ms)
		ReleaseScriptingObjects (0ms)
		CreateAndSetChildDomain (1ms)
	RebuildCommonClasses (95ms)
	RebuildNativeTypeToScriptingClass (35ms)
	initialDomainReloadingComplete (111ms)
	LoadAllAssembliesAndSetupDomain (421ms)
		LoadAssemblies (269ms)
		RebuildTransferFunctionScriptingTraits (0ms)
		AnalyzeDomain (416ms)
			TypeCache.Refresh (412ms)
				TypeCache.ScanAssembly (380ms)
			BuildScriptInfoCaches (0ms)
			ResolveRequiredComponents (1ms)
	FinalizeReload (900ms)
		ReleaseScriptCaches (0ms)
		RebuildScriptCaches (0ms)
		SetupLoadedEditorAssemblies (816ms)
			LogAssemblyErrors (0ms)
			InitializePlatformSupportModulesInManaged (173ms)
			SetLoadedEditorAssemblies (8ms)
			BeforeProcessingInitializeOnLoad (200ms)
			ProcessInitializeOnLoadAttributes (322ms)
			ProcessInitializeOnLoadMethodAttributes (113ms)
			AfterProcessingInitializeOnLoad (0ms)
			EditorAssembliesLoaded (0ms)
		ExecutionOrderSort2 (0ms)
		AwakeInstancesAfterBackupRestoration (0ms)
[Licensing::Module] Licensing is not yet initialized.
[Licensing::Client] Error: HandshakeResponse reported an error:
	ResponseCode: 505
	ResponseStatus: Unsupported protocol version '1.18.1'.
[Licensing::Module] Error: Failed to handshake to channel: "LicenseClient-angda"
[Licensing::IpcConnector] LicenseClient-angda channel disconnected successfully.
[Licensing::IpcConnector] Successfully connected to: "LicenseClient-angda-6000.3.20" at "2026-10-06T14:25:03.4481895Z"
[Licensing::Client] Code 10 while verifying Licensing Client signature (process Id: 23428, path: "C:/Program Files/Unity/Hub/Editor/6000.3.20f1/Editor/Data/Resources/Licensing/Client/Unity.Licensing.Client.exe")
[Licensing::Module] LicensingClient has failed validation; ignoring
[Licensing::Client] Handshaking with LicensingClient:
  Version:                 1.18.1+9fbee8e
  Session Id:              c3c86b5efbc0422b8dafe650c12135ce
  Correlation Id:          427ddd41773ed5a4b924d51063196eed
  External correlation Id: 4477477705553119210
  Machine Id:              5A1VgrhWIQ1Q9/J8In4vuTo0y10=
[Licensing::Module] Successfully connected to LicensingClient on channel: "LicenseClient-angda-6000.3.20" (connect: 0.00s, validation: 0.00s, handshake: 0.02s)
[Licensing::IpcConnector] Successfully connected to: "LicenseClient-angda-6000.3.20-notifications" at "2026-10-06T14:25:03.468918Z"
[Licensing::Module] Licensing Background thread has ended after 5.07s
[Licensing::Module] Licensing is initialized (took 1.85s).
[Licensing::Client] Successfully resolved entitlement details
[Licensing::Module] License group:
  Id: 14569595589620-UnityPersXXXX
  Product: Unity Personal
  Type: Assigned
  Expiration: Unlimited
========================================================================
Worker process is ready to serve import requests
Import Worker Mode flag is 0x00
Begin MonoManager ReloadAssembly
- Loaded All Assemblies, in  1.032 seconds
Refreshing native plugins compatible for Editor in 4.93 ms, found 3 plugins.
Native extension for WindowsStandalone target not found
[Package Manager] Failed to launch server process. Reason: Unity was launched with the -noUpm command-line argument
[Package Manager] Unable to send message (not connected to server process).
[Package Manager] Cannot connect to Unity Package Manager local server
Refreshing native plugins compatible for Editor in 6.93 ms, found 3 plugins.
[Package Manager] Failed to launch server process. Reason: Unity was launched with the -noUpm command-line argument
[Package Manager] Unable to send message (not connected to server process).
[Package Manager] Cannot connect to Unity Package Manager local server
ScheduleIndexationOnStartup MainProcess:False IndexOnStartup:True
Mono: successfully reloaded assembly
- Finished resetting the current domain, in  1.218 seconds
Domain Reload Profiling: 2238ms
	BeginReloadAssembly (291ms)
		ExecutionOrderSort (0ms)
		DisableScriptedObjects (13ms)
		BackupInstance (0ms)
		ReleaseScriptingObjects (0ms)
		CreateAndSetChildDomain (46ms)
	RebuildCommonClasses (55ms)
	RebuildNativeTypeToScriptingClass (21ms)
	initialDomainReloadingComplete (62ms)
	LoadAllAssembliesAndSetupDomain (591ms)
		LoadAssemblies (471ms)
		RebuildTransferFunctionScriptingTraits (0ms)
		AnalyzeDomain (270ms)
			TypeCache.Refresh (203ms)
				TypeCache.ScanAssembly (179ms)
			BuildScriptInfoCaches (57ms)
			ResolveRequiredComponents (4ms)
	FinalizeReload (1218ms)
		ReleaseScriptCaches (0ms)
		RebuildScriptCaches (0ms)
		SetupLoadedEditorAssemblies (1047ms)
			LogAssemblyErrors (0ms)
			InitializePlatformSupportModulesInManaged (30ms)
			SetLoadedEditorAssemblies (8ms)
			BeforeProcessingInitializeOnLoad (248ms)
			ProcessInitializeOnLoadAttributes (407ms)
			ProcessInitializeOnLoadMethodAttributes (336ms)
			AfterProcessingInitializeOnLoad (16ms)
			EditorAssembliesLoaded (0ms)
		ExecutionOrderSort2 (0ms)
		AwakeInstancesAfterBackupRestoration (12ms)
Launched and connected shader compiler UnityShaderCompiler.exe after 0.03 seconds
Refreshing native plugins compatible for Editor in 8.56 ms, found 3 plugins.
Preloading 0 native plugins for Editor in 0.00 ms.
Unloading 0 Unused Serialized files (Serialized files now loaded: 0)
Curl error 3: URL rejected: Malformed input to a URL function
Unloading 3102 unused Assets / (1.1 MB). Loaded Objects now: 3689.
Memory consumption went from 91.3 MB to 90.3 MB.
Total: 19.060900 ms (FindLiveObjects: 0.811200 ms CreateObjectMapping: 0.565900 ms MarkObjects: 16.132500 ms  DeleteObjects: 1.549900 ms)

========================================================================
Received Import Request.
  Time since last request: 7935.578428 seconds.
  path: Packages/com.unity.services.core/Runtime/Analytics/AssemblyInfo.cs
  artifactKey: Guid(9b1c3b381f42945578ff44373134d0cc) Importer(2089858483,b0f066a214c2f5e87bad3c948f4d605d)
Start importing Packages/com.unity.services.core/Runtime/Analytics/AssemblyInfo.cs using Guid(9b1c3b381f42945578ff44373134d0cc) Importer(2089858483,b0f066a214c2f5e87bad3c948f4d605d) (ScriptedImporter) -> (artifact id: 'b797c22fde266de07fdda7fed09e3352') in 0.1372178 seconds
Number of updated asset objects reloaded before import = 0Number of asset objects unloaded after import = 0

========================================================================
Received Import Request.
  Time since last request: 0.000025 seconds.
  path: Packages/com.unity.services.core/Runtime/Core.Internal/AssemblyInfo.cs
  artifactKey: Guid(a7624b141c8742c78133946b1e5643d7) Importer(2089858483,b0f066a214c2f5e87bad3c948f4d605d)
Start importing Packages/com.unity.services.core/Runtime/Core.Internal/AssemblyInfo.cs using Guid(a7624b141c8742c78133946b1e5643d7) Importer(2089858483,b0f066a214c2f5e87bad3c948f4d605d) (ScriptedImporter) -> (artifact id: '5b7edf5b34ff95dc7c9b075720507739') in 0.0127679 seconds
Number of updated asset objects reloaded before import = 0Number of asset objects unloaded after import = 0

========================================================================
Received Import Request.
  Time since last request: 0.000066 seconds.
  path: Packages/com.unity.services.core/Editor/Core/Environments/Client/Models/UnityCreateOrganizationRequest.cs
  artifactKey: Guid(352d9219ebd00854cbcd797e588b93b2) Importer(2089858483,b0f066a214c2f5e87bad3c948f4d605d)
Start importing Packages/com.unity.services.core/Editor/Core/Environments/Client/Models/UnityCreateOrganizationRequest.cs using Guid(352d9219ebd00854cbcd797e588b93b2) Importer(2089858483,b0f066a214c2f5e87bad3c948f4d605d) (ScriptedImporter) -> (artifact id: 'f830088dda771c038cd6e349c84467af') in 0.0134098 seconds
Number of updated asset objects reloaded before import = 0Number of asset objects unloaded after import = 0

========================================================================
Received Import Request.
  Time since last request: 0.000097 seconds.
  path: Packages/com.unity.purchasing/Runtime/Purchasing/IStoreController.cs
  artifactKey: Guid(391cfe94f8c842c4882ead4d82fb2fa7) Importer(2089858483,b0f066a214c2f5e87bad3c948f4d605d)
Start importing Packages/com.unity.purchasing/Runtime/Purchasing/IStoreController.cs using Guid(391cfe94f8c842c4882ead4d82fb2fa7) Importer(2089858483,b0f066a214c2f5e87bad3c948f4d605d) (ScriptedImporter) -> (artifact id: 'b5cf898606559faa33edd9e22e6acbe0') in 0.0124663 seconds
Number of updated asset objects reloaded before import = 0Number of asset objects unloaded after import = 0

========================================================================
Received Import Request.
  Time since last request: 0.000071 seconds.
  path: Packages/com.unity.purchasing/Runtime/Stores/Android/AmazonAppStore/IAmazonExtensions.cs
  artifactKey: Guid(db8d5542a97942dc9977eb3e088fe2aa) Importer(2089858483,b0f066a214c2f5e87bad3c948f4d605d)
Start importing Packages/com.unity.purchasing/Runtime/Stores/Android/AmazonAppStore/IAmazonExtensions.cs using Guid(db8d5542a97942dc9977eb3e088fe2aa) Importer(2089858483,b0f066a214c2f5e87bad3c948f4d605d) (ScriptedImporter) -> (artifact id: '2ec9d5d18966f37e7dd290ab178b7f05') in 0.0103849 seconds
Number of updated asset objects reloaded before import = 0Number of asset objects unloaded after import = 0

========================================================================
Received Import Request.
  Time since last request: 0.000074 seconds.
  path: Packages/com.unity.services.core/Editor/Core/BackendHelpers
  artifactKey: Guid(40f9aa331f3045d4973df46b8e2c124c) Importer(2089858483,b0f066a214c2f5e87bad3c948f4d605d)
Start importing Packages/com.unity.services.core/Editor/Core/BackendHelpers using Guid(40f9aa331f3045d4973df46b8e2c124c) Importer(2089858483,b0f066a214c2f5e87bad3c948f4d605d) (ScriptedImporter) -> (artifact id: '55761378f079aaa7c743f497206e88d8') in 0.0117981 seconds
Number of updated asset objects reloaded before import = 0Number of asset objects unloaded after import = 1

========================================================================
Received Import Request.
  Time since last request: 0.000027 seconds.
  path: Packages/com.unity.services.core/Runtime/Environments/Internal/Environments.cs
  artifactKey: Guid(f0d49dd8a34484dc387198e1e2a3fe0c) Importer(2089858483,b0f066a214c2f5e87bad3c948f4d605d)
Start importing Packages/com.unity.services.core/Runtime/Environments/Internal/Environments.cs using Guid(f0d49dd8a34484dc387198e1e2a3fe0c) Importer(2089858483,b0f066a214c2f5e87bad3c948f4d605d) (ScriptedImporter) -> (artifact id: 'b5d228c9eca8cd3102e9a4dfea910459') in 0.0128536 seconds
Number of updated asset objects reloaded before import = 0Number of asset objects unloaded after import = 0

========================================================================
Received Import Request.
  Time since last request: 0.000074 seconds.
  path: Packages/com.unity.analytics/README.md
  artifactKey: Guid(884f8f0e4025a420893d3a8d1d3063e1) Importer(2089858483,b0f066a214c2f5e87bad3c948f4d605d)
Start importing Packages/com.unity.analytics/README.md using Guid(884f8f0e4025a420893d3a8d1d3063e1) Importer(2089858483,b0f066a214c2f5e87bad3c948f4d605d) (ScriptedImporter) -> (artifact id: '2bd6245b82ce6773d1f21d0469ae2f0c') in 0.0106166 seconds
Number of updated asset objects reloaded before import = 0Number of asset objects unloaded after import = 1

========================================================================
Received Import Request.
  Time since last request: 0.000039 seconds.
  path: Packages/com.unity.purchasing/Runtime/Common
  artifactKey: Guid(7df7362fee6b4ce7985f744bf390e24c) Importer(2089858483,b0f066a214c2f5e87bad3c948f4d605d)
Start importing Packages/com.unity.purchasing/Runtime/Common using Guid(7df7362fee6b4ce7985f744bf390e24c) Importer(2089858483,b0f066a214c2f5e87bad3c948f4d605d) (ScriptedImporter) -> (artifact id: 'ba9cf45e3b21248474b2472af891005e') in 0.0114036 seconds
Number of updated asset objects reloaded before import = 0Number of asset objects unloaded after import = 1

========================================================================
Received Import Request.
  Time since last request: 0.000027 seconds.
  path: Packages/com.unity.xr.legacyinputhelpers/Runtime/TrackedPoseDriver/UnityEngine.SpatialTracking.asmdef
  artifactKey: Guid(ba171b3dd2a51234ab864770f99741a5) Importer(2089858483,b0f066a214c2f5e87bad3c948f4d605d)
Start importing Packages/com.unity.xr.legacyinputhelpers/Runtime/TrackedPoseDriver/UnityEngine.SpatialTracking.asmdef using Guid(ba171b3dd2a51234ab864770f99741a5) Importer(2089858483,b0f066a214c2f5e87bad3c948f4d605d) (ScriptedImporter) -> (artifact id: '12cab0f212cf38977236ef80df2f14ee') in 0.0144338 seconds
Number of updated asset objects reloaded before import = 0Number of asset objects unloaded after import = 1

========================================================================
Received Import Request.
  Time since last request: 0.000040 seconds.
  path: Packages/com.unity.purchasing/Runtime/Stores/AppleAppStore/MetricizedAppleStoreImpl.cs
  artifactKey: Guid(793911e69df141debfb65196c1a88c7e) Importer(2089858483,b0f066a214c2f5e87bad3c948f4d605d)
Start importing Packages/com.unity.purchasing/Runtime/Stores/AppleAppStore/MetricizedAppleStoreImpl.cs using Guid(793911e69df141debfb65196c1a88c7e) Importer(2089858483,b0f066a214c2f5e87bad3c948f4d605d) (ScriptedImporter) -> (artifact id: 'a3d013b4c899cfcaeec96a8e9629a700') in 0.0137366 seconds
Number of updated asset objects reloaded before import = 0Number of asset objects unloaded after import = 0

========================================================================
Received Import Request.
  Time since last request: 0.000087 seconds.
  path: Packages/com.unity.services.core/Runtime/Core.Internal/Logging
  artifactKey: Guid(a33cebe73913d4ddf9970fdbf0965bc5) Importer(2089858483,b0f066a214c2f5e87bad3c948f4d605d)
Start importing Packages/com.unity.services.core/Runtime/Core.Internal/Logging using Guid(a33cebe73913d4ddf9970fdbf0965bc5) Importer(2089858483,b0f066a214c2f5e87bad3c948f4d605d) (ScriptedImporter) -> (artifact id: 'c9ceb1977623a87a69ffa2897713608c') in 0.0120634 seconds
Number of updated asset objects reloaded before import = 0Number of asset objects unloaded after import = 1

========================================================================
Received Import Request.
  Time since last request: 0.000036 seconds.
  path: Packages/com.unity.xr.legacyinputhelpers/Runtime/ArmModels/ArmModel.cs
  artifactKey: Guid(1ed4e84183ad15c43b32a13aeca25b98) Importer(2089858483,b0f066a214c2f5e87bad3c948f4d605d)
Start importing Packages/com.unity.xr.legacyinputhelpers/Runtime/ArmModels/ArmModel.cs using Guid(1ed4e84183ad15c43b32a13aeca25b98) Importer(2089858483,b0f066a214c2f5e87bad3c948f4d605d) (ScriptedImporter) -> (artifact id: 'c7bae09bb7e033957c7534a3a0b10baa') in 0.012451 seconds
Number of updated asset objects reloaded before import = 0Number of asset objects unloaded after import = 0

========================================================================
Received Import Request.
  Time since last request: 0.000060 seconds.
  path: Packages/com.unity.analytics/Tests/Editor/GameOverTests.cs
  artifactKey: Guid(a30e59ca9f68d46db88323ac18f49e31) Importer(2089858483,b0f066a214c2f5e87bad3c948f4d605d)
Start importing Packages/com.unity.analytics/Tests/Editor/GameOverTests.cs using Guid(a30e59ca9f68d46db88323ac18f49e31) Importer(2089858483,b0f066a214c2f5e87bad3c948f4d605d) (ScriptedImporter) -> (artifact id: '30cd414afc54d80d5cb7a9fbc53d844d') in 0.0136691 seconds
Number of updated asset objects reloaded before import = 0Number of asset objects unloaded after import = 0

========================================================================
Received Import Request.
  Time since last request: 0.000063 seconds.
  path: Packages/com.unity.services.core/Runtime/Device/UserIdProviders
  artifactKey: Guid(e12cdb285c9804571a21e551bdac8e68) Importer(2089858483,b0f066a214c2f5e87bad3c948f4d605d)
Start importing Packages/com.unity.services.core/Runtime/Device/UserIdProviders using Guid(e12cdb285c9804571a21e551bdac8e68) Importer(2089858483,b0f066a214c2f5e87bad3c948f4d605d) (ScriptedImporter) -> (artifact id: 'c0d97be31975c826e4fefbfdcb52fbd8') in 0.0097122 seconds
Number of updated asset objects reloaded before import = 0Number of asset objects unloaded after import = 1

========================================================================
Received Import Request.
  Time since last request: 0.000044 seconds.
  path: Packages/com.unity.services.core/Runtime/Core.Internal/Registry/ServiceRegistry/ServiceRegistry.cs
  artifactKey: Guid(1dc7579b84c6502409096a7cc9cab223) Importer(2089858483,b0f066a214c2f5e87bad3c948f4d605d)
Start importing Packages/com.unity.services.core/Runtime/Core.Internal/Registry/ServiceRegistry/ServiceRegistry.cs using Guid(1dc7579b84c6502409096a7cc9cab223) Importer(2089858483,b0f066a214c2f5e87bad3c948f4d605d) (ScriptedImporter) -> (artifact id: '54dff00e8e0f6b74011bfacfc7e5c517') in 0.0146049 seconds
Number of updated asset objects reloaded before import = 0Number of asset objects unloaded after import = 0

========================================================================
Received Import Request.
  Time since last request: 0.000055 seconds.
  path: Packages/com.unity.xr.legacyinputhelpers/Runtime/TrackedPoseDriver
  artifactKey: Guid(7c691f0ea17c03e47ac0c3d4c7125748) Importer(2089858483,b0f066a214c2f5e87bad3c948f4d605d)
Start importing Packages/com.unity.xr.legacyinputhelpers/Runtime/TrackedPoseDriver using Guid(7c691f0ea17c03e47ac0c3d4c7125748) Importer(2089858483,b0f066a214c2f5e87bad3c948f4d605d) (ScriptedImporter) -> (artifact id: 'ead36bae4f8d9339bfcaa1c19173e1d6') in 0.0117402 seconds
Number of updated asset objects reloaded before import = 0Number of asset objects unloaded after import = 1

========================================================================
Received Import Request.
  Time since last request: 0.000023 seconds.
  path: Packages/com.unity.ai.navigation/Runtime/HelpUrls.cs
  artifactKey: Guid(6ad3f38e8fe7c4058ad4c718b8774a9e) Importer(2089858483,b0f066a214c2f5e87bad3c948f4d605d)
Start importing Packages/com.unity.ai.navigation/Runtime/HelpUrls.cs using Guid(6ad3f38e8fe7c4058ad4c718b8774a9e) Importer(2089858483,b0f066a214c2f5e87bad3c948f4d605d) (ScriptedImporter) -> (artifact id: '9d89f7e06d308360acb99f4f98e6cd19') in 0.015714 seconds
Number of updated asset objects reloaded before import = 0Number of asset objects unloaded after import = 0

========================================================================
Received Import Request.
  Time since last request: 0.000061 seconds.
  path: Packages/com.unity.services.core/Runtime/Core.Internal/Registry
  artifactKey: Guid(0b86b5b95a96c4ed5bf7167992f203ef) Importer(2089858483,b0f066a214c2f5e87bad3c948f4d605d)
Start importing Packages/com.unity.services.core/Runtime/Core.Internal/Registry using Guid(0b86b5b95a96c4ed5bf7167992f203ef) Importer(2089858483,b0f066a214c2f5e87bad3c948f4d605d) (ScriptedImporter) -> (artifact id: 'f4ddc625d493415e817afabb820877ac') in 0.013587 seconds
Number of updated asset objects reloaded before import = 0Number of asset objects unloaded after import = 1

========================================================================
Received Import Request.
  Time since last request: 0.000024 seconds.
  path: Packages/com.unity.services.core/Editor/Core/UiHelpers/Images/ToggleOff.png
  artifactKey: Guid(04ca3057bc8a3462899551a1d4c90184) Importer(2089858483,b0f066a214c2f5e87bad3c948f4d605d)
Start importing Packages/com.unity.services.core/Editor/Core/UiHelpers/Images/ToggleOff.png using Guid(04ca3057bc8a3462899551a1d4c90184) Importer(2089858483,b0f066a214c2f5e87bad3c948f4d605d) (ScriptedImporter) -> (artifact id: '4ffeb0f22409d92a291ff76652e674f2') in 0.0688039 seconds
Number of updated asset objects reloaded before import = 0Number of asset objects unloaded after import = 1

========================================================================
Received Import Request.
  Time since last request: 0.000023 seconds.
  path: Packages/com.unity.purchasing/Runtime/Purchasing/Telemetry/Diagnostics/TelemetryDiagnosticNames.cs
  artifactKey: Guid(677134de48484d52b61f6fa75a593203) Importer(2089858483,b0f066a214c2f5e87bad3c948f4d605d)
Start importing Packages/com.unity.purchasing/Runtime/Purchasing/Telemetry/Diagnostics/TelemetryDiagnosticNames.cs using Guid(677134de48484d52b61f6fa75a593203) Importer(2089858483,b0f066a214c2f5e87bad3c948f4d605d) (ScriptedImporter) -> (artifact id: '9df9ff44a7e8c9b0c8fd98b284df7f5c') in 0.0108224 seconds
Number of updated asset objects reloaded before import = 0Number of asset objects unloaded after import = 0

========================================================================
Received Import Request.
  Time since last request: 0.000034 seconds.
  path: Packages/com.unity.services.core/Runtime/Telemetry/Metrics/DisabledMetrics.cs
  artifactKey: Guid(3acf2a208165fee48a9a8604d2ab412a) Importer(2089858483,b0f066a214c2f5e87bad3c948f4d605d)
Start importing Packages/com.unity.services.core/Runtime/Telemetry/Metrics/DisabledMetrics.cs using Guid(3acf2a208165fee48a9a8604d2ab412a) Importer(2089858483,b0f066a214c2f5e87bad3c948f4d605d) (ScriptedImporter) -> (artifact id: 'f72554cefb0634ecb0e9be630a50a1ea') in 0.0103528 seconds
Number of updated asset objects reloaded before import = 0Number of asset objects unloaded after import = 0

========================================================================
Received Import Request.
  Time since last request: 0.000137 seconds.
  path: Packages/com.unity.analytics/Tests/Editor/LevelFailTests.cs
  artifactKey: Guid(036d03e26977243fa9a2d7af48e51e08) Importer(2089858483,b0f066a214c2f5e87bad3c948f4d605d)
Start importing Packages/com.unity.analytics/Tests/Editor/LevelFailTests.cs using Guid(036d03e26977243fa9a2d7af48e51e08) Importer(2089858483,b0f066a214c2f5e87bad3c948f4d605d) (ScriptedImporter) -> (artifact id: '55e264c988b8522f96fc3aa6ab985176') in 0.0094834 seconds
Number of updated asset objects reloaded before import = 0Number of asset objects unloaded after import = 0

========================================================================
Received Import Request.
  Time since last request: 0.000068 seconds.
  path: Packages/com.unity.purchasing/Runtime/Security/GooglePlayValidator.cs
  artifactKey: Guid(149bbcc38d7c74ee2bfea25aedb44629) Importer(2089858483,b0f066a214c2f5e87bad3c948f4d605d)
Start importing Packages/com.unity.purchasing/Runtime/Security/GooglePlayValidator.cs using Guid(149bbcc38d7c74ee2bfea25aedb44629) Importer(2089858483,b0f066a214c2f5e87bad3c948f4d605d) (ScriptedImporter) -> (artifact id: 'a6c8b3f4b1cc6f262c1b46c9341e15db') in 0.0120858 seconds
Number of updated asset objects reloaded before import = 0Number of asset objects unloaded after import = 0

========================================================================
Received Import Request.
  Time since last request: 0.000104 seconds.
  path: Packages/com.unity.services.core/Editor/Core/Utils/FileSystem/IFileSystem.cs
  artifactKey: Guid(7b4fb0ef619843fbb99367cd4b86d85f) Importer(2089858483,b0f066a214c2f5e87bad3c948f4d605d)
Start importing Packages/com.unity.services.core/Editor/Core/Utils/FileSystem/IFileSystem.cs using Guid(7b4fb0ef619843fbb99367cd4b86d85f) Importer(2089858483,b0f066a214c2f5e87bad3c948f4d605d) (ScriptedImporter) -> (artifact id: '607f1c64b8365a449e43cd7be911a413') in 0.0109833 seconds
Number of updated asset objects reloaded before import = 0Number of asset objects unloaded after import = 0

========================================================================
Received Import Request.
  Time since last request: 0.000068 seconds.
  path: Packages/com.unity.services.core/Editor/Core/Shared/DependencyInversion/Scope.Gen.cs
  artifactKey: Guid(a3ccd9d21869c45f486163585c2ae2e9) Importer(2089858483,b0f066a214c2f5e87bad3c948f4d605d)
Start importing Packages/com.unity.services.core/Editor/Core/Shared/DependencyInversion/Scope.Gen.cs using Guid(a3ccd9d21869c45f486163585c2ae2e9) Importer(2089858483,b0f066a214c2f5e87bad3c948f4d605d) (ScriptedImporter) -> (artifact id: '5ec1f1cda6da87b19ab1d7e735ce2d8e') in 0.0112303 seconds
Number of updated asset objects reloaded before import = 0Number of asset objects unloaded after import = 0

========================================================================
Received Import Request.
  Time since last request: 0.000102 seconds.
  path: Packages/com.unity.services.core/Runtime/Core.Internal/Registry/CoreRegistryInitializer.cs
  artifactKey: Guid(2579e429d2c9c43a1bd957ca08ba269a) Importer(2089858483,b0f066a214c2f5e87bad3c948f4d605d)
Start importing Packages/com.unity.services.core/Runtime/Core.Internal/Registry/CoreRegistryInitializer.cs using Guid(2579e429d2c9c43a1bd957ca08ba269a) Importer(2089858483,b0f066a214c2f5e87bad3c948f4d605d) (ScriptedImporter) -> (artifact id: '51952665b3561bd464795a3ec62fb6cd') in 0.0102286 seconds
Number of updated asset objects reloaded before import = 0Number of asset objects unloaded after import = 0

========================================================================
Received Import Request.
  Time since last request: 0.000086 seconds.
  path: Packages/com.unity.purchasing/Runtime/Stores/Android/UDP/INativeUDPStore.cs
  artifactKey: Guid(e259a4b536c74a04ab57c0da544e5741) Importer(2089858483,b0f066a214c2f5e87bad3c948f4d605d)
Start importing Packages/com.unity.purchasing/Runtime/Stores/Android/UDP/INativeUDPStore.cs using Guid(e259a4b536c74a04ab57c0da544e5741) Importer(2089858483,b0f066a214c2f5e87bad3c948f4d605d) (ScriptedImporter) -> (artifact id: '4802e4d3f654392546b60d2d910f5b61') in 0.0091358 seconds
Number of updated asset objects reloaded before import = 0Number of asset objects unloaded after import = 0

========================================================================
Received Import Request.
  Time since last request: 0.000103 seconds.
  path: Packages/com.unity.purchasing/Runtime/Stores/Android/GooglePlay/AAR/Interfaces/IGoogleProductCallback.cs
  artifactKey: Guid(b1fd57b3977a480d888a0daba7b102ac) Importer(2089858483,b0f066a214c2f5e87bad3c948f4d605d)
Start importing Packages/com.unity.purchasing/Runtime/Stores/Android/GooglePlay/AAR/Interfaces/IGoogleProductCallback.cs using Guid(b1fd57b3977a480d888a0daba7b102ac) Importer(2089858483,b0f066a214c2f5e87bad3c948f4d605d) (ScriptedImporter) -> (artifact id: 'f46885ebac5a5d041fc709d58b9316ae') in 0.011487 seconds
Number of updated asset objects reloaded before import = 0Number of asset objects unloaded after import = 0

========================================================================
Received Import Request.
  Time since last request: 0.000097 seconds.
  path: Packages/com.unity.purchasing/Runtime/Stores/Android/GooglePlay/AAR/Interfaces/IGoogleFinishTransactionService.cs
  artifactKey: Guid(c6fc368a0615d447ca0a8e0732e28070) Importer(2089858483,b0f066a214c2f5e87bad3c948f4d605d)
Start importing Packages/com.unity.purchasing/Runtime/Stores/Android/GooglePlay/AAR/Interfaces/IGoogleFinishTransactionService.cs using Guid(c6fc368a0615d447ca0a8e0732e28070) Importer(2089858483,b0f066a214c2f5e87bad3c948f4d605d) (ScriptedImporter) -> (artifact id: '1d5f54bc833ba29c89c7d79759fc97e0') in 0.0130455 seconds
Number of updated asset objects reloaded before import = 0Number of asset objects unloaded after import = 0

========================================================================
Received Import Request.
  Time since last request: 0.000040 seconds.
  path: Packages/com.unity.purchasing/Runtime/Security/GooglePlayReceipt.cs
  artifactKey: Guid(8debfc8dc3d164b3e806c71a7cbdb39b) Importer(2089858483,b0f066a214c2f5e87bad3c948f4d605d)
Start importing Packages/com.unity.purchasing/Runtime/Security/GooglePlayReceipt.cs using Guid(8debfc8dc3d164b3e806c71a7cbdb39b) Importer(2089858483,b0f066a214c2f5e87bad3c948f4d605d) (ScriptedImporter) -> (artifact id: 'd84126a1109c09a21de59d82d2e05a19') in 0.0106384 seconds
Number of updated asset objects reloaded before import = 0Number of asset objects unloaded after import = 0

========================================================================
Received Import Request.
  Time since last request: 0.000023 seconds.
  path: Packages/com.unity.purchasing/Runtime/Stores/Android/GooglePlay/BillingClientFactory.cs
  artifactKey: Guid(9da841f6bece453999dde5757d64878b) Importer(2089858483,b0f066a214c2f5e87bad3c948f4d605d)
Start importing Packages/com.unity.purchasing/Runtime/Stores/Android/GooglePlay/BillingClientFactory.cs using Guid(9da841f6bece453999dde5757d64878b) Importer(2089858483,b0f066a214c2f5e87bad3c948f4d605d) (ScriptedImporter) -> (artifact id: '44bf052d02a08ceaf54b4648eaf9db5e') in 0.0126056 seconds
Number of updated asset objects reloaded before import = 0Number of asset objects unloaded after import = 0

========================================================================
Received Import Request.
  Time since last request: 0.000077 seconds.
  path: Packages/com.unity.services.core/Editor/Core/ProjectStateManagement/ServiceFlagRequest.cs
  artifactKey: Guid(8ab6db39cc89491bb901eb484cd94373) Importer(2089858483,b0f066a214c2f5e87bad3c948f4d605d)
Start importing Packages/com.unity.services.core/Editor/Core/ProjectStateManagement/ServiceFlagRequest.cs using Guid(8ab6db39cc89491bb901eb484cd94373) Importer(2089858483,b0f066a214c2f5e87bad3c948f4d605d) (ScriptedImporter) -> (artifact id: 'e00eaf8166bf90dfa34a8464942a345c') in 0.0148149 seconds
Number of updated asset objects reloaded before import = 0Number of asset objects unloaded after import = 0

========================================================================
Received Import Request.
  Time since last request: 0.000053 seconds.
  path: Packages/com.unity.ai.navigation/Editor/NavigationWindow.cs
  artifactKey: Guid(e86a4b8c5b2b8425b9a3a007619c3a88) Importer(2089858483,b0f066a214c2f5e87bad3c948f4d605d)
Start importing Packages/com.unity.ai.navigation/Editor/NavigationWindow.cs using Guid(e86a4b8c5b2b8425b9a3a007619c3a88) Importer(2089858483,b0f066a214c2f5e87bad3c948f4d605d) (ScriptedImporter) -> (artifact id: '651afd38dc9e4ac25c06c3d281e03af8') in 0.0121621 seconds
Number of updated asset objects reloaded before import = 0Number of asset objects unloaded after import = 0

========================================================================
Received Import Request.
  Time since last request: 0.000095 seconds.
  path: Packages/com.unity.services.analytics/Runtime/Runtime/DiskCache.cs
  artifactKey: Guid(82b37c2938286704fa7516ddd6971f9e) Importer(2089858483,b0f066a214c2f5e87bad3c948f4d605d)
Start importing Packages/com.unity.services.analytics/Runtime/Runtime/DiskCache.cs using Guid(82b37c2938286704fa7516ddd6971f9e) Importer(2089858483,b0f066a214c2f5e87bad3c948f4d605d) (ScriptedImporter) -> (artifact id: '0c2402f7614228b22b689ec1644066ab') in 0.016169 seconds
Number of updated asset objects reloaded before import = 0Number of asset objects unloaded after import = 0

========================================================================
Received Import Request.
  Time since last request: 0.000074 seconds.
  path: Packages/com.unity.analytics/Unity.Analytics.Editor.dll.mdb
  artifactKey: Guid(fec197bad419341558f81f2ec8a05e18) Importer(2089858483,b0f066a214c2f5e87bad3c948f4d605d)
Start importing Packages/com.unity.analytics/Unity.Analytics.Editor.dll.mdb using Guid(fec197bad419341558f81f2ec8a05e18) Importer(2089858483,b0f066a214c2f5e87bad3c948f4d605d) (ScriptedImporter) -> (artifact id: '84c9f719b535a55e121c835359da8408') in 0.0134891 seconds
Number of updated asset objects reloaded before import = 0Number of asset objects unloaded after import = 1

========================================================================
Received Import Request.
  Time since last request: 0.000126 seconds.
  path: Packages/com.unity.services.core/Editor/Core/EditorGameService/USS/ServicesProjectSettingsDark.uss
  artifactKey: Guid(8d3c945b112744efda5b766100f90895) Importer(2089858483,b0f066a214c2f5e87bad3c948f4d605d)
Start importing Packages/com.unity.services.core/Editor/Core/EditorGameService/USS/ServicesProjectSettingsDark.uss using Guid(8d3c945b112744efda5b766100f90895) Importer(2089858483,b0f066a214c2f5e87bad3c948f4d605d) (ScriptedImporter) -> (artifact id: '897e13473e116bf97704de167f1748e2') in 0.0523637 seconds
Number of updated asset objects reloaded before import = 0Number of asset objects unloaded after import = 1

========================================================================
Received Import Request.
  Time since last request: 0.000053 seconds.
  path: Packages/com.unity.services.core/Editor/Core/UiHelpers/Images/ExternalLinkIcon.png
  artifactKey: Guid(dcfa8e537229b4e8db4c6bc39a906c89) Importer(2089858483,b0f066a214c2f5e87bad3c948f4d605d)
Start importing Packages/com.unity.services.core/Editor/Core/UiHelpers/Images/ExternalLinkIcon.png using Guid(dcfa8e537229b4e8db4c6bc39a906c89) Importer(2089858483,b0f066a214c2f5e87bad3c948f4d605d) (ScriptedImporter) -> (artifact id: '949e809af89e8f208f0b89dfbcc153a3') in 0.0208015 seconds
Number of updated asset objects reloaded before import = 0Number of asset objects unloaded after import = 1

========================================================================
Received Import Request.
  Time since last request: 0.000034 seconds.
  path: Packages/com.unity.purchasing/Editor/ServiceProjectSettings/UI/Views/IMGUIContainerPopupAdapter.cs
  artifactKey: Guid(59ac86b2b70cf4327a7890ee6cf7331e) Importer(2089858483,b0f066a214c2f5e87bad3c948f4d605d)
Start importing Packages/com.unity.purchasing/Editor/ServiceProjectSettings/UI/Views/IMGUIContainerPopupAdapter.cs using Guid(59ac86b2b70cf4327a7890ee6cf7331e) Importer(2089858483,b0f066a214c2f5e87bad3c948f4d605d) (ScriptedImporter) -> (artifact id: 'e8fa18cb057d9a2575d11377dae5bd45') in 0.0110935 seconds
Number of updated asset objects reloaded before import = 0Number of asset objects unloaded after import = 0

========================================================================
Received Import Request.
  Time since last request: 0.000059 seconds.
  path: Packages/com.unity.purchasing/Runtime/Purchasing/Telemetry/Diagnostics/Interfaces/ITelemetryDiagnostics.cs
  artifactKey: Guid(74c11f3a05d74a6b9cd665300bd0de76) Importer(2089858483,b0f066a214c2f5e87bad3c948f4d605d)
Start importing Packages/com.unity.purchasing/Runtime/Purchasing/Telemetry/Diagnostics/Interfaces/ITelemetryDiagnostics.cs using Guid(74c11f3a05d74a6b9cd665300bd0de76) Importer(2089858483,b0f066a214c2f5e87bad3c948f4d605d) (ScriptedImporter) -> (artifact id: '330efc33d4e9ba21cead803adf0d5ede') in 0.0122819 seconds
Number of updated asset objects reloaded before import = 0Number of asset objects unloaded after import = 0

========================================================================
Received Import Request.
  Time since last request: 0.000102 seconds.
  path: Packages/com.unity.services.core/Editor/Core/Environments/Settings/EnvironmentSettingsProvider.cs
  artifactKey: Guid(f72e29316ec52467d886cfc46a18a7dd) Importer(2089858483,b0f066a214c2f5e87bad3c948f4d605d)
Start importing Packages/com.unity.services.core/Editor/Core/Environments/Settings/EnvironmentSettingsProvider.cs using Guid(f72e29316ec52467d886cfc46a18a7dd) Importer(2089858483,b0f066a214c2f5e87bad3c948f4d605d) (ScriptedImporter) -> (artifact id: '087d09a24844b16cf7623e8fbd2aa024') in 0.0143769 seconds
Number of updated asset objects reloaded before import = 0Number of asset objects unloaded after import = 0

========================================================================
Received Import Request.
  Time since last request: 0.000050 seconds.
  path: Packages/com.unity.purchasing/Runtime/Common/INativeStore.cs
  artifactKey: Guid(101dbe26d0a947eab93ccc173d0e955e) Importer(2089858483,b0f066a214c2f5e87bad3c948f4d605d)
Start importing Packages/com.unity.purchasing/Runtime/Common/INativeStore.cs using Guid(101dbe26d0a947eab93ccc173d0e955e) Importer(2089858483,b0f066a214c2f5e87bad3c948f4d605d) (ScriptedImporter) -> (artifact id: 'd97c80b7868632c7dec804f8f896b981') in 0.0141959 seconds
Number of updated asset objects reloaded before import = 0Number of asset objects unloaded after import = 0

========================================================================
Received Import Request.
  Time since last request: 0.000065 seconds.
  path: Packages/com.unity.services.core/Editor/Core/Environments/IEnvironmentService.cs
  artifactKey: Guid(be89aa20cd2d048e7bd163954171b54d) Importer(2089858483,b0f066a214c2f5e87bad3c948f4d605d)
Start importing Packages/com.unity.services.core/Editor/Core/Environments/IEnvironmentService.cs using Guid(be89aa20cd2d048e7bd163954171b54d) Importer(2089858483,b0f066a214c2f5e87bad3c948f4d605d) (ScriptedImporter) -> (artifact id: '27b5fab208fa68471f3a666a81efb3fc') in 0.0128804 seconds
Number of updated asset objects reloaded before import = 0Number of asset objects unloaded after import = 0

========================================================================
Received Import Request.
  Time since last request: 0.000039 seconds.
  path: Packages/com.unity.purchasing/Runtime/Purchasing/Telemetry/Metrics/Interfaces/ITelemetryMetricsInstanceWrapper.cs
  artifactKey: Guid(5fe2ab0e885547a6baf44dd58fe17faf) Importer(2089858483,b0f066a214c2f5e87bad3c948f4d605d)
Start importing Packages/com.unity.purchasing/Runtime/Purchasing/Telemetry/Metrics/Interfaces/ITelemetryMetricsInstanceWrapper.cs using Guid(5fe2ab0e885547a6baf44dd58fe17faf) Importer(2089858483,b0f066a214c2f5e87bad3c948f4d605d) (ScriptedImporter) -> (artifact id: '08123d2d750106a89772c41b403d7e8f') in 0.0129242 seconds
Number of updated asset objects reloaded before import = 0Number of asset objects unloaded after import = 0

========================================================================
Received Import Request.
  Time since last request: 0.000058 seconds.
  path: Packages/com.unity.services.core/Runtime/Core.Internal/UnityServicesInternal.cs
  artifactKey: Guid(7c35d1c1d5e24fde8799f049b1e07535) Importer(2089858483,b0f066a214c2f5e87bad3c948f4d605d)
Start importing Packages/com.unity.services.core/Runtime/Core.Internal/UnityServicesInternal.cs using Guid(7c35d1c1d5e24fde8799f049b1e07535) Importer(2089858483,b0f066a214c2f5e87bad3c948f4d605d) (ScriptedImporter) -> (artifact id: '0baf3367bd8ae52803d139342e60b847') in 0.0146723 seconds
Number of updated asset objects reloaded before import = 0Number of asset objects unloaded after import = 0

========================================================================
Received Import Request.
  Time since last request: 0.000115 seconds.
  path: Packages/com.unity.purchasing/Runtime/AppleMacosStub
  artifactKey: Guid(ccde0275b3ce3844d8aee2d4f0b075bf) Importer(2089858483,b0f066a214c2f5e87bad3c948f4d605d)
Start importing Packages/com.unity.purchasing/Runtime/AppleMacosStub using Guid(ccde0275b3ce3844d8aee2d4f0b075bf) Importer(2089858483,b0f066a214c2f5e87bad3c948f4d605d) (ScriptedImporter) -> (artifact id: '337411becd35c63f5bb466e148e16e2a') in 0.0139133 seconds
Number of updated asset objects reloaded before import = 0Number of asset objects unloaded after import = 1

========================================================================
Received Import Request.
  Time since last request: 0.000045 seconds.
  path: Packages/com.unity.services.analytics/package.json
  artifactKey: Guid(1214e5b938827470b85d454683e058ad) Importer(2089858483,b0f066a214c2f5e87bad3c948f4d605d)
Start importing Packages/com.unity.services.analytics/package.json using Guid(1214e5b938827470b85d454683e058ad) Importer(2089858483,b0f066a214c2f5e87bad3c948f4d605d) (ScriptedImporter) -> (artifact id: 'f141eba4a589e7c464ce7e8262cf6203') in 0.0150017 seconds
Number of updated asset objects reloaded before import = 0Number of asset objects unloaded after import = 1

========================================================================
Received Import Request.
  Time since last request: 0.000025 seconds.
  path: Packages/com.unity.purchasing/Editor/ServiceProjectSettings
  artifactKey: Guid(8438b054205ba7e4ea5f3aa6af771ca4) Importer(2089858483,b0f066a214c2f5e87bad3c948f4d605d)
Start importing Packages/com.unity.purchasing/Editor/ServiceProjectSettings using Guid(8438b054205ba7e4ea5f3aa6af771ca4) Importer(2089858483,b0f066a214c2f5e87bad3c948f4d605d) (ScriptedImporter) -> (artifact id: 'b20798043e912968da7e9ae6799e9f40') in 0.0109011 seconds
Number of updated asset objects reloaded before import = 0Number of asset objects unloaded after import = 1

========================================================================
Received Import Request.
  Time since last request: 0.000039 seconds.
  path: Packages/com.unity.services.core/Editor/Core/Environments/EnvironmentsClient.cs
  artifactKey: Guid(78e9ceb1335b3475ead7e23814552490) Importer(2089858483,b0f066a214c2f5e87bad3c948f4d605d)
Start importing Packages/com.unity.services.core/Editor/Core/Environments/EnvironmentsClient.cs using Guid(78e9ceb1335b3475ead7e23814552490) Importer(2089858483,b0f066a214c2f5e87bad3c948f4d605d) (ScriptedImporter) -> (artifact id: '3d61d2be3733a691c56e5e06feee398c') in 0.0148015 seconds
Number of updated asset objects reloaded before import = 0Number of asset objects unloaded after import = 0

========================================================================
Received Import Request.
  Time since last request: 0.000041 seconds.
  path: Packages/com.unity.purchasing/Editor/ServiceProjectSettings/Entity
  artifactKey: Guid(502dbd6fc988c473dad946f8abce0da5) Importer(2089858483,b0f066a214c2f5e87bad3c948f4d605d)
Start importing Packages/com.unity.purchasing/Editor/ServiceProjectSettings/Entity using Guid(502dbd6fc988c473dad946f8abce0da5) Importer(2089858483,b0f066a214c2f5e87bad3c948f4d605d) (ScriptedImporter) -> (artifact id: '036fde86c751cd051e9bef53600b7f17') in 0.0110036 seconds
Number of updated asset objects reloaded before import = 0Number of asset objects unloaded after import = 1

========================================================================
Received Import Request.
  Time since last request: 0.000025 seconds.
  path: Packages/com.unity.services.core/Runtime/Device/UserIdProviders/NSUserDefaults.cs
  artifactKey: Guid(e6a7022b5e3dc42b5b29a830722baea0) Importer(2089858483,b0f066a214c2f5e87bad3c948f4d605d)
Start importing Packages/com.unity.services.core/Runtime/Device/UserIdProviders/NSUserDefaults.cs using Guid(e6a7022b5e3dc42b5b29a830722baea0) Importer(2089858483,b0f066a214c2f5e87bad3c948f4d605d) (ScriptedImporter) -> (artifact id: '456ff00beb5446df53f4763dbfa6df80') in 0.0120766 seconds
Number of updated asset objects reloaded before import = 0Number of asset objects unloaded after import = 0

========================================================================
Received Import Request.
  Time since last request: 0.000058 seconds.
  path: Packages/com.unity.services.core/Editor/Core/Linker/Models
  artifactKey: Guid(26b7e6918d8f4dfe909139d0cede1010) Importer(2089858483,b0f066a214c2f5e87bad3c948f4d605d)
Start importing Packages/com.unity.services.core/Editor/Core/Linker/Models using Guid(26b7e6918d8f4dfe909139d0cede1010) Importer(2089858483,b0f066a214c2f5e87bad3c948f4d605d) (ScriptedImporter) -> (artifact id: '579eb73f6297822c50437cfed303f6da') in 0.0148946 seconds
Number of updated asset objects reloaded before import = 0Number of asset objects unloaded after import = 1

========================================================================
Received Import Request.
  Time since last request: 0.000020 seconds.
  path: Packages/com.unity.ai.navigation/EditorResources/NavigationWindowIcon.png
  artifactKey: Guid(b0172c3ab97e219478711e1fbe9630f2) Importer(2089858483,b0f066a214c2f5e87bad3c948f4d605d)
Start importing Packages/com.unity.ai.navigation/EditorResources/NavigationWindowIcon.png using Guid(b0172c3ab97e219478711e1fbe9630f2) Importer(2089858483,b0f066a214c2f5e87bad3c948f4d605d) (ScriptedImporter) -> (artifact id: 'fe3c316ae5e233c7bfcbeb34436d2880') in 0.0177226 seconds
Number of updated asset objects reloaded before import = 0Number of asset objects unloaded after import = 1

========================================================================
Received Import Request.
  Time since last request: 0.000025 seconds.
  path: Packages/com.unity.services.core/Runtime/Core.Internal/Components/Device
  artifactKey: Guid(d7e60a737f3cb463e9a120fbe29854e8) Importer(2089858483,b0f066a214c2f5e87bad3c948f4d605d)
Start importing Packages/com.unity.services.core/Runtime/Core.Internal/Components/Device using Guid(d7e60a737f3cb463e9a120fbe29854e8) Importer(2089858483,b0f066a214c2f5e87bad3c948f4d605d) (ScriptedImporter) -> (artifact id: 'c37c7be723b162aed08d637d4ebc83ca') in 0.0115924 seconds
Number of updated asset objects reloaded before import = 0Number of asset objects unloaded after import = 1

========================================================================
Received Import Request.
  Time since last request: 0.000040 seconds.
  path: Packages/com.unity.purchasing/Runtime/Purchasing/Analytics/Models/GoogleReceipt.cs
  artifactKey: Guid(418f497ff2764085950acd83caecbf54) Importer(2089858483,b0f066a214c2f5e87bad3c948f4d605d)
Start importing Packages/com.unity.purchasing/Runtime/Purchasing/Analytics/Models/GoogleReceipt.cs using Guid(418f497ff2764085950acd83caecbf54) Importer(2089858483,b0f066a214c2f5e87bad3c948f4d605d) (ScriptedImporter) -> (artifact id: 'c1c3056645f175b9d407bd787f3cf080') in 0.014589 seconds
Number of updated asset objects reloaded before import = 0Number of asset objects unloaded after import = 0

========================================================================
Received Import Request.
  Time since last request: 0.000103 seconds.
  path: Packages/com.unity.services.core/Runtime/Telemetry/Diagnotstics/DiagnosticsFactory.cs
  artifactKey: Guid(fa076e64208b8334a8a147efeebf66fc) Importer(2089858483,b0f066a214c2f5e87bad3c948f4d605d)
Start importing Packages/com.unity.services.core/Runtime/Telemetry/Diagnotstics/DiagnosticsFactory.cs using Guid(fa076e64208b8334a8a147efeebf66fc) Importer(2089858483,b0f066a214c2f5e87bad3c948f4d605d) (ScriptedImporter) -> (artifact id: '865b9644e42913cb17449aed4156d867') in 0.0136333 seconds
Number of updated asset objects reloaded before import = 0Number of asset objects unloaded after import = 0

========================================================================
Received Import Request.
  Time since last request: 0.000051 seconds.
  path: Packages/com.unity.purchasing/Runtime/Purchasing/PurchasingFactory.cs
  artifactKey: Guid(cd86037972ea481699ef5ab2193ac0a1) Importer(2089858483,b0f066a214c2f5e87bad3c948f4d605d)
Start importing Packages/com.unity.purchasing/Runtime/Purchasing/PurchasingFactory.cs using Guid(cd86037972ea481699ef5ab2193ac0a1) Importer(2089858483,b0f066a214c2f5e87bad3c948f4d605d) (ScriptedImporter) -> (artifact id: '9afc720f0d4681368d30c2b192ded346') in 0.0141801 seconds
Number of updated asset objects reloaded before import = 0Number of asset objects unloaded after import = 0

========================================================================
Received Import Request.
  Time since last request: 0.000063 seconds.
  path: Packages/com.unity.purchasing/Runtime/Purchasing/TransactionLog.cs
  artifactKey: Guid(88035523492c438caeffc0cc452c5301) Importer(2089858483,b0f066a214c2f5e87bad3c948f4d605d)
Start importing Packages/com.unity.purchasing/Runtime/Purchasing/TransactionLog.cs using Guid(88035523492c438caeffc0cc452c5301) Importer(2089858483,b0f066a214c2f5e87bad3c948f4d605d) (ScriptedImporter) -> (artifact id: '19f26c90b5f11128805bad8040b0a286') in 0.0124056 seconds
Number of updated asset objects reloaded before import = 0Number of asset objects unloaded after import = 0

========================================================================
Received Import Request.
  Time since last request: 0.000019 seconds.
  path: Packages/com.unity.purchasing/Runtime/Stores/FakeStore/FakeStore.cs
  artifactKey: Guid(9c74e1c7e57b47d4be034ab3f8b9b041) Importer(2089858483,b0f066a214c2f5e87bad3c948f4d605d)
Start importing Packages/com.unity.purchasing/Runtime/Stores/FakeStore/FakeStore.cs using Guid(9c74e1c7e57b47d4be034ab3f8b9b041) Importer(2089858483,b0f066a214c2f5e87bad3c948f4d605d) (ScriptedImporter) -> (artifact id: '56edf6679ae8ec4d909b7e0798b433ec') in 0.0119346 seconds
Number of updated asset objects reloaded before import = 0Number of asset objects unloaded after import = 0

========================================================================
Received Import Request.
  Time since last request: 0.000059 seconds.
  path: Packages/com.unity.ai.navigation/EditorResources/Overlay/d_NavigationOverlay On@64.png
  artifactKey: Guid(b3cd430fb0ffe164fa829262bb9e1d4b) Importer(2089858483,b0f066a214c2f5e87bad3c948f4d605d)
Start importing Packages/com.unity.ai.navigation/EditorResources/Overlay/d_NavigationOverlay On@64.png using Guid(b3cd430fb0ffe164fa829262bb9e1d4b) Importer(2089858483,b0f066a214c2f5e87bad3c948f4d605d) (ScriptedImporter) -> (artifact id: 'd15f774fe338a483d0ac72a33879bbe4') in 0.0247152 seconds
Number of updated asset objects reloaded before import = 0Number of asset objects unloaded after import = 1

========================================================================
Received Import Request.
  Time since last request: 0.000040 seconds.
  path: Packages/com.unity.analytics/AnalyticsStandardEvents
  artifactKey: Guid(96e1a81adb349464a97ebed166911b0e) Importer(2089858483,b0f066a214c2f5e87bad3c948f4d605d)
Start importing Packages/com.unity.analytics/AnalyticsStandardEvents using Guid(96e1a81adb349464a97ebed166911b0e) Importer(2089858483,b0f066a214c2f5e87bad3c948f4d605d) (ScriptedImporter) -> (artifact id: 'ab68549c2159c5906b6506fac578a2b6') in 0.0124141 seconds
Number of updated asset objects reloaded before import = 0Number of asset objects unloaded after import = 1

========================================================================
Received Import Request.
  Time since last request: 0.000158 seconds.
  path: Packages/com.unity.purchasing/Runtime/Stores/Android
  artifactKey: Guid(d75ff02a4aac4ea98dde393594709520) Importer(2089858483,b0f066a214c2f5e87bad3c948f4d605d)
Start importing Packages/com.unity.purchasing/Runtime/Stores/Android using Guid(d75ff02a4aac4ea98dde393594709520) Importer(2089858483,b0f066a214c2f5e87bad3c948f4d605d) (ScriptedImporter) -> (artifact id: '93e5d56de23ae5e898cb088ebcbc207d') in 0.0114287 seconds
Number of updated asset objects reloaded before import = 0Number of asset objects unloaded after import = 1

========================================================================
Received Import Request.
  Time since last request: 0.000024 seconds.
  path: Packages/com.unity.xr.legacyinputhelpers/Editor/SeedXRInputBindings
  artifactKey: Guid(b9305ba4c18ed014ca21b12059ff734a) Importer(2089858483,b0f066a214c2f5e87bad3c948f4d605d)
Start importing Packages/com.unity.xr.legacyinputhelpers/Editor/SeedXRInputBindings using Guid(b9305ba4c18ed014ca21b12059ff734a) Importer(2089858483,b0f066a214c2f5e87bad3c948f4d605d) (ScriptedImporter) -> (artifact id: 'dff873109111c329216f82c750cc3ded') in 0.0144196 seconds
Number of updated asset objects reloaded before import = 0Number of asset objects unloaded after import = 1

========================================================================
Received Import Request.
  Time since last request: 0.000054 seconds.
  path: Packages/com.unity.services.core/Editor/Core/Scheduler/ActionSchedulerCleaner.cs
  artifactKey: Guid(c9f9c846b2d95994b92fbb514b8b004c) Importer(2089858483,b0f066a214c2f5e87bad3c948f4d605d)
Start importing Packages/com.unity.services.core/Editor/Core/Scheduler/ActionSchedulerCleaner.cs using Guid(c9f9c846b2d95994b92fbb514b8b004c) Importer(2089858483,b0f066a214c2f5e87bad3c948f4d605d) (ScriptedImporter) -> (artifact id: '3da8bf6ed2e18dc4977f20601b393000') in 0.0129091 seconds
Number of updated asset objects reloaded before import = 0Number of asset objects unloaded after import = 0

========================================================================
Received Import Request.
  Time since last request: 0.000062 seconds.
  path: Packages/com.unity.services.core/Editor/Core/Environments/Client/Http/ResponseHandler.cs
  artifactKey: Guid(4c736f93ef06a426e92c0e72ceb077f9) Importer(2089858483,b0f066a214c2f5e87bad3c948f4d605d)
Start importing Packages/com.unity.services.core/Editor/Core/Environments/Client/Http/ResponseHandler.cs using Guid(4c736f93ef06a426e92c0e72ceb077f9) Importer(2089858483,b0f066a214c2f5e87bad3c948f4d605d) (ScriptedImporter) -> (artifact id: '26ca7d1c11aeb668945e6b9fe4547d61') in 0.0135984 seconds
Number of updated asset objects reloaded before import = 0Number of asset objects unloaded after import = 0

========================================================================
Received Import Request.
  Time since last request: 0.000066 seconds.
  path: Packages/com.unity.services.core/Editor/Core/Environments/EnvironmentProvider.cs
  artifactKey: Guid(f7fdd725538d4f34a1c741ad04892607) Importer(2089858483,b0f066a214c2f5e87bad3c948f4d605d)
Start importing Packages/com.unity.services.core/Editor/Core/Environments/EnvironmentProvider.cs using Guid(f7fdd725538d4f34a1c741ad04892607) Importer(2089858483,b0f066a214c2f5e87bad3c948f4d605d) (ScriptedImporter) -> (artifact id: '6e9bf6ea2e766906ab93671fb8918dc1') in 0.0133234 seconds
Number of updated asset objects reloaded before import = 0Number of asset objects unloaded after import = 0

========================================================================
Received Import Request.
  Time since last request: 0.000052 seconds.
  path: Packages/com.unity.services.core/Runtime/Scheduler/TimeProvider
  artifactKey: Guid(89da8fcade106e248a5d3190a19d35e3) Importer(2089858483,b0f066a214c2f5e87bad3c948f4d605d)
Start importing Packages/com.unity.services.core/Runtime/Scheduler/TimeProvider using Guid(89da8fcade106e248a5d3190a19d35e3) Importer(2089858483,b0f066a214c2f5e87bad3c948f4d605d) (ScriptedImporter) -> (artifact id: '621a63e79192db9f7b136e9d327d7544') in 0.0124639 seconds
Number of updated asset objects reloaded before import = 0Number of asset objects unloaded after import = 1

========================================================================
Received Import Request.
  Time since last request: 0.000062 seconds.
  path: Packages/com.unity.purchasing/Editor/GooglePlayProductCatalogExporter.cs
  artifactKey: Guid(99e94b1472934112847ff9606a53fdda) Importer(2089858483,b0f066a214c2f5e87bad3c948f4d605d)
Start importing Packages/com.unity.purchasing/Editor/GooglePlayProductCatalogExporter.cs using Guid(99e94b1472934112847ff9606a53fdda) Importer(2089858483,b0f066a214c2f5e87bad3c948f4d605d) (ScriptedImporter) -> (artifact id: '2c3a2e7a2fc9005a9ff19ac9f1b5d97e') in 0.0119095 seconds
Number of updated asset objects reloaded before import = 0Number of asset objects unloaded after import = 0

========================================================================
Received Import Request.
  Time since last request: 0.777648 seconds.
  path: Packages/com.unity.purchasing/Runtime/Purchasing/Analytics
  artifactKey: Guid(e7da53e7495b4ac4b8f79193b783a410) Importer(2089858483,b0f066a214c2f5e87bad3c948f4d605d)
Start importing Packages/com.unity.purchasing/Runtime/Purchasing/Analytics using Guid(e7da53e7495b4ac4b8f79193b783a410) Importer(2089858483,b0f066a214c2f5e87bad3c948f4d605d) (ScriptedImporter) -> (artifact id: '5f16dcc25de9749e3f8d573b89993057') in 0.0130867 seconds
Number of updated asset objects reloaded before import = 0Number of asset objects unloaded after import = 1

========================================================================
Received Import Request.
  Time since last request: 0.000038 seconds.
  path: Packages/com.unity.services.core/Editor/Core/Shared/UI/EventBinding.Gen.cs
  artifactKey: Guid(ce5fd6de47d0f4dbea22241a63695db9) Importer(2089858483,b0f066a214c2f5e87bad3c948f4d605d)
Start importing Packages/com.unity.services.core/Editor/Core/Shared/UI/EventBinding.Gen.cs using Guid(ce5fd6de47d0f4dbea22241a63695db9) Importer(2089858483,b0f066a214c2f5e87bad3c948f4d605d) (ScriptedImporter) -> (artifact id: 'bec18b0c893e504265568928b1acd6b0') in 0.0149422 seconds
Number of updated asset objects reloaded before import = 0Number of asset objects unloaded after import = 0

========================================================================
Received Import Request.
  Time since last request: 0.000050 seconds.
  path: Packages/com.unity.purchasing/Runtime/Stores/Android/GooglePlay/Services/GooglePlayStoreRetrieveProductsService.cs
  artifactKey: Guid(4f684f8be849544fb93b179579ac8eb2) Importer(2089858483,b0f066a214c2f5e87bad3c948f4d605d)
Start importing Packages/com.unity.purchasing/Runtime/Stores/Android/GooglePlay/Services/GooglePlayStoreRetrieveProductsService.cs using Guid(4f684f8be849544fb93b179579ac8eb2) Importer(2089858483,b0f066a214c2f5e87bad3c948f4d605d) (ScriptedImporter) -> (artifact id: '4452b6dabb6524992766606f5922f351') in 0.0139795 seconds
Number of updated asset objects reloaded before import = 0Number of asset objects unloaded after import = 0

========================================================================
Received Import Request.
  Time since last request: 0.000032 seconds.
  path: Packages/com.unity.purchasing/Editor/ServiceProjectSettings/Entity/Consts/UIResourceUtils.cs
  artifactKey: Guid(d967d21222b514bc6b5020d2b063ad4e) Importer(2089858483,b0f066a214c2f5e87bad3c948f4d605d)
Start importing Packages/com.unity.purchasing/Editor/ServiceProjectSettings/Entity/Consts/UIResourceUtils.cs using Guid(d967d21222b514bc6b5020d2b063ad4e) Importer(2089858483,b0f066a214c2f5e87bad3c948f4d605d) (ScriptedImporter) -> (artifact id: '8133220a41b788abf0dc758dfece44b1') in 0.0125162 seconds
Number of updated asset objects reloaded before import = 0Number of asset objects unloaded after import = 0

========================================================================
Received Import Request.
  Time since last request: 0.000089 seconds.
  path: Packages/com.unity.analytics/Plugins/WindowUtil.jslib
  artifactKey: Guid(9c28ac06b3e4042b49dd5e1471a4c81a) Importer(2089858483,b0f066a214c2f5e87bad3c948f4d605d)
Start importing Packages/com.unity.analytics/Plugins/WindowUtil.jslib using Guid(9c28ac06b3e4042b49dd5e1471a4c81a) Importer(2089858483,b0f066a214c2f5e87bad3c948f4d605d) (ScriptedImporter) -> (artifact id: 'dc47160b82b219b34330a4a47f1d0a53') in 0.0132803 seconds
Number of updated asset objects reloaded before import = 0Number of asset objects unloaded after import = 0

========================================================================
Received Import Request.
  Time since last request: 0.000026 seconds.
  path: Packages/com.unity.purchasing/Runtime/Stores/Android/AmazonAppStore/IAmazonConfiguration.cs
  artifactKey: Guid(cb8fb32953c44359a54c5638cbeaf502) Importer(2089858483,b0f066a214c2f5e87bad3c948f4d605d)
Start importing Packages/com.unity.purchasing/Runtime/Stores/Android/AmazonAppStore/IAmazonConfiguration.cs using Guid(cb8fb32953c44359a54c5638cbeaf502) Importer(2089858483,b0f066a214c2f5e87bad3c948f4d605d) (ScriptedImporter) -> (artifact id: 'ca21c37287eb24ed5af3d42e1e3965b8') in 0.0135003 seconds
Number of updated asset objects reloaded before import = 0Number of asset objects unloaded after import = 0

========================================================================
Received Import Request.
  Time since last request: 0.000039 seconds.
  path: Packages/com.unity.xr.legacyinputhelpers/Runtime
  artifactKey: Guid(a5d4a182a315c1e499859f6879113727) Importer(2089858483,b0f066a214c2f5e87bad3c948f4d605d)
Start importing Packages/com.unity.xr.legacyinputhelpers/Runtime using Guid(a5d4a182a315c1e499859f6879113727) Importer(2089858483,b0f066a214c2f5e87bad3c948f4d605d) (ScriptedImporter) -> (artifact id: '5a399fccd5d7671fb506ad3d2cf1e6c4') in 0.0127527 seconds
Number of updated asset objects reloaded before import = 0Number of asset objects unloaded after import = 1

========================================================================
Received Import Request.
  Time since last request: 0.000044 seconds.
  path: Packages/com.unity.xr.legacyinputhelpers/Editor/ArmModels/TransitionArmModelEditor.cs
  artifactKey: Guid(d0771c912c4d7c841b238a454ec571cb) Importer(2089858483,b0f066a214c2f5e87bad3c948f4d605d)
Start importing Packages/com.unity.xr.legacyinputhelpers/Editor/ArmModels/TransitionArmModelEditor.cs using Guid(d0771c912c4d7c841b238a454ec571cb) Importer(2089858483,b0f066a214c2f5e87bad3c948f4d605d) (ScriptedImporter) -> (artifact id: 'c76be7b1931c488b52251c114e0af61f') in 0.0142147 seconds
Number of updated asset objects reloaded before import = 0Number of asset objects unloaded after import = 0

========================================================================
Received Import Request.
  Time since last request: 0.000062 seconds.
  path: Packages/com.unity.purchasing/Runtime/AppleMacosStub/OSXStoreBindings.cs
  artifactKey: Guid(db2078cc8cfe47f39a2190a0ff90214a) Importer(2089858483,b0f066a214c2f5e87bad3c948f4d605d)
Start importing Packages/com.unity.purchasing/Runtime/AppleMacosStub/OSXStoreBindings.cs using Guid(db2078cc8cfe47f39a2190a0ff90214a) Importer(2089858483,b0f066a214c2f5e87bad3c948f4d605d) (ScriptedImporter) -> (artifact id: 'f4fa5ec3708272e903d7d98bf06f6fb5') in 0.011352 seconds
Number of updated asset objects reloaded before import = 0Number of asset objects unloaded after import = 0

========================================================================
Received Import Request.
  Time since last request: 0.000053 seconds.
  path: Packages/com.unity.purchasing/Editor/Analytics/Helpers/GenericEditorFieldEditEventSenderHelpers.cs
  artifactKey: Guid(1633d32bee23e184a9e197103cdfa176) Importer(2089858483,b0f066a214c2f5e87bad3c948f4d605d)
Start importing Packages/com.unity.purchasing/Editor/Analytics/Helpers/GenericEditorFieldEditEventSenderHelpers.cs using Guid(1633d32bee23e184a9e197103cdfa176) Importer(2089858483,b0f066a214c2f5e87bad3c948f4d605d) (ScriptedImporter) -> (artifact id: 'a93d260d7cd352b9146f7d682e1de610') in 0.016336 seconds
Number of updated asset objects reloaded before import = 0Number of asset objects unloaded after import = 0

========================================================================
Received Import Request.
  Time since last request: 0.000066 seconds.
  path: Packages/com.unity.services.analytics/Editor
  artifactKey: Guid(3c12b9e9e7a1c4a969542b1200850c44) Importer(2089858483,b0f066a214c2f5e87bad3c948f4d605d)
Start importing Packages/com.unity.services.analytics/Editor using Guid(3c12b9e9e7a1c4a969542b1200850c44) Importer(2089858483,b0f066a214c2f5e87bad3c948f4d605d) (ScriptedImporter) -> (artifact id: '349d72510acae03eab256d852ff42658') in 0.0124939 seconds
Number of updated asset objects reloaded before import = 0Number of asset objects unloaded after import = 1

========================================================================
Received Import Request.
  Time since last request: 0.000041 seconds.
  path: Packages/com.unity.purchasing/Runtime/Stores/Android/GooglePlay/AAR/Interfaces/IGooglePurchaseUpdatedListener.cs
  artifactKey: Guid(9d4f5f2eb7a4d4b83a88d613c935af1f) Importer(2089858483,b0f066a214c2f5e87bad3c948f4d605d)
Start importing Packages/com.unity.purchasing/Runtime/Stores/Android/GooglePlay/AAR/Interfaces/IGooglePurchaseUpdatedListener.cs using Guid(9d4f5f2eb7a4d4b83a88d613c935af1f) Importer(2089858483,b0f066a214c2f5e87bad3c948f4d605d) (ScriptedImporter) -> (artifact id: 'fb9235dddc87ffd9edd78b50c06dcdb1') in 0.0160776 seconds
Number of updated asset objects reloaded before import = 0Number of asset objects unloaded after import = 0

========================================================================
Received Import Request.
  Time since last request: 0.000046 seconds.
  path: Packages/com.unity.purchasing/Runtime/WinRT/WinRTStore.cs
  artifactKey: Guid(c45b9c080a48f794e8be2a50efb06c38) Importer(2089858483,b0f066a214c2f5e87bad3c948f4d605d)
Start importing Packages/com.unity.purchasing/Runtime/WinRT/WinRTStore.cs using Guid(c45b9c080a48f794e8be2a50efb06c38) Importer(2089858483,b0f066a214c2f5e87bad3c948f4d605d) (ScriptedImporter) -> (artifact id: 'd83ae7668762353da9b96c5cb3d0f720') in 0.0111444 seconds
Number of updated asset objects reloaded before import = 0Number of asset objects unloaded after import = 0

========================================================================
Received Import Request.
  Time since last request: 0.000050 seconds.
  path: Packages/com.unity.services.analytics/Runtime/Events/Transaction/VirtualCurrencyType.cs
  artifactKey: Guid(36ed6177e8b3449bad61364361614e55) Importer(2089858483,b0f066a214c2f5e87bad3c948f4d605d)
Start importing Packages/com.unity.services.analytics/Runtime/Events/Transaction/VirtualCurrencyType.cs using Guid(36ed6177e8b3449bad61364361614e55) Importer(2089858483,b0f066a214c2f5e87bad3c948f4d605d) (ScriptedImporter) -> (artifact id: 'bdaae7b2d1055324cb011891a6380bb2') in 0.0146757 seconds
Number of updated asset objects reloaded before import = 0Number of asset objects unloaded after import = 0

========================================================================
Received Import Request.
  Time since last request: 0.000024 seconds.
  path: Packages/com.unity.purchasing/Runtime/Stores/Android/GooglePlay/AAR/Interfaces/IBillingClientStateListener.cs
  artifactKey: Guid(15d04b6fd658a4eafaeac7ebdd6163bb) Importer(2089858483,b0f066a214c2f5e87bad3c948f4d605d)
Start importing Packages/com.unity.purchasing/Runtime/Stores/Android/GooglePlay/AAR/Interfaces/IBillingClientStateListener.cs using Guid(15d04b6fd658a4eafaeac7ebdd6163bb) Importer(2089858483,b0f066a214c2f5e87bad3c948f4d605d) (ScriptedImporter) -> (artifact id: '8ead4ee4243e531fd59bf32da685405f') in 0.0145439 seconds
Number of updated asset objects reloaded before import = 0Number of asset objects unloaded after import = 0

========================================================================
Received Import Request.
  Time since last request: 0.000046 seconds.
  path: Packages/com.unity.purchasing/Editor/MenuItems
  artifactKey: Guid(a8c01c3f5d2def24eba2282198063ee6) Importer(2089858483,b0f066a214c2f5e87bad3c948f4d605d)
Start importing Packages/com.unity.purchasing/Editor/MenuItems using Guid(a8c01c3f5d2def24eba2282198063ee6) Importer(2089858483,b0f066a214c2f5e87bad3c948f4d605d) (ScriptedImporter) -> (artifact id: 'dd7eca4591f68c5a24dd1a2fd188b1d9') in 0.0138146 seconds
Number of updated asset objects reloaded before import = 0Number of asset objects unloaded after import = 1

========================================================================
Received Import Request.
  Time since last request: 0.000048 seconds.
  path: Packages/com.unity.analytics/Tests/Editor/ItemAcquiredTests.cs
  artifactKey: Guid(5e7a49a6952af4d4ab2c3b038be68141) Importer(2089858483,b0f066a214c2f5e87bad3c948f4d605d)
Start importing Packages/com.unity.analytics/Tests/Editor/ItemAcquiredTests.cs using Guid(5e7a49a6952af4d4ab2c3b038be68141) Importer(2089858483,b0f066a214c2f5e87bad3c948f4d605d) (ScriptedImporter) -> (artifact id: 'fa2586a9920171617e38a854559d1574') in 0.0136066 seconds
Number of updated asset objects reloaded before import = 0Number of asset objects unloaded after import = 0

========================================================================
Received Import Request.
  Time since last request: 0.000038 seconds.
  path: Packages/com.unity.services.core/Editor/Core/BackendHelpers/JsonHelper.cs
  artifactKey: Guid(8d2aa84387bb4a82a112246221c3e06c) Importer(2089858483,b0f066a214c2f5e87bad3c948f4d605d)
Start importing Packages/com.unity.services.core/Editor/Core/BackendHelpers/JsonHelper.cs using Guid(8d2aa84387bb4a82a112246221c3e06c) Importer(2089858483,b0f066a214c2f5e87bad3c948f4d605d) (ScriptedImporter) -> (artifact id: 'c95a3f42673ab20b00d9315c7eaf1d96') in 0.0129721 seconds
Number of updated asset objects reloaded before import = 0Number of asset objects unloaded after import = 0

========================================================================
Received Import Request.
  Time since last request: 0.000061 seconds.
  path: Packages/com.unity.purchasing/Runtime/Security/Asn1Processor/Oid.cs
  artifactKey: Guid(a145b399478144151ad20b92bd87d07d) Importer(2089858483,b0f066a214c2f5e87bad3c948f4d605d)
Start importing Packages/com.unity.purchasing/Runtime/Security/Asn1Processor/Oid.cs using Guid(a145b399478144151ad20b92bd87d07d) Importer(2089858483,b0f066a214c2f5e87bad3c948f4d605d) (ScriptedImporter) -> (artifact id: 'fb336c107c8e2c943ebca4f404d9adc1') in 0.01204 seconds
Number of updated asset objects reloaded before import = 0Number of asset objects unloaded after import = 0

========================================================================
Received Import Request.
  Time since last request: 0.000033 seconds.
  path: Packages/com.unity.services.core/Editor/Core/Environments/Client/Http/DeserializationException.cs
  artifactKey: Guid(974d9fb338699444fa12c421db55a2bd) Importer(2089858483,b0f066a214c2f5e87bad3c948f4d605d)
Start importing Packages/com.unity.services.core/Editor/Core/Environments/Client/Http/DeserializationException.cs using Guid(974d9fb338699444fa12c421db55a2bd) Importer(2089858483,b0f066a214c2f5e87bad3c948f4d605d) (ScriptedImporter) -> (artifact id: 'e695c282d7247dcd9e167558c2f79290') in 0.0122931 seconds
Number of updated asset objects reloaded before import = 0Number of asset objects unloaded after import = 0

========================================================================
Received Import Request.
  Time since last request: 0.000041 seconds.
  path: Packages/com.unity.xr.legacyinputhelpers/Editor/TrackedPoseDriver/TrackedPoseDriverEditor.cs
  artifactKey: Guid(89c097ec5a9e1d0409a12d54380028f9) Importer(2089858483,b0f066a214c2f5e87bad3c948f4d605d)
Start importing Packages/com.unity.xr.legacyinputhelpers/Editor/TrackedPoseDriver/TrackedPoseDriverEditor.cs using Guid(89c097ec5a9e1d0409a12d54380028f9) Importer(2089858483,b0f066a214c2f5e87bad3c948f4d605d) (ScriptedImporter) -> (artifact id: '29d70baf4bd2780781a827bb11b8d2c9') in 0.0134228 seconds
Number of updated asset objects reloaded before import = 0Number of asset objects unloaded after import = 0

========================================================================
Received Import Request.
  Time since last request: 0.000077 seconds.
  path: Packages/com.unity.purchasing/Runtime/Stores/Android/GooglePlay/AAR/Interfaces
  artifactKey: Guid(78835d9d9c2484147b2adacaf8a03d55) Importer(2089858483,b0f066a214c2f5e87bad3c948f4d605d)
Start importing Packages/com.unity.purchasing/Runtime/Stores/Android/GooglePlay/AAR/Interfaces using Guid(78835d9d9c2484147b2adacaf8a03d55) Importer(2089858483,b0f066a214c2f5e87bad3c948f4d605d) (ScriptedImporter) -> (artifact id: '06c56617c52268c6a547395f122fa9c4') in 0.0145672 seconds
Number of updated asset objects reloaded before import = 0Number of asset objects unloaded after import = 1

========================================================================
Received Import Request.
  Time since last request: 0.000054 seconds.
  path: Packages/com.unity.services.core/Editor/Core/UiHelpers/USS/PlatformSupportVisualCommon.uss
  artifactKey: Guid(9adf428799cec421caeecd93d938c500) Importer(2089858483,b0f066a214c2f5e87bad3c948f4d605d)
Start importing Packages/com.unity.services.core/Editor/Core/UiHelpers/USS/PlatformSupportVisualCommon.uss using Guid(9adf428799cec421caeecd93d938c500) Importer(2089858483,b0f066a214c2f5e87bad3c948f4d605d) (ScriptedImporter) -> (artifact id: '301ec53adf6fc3b5f6e6720eb838f842') in 0.0168195 seconds
Number of updated asset objects reloaded before import = 0Number of asset objects unloaded after import = 1

========================================================================
Received Import Request.
  Time since last request: 0.000028 seconds.
  path: Packages/com.unity.services.core/Editor/Core/Environments/Settings
  artifactKey: Guid(77b2992c427804e15ac922a1891ebe57) Importer(2089858483,b0f066a214c2f5e87bad3c948f4d605d)
Start importing Packages/com.unity.services.core/Editor/Core/Environments/Settings using Guid(77b2992c427804e15ac922a1891ebe57) Importer(2089858483,b0f066a214c2f5e87bad3c948f4d605d) (ScriptedImporter) -> (artifact id: 'b002b211c3549d85df10ec55cb6a4360') in 0.0133911 seconds
Number of updated asset objects reloaded before import = 0Number of asset objects unloaded after import = 1

========================================================================
Received Import Request.
  Time since last request: 0.000060 seconds.
  path: Packages/com.unity.services.core/Editor/Core/Environments/UI/Assets/EnvironmentDropdown.uxml
  artifactKey: Guid(25817525973c443a8af59ddd3933b035) Importer(2089858483,b0f066a214c2f5e87bad3c948f4d605d)
Start importing Packages/com.unity.services.core/Editor/Core/Environments/UI/Assets/EnvironmentDropdown.uxml using Guid(25817525973c443a8af59ddd3933b035) Importer(2089858483,b0f066a214c2f5e87bad3c948f4d605d) (ScriptedImporter) -> (artifact id: '98b9e9b2108c7b960c23b9c8ebae0a6f') in 0.0518818 seconds
Number of updated asset objects reloaded before import = 0Number of asset objects unloaded after import = 3

========================================================================
Received Import Request.
  Time since last request: 0.000033 seconds.
  path: Packages/com.unity.services.core/README.md
  artifactKey: Guid(9a0c99ca7bb84684fbf1df9c8f77e89f) Importer(2089858483,b0f066a214c2f5e87bad3c948f4d605d)
Start importing Packages/com.unity.services.core/README.md using Guid(9a0c99ca7bb84684fbf1df9c8f77e89f) Importer(2089858483,b0f066a214c2f5e87bad3c948f4d605d) (ScriptedImporter) -> (artifact id: '2966be912ea9691f7be0ca3d6b029b70') in 0.0122062 seconds
Number of updated asset objects reloaded before import = 0Number of asset objects unloaded after import = 1

========================================================================
Received Import Request.
  Time since last request: 0.000044 seconds.
  path: Packages/com.unity.analytics/DataPrivacy/Unity.Analytics.DataPrivacy.asmdef
  artifactKey: Guid(0fda7ebe61ab2164383d10e32efb9c6e) Importer(2089858483,b0f066a214c2f5e87bad3c948f4d605d)
Start importing Packages/com.unity.analytics/DataPrivacy/Unity.Analytics.DataPrivacy.asmdef using Guid(0fda7ebe61ab2164383d10e32efb9c6e) Importer(2089858483,b0f066a214c2f5e87bad3c948f4d605d) (ScriptedImporter) -> (artifact id: '01458bb5d838cd8853b46ee96d735554') in 0.0132894 seconds
Number of updated asset objects reloaded before import = 0Number of asset objects unloaded after import = 1

========================================================================
Received Import Request.
  Time since last request: 0.000023 seconds.
  path: Packages/com.unity.purchasing/Editor/UdpSynchronizationApi.cs
  artifactKey: Guid(a82540fa9f3e4c69b136134dcd250ad6) Importer(2089858483,b0f066a214c2f5e87bad3c948f4d605d)
Start importing Packages/com.unity.purchasing/Editor/UdpSynchronizationApi.cs using Guid(a82540fa9f3e4c69b136134dcd250ad6) Importer(2089858483,b0f066a214c2f5e87bad3c948f4d605d) (ScriptedImporter) -> (artifact id: 'e8bc320a27bcfa57c8aa17c34ebc6a13') in 0.0129931 seconds
Number of updated asset objects reloaded before import = 0Number of asset objects unloaded after import = 0

========================================================================
Received Import Request.
  Time since last request: 0.000075 seconds.
  path: Packages/com.unity.purchasing/Editor/Analytics/PackageKey/GameServicesAnalyticsPackageKeyHolder.cs
  artifactKey: Guid(41716fe45d35db241b547113166d4c50) Importer(2089858483,b0f066a214c2f5e87bad3c948f4d605d)
Start importing Packages/com.unity.purchasing/Editor/Analytics/PackageKey/GameServicesAnalyticsPackageKeyHolder.cs using Guid(41716fe45d35db241b547113166d4c50) Importer(2089858483,b0f066a214c2f5e87bad3c948f4d605d) (ScriptedImporter) -> (artifact id: '48ad3866a82d316226d223f94d88d2bf') in 0.0115434 seconds
Number of updated asset objects reloaded before import = 0Number of asset objects unloaded after import = 0

========================================================================
Received Import Request.
  Time since last request: 0.000147 seconds.
  path: Packages/com.unity.analytics/Tests/Editor/TutorialSkipTests.cs
  artifactKey: Guid(3ab6e6972ecb54e2cbd505692415a7ba) Importer(2089858483,b0f066a214c2f5e87bad3c948f4d605d)
Start importing Packages/com.unity.analytics/Tests/Editor/TutorialSkipTests.cs using Guid(3ab6e6972ecb54e2cbd505692415a7ba) Importer(2089858483,b0f066a214c2f5e87bad3c948f4d605d) (ScriptedImporter) -> (artifact id: 'f80c401ee469182aebce071575a501d8') in 0.0171082 seconds
Number of updated asset objects reloaded before import = 0Number of asset objects unloaded after import = 0

========================================================================
Received Import Request.
  Time since last request: 0.000084 seconds.
  path: Packages/com.unity.services.core/Runtime/Device
  artifactKey: Guid(cd19f4d30febf412099957c9457b31f2) Importer(2089858483,b0f066a214c2f5e87bad3c948f4d605d)
Start importing Packages/com.unity.services.core/Runtime/Device using Guid(cd19f4d30febf412099957c9457b31f2) Importer(2089858483,b0f066a214c2f5e87bad3c948f4d605d) (ScriptedImporter) -> (artifact id: 'fb17c1a29f8868ed69a1ffe02c5408eb') in 0.0140561 seconds
Number of updated asset objects reloaded before import = 0Number of asset objects unloaded after import = 1

========================================================================
Received Import Request.
  Time since last request: 0.000020 seconds.
  path: Packages/com.unity.purchasing/Editor/ServiceProjectSettings/UI/UXML/PurchasingProjectSettings.uxml
  artifactKey: Guid(7bcc2360f5525c542aed6bffb5021271) Importer(2089858483,b0f066a214c2f5e87bad3c948f4d605d)
Start importing Packages/com.unity.purchasing/Editor/ServiceProjectSettings/UI/UXML/PurchasingProjectSettings.uxml using Guid(7bcc2360f5525c542aed6bffb5021271) Importer(2089858483,b0f066a214c2f5e87bad3c948f4d605d) (ScriptedImporter) -> (artifact id: '09c4d201c0f2b6e2f216e052ea0fe3b3') in 0.0176757 seconds
Number of updated asset objects reloaded before import = 0Number of asset objects unloaded after import = 2

========================================================================
Received Import Request.
  Time since last request: 0.692816 seconds.
  path: Packages/com.unity.purchasing/Runtime/Stores/Android/GooglePlay/AAR/Models/ProductDescriptionQuery.cs
  artifactKey: Guid(f5272aed2952245bb8b844e7247a4b0e) Importer(2089858483,b0f066a214c2f5e87bad3c948f4d605d)
Start importing Packages/com.unity.purchasing/Runtime/Stores/Android/GooglePlay/AAR/Models/ProductDescriptionQuery.cs using Guid(f5272aed2952245bb8b844e7247a4b0e) Importer(2089858483,b0f066a214c2f5e87bad3c948f4d605d) (ScriptedImporter) -> (artifact id: '97030786a660098fdf76637dd816c10d') in 0.0138114 seconds
Number of updated asset objects reloaded before import = 0Number of asset objects unloaded after import = 0

========================================================================
Received Import Request.
  Time since last request: 0.000108 seconds.
  path: Packages/com.unity.services.analytics/Editor/Tools/Checkmark.png
  artifactKey: Guid(d4cd060c7bf78644d99a5eec9c83c21d) Importer(2089858483,b0f066a214c2f5e87bad3c948f4d605d)
Start importing Packages/com.unity.services.analytics/Editor/Tools/Checkmark.png using Guid(d4cd060c7bf78644d99a5eec9c83c21d) Importer(2089858483,b0f066a214c2f5e87bad3c948f4d605d) (ScriptedImporter) -> (artifact id: 'b6472c6450a86348f0193221b8208b24') in 0.0219013 seconds
Number of updated asset objects reloaded before import = 0Number of asset objects unloaded after import = 1

========================================================================
Received Import Request.
  Time since last request: 0.000062 seconds.
  path: Assets/Resources
  artifactKey: Guid(faffc1bf3be055d4fb1866bf75215256) Importer(2089858483,b0f066a214c2f5e87bad3c948f4d605d)
Start importing Assets/Resources using Guid(faffc1bf3be055d4fb1866bf75215256) Importer(2089858483,b0f066a214c2f5e87bad3c948f4d605d) (ScriptedImporter) -> (artifact id: 'af68e125be362eb1e45c1d23dca6831e') in 0.0122466 seconds
Number of updated asset objects reloaded before import = 0Number of asset objects unloaded after import = 1

========================================================================
Received Import Request.
  Time since last request: 0.000049 seconds.
  path: Packages/com.unity.purchasing/Runtime/Common/Purchasing.Common.asmdef
  artifactKey: Guid(7bb1ee73ebb9f114188944f67b1333d6) Importer(2089858483,b0f066a214c2f5e87bad3c948f4d605d)
Start importing Packages/com.unity.purchasing/Runtime/Common/Purchasing.Common.asmdef using Guid(7bb1ee73ebb9f114188944f67b1333d6) Importer(2089858483,b0f066a214c2f5e87bad3c948f4d605d) (ScriptedImporter) -> (artifact id: '1e5e3334800aace818150471a043a253') in 0.0111124 seconds
Number of updated asset objects reloaded before import = 0Number of asset objects unloaded after import = 1

========================================================================
Received Import Request.
  Time since last request: 0.000040 seconds.
  path: Packages/com.unity.services.core/Runtime/Core/ExternalUserIdProperty.cs
  artifactKey: Guid(92620b818fb3f4bf795270bbc57e9f11) Importer(2089858483,b0f066a214c2f5e87bad3c948f4d605d)
Start importing Packages/com.unity.services.core/Runtime/Core/ExternalUserIdProperty.cs using Guid(92620b818fb3f4bf795270bbc57e9f11) Importer(2089858483,b0f066a214c2f5e87bad3c948f4d605d) (ScriptedImporter) -> (artifact id: '978298e3e61084302701fdce023a26dc') in 0.0104377 seconds
Number of updated asset objects reloaded before import = 0Number of asset objects unloaded after import = 0

========================================================================
Received Import Request.
  Time since last request: 0.000134 seconds.
  path: Packages/com.unity.purchasing/Runtime/WinRT/Factory.cs
  artifactKey: Guid(366654928a7595f4885a385a72293c23) Importer(2089858483,b0f066a214c2f5e87bad3c948f4d605d)
Start importing Packages/com.unity.purchasing/Runtime/WinRT/Factory.cs using Guid(366654928a7595f4885a385a72293c23) Importer(2089858483,b0f066a214c2f5e87bad3c948f4d605d) (ScriptedImporter) -> (artifact id: '6c69d2bd4a00f5ad0e92fb0d57b96b8e') in 0.0133043 seconds
Number of updated asset objects reloaded before import = 0Number of asset objects unloaded after import = 0

========================================================================
Received Import Request.
  Time since last request: 0.000055 seconds.
  path: Packages/com.unity.services.core/Editor/Core/ProjectStateManagement
  artifactKey: Guid(8bc3494ea9e548e099a2bb941ad9ddee) Importer(2089858483,b0f066a214c2f5e87bad3c948f4d605d)
Start importing Packages/com.unity.services.core/Editor/Core/ProjectStateManagement using Guid(8bc3494ea9e548e099a2bb941ad9ddee) Importer(2089858483,b0f066a214c2f5e87bad3c948f4d605d) (ScriptedImporter) -> (artifact id: '0d1714bb509908c84ece65ba3cc3941d') in 0.0109725 seconds
Number of updated asset objects reloaded before import = 0Number of asset objects unloaded after import = 1

========================================================================
Received Import Request.
  Time since last request: 0.000027 seconds.
  path: Packages/com.unity.purchasing/Editor/WebRequest/Interface
  artifactKey: Guid(477f83eba225d4e81bc73eea9343d08a) Importer(2089858483,b0f066a214c2f5e87bad3c948f4d605d)
Start importing Packages/com.unity.purchasing/Editor/WebRequest/Interface using Guid(477f83eba225d4e81bc73eea9343d08a) Importer(2089858483,b0f066a214c2f5e87bad3c948f4d605d) (ScriptedImporter) -> (artifact id: '013743086b8439e6df3c5845372914ef') in 0.0144693 seconds
Number of updated asset objects reloaded before import = 0Number of asset objects unloaded after import = 1

========================================================================
Received Import Request.
  Time since last request: 0.000028 seconds.
  path: Packages/com.unity.services.core/Editor/Core/Status
  artifactKey: Guid(2055cc720334d6949af721689c3a29e2) Importer(2089858483,b0f066a214c2f5e87bad3c948f4d605d)
Start importing Packages/com.unity.services.core/Editor/Core/Status using Guid(2055cc720334d6949af721689c3a29e2) Importer(2089858483,b0f066a214c2f5e87bad3c948f4d605d) (ScriptedImporter) -> (artifact id: '0324cb4bc9847e55428203ae48664d69') in 0.013436 seconds
Number of updated asset objects reloaded before import = 0Number of asset objects unloaded after import = 1

========================================================================
Received Import Request.
  Time since last request: 0.000025 seconds.
  path: Packages/com.unity.analytics/Tests/Editor/CutsceneSkipTests.cs
  artifactKey: Guid(f03b3e03b69e74ef9bd0f20377217a73) Importer(2089858483,b0f066a214c2f5e87bad3c948f4d605d)
Start importing Packages/com.unity.analytics/Tests/Editor/CutsceneSkipTests.cs using Guid(f03b3e03b69e74ef9bd0f20377217a73) Importer(2089858483,b0f066a214c2f5e87bad3c948f4d605d) (ScriptedImporter) -> (artifact id: '6ed9b87699793c0e6fbef0416ef96c5b') in 0.0108832 seconds
Number of updated asset objects reloaded before import = 0Number of asset objects unloaded after import = 0

========================================================================
Received Import Request.
  Time since last request: 0.000022 seconds.
  path: Packages/com.unity.services.analytics/CHANGELOG.md
  artifactKey: Guid(e819558f237bb434d943fb18e35dd243) Importer(2089858483,b0f066a214c2f5e87bad3c948f4d605d)
Start importing Packages/com.unity.services.analytics/CHANGELOG.md using Guid(e819558f237bb434d943fb18e35dd243) Importer(2089858483,b0f066a214c2f5e87bad3c948f4d605d) (ScriptedImporter) -> (artifact id: 'b88b0483c813e1fb8b72f4059b63a851') in 0.0125351 seconds
Number of updated asset objects reloaded before import = 0Number of asset objects unloaded after import = 1

========================================================================
Received Import Request.
  Time since last request: 0.000034 seconds.
  path: Packages/com.unity.services.core/Runtime/Core/CommonErrorCodes.cs
  artifactKey: Guid(8d4cfc84a4b414bb998fc192e3c3efff) Importer(2089858483,b0f066a214c2f5e87bad3c948f4d605d)
Start importing Packages/com.unity.services.core/Runtime/Core/CommonErrorCodes.cs using Guid(8d4cfc84a4b414bb998fc192e3c3efff) Importer(2089858483,b0f066a214c2f5e87bad3c948f4d605d) (ScriptedImporter) -> (artifact id: '0a64df645e40f735cdfedc3c242292cc') in 0.0120559 seconds
Number of updated asset objects reloaded before import = 0Number of asset objects unloaded after import = 0

========================================================================
Received Import Request.
  Time since last request: 0.000043 seconds.
  path: Packages/com.unity.purchasing/Runtime/WinRT
  artifactKey: Guid(11cf22908844e694ea2fdcccb32a4e0d) Importer(2089858483,b0f066a214c2f5e87bad3c948f4d605d)
Start importing Packages/com.unity.purchasing/Runtime/WinRT using Guid(11cf22908844e694ea2fdcccb32a4e0d) Importer(2089858483,b0f066a214c2f5e87bad3c948f4d605d) (ScriptedImporter) -> (artifact id: '1c040a4d62d928493840631027583559') in 0.0115471 seconds
Number of updated asset objects reloaded before import = 0Number of asset objects unloaded after import = 1

========================================================================
Received Import Request.
  Time since last request: 0.000019 seconds.
  path: Packages/com.unity.purchasing/Plugins/UnityPurchasing/Android/common.aar
  artifactKey: Guid(3419c00222876481ca0d7314c37dad87) Importer(2089858483,b0f066a214c2f5e87bad3c948f4d605d)
Start importing Packages/com.unity.purchasing/Plugins/UnityPurchasing/Android/common.aar using Guid(3419c00222876481ca0d7314c37dad87) Importer(2089858483,b0f066a214c2f5e87bad3c948f4d605d) (ScriptedImporter) -> (artifact id: '074e9acd89b701595519ae9936a43a82') in 0.012633 seconds
Number of updated asset objects reloaded before import = 0Number of asset objects unloaded after import = 0

========================================================================
Received Import Request.
  Time since last request: 0.000093 seconds.
  path: Packages/com.unity.services.core/Editor/Core/EditorGameService
  artifactKey: Guid(9ca68cb91190f469da4ed874ef657802) Importer(2089858483,b0f066a214c2f5e87bad3c948f4d605d)
Start importing Packages/com.unity.services.core/Editor/Core/EditorGameService using Guid(9ca68cb91190f469da4ed874ef657802) Importer(2089858483,b0f066a214c2f5e87bad3c948f4d605d) (ScriptedImporter) -> (artifact id: 'b107f9e5b08528c77fa27c93f061f4ad') in 0.0132889 seconds
Number of updated asset objects reloaded before import = 0Number of asset objects unloaded after import = 1

========================================================================
Received Import Request.
  Time since last request: 0.000024 seconds.
  path: Packages/com.unity.analytics/Tests/Editor/SocialShareAcceptTests.cs
  artifactKey: Guid(138961c4434d141a987d96df1f8d7342) Importer(2089858483,b0f066a214c2f5e87bad3c948f4d605d)
Start importing Packages/com.unity.analytics/Tests/Editor/SocialShareAcceptTests.cs using Guid(138961c4434d141a987d96df1f8d7342) Importer(2089858483,b0f066a214c2f5e87bad3c948f4d605d) (ScriptedImporter) -> (artifact id: '9b9bd0791e11b61443702ad8d32432c9') in 0.0122946 seconds
Number of updated asset objects reloaded before import = 0Number of asset objects unloaded after import = 0

========================================================================
Received Import Request.
  Time since last request: 0.000076 seconds.
  path: Packages/com.unity.services.core/Editor/Core/Linker/XmlLinkedModelsExtensions.cs
  artifactKey: Guid(73286640c6294c9cbb2519d3ed3c0391) Importer(2089858483,b0f066a214c2f5e87bad3c948f4d605d)
Start importing Packages/com.unity.services.core/Editor/Core/Linker/XmlLinkedModelsExtensions.cs using Guid(73286640c6294c9cbb2519d3ed3c0391) Importer(2089858483,b0f066a214c2f5e87bad3c948f4d605d) (ScriptedImporter) -> (artifact id: 'c98d5297ce5b574d6c86244a533cc6ec') in 0.0112933 seconds
Number of updated asset objects reloaded before import = 0Number of asset objects unloaded after import = 0

========================================================================
Received Import Request.
  Time since last request: 0.000074 seconds.
  path: Packages/com.unity.services.core/Runtime/Core/AssemblyInfo.cs
  artifactKey: Guid(a1ab09d0b3276c44dadbef4b90e85ccf) Importer(2089858483,b0f066a214c2f5e87bad3c948f4d605d)
Start importing Packages/com.unity.services.core/Runtime/Core/AssemblyInfo.cs using Guid(a1ab09d0b3276c44dadbef4b90e85ccf) Importer(2089858483,b0f066a214c2f5e87bad3c948f4d605d) (ScriptedImporter) -> (artifact id: '7d206a3a21197aef3478536bfd5a6ebd') in 0.0145938 seconds
Number of updated asset objects reloaded before import = 0Number of asset objects unloaded after import = 0

========================================================================
Received Import Request.
  Time since last request: 0.000024 seconds.
  path: Packages/com.unity.purchasing/Runtime/Stores/Android/GooglePlay/Interfaces/Services
  artifactKey: Guid(a472a3d2f5a6b4752bfdd4d41b09e439) Importer(2089858483,b0f066a214c2f5e87bad3c948f4d605d)
Start importing Packages/com.unity.purchasing/Runtime/Stores/Android/GooglePlay/Interfaces/Services using Guid(a472a3d2f5a6b4752bfdd4d41b09e439) Importer(2089858483,b0f066a214c2f5e87bad3c948f4d605d) (ScriptedImporter) -> (artifact id: '044af6a2b2412ef3b6ab9b141d3d62bf') in 0.0117647 seconds
Number of updated asset objects reloaded before import = 0Number of asset objects unloaded after import = 1

========================================================================
Received Import Request.
  Time since last request: 0.000060 seconds.
  path: Packages/com.unity.ai.navigation/EditorResources/Overlay/NavigationOverlay On@64.png
  artifactKey: Guid(151753cf3d5916d4fbf624668c268675) Importer(2089858483,b0f066a214c2f5e87bad3c948f4d605d)
Start importing Packages/com.unity.ai.navigation/EditorResources/Overlay/NavigationOverlay On@64.png using Guid(151753cf3d5916d4fbf624668c268675) Importer(2089858483,b0f066a214c2f5e87bad3c948f4d605d) (ScriptedImporter) -> (artifact id: '6fe7d75dec96e436491b2ed597bd9b40') in 0.0205135 seconds
Number of updated asset objects reloaded before import = 0Number of asset objects unloaded after import = 1

========================================================================
Received Import Request.
  Time since last request: 0.000018 seconds.
  path: Packages/com.unity.services.core/Editor/Core/Shared/Infrastructure/Collections/MergedObservableCollection.Gen.cs
  artifactKey: Guid(4c6dc86da62be4b67aa82568698b9a92) Importer(2089858483,b0f066a214c2f5e87bad3c948f4d605d)
Start importing Packages/com.unity.services.core/Editor/Core/Shared/Infrastructure/Collections/MergedObservableCollection.Gen.cs using Guid(4c6dc86da62be4b67aa82568698b9a92) Importer(2089858483,b0f066a214c2f5e87bad3c948f4d605d) (ScriptedImporter) -> (artifact id: 'c1b641edee08f77d227f9248a7a4a5b6') in 0.014024 seconds
Number of updated asset objects reloaded before import = 0Number of asset objects unloaded after import = 0

========================================================================
Received Import Request.
  Time since last request: 0.000071 seconds.
  path: Packages/com.unity.purchasing/Runtime/Stores/Networking
  artifactKey: Guid(72a30f29213d484d9cd4afc68cd95803) Importer(2089858483,b0f066a214c2f5e87bad3c948f4d605d)
Start importing Packages/com.unity.purchasing/Runtime/Stores/Networking using Guid(72a30f29213d484d9cd4afc68cd95803) Importer(2089858483,b0f066a214c2f5e87bad3c948f4d605d) (ScriptedImporter) -> (artifact id: 'ba3a1464c608016cf9fa370f68eca680') in 0.0127003 seconds
Number of updated asset objects reloaded before import = 0Number of asset objects unloaded after import = 1

========================================================================
Received Import Request.
  Time since last request: 0.000045 seconds.
  path: Packages/com.unity.purchasing/Runtime/Stores/AppleAppStore/AppleAppStore.cs
  artifactKey: Guid(a763945428094ce495d361f416fd8780) Importer(2089858483,b0f066a214c2f5e87bad3c948f4d605d)
Start importing Packages/com.unity.purchasing/Runtime/Stores/AppleAppStore/AppleAppStore.cs using Guid(a763945428094ce495d361f416fd8780) Importer(2089858483,b0f066a214c2f5e87bad3c948f4d605d) (ScriptedImporter) -> (artifact id: '360824bf3bc2aff6c6905101d1b7f315') in 0.0139128 seconds
Number of updated asset objects reloaded before import = 0Number of asset objects unloaded after import = 0

========================================================================
Received Import Request.
  Time since last request: 0.000074 seconds.
  path: Packages/com.unity.services.core/Editor/Core/Environments/Analytics
  artifactKey: Guid(8e39141d2b0d43b588706d73735a06c7) Importer(2089858483,b0f066a214c2f5e87bad3c948f4d605d)
Start importing Packages/com.unity.services.core/Editor/Core/Environments/Analytics using Guid(8e39141d2b0d43b588706d73735a06c7) Importer(2089858483,b0f066a214c2f5e87bad3c948f4d605d) (ScriptedImporter) -> (artifact id: 'f4150a537a7c87b221ac180ace097c4b') in 0.0109679 seconds
Number of updated asset objects reloaded before import = 0Number of asset objects unloaded after import = 1

========================================================================
Received Import Request.
  Time since last request: 0.000052 seconds.
  path: Packages/com.unity.analytics/Tests/Editor/SocialShareTests.cs
  artifactKey: Guid(811f7f1f5920641c0a9233503492c9ba) Importer(2089858483,b0f066a214c2f5e87bad3c948f4d605d)
Start importing Packages/com.unity.analytics/Tests/Editor/SocialShareTests.cs using Guid(811f7f1f5920641c0a9233503492c9ba) Importer(2089858483,b0f066a214c2f5e87bad3c948f4d605d) (ScriptedImporter) -> (artifact id: 'ddcff87bcdf4777834b67d5a8e684274') in 0.0126188 seconds
Number of updated asset objects reloaded before import = 0Number of asset objects unloaded after import = 0

========================================================================
Received Import Request.
  Time since last request: 0.000046 seconds.
  path: Packages/com.unity.ai.navigation/Editor/ConversionSystem/converter_widget.uxml
  artifactKey: Guid(aaa3e510761864dac9b71f85526490d6) Importer(2089858483,b0f066a214c2f5e87bad3c948f4d605d)
Start importing Packages/com.unity.ai.navigation/Editor/ConversionSystem/converter_widget.uxml using Guid(aaa3e510761864dac9b71f85526490d6) Importer(2089858483,b0f066a214c2f5e87bad3c948f4d605d) (ScriptedImporter) -> (artifact id: '1801e1aa8b145b484a5f99c786c7b3a1') in 0.0215963 seconds
Number of updated asset objects reloaded before import = 0Number of asset objects unloaded after import = 2

========================================================================
Received Import Request.
  Time since last request: 0.000020 seconds.
  path: Packages/com.unity.services.core/Editor/Core/Environments/UI/Assets/ReleasePointerDropdown.uxml
  artifactKey: Guid(cf4de22d904142bca538a4648d124376) Importer(2089858483,b0f066a214c2f5e87bad3c948f4d605d)
Start importing Packages/com.unity.services.core/Editor/Core/Environments/UI/Assets/ReleasePointerDropdown.uxml using Guid(cf4de22d904142bca538a4648d124376) Importer(2089858483,b0f066a214c2f5e87bad3c948f4d605d) (ScriptedImporter) -> (artifact id: 'c864bffd02dd2283dd06813b6f4e94c1') in 0.0202002 seconds
Number of updated asset objects reloaded before import = 0Number of asset objects unloaded after import = 3

========================================================================
Received Import Request.
  Time since last request: 0.000018 seconds.
  path: Packages/com.unity.purchasing/Runtime/Stores/Android/ScriptingStoreCallback.cs
  artifactKey: Guid(31b048bfb25a54a44b48b771287c90d0) Importer(2089858483,b0f066a214c2f5e87bad3c948f4d605d)
Start importing Packages/com.unity.purchasing/Runtime/Stores/Android/ScriptingStoreCallback.cs using Guid(31b048bfb25a54a44b48b771287c90d0) Importer(2089858483,b0f066a214c2f5e87bad3c948f4d605d) (ScriptedImporter) -> (artifact id: '0ce56571ca1c9e3af085f239a15f4ba9') in 0.0123269 seconds
Number of updated asset objects reloaded before import = 0Number of asset objects unloaded after import = 0

========================================================================
Received Import Request.
  Time since last request: 0.000043 seconds.
  path: Packages/com.unity.services.core/Runtime/Core.Internal/Components/Threading
  artifactKey: Guid(72cfb564f8b25174e87a90f7eb44ca04) Importer(2089858483,b0f066a214c2f5e87bad3c948f4d605d)
Start importing Packages/com.unity.services.core/Runtime/Core.Internal/Components/Threading using Guid(72cfb564f8b25174e87a90f7eb44ca04) Importer(2089858483,b0f066a214c2f5e87bad3c948f4d605d) (ScriptedImporter) -> (artifact id: 'e2c70bd127306c48d7a4eb8f0b96c2ca') in 0.0152333 seconds
Number of updated asset objects reloaded before import = 0Number of asset objects unloaded after import = 1

========================================================================
Received Import Request.
  Time since last request: 0.000036 seconds.
  path: Packages/com.unity.services.core/Runtime/Core.Internal/AsyncOperation/IAsyncOperation.cs
  artifactKey: Guid(fac66275348d245d490b160bcf2413c3) Importer(2089858483,b0f066a214c2f5e87bad3c948f4d605d)
Start importing Packages/com.unity.services.core/Runtime/Core.Internal/AsyncOperation/IAsyncOperation.cs using Guid(fac66275348d245d490b160bcf2413c3) Importer(2089858483,b0f066a214c2f5e87bad3c948f4d605d) (ScriptedImporter) -> (artifact id: 'c20f0531e40bd172662ab10d812dd289') in 0.014096 seconds
Number of updated asset objects reloaded before import = 0Number of asset objects unloaded after import = 0

========================================================================
Received Import Request.
  Time since last request: 0.000029 seconds.
  path: Packages/com.unity.services.core/Runtime/Core/UnityServices.cs
  artifactKey: Guid(de65c849485d346e68c1186154a222ee) Importer(2089858483,b0f066a214c2f5e87bad3c948f4d605d)
Start importing Packages/com.unity.services.core/Runtime/Core/UnityServices.cs using Guid(de65c849485d346e68c1186154a222ee) Importer(2089858483,b0f066a214c2f5e87bad3c948f4d605d) (ScriptedImporter) -> (artifact id: '1e8386480f4c8024b56dea800a97d6ac') in 0.0147532 seconds
Number of updated asset objects reloaded before import = 0Number of asset objects unloaded after import = 0

========================================================================
Received Import Request.
  Time since last request: 0.000052 seconds.
  path: Packages/com.unity.purchasing/Runtime/Purchasing/CoreServices/Environment/CoreServicesEnvironmentSubject.cs
  artifactKey: Guid(c776c1ce831347742827243768f6ab6f) Importer(2089858483,b0f066a214c2f5e87bad3c948f4d605d)
Start importing Packages/com.unity.purchasing/Runtime/Purchasing/CoreServices/Environment/CoreServicesEnvironmentSubject.cs using Guid(c776c1ce831347742827243768f6ab6f) Importer(2089858483,b0f066a214c2f5e87bad3c948f4d605d) (ScriptedImporter) -> (artifact id: 'a8781da43131bfcfbf890296e472ad8d') in 0.0144521 seconds
Number of updated asset objects reloaded before import = 0Number of asset objects unloaded after import = 0

========================================================================
Received Import Request.
  Time since last request: 0.000069 seconds.
  path: Packages/com.unity.services.core/Runtime/Registration/Unity.Services.Core.Registration.api
  artifactKey: Guid(0b717c01fb2904de1bd971d517f26c29) Importer(2089858483,b0f066a214c2f5e87bad3c948f4d605d)
Start importing Packages/com.unity.services.core/Runtime/Registration/Unity.Services.Core.Registration.api using Guid(0b717c01fb2904de1bd971d517f26c29) Importer(2089858483,b0f066a214c2f5e87bad3c948f4d605d) (ScriptedImporter) -> (artifact id: 'ba7f64243fdfbf5c3a166f7bdbfecb63') in 0.0133852 seconds
Number of updated asset objects reloaded before import = 0Number of asset objects unloaded after import = 1

========================================================================
Received Import Request.
  Time since last request: 0.000025 seconds.
  path: Packages/com.unity.services.core/Editor/Core/Environments/Client/Models/UnityUserOrganizationsV1.cs
  artifactKey: Guid(bd40d4e7b0caa413181d77211ac8ba73) Importer(2089858483,b0f066a214c2f5e87bad3c948f4d605d)
Start importing Packages/com.unity.services.core/Editor/Core/Environments/Client/Models/UnityUserOrganizationsV1.cs using Guid(bd40d4e7b0caa413181d77211ac8ba73) Importer(2089858483,b0f066a214c2f5e87bad3c948f4d605d) (ScriptedImporter) -> (artifact id: 'bbe3147a0681be7083078ea5be7b1a02') in 0.0122075 seconds
Number of updated asset objects reloaded before import = 0Number of asset objects unloaded after import = 0

========================================================================
Received Import Request.
  Time since last request: 0.000081 seconds.
  path: Packages/com.unity.services.core/Editor/Core/EditorGameService/IEditorGameServiceIdentifier.cs
  artifactKey: Guid(983957cb280949f2b53b1f04bdd8a9fd) Importer(2089858483,b0f066a214c2f5e87bad3c948f4d605d)
Start importing Packages/com.unity.services.core/Editor/Core/EditorGameService/IEditorGameServiceIdentifier.cs using Guid(983957cb280949f2b53b1f04bdd8a9fd) Importer(2089858483,b0f066a214c2f5e87bad3c948f4d605d) (ScriptedImporter) -> (artifact id: 'dd5407df425dd2ad22952915558863b1') in 0.0129944 seconds
Number of updated asset objects reloaded before import = 0Number of asset objects unloaded after import = 0

========================================================================
Received Import Request.
  Time since last request: 0.000076 seconds.
  path: Packages/com.unity.services.core/Runtime/Core.Internal/Registry/PackageRegistry/IPackageRegistry.cs
  artifactKey: Guid(597e95edbcb55894cae900ca1f8ef097) Importer(2089858483,b0f066a214c2f5e87bad3c948f4d605d)
Start importing Packages/com.unity.services.core/Runtime/Core.Internal/Registry/PackageRegistry/IPackageRegistry.cs using Guid(597e95edbcb55894cae900ca1f8ef097) Importer(2089858483,b0f066a214c2f5e87bad3c948f4d605d) (ScriptedImporter) -> (artifact id: '53fc1cbac322c603a7eec89141813266') in 0.0135766 seconds
Number of updated asset objects reloaded before import = 0Number of asset objects unloaded after import = 0

========================================================================
Received Import Request.
  Time since last request: 0.000076 seconds.
  path: Packages/com.unity.services.core/Runtime/Core.Internal/Registry/ComponentRegistry/IComponentRegistry.cs
  artifactKey: Guid(9db1c1b008f772e4394fa51db93b1546) Importer(2089858483,b0f066a214c2f5e87bad3c948f4d605d)
Start importing Packages/com.unity.services.core/Runtime/Core.Internal/Registry/ComponentRegistry/IComponentRegistry.cs using Guid(9db1c1b008f772e4394fa51db93b1546) Importer(2089858483,b0f066a214c2f5e87bad3c948f4d605d) (ScriptedImporter) -> (artifact id: '02adc1fcdb59099d5eeeb093d1c3a842') in 0.0108066 seconds
Number of updated asset objects reloaded before import = 0Number of asset objects unloaded after import = 0

========================================================================
Received Import Request.
  Time since last request: 0.000041 seconds.
  path: Packages/com.unity.purchasing/Editor/Analytics/Entity/EventSources.cs
  artifactKey: Guid(52d920422bb75444f8fe17563ae0ccc4) Importer(2089858483,b0f066a214c2f5e87bad3c948f4d605d)
Start importing Packages/com.unity.purchasing/Editor/Analytics/Entity/EventSources.cs using Guid(52d920422bb75444f8fe17563ae0ccc4) Importer(2089858483,b0f066a214c2f5e87bad3c948f4d605d) (ScriptedImporter) -> (artifact id: 'bbaa497be94971cc76c4309dba7447e2') in 0.0130331 seconds
Number of updated asset objects reloaded before import = 0Number of asset objects unloaded after import = 0

========================================================================
Received Import Request.
  Time since last request: 0.000051 seconds.
  path: Packages/com.unity.purchasing/Runtime/Purchasing/Extension/IStoreCallback.cs
  artifactKey: Guid(3ab92f62759743ba8976ad68c90774fd) Importer(2089858483,b0f066a214c2f5e87bad3c948f4d605d)
Start importing Packages/com.unity.purchasing/Runtime/Purchasing/Extension/IStoreCallback.cs using Guid(3ab92f62759743ba8976ad68c90774fd) Importer(2089858483,b0f066a214c2f5e87bad3c948f4d605d) (ScriptedImporter) -> (artifact id: 'a3bc58495e6b1fea8a570a92ae01a092') in 0.0128489 seconds
Number of updated asset objects reloaded before import = 0Number of asset objects unloaded after import = 0

========================================================================
Received Import Request.
  Time since last request: 0.000028 seconds.
  path: Packages/com.unity.services.core/Editor/Core/UserRoleManagement/UserRole.cs
  artifactKey: Guid(52b0863c034c4170a48fe13bc36f27c4) Importer(2089858483,b0f066a214c2f5e87bad3c948f4d605d)
Start importing Packages/com.unity.services.core/Editor/Core/UserRoleManagement/UserRole.cs using Guid(52b0863c034c4170a48fe13bc36f27c4) Importer(2089858483,b0f066a214c2f5e87bad3c948f4d605d) (ScriptedImporter) -> (artifact id: '88b0a4d9d4f6d7eb1abb88fdbe38fb76') in 0.0155644 seconds
Number of updated asset objects reloaded before import = 0Number of asset objects unloaded after import = 0

========================================================================
Received Import Request.
  Time since last request: 0.000067 seconds.
  path: Packages/com.unity.services.core/Editor/Core/UiHelpers/USS/PlatformSupportVisualDark.uss
  artifactKey: Guid(d4f6a83cd2a8c40ce97bda4199084fbc) Importer(2089858483,b0f066a214c2f5e87bad3c948f4d605d)
Start importing Packages/com.unity.services.core/Editor/Core/UiHelpers/USS/PlatformSupportVisualDark.uss using Guid(d4f6a83cd2a8c40ce97bda4199084fbc) Importer(2089858483,b0f066a214c2f5e87bad3c948f4d605d) (ScriptedImporter) -> (artifact id: '20f2a9ae0b7542d502316193937a0e5a') in 0.0171888 seconds
Number of updated asset objects reloaded before import = 0Number of asset objects unloaded after import = 1

========================================================================
Received Import Request.
  Time since last request: 0.000051 seconds.
  path: Packages/com.unity.services.core/Editor/Core/Environments/Analytics/EnvironmentAnalyticEvent.cs
  artifactKey: Guid(90f56b0e19234c3d83a22db15b02d883) Importer(2089858483,b0f066a214c2f5e87bad3c948f4d605d)
Start importing Packages/com.unity.services.core/Editor/Core/Environments/Analytics/EnvironmentAnalyticEvent.cs using Guid(90f56b0e19234c3d83a22db15b02d883) Importer(2089858483,b0f066a214c2f5e87bad3c948f4d605d) (ScriptedImporter) -> (artifact id: 'f6cdf0f492c53c3740c40693225c4256') in 0.0135779 seconds
Number of updated asset objects reloaded before import = 0Number of asset objects unloaded after import = 0

========================================================================
Received Import Request.
  Time since last request: 0.000075 seconds.
  path: Packages/com.unity.services.core/Editor/Core/EditorGameService/USS/ServicesProjectSettingsCommon.uss
  artifactKey: Guid(5b82a86adaaeb4c0786b09f4f5b9065a) Importer(2089858483,b0f066a214c2f5e87bad3c948f4d605d)
Start importing Packages/com.unity.services.core/Editor/Core/EditorGameService/USS/ServicesProjectSettingsCommon.uss using Guid(5b82a86adaaeb4c0786b09f4f5b9065a) Importer(2089858483,b0f066a214c2f5e87bad3c948f4d605d) (ScriptedImporter) -> (artifact id: '27237b7f188edfdb0839682c65c7039f') in 0.0173591 seconds
Number of updated asset objects reloaded before import = 0Number of asset objects unloaded after import = 1

========================================================================
Received Import Request.
  Time since last request: 0.000022 seconds.
  path: Packages/com.unity.services.core/Editor/Core/Networking
  artifactKey: Guid(61d38ecfef754e543bfc1d8db27e0e3d) Importer(2089858483,b0f066a214c2f5e87bad3c948f4d605d)
Start importing Packages/com.unity.services.core/Editor/Core/Networking using Guid(61d38ecfef754e543bfc1d8db27e0e3d) Importer(2089858483,b0f066a214c2f5e87bad3c948f4d605d) (ScriptedImporter) -> (artifact id: 'fe5c273b1b226b91ea0276ea15499a90') in 0.0148453 seconds
Number of updated asset objects reloaded before import = 0Number of asset objects unloaded after import = 1

========================================================================
Received Import Request.
  Time since last request: 0.000026 seconds.
  path: Packages/com.unity.services.core/Editor/Core/Shared/DependencyInversion
  artifactKey: Guid(bfd743ae33394444da25ad34d8e5a595) Importer(2089858483,b0f066a214c2f5e87bad3c948f4d605d)
Start importing Packages/com.unity.services.core/Editor/Core/Shared/DependencyInversion using Guid(bfd743ae33394444da25ad34d8e5a595) Importer(2089858483,b0f066a214c2f5e87bad3c948f4d605d) (ScriptedImporter) -> (artifact id: 'b8488825f773971c4f9a0fb7670731a4') in 0.0122286 seconds
Number of updated asset objects reloaded before import = 0Number of asset objects unloaded after import = 1

========================================================================
Received Import Request.
  Time since last request: 0.000023 seconds.
  path: Packages/com.unity.purchasing/Runtime/Purchasing/Telemetry/Metrics
  artifactKey: Guid(2f6cffa6702349b8bc20b2986d3145e2) Importer(2089858483,b0f066a214c2f5e87bad3c948f4d605d)
Start importing Packages/com.unity.purchasing/Runtime/Purchasing/Telemetry/Metrics using Guid(2f6cffa6702349b8bc20b2986d3145e2) Importer(2089858483,b0f066a214c2f5e87bad3c948f4d605d) (ScriptedImporter) -> (artifact id: '12851e2c9692d74259ece70d07624f48') in 0.0115076 seconds
Number of updated asset objects reloaded before import = 0Number of asset objects unloaded after import = 1

========================================================================
Received Import Request.
  Time since last request: 0.000026 seconds.
  path: Packages/com.unity.analytics/Tests/Editor/CutsceneStartTests.cs
  artifactKey: Guid(edf97aac6cc5a437ebf600a06a2e5ac7) Importer(2089858483,b0f066a214c2f5e87bad3c948f4d605d)
Start importing Packages/com.unity.analytics/Tests/Editor/CutsceneStartTests.cs using Guid(edf97aac6cc5a437ebf600a06a2e5ac7) Importer(2089858483,b0f066a214c2f5e87bad3c948f4d605d) (ScriptedImporter) -> (artifact id: '28eb6c2927d03c2424ab119c7d9e55c0') in 0.0119053 seconds
Number of updated asset objects reloaded before import = 0Number of asset objects unloaded after import = 0

========================================================================
Received Import Request.
  Time since last request: 0.000074 seconds.
  path: Packages/com.unity.xr.legacyinputhelpers/Editor/SeedXRInputBindings/SeedXRInputBindings.cs
  artifactKey: Guid(9ebb01c3a5ac7564d80fe780a7058df0) Importer(2089858483,b0f066a214c2f5e87bad3c948f4d605d)
Start importing Packages/com.unity.xr.legacyinputhelpers/Editor/SeedXRInputBindings/SeedXRInputBindings.cs using Guid(9ebb01c3a5ac7564d80fe780a7058df0) Importer(2089858483,b0f066a214c2f5e87bad3c948f4d605d) (ScriptedImporter) -> (artifact id: '0e7ac1e644b03e2d899ecf7b009c3a68') in 0.014263 seconds
Number of updated asset objects reloaded before import = 0Number of asset objects unloaded after import = 0

========================================================================
Received Import Request.
  Time since last request: 0.000049 seconds.
  path: Packages/com.unity.purchasing/Runtime/Purchasing/Analytics/Interfaces/Legacy/ILegacyUnityAnalytics.cs
  artifactKey: Guid(6a8a9e9e477940b9920dcf44492d2d6b) Importer(2089858483,b0f066a214c2f5e87bad3c948f4d605d)
Start importing Packages/com.unity.purchasing/Runtime/Purchasing/Analytics/Interfaces/Legacy/ILegacyUnityAnalytics.cs using Guid(6a8a9e9e477940b9920dcf44492d2d6b) Importer(2089858483,b0f066a214c2f5e87bad3c948f4d605d) (ScriptedImporter) -> (artifact id: '10a2b92db559734e0cd5fd28adb3498e') in 0.0140278 seconds
Number of updated asset objects reloaded before import = 0Number of asset objects unloaded after import = 0

========================================================================
Received Import Request.
  Time since last request: 0.000068 seconds.
  path: Packages/com.unity.purchasing/Plugins/UnityPurchasing/Android
  artifactKey: Guid(ce48751bddc190e4a902e1e189249ec5) Importer(2089858483,b0f066a214c2f5e87bad3c948f4d605d)
Start importing Packages/com.unity.purchasing/Plugins/UnityPurchasing/Android using Guid(ce48751bddc190e4a902e1e189249ec5) Importer(2089858483,b0f066a214c2f5e87bad3c948f4d605d) (ScriptedImporter) -> (artifact id: '49736deb0ed037c9a02786fc8b10772d') in 0.0130115 seconds
Number of updated asset objects reloaded before import = 0Number of asset objects unloaded after import = 1

========================================================================
Received Import Request.
  Time since last request: 0.375206 seconds.
  path: Packages/com.unity.purchasing/Runtime/Stores/Android/GooglePlay/AAR/Interfaces/IProductDetailsResponseConsolidator.cs
  artifactKey: Guid(8f8f7940cf2ba42dc8242d5ed59653b4) Importer(2089858483,b0f066a214c2f5e87bad3c948f4d605d)
Start importing Packages/com.unity.purchasing/Runtime/Stores/Android/GooglePlay/AAR/Interfaces/IProductDetailsResponseConsolidator.cs using Guid(8f8f7940cf2ba42dc8242d5ed59653b4) Importer(2089858483,b0f066a214c2f5e87bad3c948f4d605d) (ScriptedImporter) -> (artifact id: 'cd0e1c477d78a56c1f50fcc3ef3151d1') in 0.0166771 seconds
Number of updated asset objects reloaded before import = 0Number of asset objects unloaded after import = 0

========================================================================
Received Import Request.
  Time since last request: 0.000088 seconds.
  path: Packages/com.unity.services.analytics/Runtime/Runtime/AnalyticsContainer.cs
  artifactKey: Guid(1ef204e66468cc64eae43a16f3446994) Importer(2089858483,b0f066a214c2f5e87bad3c948f4d605d)
Start importing Packages/com.unity.services.analytics/Runtime/Runtime/AnalyticsContainer.cs using Guid(1ef204e66468cc64eae43a16f3446994) Importer(2089858483,b0f066a214c2f5e87bad3c948f4d605d) (ScriptedImporter) -> (artifact id: '4dbc92e4dac651587711caf1611eda44') in 0.0120596 seconds
Number of updated asset objects reloaded before import = 0Number of asset objects unloaded after import = 0

========================================================================
Received Import Request.
  Time since last request: 0.000106 seconds.
  path: Packages/com.unity.purchasing/Runtime/WinRTStub/AssemblyInfo.cs
  artifactKey: Guid(f72e57e7a8b516743b55fb53f18edecd) Importer(2089858483,b0f066a214c2f5e87bad3c948f4d605d)
Start importing Packages/com.unity.purchasing/Runtime/WinRTStub/AssemblyInfo.cs using Guid(f72e57e7a8b516743b55fb53f18edecd) Importer(2089858483,b0f066a214c2f5e87bad3c948f4d605d) (ScriptedImporter) -> (artifact id: '584f40db673691e00590f88cc0455402') in 0.0133987 seconds
Number of updated asset objects reloaded before import = 0Number of asset objects unloaded after import = 0

========================================================================
Received Import Request.
  Time since last request: 0.000096 seconds.
  path: Packages/com.unity.ai.navigation/EditorResources/Overlay/d_NavigationOverlay On.png
  artifactKey: Guid(5c5ac68c1bc4e104f9e987b9d1da4556) Importer(2089858483,b0f066a214c2f5e87bad3c948f4d605d)
Start importing Packages/com.unity.ai.navigation/EditorResources/Overlay/d_NavigationOverlay On.png using Guid(5c5ac68c1bc4e104f9e987b9d1da4556) Importer(2089858483,b0f066a214c2f5e87bad3c948f4d605d) (ScriptedImporter) -> (artifact id: 'c7ae0bcb406194bf587116d7b92ccf79') in 0.0197807 seconds
Number of updated asset objects reloaded before import = 0Number of asset objects unloaded after import = 1

========================================================================
Received Import Request.
  Time since last request: 0.000042 seconds.
  path: Packages/com.unity.services.core/Editor/Core/Configuration/ProjectConfigurationBuilder.cs
  artifactKey: Guid(5db156bbd7dad0544bcc03b72725bedb) Importer(2089858483,b0f066a214c2f5e87bad3c948f4d605d)
Start importing Packages/com.unity.services.core/Editor/Core/Configuration/ProjectConfigurationBuilder.cs using Guid(5db156bbd7dad0544bcc03b72725bedb) Importer(2089858483,b0f066a214c2f5e87bad3c948f4d605d) (ScriptedImporter) -> (artifact id: '955692f9c2c100590487609015a866d7') in 0.0135663 seconds
Number of updated asset objects reloaded before import = 0Number of asset objects unloaded after import = 0

========================================================================
Received Import Request.
  Time since last request: 0.000120 seconds.
  path: Packages/com.unity.services.core/Editor/Core/Utils/AccessTokensSingleton.cs
  artifactKey: Guid(47a16e9708a24d2b9f6618b7ef22f991) Importer(2089858483,b0f066a214c2f5e87bad3c948f4d605d)
Start importing Packages/com.unity.services.core/Editor/Core/Utils/AccessTokensSingleton.cs using Guid(47a16e9708a24d2b9f6618b7ef22f991) Importer(2089858483,b0f066a214c2f5e87bad3c948f4d605d) (ScriptedImporter) -> (artifact id: 'f17c85bcf09074c245b628fbb9f5aa34') in 0.0129591 seconds
Number of updated asset objects reloaded before import = 0Number of asset objects unloaded after import = 0

========================================================================
Received Import Request.
  Time since last request: 0.000074 seconds.
  path: Packages/com.unity.services.core/Editor/Core/Linker/Models/XmlLinkedEvent.cs
  artifactKey: Guid(26f7b42820554484877d9119515d37e5) Importer(2089858483,b0f066a214c2f5e87bad3c948f4d605d)
Start importing Packages/com.unity.services.core/Editor/Core/Linker/Models/XmlLinkedEvent.cs using Guid(26f7b42820554484877d9119515d37e5) Importer(2089858483,b0f066a214c2f5e87bad3c948f4d605d) (ScriptedImporter) -> (artifact id: 'adbd706ef502bd36d61db45793a0c0ff') in 0.0112688 seconds
Number of updated asset objects reloaded before import = 0Number of asset objects unloaded after import = 0

========================================================================
Received Import Request.
  Time since last request: 0.000137 seconds.
  path: Packages/com.unity.purchasing/Runtime/Purchasing/Extension/IStoreExtension.cs
  artifactKey: Guid(13642891e7fc49f08ec643aea22d93d7) Importer(2089858483,b0f066a214c2f5e87bad3c948f4d605d)
Start importing Packages/com.unity.purchasing/Runtime/Purchasing/Extension/IStoreExtension.cs using Guid(13642891e7fc49f08ec643aea22d93d7) Importer(2089858483,b0f066a214c2f5e87bad3c948f4d605d) (ScriptedImporter) -> (artifact id: '63f9d0ea9187de0453a0e6531dae62d7') in 0.0126732 seconds
Number of updated asset objects reloaded before import = 0Number of asset objects unloaded after import = 0

========================================================================
Received Import Request.
  Time since last request: 0.000075 seconds.
  path: Packages/com.unity.purchasing/Editor/ServiceProjectSettings/Service/Networking/UnityWebRequestExtensions.cs
  artifactKey: Guid(8448702177529449c8258286db64a112) Importer(2089858483,b0f066a214c2f5e87bad3c948f4d605d)
Start importing Packages/com.unity.purchasing/Editor/ServiceProjectSettings/Service/Networking/UnityWebRequestExtensions.cs using Guid(8448702177529449c8258286db64a112) Importer(2089858483,b0f066a214c2f5e87bad3c948f4d605d) (ScriptedImporter) -> (artifact id: '90f69f943df07fb5c9bccafe081dc485') in 0.0145936 seconds
Number of updated asset objects reloaded before import = 0Number of asset objects unloaded after import = 0

========================================================================
Received Import Request.
  Time since last request: 0.000049 seconds.
  path: Packages/com.unity.purchasing/Runtime/Purchasing/Utilites
  artifactKey: Guid(74103b91d3328034992e7f91ef0751a0) Importer(2089858483,b0f066a214c2f5e87bad3c948f4d605d)
Start importing Packages/com.unity.purchasing/Runtime/Purchasing/Utilites using Guid(74103b91d3328034992e7f91ef0751a0) Importer(2089858483,b0f066a214c2f5e87bad3c948f4d605d) (ScriptedImporter) -> (artifact id: 'dce3148a08606013d5894d4919e6ca59') in 0.0119694 seconds
Number of updated asset objects reloaded before import = 0Number of asset objects unloaded after import = 1

========================================================================
Received Import Request.
  Time since last request: 0.000154 seconds.
  path: Packages/com.unity.purchasing/Runtime/Stores/Android/UDP/UDPImpl.cs
  artifactKey: Guid(7f4a2a50144743659f304b40e0ebce92) Importer(2089858483,b0f066a214c2f5e87bad3c948f4d605d)
Start importing Packages/com.unity.purchasing/Runtime/Stores/Android/UDP/UDPImpl.cs using Guid(7f4a2a50144743659f304b40e0ebce92) Importer(2089858483,b0f066a214c2f5e87bad3c948f4d605d) (ScriptedImporter) -> (artifact id: '539d6ee21972228fd7f47dd187a97373') in 0.0155807 seconds
Number of updated asset objects reloaded before import = 0Number of asset objects unloaded after import = 0

========================================================================
Received Import Request.
  Time since last request: 0.000133 seconds.
  path: Packages/com.unity.purchasing/Editor/Analytics/Entity/GameServices/GameServicesEventComponents.cs
  artifactKey: Guid(2f76a5a9cbdd04d43857aa085b8f3c12) Importer(2089858483,b0f066a214c2f5e87bad3c948f4d605d)
Start importing Packages/com.unity.purchasing/Editor/Analytics/Entity/GameServices/GameServicesEventComponents.cs using Guid(2f76a5a9cbdd04d43857aa085b8f3c12) Importer(2089858483,b0f066a214c2f5e87bad3c948f4d605d) (ScriptedImporter) -> (artifact id: 'a4c2c7faf575df5c23b518508a3e1a68') in 0.0126067 seconds
Number of updated asset objects reloaded before import = 0Number of asset objects unloaded after import = 0

========================================================================
Received Import Request.
  Time since last request: 0.000063 seconds.
  path: Packages/com.unity.purchasing/Editor/Analytics/Events/GenericEditorClickMenuItemEvent.cs
  artifactKey: Guid(03dddf3e71a4ac04c9afa4b7ebb8736b) Importer(2089858483,b0f066a214c2f5e87bad3c948f4d605d)
Start importing Packages/com.unity.purchasing/Editor/Analytics/Events/GenericEditorClickMenuItemEvent.cs using Guid(03dddf3e71a4ac04c9afa4b7ebb8736b) Importer(2089858483,b0f066a214c2f5e87bad3c948f4d605d) (ScriptedImporter) -> (artifact id: '23ca5a8c3df8c9d4a0d2119d6eea4362') in 0.0157552 seconds
Number of updated asset objects reloaded before import = 0Number of asset objects unloaded after import = 0

========================================================================
Received Import Request.
  Time since last request: 0.000044 seconds.
  path: Packages/com.unity.services.core/Editor/Core/Utils/ThreadingUtility.cs
  artifactKey: Guid(31e8372c664249ebbe0edd0ed9d1729c) Importer(2089858483,b0f066a214c2f5e87bad3c948f4d605d)
Start importing Packages/com.unity.services.core/Editor/Core/Utils/ThreadingUtility.cs using Guid(31e8372c664249ebbe0edd0ed9d1729c) Importer(2089858483,b0f066a214c2f5e87bad3c948f4d605d) (ScriptedImporter) -> (artifact id: 'b5374e435deac4108c2b662bb8857163') in 0.0125487 seconds
Number of updated asset objects reloaded before import = 0Number of asset objects unloaded after import = 0

========================================================================
Received Import Request.
  Time since last request: 0.000054 seconds.
  path: Packages/com.unity.analytics/Tests/Editor/TutorialStepTests.cs
  artifactKey: Guid(a571de1bea3cb4c9784493c6f1b0b76c) Importer(2089858483,b0f066a214c2f5e87bad3c948f4d605d)
Start importing Packages/com.unity.analytics/Tests/Editor/TutorialStepTests.cs using Guid(a571de1bea3cb4c9784493c6f1b0b76c) Importer(2089858483,b0f066a214c2f5e87bad3c948f4d605d) (ScriptedImporter) -> (artifact id: '3a49c9ec77c6b5e82c2a588c3bc43633') in 0.0148722 seconds
Number of updated asset objects reloaded before import = 0Number of asset objects unloaded after import = 0

========================================================================
Received Import Request.
  Time since last request: 0.000027 seconds.
  path: Packages/com.unity.analytics/Tests/Editor/LevelQuitTests.cs
  artifactKey: Guid(617202f4e2bed4ef8acccfd6c1ecd6fa) Importer(2089858483,b0f066a214c2f5e87bad3c948f4d605d)
Start importing Packages/com.unity.analytics/Tests/Editor/LevelQuitTests.cs using Guid(617202f4e2bed4ef8acccfd6c1ecd6fa) Importer(2089858483,b0f066a214c2f5e87bad3c948f4d605d) (ScriptedImporter) -> (artifact id: '300772c42e4d3e824ac57b9b4ff80f38') in 0.0117894 seconds
Number of updated asset objects reloaded before import = 0Number of asset objects unloaded after import = 0

========================================================================
Received Import Request.
  Time since last request: 0.000023 seconds.
  path: Packages/com.unity.purchasing/Runtime/Stores/BaseStore
  artifactKey: Guid(510f8bdb18d344aea9f6af64c224ba84) Importer(2089858483,b0f066a214c2f5e87bad3c948f4d605d)
Start importing Packages/com.unity.purchasing/Runtime/Stores/BaseStore using Guid(510f8bdb18d344aea9f6af64c224ba84) Importer(2089858483,b0f066a214c2f5e87bad3c948f4d605d) (ScriptedImporter) -> (artifact id: 'cdf63806a588ec2aa855b6b0173e1dd9') in 0.0121327 seconds
Number of updated asset objects reloaded before import = 0Number of asset objects unloaded after import = 1

========================================================================
Received Import Request.
  Time since last request: 0.000052 seconds.
  path: Packages/com.unity.purchasing/Plugins/UnityPurchasing/iOS/PrivacyInfo.xcprivacy
  artifactKey: Guid(b4326c66a9f464640b9457cbd6237bf6) Importer(2089858483,b0f066a214c2f5e87bad3c948f4d605d)
Start importing Packages/com.unity.purchasing/Plugins/UnityPurchasing/iOS/PrivacyInfo.xcprivacy using Guid(b4326c66a9f464640b9457cbd6237bf6) Importer(2089858483,b0f066a214c2f5e87bad3c948f4d605d) (ScriptedImporter) -> (artifact id: '112fda02dcc18f752990bfad1ad67c0d') in 0.0114245 seconds
Number of updated asset objects reloaded before import = 0Number of asset objects unloaded after import = 0

========================================================================
Received Import Request.
  Time since last request: 0.000041 seconds.
  path: Packages/com.unity.purchasing/Editor/Analytics/Entity/EventSourceMenuItems.cs
  artifactKey: Guid(bc016d49dc4afda4ca7853bc97d69f93) Importer(2089858483,b0f066a214c2f5e87bad3c948f4d605d)
Start importing Packages/com.unity.purchasing/Editor/Analytics/Entity/EventSourceMenuItems.cs using Guid(bc016d49dc4afda4ca7853bc97d69f93) Importer(2089858483,b0f066a214c2f5e87bad3c948f4d605d) (ScriptedImporter) -> (artifact id: '24542b85989475d5398f6bf8c48f455f') in 0.0169667 seconds
Number of updated asset objects reloaded before import = 0Number of asset objects unloaded after import = 0

========================================================================
Received Import Request.
  Time since last request: 0.000065 seconds.
  path: Packages/com.unity.xr.legacyinputhelpers/Tests/Editor/SeedXRInputBindings/SeedXRInputBindingsTests.cs
  artifactKey: Guid(0bcb0a0c70d1bbe419964a5935a83745) Importer(2089858483,b0f066a214c2f5e87bad3c948f4d605d)
Start importing Packages/com.unity.xr.legacyinputhelpers/Tests/Editor/SeedXRInputBindings/SeedXRInputBindingsTests.cs using Guid(0bcb0a0c70d1bbe419964a5935a83745) Importer(2089858483,b0f066a214c2f5e87bad3c948f4d605d) (ScriptedImporter) -> (artifact id: 'fbca7d19a84e969180ef95ed64fa6b46') in 0.0152568 seconds
Number of updated asset objects reloaded before import = 0Number of asset objects unloaded after import = 0

========================================================================
Received Import Request.
  Time since last request: 0.000041 seconds.
  path: Packages/com.unity.services.analytics/Runtime/SdkVersion.cs
  artifactKey: Guid(a2cf4a445e8146ca845b2ce931fbc0af) Importer(2089858483,b0f066a214c2f5e87bad3c948f4d605d)
Start importing Packages/com.unity.services.analytics/Runtime/SdkVersion.cs using Guid(a2cf4a445e8146ca845b2ce931fbc0af) Importer(2089858483,b0f066a214c2f5e87bad3c948f4d605d) (ScriptedImporter) -> (artifact id: '162d390b240e52f29e105e1e98e2564c') in 0.0164649 seconds
Number of updated asset objects reloaded before import = 0Number of asset objects unloaded after import = 0

========================================================================
Received Import Request.
  Time since last request: 0.000077 seconds.
  path: Packages/com.unity.services.core/Editor/Core/UserRoleManagement
  artifactKey: Guid(ad038c07cd5d462c9534935085daaf02) Importer(2089858483,b0f066a214c2f5e87bad3c948f4d605d)
Start importing Packages/com.unity.services.core/Editor/Core/UserRoleManagement using Guid(ad038c07cd5d462c9534935085daaf02) Importer(2089858483,b0f066a214c2f5e87bad3c948f4d605d) (ScriptedImporter) -> (artifact id: 'de327b5d27f9a1f55fbd73310844e726') in 0.0165014 seconds
Number of updated asset objects reloaded before import = 0Number of asset objects unloaded after import = 1

========================================================================
Received Import Request.
  Time since last request: 0.000045 seconds.
  path: Packages/com.unity.services.core/Editor/Core/Environments/AssemblyInfo.cs
  artifactKey: Guid(295070c46762a4c5ab1eab345297cfce) Importer(2089858483,b0f066a214c2f5e87bad3c948f4d605d)
Start importing Packages/com.unity.services.core/Editor/Core/Environments/AssemblyInfo.cs using Guid(295070c46762a4c5ab1eab345297cfce) Importer(2089858483,b0f066a214c2f5e87bad3c948f4d605d) (ScriptedImporter) -> (artifact id: '021b7919ad0232d5109eab076dfe9044') in 0.0151378 seconds
Number of updated asset objects reloaded before import = 0Number of asset objects unloaded after import = 0

========================================================================
Received Import Request.
  Time since last request: 0.000046 seconds.
  path: Packages/com.unity.services.core/Runtime/Core.Internal/AsyncOperation/AsyncOperationStatus.cs
  artifactKey: Guid(2d4f47b43625b43508b700e345be22c8) Importer(2089858483,b0f066a214c2f5e87bad3c948f4d605d)
Start importing Packages/com.unity.services.core/Runtime/Core.Internal/AsyncOperation/AsyncOperationStatus.cs using Guid(2d4f47b43625b43508b700e345be22c8) Importer(2089858483,b0f066a214c2f5e87bad3c948f4d605d) (ScriptedImporter) -> (artifact id: '1c5d77e0fa319dedb53d3fe92a1a9a45') in 0.0109115 seconds
Number of updated asset objects reloaded before import = 0Number of asset objects unloaded after import = 0

========================================================================
Received Import Request.
  Time since last request: 0.000030 seconds.
  path: Packages/com.unity.purchasing/Runtime/Purchasing/PurchaseFailureReason.cs
  artifactKey: Guid(69b6a9aa37a54a9aa9365474de554e95) Importer(2089858483,b0f066a214c2f5e87bad3c948f4d605d)
Start importing Packages/com.unity.purchasing/Runtime/Purchasing/PurchaseFailureReason.cs using Guid(69b6a9aa37a54a9aa9365474de554e95) Importer(2089858483,b0f066a214c2f5e87bad3c948f4d605d) (ScriptedImporter) -> (artifact id: 'dc20d99e3735cb88c052ba2856b3f35b') in 0.0128902 seconds
Number of updated asset objects reloaded before import = 0Number of asset objects unloaded after import = 0

========================================================================
Received Import Request.
  Time since last request: 0.000050 seconds.
  path: Packages/com.unity.services.core/Runtime/Configuration/Unity.Services.Core.Configuration.api
  artifactKey: Guid(3fdb983cd9c6943db94f76b0e6462317) Importer(2089858483,b0f066a214c2f5e87bad3c948f4d605d)
Start importing Packages/com.unity.services.core/Runtime/Configuration/Unity.Services.Core.Configuration.api using Guid(3fdb983cd9c6943db94f76b0e6462317) Importer(2089858483,b0f066a214c2f5e87bad3c948f4d605d) (ScriptedImporter) -> (artifact id: 'ee5df7dd4805a9f0eccb8ed12862ff17') in 0.0113193 seconds
Number of updated asset objects reloaded before import = 0Number of asset objects unloaded after import = 1

========================================================================
Received Import Request.
  Time since last request: 0.000053 seconds.
  path: Packages/com.unity.services.analytics/Runtime/Events/AcquisitionSourceEvent.cs
  artifactKey: Guid(7ab8d7fbc51f3f84c855d6756f4c9f03) Importer(2089858483,b0f066a214c2f5e87bad3c948f4d605d)
Start importing Packages/com.unity.services.analytics/Runtime/Events/AcquisitionSourceEvent.cs using Guid(7ab8d7fbc51f3f84c855d6756f4c9f03) Importer(2089858483,b0f066a214c2f5e87bad3c948f4d605d) (ScriptedImporter) -> (artifact id: '370cfd951f61411b1c2f4b0a43e2c5b7') in 0.0144341 seconds
Number of updated asset objects reloaded before import = 0Number of asset objects unloaded after import = 0

========================================================================
Received Import Request.
  Time since last request: 0.000025 seconds.
  path: Packages/com.unity.xr.legacyinputhelpers/Runtime/TrackedPoseDriver/AssemblyInfo.cs
  artifactKey: Guid(4a77633e6daf24a45994d8aae1b52268) Importer(2089858483,b0f066a214c2f5e87bad3c948f4d605d)
Start importing Packages/com.unity.xr.legacyinputhelpers/Runtime/TrackedPoseDriver/AssemblyInfo.cs using Guid(4a77633e6daf24a45994d8aae1b52268) Importer(2089858483,b0f066a214c2f5e87bad3c948f4d605d) (ScriptedImporter) -> (artifact id: '52cdfda4009ce761ae8c008b061fc22d') in 0.0132809 seconds
Number of updated asset objects reloaded before import = 0Number of asset objects unloaded after import = 0

========================================================================
Received Import Request.
  Time since last request: 0.000061 seconds.
  path: Packages/com.unity.services.core/Runtime/Core.Internal/Components/Authentication/IReleaseContext.cs
  artifactKey: Guid(89f04f02479a446dc83d434585c13759) Importer(2089858483,b0f066a214c2f5e87bad3c948f4d605d)
Start importing Packages/com.unity.services.core/Runtime/Core.Internal/Components/Authentication/IReleaseContext.cs using Guid(89f04f02479a446dc83d434585c13759) Importer(2089858483,b0f066a214c2f5e87bad3c948f4d605d) (ScriptedImporter) -> (artifact id: '32433c8fac1d312e6eff41372ec9bf35') in 0.0128726 seconds
Number of updated asset objects reloaded before import = 0Number of asset objects unloaded after import = 0

========================================================================
Received Import Request.
  Time since last request: 0.000050 seconds.
  path: Packages/com.unity.purchasing/Runtime/Stores/Android/GooglePlay/package.json
  artifactKey: Guid(aee966c2a3479f841ae8ef29d0cfa262) Importer(2089858483,b0f066a214c2f5e87bad3c948f4d605d)
Start importing Packages/com.unity.purchasing/Runtime/Stores/Android/GooglePlay/package.json using Guid(aee966c2a3479f841ae8ef29d0cfa262) Importer(2089858483,b0f066a214c2f5e87bad3c948f4d605d) (ScriptedImporter) -> (artifact id: '8627f00608d2cbedb319d0a488b825a9') in 0.0128271 seconds
Number of updated asset objects reloaded before import = 0Number of asset objects unloaded after import = 1

========================================================================
Received Import Request.
  Time since last request: 0.000042 seconds.
  path: Packages/com.unity.services.core/Editor/Core/EditorGameService/USS
  artifactKey: Guid(c1badd287b3d9486b989e6861643165b) Importer(2089858483,b0f066a214c2f5e87bad3c948f4d605d)
Start importing Packages/com.unity.services.core/Editor/Core/EditorGameService/USS using Guid(c1badd287b3d9486b989e6861643165b) Importer(2089858483,b0f066a214c2f5e87bad3c948f4d605d) (ScriptedImporter) -> (artifact id: '6d62f2029ca9c78a34041d2541c0b91c') in 0.0129853 seconds
Number of updated asset objects reloaded before import = 0Number of asset objects unloaded after import = 1

========================================================================
Received Import Request.
  Time since last request: 0.000082 seconds.
  path: Packages/com.unity.services.core/Editor/Core/EditorGameService/Analytics/EditorGameServiceAnalyticsSender.cs
  artifactKey: Guid(72f7787cfc7ca4ca087104bfb5a8b71c) Importer(2089858483,b0f066a214c2f5e87bad3c948f4d605d)
Start importing Packages/com.unity.services.core/Editor/Core/EditorGameService/Analytics/EditorGameServiceAnalyticsSender.cs using Guid(72f7787cfc7ca4ca087104bfb5a8b71c) Importer(2089858483,b0f066a214c2f5e87bad3c948f4d605d) (ScriptedImporter) -> (artifact id: 'd22d15c60be397ad317ef07e2d0acd71') in 0.0154875 seconds
Number of updated asset objects reloaded before import = 0Number of asset objects unloaded after import = 0

========================================================================
Received Import Request.
  Time since last request: 0.000073 seconds.
  path: Packages/com.unity.purchasing/Runtime/Stores/Android/GooglePlay/Interfaces/IGooglePlayConfiguration.cs
  artifactKey: Guid(cb26382f8f2211742bfe61c6bff70352) Importer(2089858483,b0f066a214c2f5e87bad3c948f4d605d)
Start importing Packages/com.unity.purchasing/Runtime/Stores/Android/GooglePlay/Interfaces/IGooglePlayConfiguration.cs using Guid(cb26382f8f2211742bfe61c6bff70352) Importer(2089858483,b0f066a214c2f5e87bad3c948f4d605d) (ScriptedImporter) -> (artifact id: '0cf39d200bb95c8ad5c1dd51eb76c363') in 0.0133454 seconds
Number of updated asset objects reloaded before import = 0Number of asset objects unloaded after import = 0

========================================================================
Received Import Request.
  Time since last request: 0.000060 seconds.
  path: Packages/com.unity.purchasing/Runtime/Stores/Android/AmazonAppStore/FakeAmazon.cs
  artifactKey: Guid(f199b66c52c9424086be0515dc89001f) Importer(2089858483,b0f066a214c2f5e87bad3c948f4d605d)
Start importing Packages/com.unity.purchasing/Runtime/Stores/Android/AmazonAppStore/FakeAmazon.cs using Guid(f199b66c52c9424086be0515dc89001f) Importer(2089858483,b0f066a214c2f5e87bad3c948f4d605d) (ScriptedImporter) -> (artifact id: '0f4f8c422a214efc9104f7ea22d19fdb') in 0.0115296 seconds
Number of updated asset objects reloaded before import = 0Number of asset objects unloaded after import = 0

========================================================================
Received Import Request.
  Time since last request: 0.000037 seconds.
  path: Packages/com.unity.ai.navigation/Editor/Updater/NavigationConverterContainer.cs
  artifactKey: Guid(14f573b87e1ac42568de3d97da3a0f03) Importer(2089858483,b0f066a214c2f5e87bad3c948f4d605d)
Start importing Packages/com.unity.ai.navigation/Editor/Updater/NavigationConverterContainer.cs using Guid(14f573b87e1ac42568de3d97da3a0f03) Importer(2089858483,b0f066a214c2f5e87bad3c948f4d605d) (ScriptedImporter) -> (artifact id: '03056d84d22464c003508306e80445aa') in 0.0145096 seconds
Number of updated asset objects reloaded before import = 0Number of asset objects unloaded after import = 0

========================================================================
Received Import Request.
  Time since last request: 0.000064 seconds.
  path: Packages/com.unity.services.analytics/ValidationConfig.json
  artifactKey: Guid(67c57ed36880e4816b2988a904b5783d) Importer(2089858483,b0f066a214c2f5e87bad3c948f4d605d)
Start importing Packages/com.unity.services.analytics/ValidationConfig.json using Guid(67c57ed36880e4816b2988a904b5783d) Importer(2089858483,b0f066a214c2f5e87bad3c948f4d605d) (ScriptedImporter) -> (artifact id: 'eebb8b6a44f72a8a0196a872c8cef7ac') in 0.0133325 seconds
Number of updated asset objects reloaded before import = 0Number of asset objects unloaded after import = 1

========================================================================
Received Import Request.
  Time since last request: 0.000049 seconds.
  path: Packages/com.unity.services.core/Runtime/Core.Internal/Components/Analytics
  artifactKey: Guid(e5bcbad422c32d240b4dae8cdd6123fd) Importer(2089858483,b0f066a214c2f5e87bad3c948f4d605d)
Start importing Packages/com.unity.services.core/Runtime/Core.Internal/Components/Analytics using Guid(e5bcbad422c32d240b4dae8cdd6123fd) Importer(2089858483,b0f066a214c2f5e87bad3c948f4d605d) (ScriptedImporter) -> (artifact id: '08f3bd6b0fffdc0f8fb1ff03ed2b754c') in 0.0124457 seconds
Number of updated asset objects reloaded before import = 0Number of asset objects unloaded after import = 1

========================================================================
Received Import Request.
  Time since last request: 0.000048 seconds.
  path: Packages/com.unity.purchasing/Runtime/Purchasing/Analytics/Legacy/LegacyAnalyticsAdapter.cs
  artifactKey: Guid(fc0937abe468495aaa8fa4bb6552711a) Importer(2089858483,b0f066a214c2f5e87bad3c948f4d605d)
Start importing Packages/com.unity.purchasing/Runtime/Purchasing/Analytics/Legacy/LegacyAnalyticsAdapter.cs using Guid(fc0937abe468495aaa8fa4bb6552711a) Importer(2089858483,b0f066a214c2f5e87bad3c948f4d605d) (ScriptedImporter) -> (artifact id: 'de83a2c59ae2be6ee4c5bf1d45e501c3') in 0.0135849 seconds
Number of updated asset objects reloaded before import = 0Number of asset objects unloaded after import = 0

========================================================================
Received Import Request.
  Time since last request: 0.000163 seconds.
  path: Packages/com.unity.purchasing/Runtime/Security/Certificate.cs
  artifactKey: Guid(10f03d45e52dd428b883e48e295c703c) Importer(2089858483,b0f066a214c2f5e87bad3c948f4d605d)
Start importing Packages/com.unity.purchasing/Runtime/Security/Certificate.cs using Guid(10f03d45e52dd428b883e48e295c703c) Importer(2089858483,b0f066a214c2f5e87bad3c948f4d605d) (ScriptedImporter) -> (artifact id: '45d58f5bd0d95ef8adb7c5f941eed812') in 0.0110597 seconds
Number of updated asset objects reloaded before import = 0Number of asset objects unloaded after import = 0

========================================================================
Received Import Request.
  Time since last request: 0.000057 seconds.
  path: Packages/com.unity.services.core/Runtime/Core.Internal/ServicesType.cs
  artifactKey: Guid(c51e1c9a36156594f81b75a7dc713654) Importer(2089858483,b0f066a214c2f5e87bad3c948f4d605d)
Start importing Packages/com.unity.services.core/Runtime/Core.Internal/ServicesType.cs using Guid(c51e1c9a36156594f81b75a7dc713654) Importer(2089858483,b0f066a214c2f5e87bad3c948f4d605d) (ScriptedImporter) -> (artifact id: 'afcda5f66e91f60929cda6babfbe6bc2') in 0.0118802 seconds
Number of updated asset objects reloaded before import = 0Number of asset objects unloaded after import = 0

========================================================================
Received Import Request.
  Time since last request: 0.000046 seconds.
  path: Packages/com.unity.purchasing/Runtime/Purchasing/Extension/IStoreConfiguration.cs
  artifactKey: Guid(7d83e6c7138841369509b906fa4d3706) Importer(2089858483,b0f066a214c2f5e87bad3c948f4d605d)
Start importing Packages/com.unity.purchasing/Runtime/Purchasing/Extension/IStoreConfiguration.cs using Guid(7d83e6c7138841369509b906fa4d3706) Importer(2089858483,b0f066a214c2f5e87bad3c948f4d605d) (ScriptedImporter) -> (artifact id: '205ef5acb9e739fd0a208080d18e29f6') in 0.0153772 seconds
Number of updated asset objects reloaded before import = 0Number of asset objects unloaded after import = 0

========================================================================
Received Import Request.
  Time since last request: 0.000103 seconds.
  path: Packages/com.unity.services.core/Editor/Core/Environments/Client/Models/UnityCreateProjectRequest.cs
  artifactKey: Guid(bfc4d54f33245f1bd8e1ad8e30e61ce0) Importer(2089858483,b0f066a214c2f5e87bad3c948f4d605d)
Start importing Packages/com.unity.services.core/Editor/Core/Environments/Client/Models/UnityCreateProjectRequest.cs using Guid(bfc4d54f33245f1bd8e1ad8e30e61ce0) Importer(2089858483,b0f066a214c2f5e87bad3c948f4d605d) (ScriptedImporter) -> (artifact id: '8ec6e6ea51249c651c3e5b66c04e4f33') in 0.0132265 seconds
Number of updated asset objects reloaded before import = 0Number of asset objects unloaded after import = 0

========================================================================
Received Import Request.
  Time since last request: 0.000066 seconds.
  path: Packages/com.unity.purchasing/Runtime/Stores/Android/GooglePlay/AAR/Interfaces/IQueryProductDetailsService.cs
  artifactKey: Guid(3990cfa69d00d43f08e30cd7de6f728d) Importer(2089858483,b0f066a214c2f5e87bad3c948f4d605d)
Start importing Packages/com.unity.purchasing/Runtime/Stores/Android/GooglePlay/AAR/Interfaces/IQueryProductDetailsService.cs using Guid(3990cfa69d00d43f08e30cd7de6f728d) Importer(2089858483,b0f066a214c2f5e87bad3c948f4d605d) (ScriptedImporter) -> (artifact id: '4d5befc977065cda43b89d30ec74c177') in 0.0122178 seconds
Number of updated asset objects reloaded before import = 0Number of asset objects unloaded after import = 0

========================================================================
Received Import Request.
  Time since last request: 0.000053 seconds.
  path: Packages/com.unity.analytics/DataPrivacy/AssemblyInfo.cs
  artifactKey: Guid(7aad9e80c95b4991a1f4d017c8caf386) Importer(2089858483,b0f066a214c2f5e87bad3c948f4d605d)
Start importing Packages/com.unity.analytics/DataPrivacy/AssemblyInfo.cs using Guid(7aad9e80c95b4991a1f4d017c8caf386) Importer(2089858483,b0f066a214c2f5e87bad3c948f4d605d) (ScriptedImporter) -> (artifact id: '78a5a4b478ad8ec6cbba9a259c64ede3') in 0.0124113 seconds
Number of updated asset objects reloaded before import = 0Number of asset objects unloaded after import = 0

========================================================================
Received Import Request.
  Time since last request: 0.000116 seconds.
  path: Packages/com.unity.purchasing/Runtime/Stores/Android/GooglePlay/AAR/Interfaces/IGooglePurchase.cs
  artifactKey: Guid(318df9a589f34bacbd78ba634263ed15) Importer(2089858483,b0f066a214c2f5e87bad3c948f4d605d)
Start importing Packages/com.unity.purchasing/Runtime/Stores/Android/GooglePlay/AAR/Interfaces/IGooglePurchase.cs using Guid(318df9a589f34bacbd78ba634263ed15) Importer(2089858483,b0f066a214c2f5e87bad3c948f4d605d) (ScriptedImporter) -> (artifact id: '6d0ad416a701672e11aa5fbd021367bb') in 0.0117775 seconds
Number of updated asset objects reloaded before import = 0Number of asset objects unloaded after import = 0

========================================================================
Received Import Request.
  Time since last request: 0.000081 seconds.
  path: Packages/com.unity.services.core/Editor/Core/Environments/Client/Models/IdentityIOneOf.cs
  artifactKey: Guid(f4753c82e9efa4528a60bf86e36dddeb) Importer(2089858483,b0f066a214c2f5e87bad3c948f4d605d)
Start importing Packages/com.unity.services.core/Editor/Core/Environments/Client/Models/IdentityIOneOf.cs using Guid(f4753c82e9efa4528a60bf86e36dddeb) Importer(2089858483,b0f066a214c2f5e87bad3c948f4d605d) (ScriptedImporter) -> (artifact id: 'cf1024030565d9b34b8690b74fbc04eb') in 0.0102376 seconds
Number of updated asset objects reloaded before import = 0Number of asset objects unloaded after import = 0

========================================================================
Received Import Request.
  Time since last request: 0.000117 seconds.
  path: Packages/com.unity.services.core/Runtime/Environments/EnvironmentsOptionsExtensions.cs
  artifactKey: Guid(75eeeeadd65f0407db138d67605e095b) Importer(2089858483,b0f066a214c2f5e87bad3c948f4d605d)
Start importing Packages/com.unity.services.core/Runtime/Environments/EnvironmentsOptionsExtensions.cs using Guid(75eeeeadd65f0407db138d67605e095b) Importer(2089858483,b0f066a214c2f5e87bad3c948f4d605d) (ScriptedImporter) -> (artifact id: 'fc564d0fdb64b4f90e3b977c8112deba') in 0.0115125 seconds
Number of updated asset objects reloaded before import = 0Number of asset objects unloaded after import = 0

========================================================================
Received Import Request.
  Time since last request: 0.000074 seconds.
  path: Packages/com.unity.purchasing/Runtime/Stores/ServicesCore
  artifactKey: Guid(291fc9da3d80411cbec0b36277bce386) Importer(2089858483,b0f066a214c2f5e87bad3c948f4d605d)
Start importing Packages/com.unity.purchasing/Runtime/Stores/ServicesCore using Guid(291fc9da3d80411cbec0b36277bce386) Importer(2089858483,b0f066a214c2f5e87bad3c948f4d605d) (ScriptedImporter) -> (artifact id: 'ee7820414e90627ee04186ea9c663f7b') in 0.0116883 seconds
Number of updated asset objects reloaded before import = 0Number of asset objects unloaded after import = 1

========================================================================
Received Import Request.
  Time since last request: 0.000026 seconds.
  path: Packages/com.unity.purchasing/Editor/ServiceProjectSettings/UI/UXML/AppleConfiguration.uxml
  artifactKey: Guid(f74b7aed2cfccd044bd4d0908bec180f) Importer(2089858483,b0f066a214c2f5e87bad3c948f4d605d)
Start importing Packages/com.unity.purchasing/Editor/ServiceProjectSettings/UI/UXML/AppleConfiguration.uxml using Guid(f74b7aed2cfccd044bd4d0908bec180f) Importer(2089858483,b0f066a214c2f5e87bad3c948f4d605d) (ScriptedImporter) -> (artifact id: 'e5ebf504caabc92ad1068f302a35274e') in 0.0199322 seconds
Number of updated asset objects reloaded before import = 0Number of asset objects unloaded after import = 2

========================================================================
Received Import Request.
  Time since last request: 0.000025 seconds.
  path: Packages/com.unity.purchasing/Runtime/Purchasing/Telemetry/Metrics/TelemetryMetricEvent.cs
  artifactKey: Guid(8e1a5986ed9d4d5483b3bf4c11ffc659) Importer(2089858483,b0f066a214c2f5e87bad3c948f4d605d)
Start importing Packages/com.unity.purchasing/Runtime/Purchasing/Telemetry/Metrics/TelemetryMetricEvent.cs using Guid(8e1a5986ed9d4d5483b3bf4c11ffc659) Importer(2089858483,b0f066a214c2f5e87bad3c948f4d605d) (ScriptedImporter) -> (artifact id: '16eaad500352b545f1c2adc0f0343365') in 0.0110638 seconds
Number of updated asset objects reloaded before import = 0Number of asset objects unloaded after import = 0

========================================================================
Received Import Request.
  Time since last request: 0.236761 seconds.
  path: Packages/com.unity.services.core/CHANGELOG.md
  artifactKey: Guid(06af021de11772b48ab2c729e6da3dc6) Importer(2089858483,b0f066a214c2f5e87bad3c948f4d605d)
Start importing Packages/com.unity.services.core/CHANGELOG.md using Guid(06af021de11772b48ab2c729e6da3dc6) Importer(2089858483,b0f066a214c2f5e87bad3c948f4d605d) (ScriptedImporter) -> (artifact id: '65e27152d9e499e245f8de6b8f24b1c4') in 0.0107633 seconds
Number of updated asset objects reloaded before import = 0Number of asset objects unloaded after import = 1

========================================================================
Received Import Request.
  Time since last request: 0.000024 seconds.
  path: Packages/com.unity.purchasing/Runtime/Stores/FakeStore/UIFakeStoreDropdown.cs
  artifactKey: Guid(560473f0707d8ad4d834ee0a8edd894e) Importer(2089858483,b0f066a214c2f5e87bad3c948f4d605d)
Start importing Packages/com.unity.purchasing/Runtime/Stores/FakeStore/UIFakeStoreDropdown.cs using Guid(560473f0707d8ad4d834ee0a8edd894e) Importer(2089858483,b0f066a214c2f5e87bad3c948f4d605d) (ScriptedImporter) -> (artifact id: 'f891c87b0c423afe2c8164c935cdd1be') in 0.0112139 seconds
Number of updated asset objects reloaded before import = 0Number of asset objects unloaded after import = 0

========================================================================
Received Import Request.
  Time since last request: 0.000110 seconds.
  path: Packages/com.unity.ai.navigation/EditorResources/Overlay/NavigationOverlay On.png
  artifactKey: Guid(c136efa5cc6d99a4d9e7bad0209aea25) Importer(2089858483,b0f066a214c2f5e87bad3c948f4d605d)
Start importing Packages/com.unity.ai.navigation/EditorResources/Overlay/NavigationOverlay On.png using Guid(c136efa5cc6d99a4d9e7bad0209aea25) Importer(2089858483,b0f066a214c2f5e87bad3c948f4d605d) (ScriptedImporter) -> (artifact id: '163c29aeb105508bb99151d3c08a267e') in 0.0191723 seconds
Number of updated asset objects reloaded before import = 0Number of asset objects unloaded after import = 1

========================================================================
Received Import Request.
  Time since last request: 0.000121 seconds.
  path: Packages/com.unity.services.core/Runtime/Core.Internal/AsyncOperation/AsyncOperation.cs
  artifactKey: Guid(1978478d5dedf4c0bbc8a8ac97566699) Importer(2089858483,b0f066a214c2f5e87bad3c948f4d605d)
Start importing Packages/com.unity.services.core/Runtime/Core.Internal/AsyncOperation/AsyncOperation.cs using Guid(1978478d5dedf4c0bbc8a8ac97566699) Importer(2089858483,b0f066a214c2f5e87bad3c948f4d605d) (ScriptedImporter) -> (artifact id: '5e7b10751eb19f03a433ad7cece10bae') in 0.0135161 seconds
Number of updated asset objects reloaded before import = 0Number of asset objects unloaded after import = 0

========================================================================
Received Import Request.
  Time since last request: 0.000050 seconds.
  path: Packages/com.unity.services.core/Runtime/Networking/AssemblyInfo.cs
  artifactKey: Guid(18566762fc26b7949ab81cd5526fd740) Importer(2089858483,b0f066a214c2f5e87bad3c948f4d605d)
Start importing Packages/com.unity.services.core/Runtime/Networking/AssemblyInfo.cs using Guid(18566762fc26b7949ab81cd5526fd740) Importer(2089858483,b0f066a214c2f5e87bad3c948f4d605d) (ScriptedImporter) -> (artifact id: '045f89f1aaf8b002c696990ff56cb4c5') in 0.0128444 seconds
Number of updated asset objects reloaded before import = 0Number of asset objects unloaded after import = 0

========================================================================
Received Import Request.
  Time since last request: 0.000152 seconds.
  path: Packages/com.unity.purchasing/Runtime/SecurityStub/UnityEngine.Purchasing.SecurityStub.asmdef
  artifactKey: Guid(d0bf1e9f644394e1de13e6ae02458b07) Importer(2089858483,b0f066a214c2f5e87bad3c948f4d605d)
Start importing Packages/com.unity.purchasing/Runtime/SecurityStub/UnityEngine.Purchasing.SecurityStub.asmdef using Guid(d0bf1e9f644394e1de13e6ae02458b07) Importer(2089858483,b0f066a214c2f5e87bad3c948f4d605d) (ScriptedImporter) -> (artifact id: 'e306d471aa8614bc6f3a42e54f6d21d4') in 0.0141764 seconds
Number of updated asset objects reloaded before import = 0Number of asset objects unloaded after import = 1

========================================================================
Received Import Request.
  Time since last request: 0.000074 seconds.
  path: Packages/com.unity.services.analytics/Editor/Tools/d_Error.png
  artifactKey: Guid(bf312944d5bc58e4ab1f2887cc38c63c) Importer(2089858483,b0f066a214c2f5e87bad3c948f4d605d)
Start importing Packages/com.unity.services.analytics/Editor/Tools/d_Error.png using Guid(bf312944d5bc58e4ab1f2887cc38c63c) Importer(2089858483,b0f066a214c2f5e87bad3c948f4d605d) (ScriptedImporter) -> (artifact id: 'e489ce628911811c9f225bfe156d4338') in 0.0162933 seconds
Number of updated asset objects reloaded before import = 0Number of asset objects unloaded after import = 1

========================================================================
Received Import Request.
  Time since last request: 0.000049 seconds.
  path: Packages/com.unity.services.core/Editor/Core/Networking/InvalidJwtException.cs
  artifactKey: Guid(604f0c1828ca42c18067cf6b154b6331) Importer(2089858483,b0f066a214c2f5e87bad3c948f4d605d)
Start importing Packages/com.unity.services.core/Editor/Core/Networking/InvalidJwtException.cs using Guid(604f0c1828ca42c18067cf6b154b6331) Importer(2089858483,b0f066a214c2f5e87bad3c948f4d605d) (ScriptedImporter) -> (artifact id: '71d790a500d0aac93cbba9cffb092ad0') in 0.0131675 seconds
Number of updated asset objects reloaded before import = 0Number of asset objects unloaded after import = 0

========================================================================
Received Import Request.
  Time since last request: 0.000087 seconds.
  path: Packages/com.unity.analytics/Tests/Editor/AdOfferTests.cs
  artifactKey: Guid(96626a3e271e94e76a848c68828fbbac) Importer(2089858483,b0f066a214c2f5e87bad3c948f4d605d)
Start importing Packages/com.unity.analytics/Tests/Editor/AdOfferTests.cs using Guid(96626a3e271e94e76a848c68828fbbac) Importer(2089858483,b0f066a214c2f5e87bad3c948f4d605d) (ScriptedImporter) -> (artifact id: 'bcbf23d7ece0340048ca490cd3741d07') in 0.0130148 seconds
Number of updated asset objects reloaded before import = 0Number of asset objects unloaded after import = 0

========================================================================
Received Import Request.
  Time since last request: 0.000093 seconds.
  path: Packages/com.unity.purchasing/Runtime/Stores/Android/GooglePlay/AAR/Interfaces/IBillingClient.cs
  artifactKey: Guid(9dd00bde1e94f4558996c8641ca7ed94) Importer(2089858483,b0f066a214c2f5e87bad3c948f4d605d)
Start importing Packages/com.unity.purchasing/Runtime/Stores/Android/GooglePlay/AAR/Interfaces/IBillingClient.cs using Guid(9dd00bde1e94f4558996c8641ca7ed94) Importer(2089858483,b0f066a214c2f5e87bad3c948f4d605d) (ScriptedImporter) -> (artifact id: '50780d2f1fcb92e2bb9f4398ffd60c93') in 0.0139105 seconds
Number of updated asset objects reloaded before import = 0Number of asset objects unloaded after import = 0

========================================================================
Received Import Request.
  Time since last request: 0.000075 seconds.
  path: Packages/com.unity.services.core/Editor/Core/Shared/EditorUtils/Sync.Gen.cs
  artifactKey: Guid(ed548fe923e1b4ed2a25497af44016f5) Importer(2089858483,b0f066a214c2f5e87bad3c948f4d605d)
Start importing Packages/com.unity.services.core/Editor/Core/Shared/EditorUtils/Sync.Gen.cs using Guid(ed548fe923e1b4ed2a25497af44016f5) Importer(2089858483,b0f066a214c2f5e87bad3c948f4d605d) (ScriptedImporter) -> (artifact id: '589df943ee12d86bb1aa7d80b46bc091') in 0.0133048 seconds
Number of updated asset objects reloaded before import = 0Number of asset objects unloaded after import = 0

========================================================================
Received Import Request.
  Time since last request: 0.000128 seconds.
  path: Packages/com.unity.purchasing/Runtime/SecurityStub/Obfuscator.cs
  artifactKey: Guid(e324192441e1b445ebca25a11b5de14e) Importer(2089858483,b0f066a214c2f5e87bad3c948f4d605d)
Start importing Packages/com.unity.purchasing/Runtime/SecurityStub/Obfuscator.cs using Guid(e324192441e1b445ebca25a11b5de14e) Importer(2089858483,b0f066a214c2f5e87bad3c948f4d605d) (ScriptedImporter) -> (artifact id: '4a066740b0480789de49e2d61d6156ba') in 0.0116352 seconds
Number of updated asset objects reloaded before import = 0Number of asset objects unloaded after import = 0

========================================================================
Received Import Request.
  Time since last request: 0.000056 seconds.
  path: Packages/com.unity.purchasing/Editor/ServiceProjectSettings/Service/Networking/NetworkingUtils.cs
  artifactKey: Guid(0a3af58da2b3546d7825988edd66fc9d) Importer(2089858483,b0f066a214c2f5e87bad3c948f4d605d)
Start importing Packages/com.unity.purchasing/Editor/ServiceProjectSettings/Service/Networking/NetworkingUtils.cs using Guid(0a3af58da2b3546d7825988edd66fc9d) Importer(2089858483,b0f066a214c2f5e87bad3c948f4d605d) (ScriptedImporter) -> (artifact id: '04d4bd4117e1eb9c9007ac20c53a2feb') in 0.0123891 seconds
Number of updated asset objects reloaded before import = 0Number of asset objects unloaded after import = 0

========================================================================
Received Import Request.
  Time since last request: 0.000057 seconds.
  path: Packages/com.unity.purchasing/Runtime/Purchasing/Analytics/AnalyticsAdapter.cs
  artifactKey: Guid(f7a41dfe17864d419c3bb474d74dbf07) Importer(2089858483,b0f066a214c2f5e87bad3c948f4d605d)
Start importing Packages/com.unity.purchasing/Runtime/Purchasing/Analytics/AnalyticsAdapter.cs using Guid(f7a41dfe17864d419c3bb474d74dbf07) Importer(2089858483,b0f066a214c2f5e87bad3c948f4d605d) (ScriptedImporter) -> (artifact id: '47fc73ca25be2a8f5d6b0865d7d5a665') in 0.0127247 seconds
Number of updated asset objects reloaded before import = 0Number of asset objects unloaded after import = 0

========================================================================
Received Import Request.
  Time since last request: 0.000116 seconds.
  path: Packages/com.unity.xr.legacyinputhelpers/Runtime/ArmModels/TransitionArmModel.cs
  artifactKey: Guid(93492893b74ab764b83d940916a59b03) Importer(2089858483,b0f066a214c2f5e87bad3c948f4d605d)
Start importing Packages/com.unity.xr.legacyinputhelpers/Runtime/ArmModels/TransitionArmModel.cs using Guid(93492893b74ab764b83d940916a59b03) Importer(2089858483,b0f066a214c2f5e87bad3c948f4d605d) (ScriptedImporter) -> (artifact id: '1900f2fe1ef6b61fefa72dcb22611d49') in 0.012607 seconds
Number of updated asset objects reloaded before import = 0Number of asset objects unloaded after import = 0

========================================================================
Received Import Request.
  Time since last request: 0.000075 seconds.
  path: Packages/com.unity.services.core/Runtime/Core/ServiceObserver.cs
  artifactKey: Guid(c241d201fc37df94f88d16af9c8a1a05) Importer(2089858483,b0f066a214c2f5e87bad3c948f4d605d)
Start importing Packages/com.unity.services.core/Runtime/Core/ServiceObserver.cs using Guid(c241d201fc37df94f88d16af9c8a1a05) Importer(2089858483,b0f066a214c2f5e87bad3c948f4d605d) (ScriptedImporter) -> (artifact id: '8b7dc86857234f30698f6fbf129db9cf') in 0.0128149 seconds
Number of updated asset objects reloaded before import = 0Number of asset objects unloaded after import = 0

========================================================================
Received Import Request.
  Time since last request: 0.000076 seconds.
  path: Packages/com.unity.purchasing/Runtime/Stores/Android/GooglePlay/AAR/Interfaces/ISkuDetailsQueryResponse.cs
  artifactKey: Guid(2ffc1f37c39224177a92dddd7836ebc0) Importer(2089858483,b0f066a214c2f5e87bad3c948f4d605d)
Start importing Packages/com.unity.purchasing/Runtime/Stores/Android/GooglePlay/AAR/Interfaces/ISkuDetailsQueryResponse.cs using Guid(2ffc1f37c39224177a92dddd7836ebc0) Importer(2089858483,b0f066a214c2f5e87bad3c948f4d605d) (ScriptedImporter) -> (artifact id: '99670ee2421733c1b34624a8a7a103d3') in 0.0132105 seconds
Number of updated asset objects reloaded before import = 0Number of asset objects unloaded after import = 0

========================================================================
Received Import Request.
  Time since last request: 0.000059 seconds.
  path: Packages/com.unity.purchasing/Editor/IAPGeneratedCredentials.cs.template
  artifactKey: Guid(5d137f890d26642219841a7f08fff0fb) Importer(2089858483,b0f066a214c2f5e87bad3c948f4d605d)
Start importing Packages/com.unity.purchasing/Editor/IAPGeneratedCredentials.cs.template using Guid(5d137f890d26642219841a7f08fff0fb) Importer(2089858483,b0f066a214c2f5e87bad3c948f4d605d) (ScriptedImporter) -> (artifact id: '3283819e446a448e1c6da8ea08a494ec') in 0.0118812 seconds
Number of updated asset objects reloaded before import = 0Number of asset objects unloaded after import = 1

========================================================================
Received Import Request.
  Time since last request: 0.000081 seconds.
  path: Packages/com.unity.ai.navigation/EditorResources/d_NavigationWindowIcon.asset
  artifactKey: Guid(df6a6289992d3406cb4cad0c522e4adf) Importer(2089858483,b0f066a214c2f5e87bad3c948f4d605d)
Start importing Packages/com.unity.ai.navigation/EditorResources/d_NavigationWindowIcon.asset using Guid(df6a6289992d3406cb4cad0c522e4adf) Importer(2089858483,b0f066a214c2f5e87bad3c948f4d605d) (ScriptedImporter) -> (artifact id: '7d4219b7e844bd080acea8e09458a4eb') in 0.0159262 seconds
Number of updated asset objects reloaded before import = 0Number of asset objects unloaded after import = 1

========================================================================
Received Import Request.
  Time since last request: 0.000025 seconds.
  path: Packages/com.unity.purchasing/Runtime/Purchasing/IDetailedStoreListener.cs
  artifactKey: Guid(8d16821a7b4d4f128acdfc9db6371001) Importer(2089858483,b0f066a214c2f5e87bad3c948f4d605d)
Start importing Packages/com.unity.purchasing/Runtime/Purchasing/IDetailedStoreListener.cs using Guid(8d16821a7b4d4f128acdfc9db6371001) Importer(2089858483,b0f066a214c2f5e87bad3c948f4d605d) (ScriptedImporter) -> (artifact id: '6090ec98d81e1f9de6f3190eb0604073') in 0.015369 seconds
Number of updated asset objects reloaded before import = 0Number of asset objects unloaded after import = 0

========================================================================
Received Import Request.
  Time since last request: 0.000071 seconds.
  path: Packages/com.unity.services.core/Editor/Core/Environments/EnvironmentsApiInternal.cs
  artifactKey: Guid(729d559312e6e4c9a8fcf4ef80a668dd) Importer(2089858483,b0f066a214c2f5e87bad3c948f4d605d)
Start importing Packages/com.unity.services.core/Editor/Core/Environments/EnvironmentsApiInternal.cs using Guid(729d559312e6e4c9a8fcf4ef80a668dd) Importer(2089858483,b0f066a214c2f5e87bad3c948f4d605d) (ScriptedImporter) -> (artifact id: 'ddffc68fb4e7192807f82074258c6945') in 0.0134924 seconds
Number of updated asset objects reloaded before import = 0Number of asset objects unloaded after import = 0

========================================================================
Received Import Request.
  Time since last request: 0.000030 seconds.
  path: Packages/com.unity.services.analytics/Editor/Settings/AnalyticsEditorGameService.cs
  artifactKey: Guid(ece1e13afb0f445e9bbe11670c6d149f) Importer(2089858483,b0f066a214c2f5e87bad3c948f4d605d)
Start importing Packages/com.unity.services.analytics/Editor/Settings/AnalyticsEditorGameService.cs using Guid(ece1e13afb0f445e9bbe11670c6d149f) Importer(2089858483,b0f066a214c2f5e87bad3c948f4d605d) (ScriptedImporter) -> (artifact id: 'c74a1489bfd4074784cf30d3e53351d9') in 0.0121227 seconds
Number of updated asset objects reloaded before import = 0Number of asset objects unloaded after import = 0

========================================================================
Received Import Request.
  Time since last request: 0.000051 seconds.
  path: Packages/com.unity.purchasing/Runtime/Stores/Android/GooglePlay
  artifactKey: Guid(1ad82a21ae8d4628a2c8fc75cd21b98c) Importer(2089858483,b0f066a214c2f5e87bad3c948f4d605d)
Start importing Packages/com.unity.purchasing/Runtime/Stores/Android/GooglePlay using Guid(1ad82a21ae8d4628a2c8fc75cd21b98c) Importer(2089858483,b0f066a214c2f5e87bad3c948f4d605d) (ScriptedImporter) -> (artifact id: '820d8ef87c7c24d0b30284ecd56c92be') in 0.016191 seconds
Number of updated asset objects reloaded before import = 0Number of asset objects unloaded after import = 1

========================================================================
Received Import Request.
  Time since last request: 0.000034 seconds.
  path: Packages/com.unity.ai.navigation/EditorResources/Overlay/NavigationOverlay@32.png
  artifactKey: Guid(f9a2f623ba32a844da6de770f5ccf17f) Importer(2089858483,b0f066a214c2f5e87bad3c948f4d605d)
Start importing Packages/com.unity.ai.navigation/EditorResources/Overlay/NavigationOverlay@32.png using Guid(f9a2f623ba32a844da6de770f5ccf17f) Importer(2089858483,b0f066a214c2f5e87bad3c948f4d605d) (ScriptedImporter) -> (artifact id: '2bfe6c50fb57c241b380239da0c90c55') in 0.0191058 seconds
Number of updated asset objects reloaded before import = 0Number of asset objects unloaded after import = 1

========================================================================
Received Import Request.
  Time since last request: 0.000026 seconds.
  path: Packages/com.unity.purchasing/Runtime/Security
  artifactKey: Guid(7b060876a7f914b5e92c7d8584234c6a) Importer(2089858483,b0f066a214c2f5e87bad3c948f4d605d)
Start importing Packages/com.unity.purchasing/Runtime/Security using Guid(7b060876a7f914b5e92c7d8584234c6a) Importer(2089858483,b0f066a214c2f5e87bad3c948f4d605d) (ScriptedImporter) -> (artifact id: '79e10af8bd134c562de259cfc0f67f97') in 0.012473 seconds
Number of updated asset objects reloaded before import = 0Number of asset objects unloaded after import = 1

========================================================================
Received Import Request.
  Time since last request: 0.000018 seconds.
  path: Packages/com.unity.services.core/Runtime/Analytics/Unity.Services.Core.Analytics.api
  artifactKey: Guid(3acc39c28cb7b4e14aec130471988144) Importer(2089858483,b0f066a214c2f5e87bad3c948f4d605d)
Start importing Packages/com.unity.services.core/Runtime/Analytics/Unity.Services.Core.Analytics.api using Guid(3acc39c28cb7b4e14aec130471988144) Importer(2089858483,b0f066a214c2f5e87bad3c948f4d605d) (ScriptedImporter) -> (artifact id: 'ae2b4842043b2ee3e274b127de039efb') in 0.0134818 seconds
Number of updated asset objects reloaded before import = 0Number of asset objects unloaded after import = 1

========================================================================
Received Import Request.
  Time since last request: 0.000075 seconds.
  path: Packages/com.unity.ai.navigation/Gizmos/NavMeshModifierVolume Icon.png
  artifactKey: Guid(cc7b9475dbddf4f9088d327d6e10ab77) Importer(2089858483,b0f066a214c2f5e87bad3c948f4d605d)
Start importing Packages/com.unity.ai.navigation/Gizmos/NavMeshModifierVolume Icon.png using Guid(cc7b9475dbddf4f9088d327d6e10ab77) Importer(2089858483,b0f066a214c2f5e87bad3c948f4d605d) (ScriptedImporter) -> (artifact id: 'd6fec3dc462e7c5a22ea4144ade6da25') in 0.0231585 seconds
Number of updated asset objects reloaded before import = 0Number of asset objects unloaded after import = 1

========================================================================
Received Import Request.
  Time since last request: 0.000036 seconds.
  path: Packages/com.unity.services.core/Editor/Core/Scheduler
  artifactKey: Guid(0eb58e505d1d7a64dbb77f197ea72ebe) Importer(2089858483,b0f066a214c2f5e87bad3c948f4d605d)
Start importing Packages/com.unity.services.core/Editor/Core/Scheduler using Guid(0eb58e505d1d7a64dbb77f197ea72ebe) Importer(2089858483,b0f066a214c2f5e87bad3c948f4d605d) (ScriptedImporter) -> (artifact id: 'c4eab1c310cffd3732b27bb014115a81') in 0.0122387 seconds
Number of updated asset objects reloaded before import = 0Number of asset objects unloaded after import = 1

========================================================================
Received Import Request.
  Time since last request: 0.000021 seconds.
  path: Packages/com.unity.services.core/Runtime/Core.Internal/Components/Authentication/IAccessTokenObserver.cs
  artifactKey: Guid(2f481941f5248bb48813e8ee2a593582) Importer(2089858483,b0f066a214c2f5e87bad3c948f4d605d)
Start importing Packages/com.unity.services.core/Runtime/Core.Internal/Components/Authentication/IAccessTokenObserver.cs using Guid(2f481941f5248bb48813e8ee2a593582) Importer(2089858483,b0f066a214c2f5e87bad3c948f4d605d) (ScriptedImporter) -> (artifact id: '6fdea4976038a7865911b4ac4c0c9d4c') in 0.0124673 seconds
Number of updated asset objects reloaded before import = 0Number of asset objects unloaded after import = 0

========================================================================
Received Import Request.
  Time since last request: 0.000020 seconds.
  path: Packages/com.unity.analytics/Tests/Runtime/JsonSerialization.cs
  artifactKey: Guid(0fe4c527c3aa3eb42912a1caafbbc6a0) Importer(2089858483,b0f066a214c2f5e87bad3c948f4d605d)
Start importing Packages/com.unity.analytics/Tests/Runtime/JsonSerialization.cs using Guid(0fe4c527c3aa3eb42912a1caafbbc6a0) Importer(2089858483,b0f066a214c2f5e87bad3c948f4d605d) (ScriptedImporter) -> (artifact id: 'abaaaa63558a2e52127d3fd45d63d602') in 0.0130875 seconds
Number of updated asset objects reloaded before import = 0Number of asset objects unloaded after import = 0

========================================================================
Received Import Request.
  Time since last request: 0.000066 seconds.
  path: Packages/com.unity.services.core/Editor/Core/Environments/Client/Models/UnityOrganizationV1.cs
  artifactKey: Guid(f1c3cc01f2ba44ce88e2780dc98b31fd) Importer(2089858483,b0f066a214c2f5e87bad3c948f4d605d)
Start importing Packages/com.unity.services.core/Editor/Core/Environments/Client/Models/UnityOrganizationV1.cs using Guid(f1c3cc01f2ba44ce88e2780dc98b31fd) Importer(2089858483,b0f066a214c2f5e87bad3c948f4d605d) (ScriptedImporter) -> (artifact id: 'e4a41796ef6bd96f4b1a368a0c79222d') in 0.0140687 seconds
Number of updated asset objects reloaded before import = 0Number of asset objects unloaded after import = 0

========================================================================
Received Import Request.
  Time since last request: 0.000062 seconds.
  path: Packages/com.unity.services.core/Runtime/Registration
  artifactKey: Guid(e0f34382d332b4ab6ab0055a3a89c029) Importer(2089858483,b0f066a214c2f5e87bad3c948f4d605d)
Start importing Packages/com.unity.services.core/Runtime/Registration using Guid(e0f34382d332b4ab6ab0055a3a89c029) Importer(2089858483,b0f066a214c2f5e87bad3c948f4d605d) (ScriptedImporter) -> (artifact id: 'a06c9e0e7b8a38864aabf13c0760cfbc') in 0.0124632 seconds
Number of updated asset objects reloaded before import = 0Number of asset objects unloaded after import = 1

========================================================================
Received Import Request.
  Time since last request: 0.000038 seconds.
  path: Packages/com.unity.services.core/Runtime/Core.Internal/Components/Configuration/IProjectConfiguration.cs
  artifactKey: Guid(83e41efdede654a89b901da7b70ff0b2) Importer(2089858483,b0f066a214c2f5e87bad3c948f4d605d)
Start importing Packages/com.unity.services.core/Runtime/Core.Internal/Components/Configuration/IProjectConfiguration.cs using Guid(83e41efdede654a89b901da7b70ff0b2) Importer(2089858483,b0f066a214c2f5e87bad3c948f4d605d) (ScriptedImporter) -> (artifact id: '1e810dcf5715d18f5708753fb58b8a43') in 0.0140056 seconds
Number of updated asset objects reloaded before import = 0Number of asset objects unloaded after import = 0

========================================================================
Received Import Request.
  Time since last request: 0.000080 seconds.
  path: Packages/com.unity.services.core/Editor/Core/Environments/ValidationResult.cs
  artifactKey: Guid(9e05cadf15c14df99a1606c765c75b6c) Importer(2089858483,b0f066a214c2f5e87bad3c948f4d605d)
Start importing Packages/com.unity.services.core/Editor/Core/Environments/ValidationResult.cs using Guid(9e05cadf15c14df99a1606c765c75b6c) Importer(2089858483,b0f066a214c2f5e87bad3c948f4d605d) (ScriptedImporter) -> (artifact id: '88a224fdb88c309e8f64b1a62cc2f704') in 0.0161697 seconds
Number of updated asset objects reloaded before import = 0Number of asset objects unloaded after import = 0

========================================================================
Received Import Request.
  Time since last request: 0.000060 seconds.
  path: Packages/com.unity.purchasing/Runtime/SecurityStub/CrossPlatformValidator.cs
  artifactKey: Guid(7d5a65fdf4a30428c849255b8efbc5ca) Importer(2089858483,b0f066a214c2f5e87bad3c948f4d605d)
Start importing Packages/com.unity.purchasing/Runtime/SecurityStub/CrossPlatformValidator.cs using Guid(7d5a65fdf4a30428c849255b8efbc5ca) Importer(2089858483,b0f066a214c2f5e87bad3c948f4d605d) (ScriptedImporter) -> (artifact id: '3e4465ce427cec5c199fcfd76240e458') in 0.0137117 seconds
Number of updated asset objects reloaded before import = 0Number of asset objects unloaded after import = 0

========================================================================
Received Import Request.
  Time since last request: 0.000060 seconds.
  path: Packages/com.unity.purchasing/Runtime/Stores/Android/GooglePlay/AAR
  artifactKey: Guid(d60eea031768040e187593c6f7d616f3) Importer(2089858483,b0f066a214c2f5e87bad3c948f4d605d)
Start importing Packages/com.unity.purchasing/Runtime/Stores/Android/GooglePlay/AAR using Guid(d60eea031768040e187593c6f7d616f3) Importer(2089858483,b0f066a214c2f5e87bad3c948f4d605d) (ScriptedImporter) -> (artifact id: 'e5fd850e3dcd87f4752ac64a38aa226a') in 0.0151981 seconds
Number of updated asset objects reloaded before import = 0Number of asset objects unloaded after import = 1

========================================================================
Received Import Request.
  Time since last request: 0.000054 seconds.
  path: Packages/com.unity.purchasing/Runtime/AppleMacos/AssemblyInfo.cs
  artifactKey: Guid(a899cfe32f813fe3326640419aecfbd7) Importer(2089858483,b0f066a214c2f5e87bad3c948f4d605d)
Start importing Packages/com.unity.purchasing/Runtime/AppleMacos/AssemblyInfo.cs using Guid(a899cfe32f813fe3326640419aecfbd7) Importer(2089858483,b0f066a214c2f5e87bad3c948f4d605d) (ScriptedImporter) -> (artifact id: 'fbaae0d75a6e44cbe71c3a024c511323') in 0.0124592 seconds
Number of updated asset objects reloaded before import = 0Number of asset objects unloaded after import = 0

========================================================================
Received Import Request.
  Time since last request: 0.000069 seconds.
  path: Packages/com.unity.services.analytics/Editor/Tools/DebugPanel.uxml
  artifactKey: Guid(2f2828a95e4aa0b4da75d138a20cf0cd) Importer(2089858483,b0f066a214c2f5e87bad3c948f4d605d)
Start importing Packages/com.unity.services.analytics/Editor/Tools/DebugPanel.uxml using Guid(2f2828a95e4aa0b4da75d138a20cf0cd) Importer(2089858483,b0f066a214c2f5e87bad3c948f4d605d) (ScriptedImporter) -> (artifact id: '8a72a9177aa8e59955c46a3bab1e14c3') in 0.0374531 seconds
Number of updated asset objects reloaded before import = 0Number of asset objects unloaded after import = 3

========================================================================
Received Import Request.
  Time since last request: 0.000033 seconds.
  path: Packages/com.unity.purchasing/Editor/ServiceProjectSettings/UI/Views/AppleConfigurationSettingsBlock.cs
  artifactKey: Guid(672a2ea534048224eaea9b7c77c75a84) Importer(2089858483,b0f066a214c2f5e87bad3c948f4d605d)
Start importing Packages/com.unity.purchasing/Editor/ServiceProjectSettings/UI/Views/AppleConfigurationSettingsBlock.cs using Guid(672a2ea534048224eaea9b7c77c75a84) Importer(2089858483,b0f066a214c2f5e87bad3c948f4d605d) (ScriptedImporter) -> (artifact id: 'de47ed184f329eb3bc2af3a6e249c97e') in 0.0185179 seconds
Number of updated asset objects reloaded before import = 0Number of asset objects unloaded after import = 0

========================================================================
Received Import Request.
  Time since last request: 0.000058 seconds.
  path: Packages/com.unity.purchasing/Runtime/Apple/UnityEngine.Purchasing.Apple.asmdef
  artifactKey: Guid(400f2260dd8d285419d1db99999109aa) Importer(2089858483,b0f066a214c2f5e87bad3c948f4d605d)
Start importing Packages/com.unity.purchasing/Runtime/Apple/UnityEngine.Purchasing.Apple.asmdef using Guid(400f2260dd8d285419d1db99999109aa) Importer(2089858483,b0f066a214c2f5e87bad3c948f4d605d) (ScriptedImporter) -> (artifact id: 'b3f27ca8f0f25774cc261861ad400ef1') in 0.0126088 seconds
Number of updated asset objects reloaded before import = 0Number of asset objects unloaded after import = 1

========================================================================
Received Import Request.
  Time since last request: 0.000049 seconds.
  path: Packages/com.unity.analytics/Tests/Editor/LevelUpTests.cs
  artifactKey: Guid(b0bb2afc5cd494e6f9b44455a0fc22f8) Importer(2089858483,b0f066a214c2f5e87bad3c948f4d605d)
Start importing Packages/com.unity.analytics/Tests/Editor/LevelUpTests.cs using Guid(b0bb2afc5cd494e6f9b44455a0fc22f8) Importer(2089858483,b0f066a214c2f5e87bad3c948f4d605d) (ScriptedImporter) -> (artifact id: '6833e72f39976662372b4b29e4b3ae98') in 0.0119939 seconds
Number of updated asset objects reloaded before import = 0Number of asset objects unloaded after import = 0

========================================================================
Received Import Request.
  Time since last request: 0.000037 seconds.
  path: Packages/com.unity.purchasing/Runtime/Purchasing/PurchasingManager.cs
  artifactKey: Guid(ef6015bd730743e3b6fce3252c6d04fd) Importer(2089858483,b0f066a214c2f5e87bad3c948f4d605d)
Start importing Packages/com.unity.purchasing/Runtime/Purchasing/PurchasingManager.cs using Guid(ef6015bd730743e3b6fce3252c6d04fd) Importer(2089858483,b0f066a214c2f5e87bad3c948f4d605d) (ScriptedImporter) -> (artifact id: '84e1ecc14d4993dc8445fff0caa10359') in 0.0156177 seconds
Number of updated asset objects reloaded before import = 0Number of asset objects unloaded after import = 0

========================================================================
Received Import Request.
  Time since last request: 0.000023 seconds.
  path: Packages/com.unity.services.core/Runtime/Core.Internal/Registry/DependencyTreeInitializeOrderSorter.cs
  artifactKey: Guid(530fa14dff7e947f088ddea9e12ec4d1) Importer(2089858483,b0f066a214c2f5e87bad3c948f4d605d)
Start importing Packages/com.unity.services.core/Runtime/Core.Internal/Registry/DependencyTreeInitializeOrderSorter.cs using Guid(530fa14dff7e947f088ddea9e12ec4d1) Importer(2089858483,b0f066a214c2f5e87bad3c948f4d605d) (ScriptedImporter) -> (artifact id: '270e3caefd0de46ba99b9d407ead508d') in 0.0121434 seconds
Number of updated asset objects reloaded before import = 0Number of asset objects unloaded after import = 0

========================================================================
Received Import Request.
  Time since last request: 0.000082 seconds.
  path: Packages/com.unity.analytics/Editor
  artifactKey: Guid(7fd5e77e7e7ea4eea8198138cd9cc814) Importer(2089858483,b0f066a214c2f5e87bad3c948f4d605d)
Start importing Packages/com.unity.analytics/Editor using Guid(7fd5e77e7e7ea4eea8198138cd9cc814) Importer(2089858483,b0f066a214c2f5e87bad3c948f4d605d) (ScriptedImporter) -> (artifact id: 'c5699a342e45e71b90e7132f2bb01f41') in 0.011744 seconds
Number of updated asset objects reloaded before import = 0Number of asset objects unloaded after import = 1

========================================================================
Received Import Request.
  Time since last request: 0.000025 seconds.
  path: Packages/com.unity.services.core/Editor/Core/Environments/Client/Http/AsyncOpRetry.cs
  artifactKey: Guid(6b6d4104c62dc4ae3b7b14e88665cc74) Importer(2089858483,b0f066a214c2f5e87bad3c948f4d605d)
Start importing Packages/com.unity.services.core/Editor/Core/Environments/Client/Http/AsyncOpRetry.cs using Guid(6b6d4104c62dc4ae3b7b14e88665cc74) Importer(2089858483,b0f066a214c2f5e87bad3c948f4d605d) (ScriptedImporter) -> (artifact id: '12f1d29b71b217144a92286aa0705c93') in 0.0117707 seconds
Number of updated asset objects reloaded before import = 0Number of asset objects unloaded after import = 0

========================================================================
Received Import Request.
  Time since last request: 0.000070 seconds.
  path: Packages/com.unity.ai.navigation/EditorResources/Overlay/d_NavigationOverlay@16.png
  artifactKey: Guid(8d8d1929f2279804e8a744d3da25e23b) Importer(2089858483,b0f066a214c2f5e87bad3c948f4d605d)
Start importing Packages/com.unity.ai.navigation/EditorResources/Overlay/d_NavigationOverlay@16.png using Guid(8d8d1929f2279804e8a744d3da25e23b) Importer(2089858483,b0f066a214c2f5e87bad3c948f4d605d) (ScriptedImporter) -> (artifact id: 'b268bc4fc4c83e20d9694e9428f5d075') in 0.0194988 seconds
Number of updated asset objects reloaded before import = 0Number of asset objects unloaded after import = 1

========================================================================
Received Import Request.
  Time since last request: 0.000121 seconds.
  path: Packages/com.unity.services.core/Editor/Core/Configuration/Utils/AssetUtils.cs
  artifactKey: Guid(f46ae31386794c47a083a210dc6c6bf9) Importer(2089858483,b0f066a214c2f5e87bad3c948f4d605d)
Start importing Packages/com.unity.services.core/Editor/Core/Configuration/Utils/AssetUtils.cs using Guid(f46ae31386794c47a083a210dc6c6bf9) Importer(2089858483,b0f066a214c2f5e87bad3c948f4d605d) (ScriptedImporter) -> (artifact id: 'b726297dfce6768a8c3140928dc1bf7a') in 0.0129596 seconds
Number of updated asset objects reloaded before import = 0Number of asset objects unloaded after import = 0

========================================================================
Received Import Request.
  Time since last request: 0.000045 seconds.
  path: Packages/com.unity.analytics/package.json
  artifactKey: Guid(510d1d319d2754ea4a47c6dd8c421ea0) Importer(2089858483,b0f066a214c2f5e87bad3c948f4d605d)
Start importing Packages/com.unity.analytics/package.json using Guid(510d1d319d2754ea4a47c6dd8c421ea0) Importer(2089858483,b0f066a214c2f5e87bad3c948f4d605d) (ScriptedImporter) -> (artifact id: '1ef187544e8feb776058a6364b4ef83f') in 0.012332 seconds
Number of updated asset objects reloaded before import = 0Number of asset objects unloaded after import = 1

========================================================================
Received Import Request.
  Time since last request: 0.000022 seconds.
  path: Packages/com.unity.services.core/Editor/Core/Environments/EnvironmentServiceExtensions.cs
  artifactKey: Guid(53cd002ce2a5d4c14b53ee9ebd9a5f24) Importer(2089858483,b0f066a214c2f5e87bad3c948f4d605d)
Start importing Packages/com.unity.services.core/Editor/Core/Environments/EnvironmentServiceExtensions.cs using Guid(53cd002ce2a5d4c14b53ee9ebd9a5f24) Importer(2089858483,b0f066a214c2f5e87bad3c948f4d605d) (ScriptedImporter) -> (artifact id: 'e9ede5126bcf18b4155f61bb5878ae72') in 0.0134231 seconds
Number of updated asset objects reloaded before import = 0Number of asset objects unloaded after import = 0

========================================================================
Received Import Request.
  Time since last request: 0.000078 seconds.
  path: Packages/com.unity.xr.legacyinputhelpers/Editor/CameraOffsetEditor.cs
  artifactKey: Guid(e42439f4b5dbd1947a2161c0c2969508) Importer(2089858483,b0f066a214c2f5e87bad3c948f4d605d)
Start importing Packages/com.unity.xr.legacyinputhelpers/Editor/CameraOffsetEditor.cs using Guid(e42439f4b5dbd1947a2161c0c2969508) Importer(2089858483,b0f066a214c2f5e87bad3c948f4d605d) (ScriptedImporter) -> (artifact id: '4cc4d41d54400b7066c0546ab552beb2') in 0.0145496 seconds
Number of updated asset objects reloaded before import = 0Number of asset objects unloaded after import = 0

========================================================================
Received Import Request.
  Time since last request: 0.000064 seconds.
  path: Packages/com.unity.ai.navigation/Editor/NavMeshSurfaceEditor.cs
  artifactKey: Guid(1c32167dbf3314852b6006a288eb449b) Importer(2089858483,b0f066a214c2f5e87bad3c948f4d605d)
Start importing Packages/com.unity.ai.navigation/Editor/NavMeshSurfaceEditor.cs using Guid(1c32167dbf3314852b6006a288eb449b) Importer(2089858483,b0f066a214c2f5e87bad3c948f4d605d) (ScriptedImporter) -> (artifact id: '579a81c15e3672dc67c34a6817fa080b') in 0.0146964 seconds
Number of updated asset objects reloaded before import = 0Number of asset objects unloaded after import = 0

========================================================================
Received Import Request.
  Time since last request: 0.000098 seconds.
  path: Packages/com.unity.services.core/Runtime/Core.Internal/Registry/IInitializablePackage.cs
  artifactKey: Guid(818fd0c72018949c9911c0e5737bfa5f) Importer(2089858483,b0f066a214c2f5e87bad3c948f4d605d)
Start importing Packages/com.unity.services.core/Runtime/Core.Internal/Registry/IInitializablePackage.cs using Guid(818fd0c72018949c9911c0e5737bfa5f) Importer(2089858483,b0f066a214c2f5e87bad3c948f4d605d) (ScriptedImporter) -> (artifact id: 'c36a4345ae2eb6c191835d52ca63e46d') in 0.0115059 seconds
Number of updated asset objects reloaded before import = 0Number of asset objects unloaded after import = 0

========================================================================
Received Import Request.
  Time since last request: 0.000045 seconds.
  path: Packages/com.unity.purchasing/Runtime/Purchasing/PurchaseFailureDescription.cs
  artifactKey: Guid(caf8ab45c7b7448192ee7883413a675d) Importer(2089858483,b0f066a214c2f5e87bad3c948f4d605d)
Start importing Packages/com.unity.purchasing/Runtime/Purchasing/PurchaseFailureDescription.cs using Guid(caf8ab45c7b7448192ee7883413a675d) Importer(2089858483,b0f066a214c2f5e87bad3c948f4d605d) (ScriptedImporter) -> (artifact id: '0edebea7781a8f75b32a244c276949a7') in 0.0140159 seconds
Number of updated asset objects reloaded before import = 0Number of asset objects unloaded after import = 0

========================================================================
Received Import Request.
  Time since last request: 0.000090 seconds.
  path: Packages/com.unity.purchasing/Runtime/Stores/Android/GooglePlay/AAR/Models/GoogleBillingStrings.cs
  artifactKey: Guid(1e619793c900c4c8ebd66f7c67c7cc04) Importer(2089858483,b0f066a214c2f5e87bad3c948f4d605d)
Start importing Packages/com.unity.purchasing/Runtime/Stores/Android/GooglePlay/AAR/Models/GoogleBillingStrings.cs using Guid(1e619793c900c4c8ebd66f7c67c7cc04) Importer(2089858483,b0f066a214c2f5e87bad3c948f4d605d) (ScriptedImporter) -> (artifact id: '9df0d7f95ab3c72450d20876cb621e11') in 0.01058 seconds
Number of updated asset objects reloaded before import = 0Number of asset objects unloaded after import = 0

========================================================================
Received Import Request.
  Time since last request: 0.000071 seconds.
  path: Packages/com.unity.services.core/Editor/Core/Configuration/Utils/IoUtils.cs
  artifactKey: Guid(110b91e3d66b8144aa4cd4e136d55d68) Importer(2089858483,b0f066a214c2f5e87bad3c948f4d605d)
Start importing Packages/com.unity.services.core/Editor/Core/Configuration/Utils/IoUtils.cs using Guid(110b91e3d66b8144aa4cd4e136d55d68) Importer(2089858483,b0f066a214c2f5e87bad3c948f4d605d) (ScriptedImporter) -> (artifact id: '84ab1ac3e09cacb8e590e8c077877822') in 0.0140729 seconds
Number of updated asset objects reloaded before import = 0Number of asset objects unloaded after import = 0

========================================================================
Received Import Request.
  Time since last request: 0.000068 seconds.
  path: Packages/com.unity.services.core/Runtime/Networking/Unity.Services.Core.Networking.asmdef
  artifactKey: Guid(4fc462806a32aa245a7b28367381bf24) Importer(2089858483,b0f066a214c2f5e87bad3c948f4d605d)
Start importing Packages/com.unity.services.core/Runtime/Networking/Unity.Services.Core.Networking.asmdef using Guid(4fc462806a32aa245a7b28367381bf24) Importer(2089858483,b0f066a214c2f5e87bad3c948f4d605d) (ScriptedImporter) -> (artifact id: 'a50c64b7e2815cfb2fce76d850f4f053') in 0.0135413 seconds
Number of updated asset objects reloaded before import = 0Number of asset objects unloaded after import = 1

========================================================================
Received Import Request.
  Time since last request: 0.000072 seconds.
  path: Packages/com.unity.purchasing/Runtime/AppleMacos/UnityEngine.Purchasing.AppleMacos.asmdef
  artifactKey: Guid(85419d1db9999260dd8d29109aa400f2) Importer(2089858483,b0f066a214c2f5e87bad3c948f4d605d)
Start importing Packages/com.unity.purchasing/Runtime/AppleMacos/UnityEngine.Purchasing.AppleMacos.asmdef using Guid(85419d1db9999260dd8d29109aa400f2) Importer(2089858483,b0f066a214c2f5e87bad3c948f4d605d) (ScriptedImporter) -> (artifact id: '44b7f5198549747d44ad134d3acfca2c') in 0.0118877 seconds
Number of updated asset objects reloaded before import = 0Number of asset objects unloaded after import = 1

========================================================================
Received Import Request.
  Time since last request: 0.000026 seconds.
  path: Packages/com.unity.services.core/Editor/Core/Environments/Analytics/IEnvironmentAnalytics.cs
  artifactKey: Guid(9a1aa442a69874c10a9b727262ca8181) Importer(2089858483,b0f066a214c2f5e87bad3c948f4d605d)
Start importing Packages/com.unity.services.core/Editor/Core/Environments/Analytics/IEnvironmentAnalytics.cs using Guid(9a1aa442a69874c10a9b727262ca8181) Importer(2089858483,b0f066a214c2f5e87bad3c948f4d605d) (ScriptedImporter) -> (artifact id: 'c2b4046fcf9c3b3f33c2c71c918112fd') in 0.0106808 seconds
Number of updated asset objects reloaded before import = 0Number of asset objects unloaded after import = 0

========================================================================
Received Import Request.
  Time since last request: 0.000067 seconds.
  path: Packages/com.unity.analytics/Editor/AnalyticsEditorCallbacks.cs
  artifactKey: Guid(250da6dd970222440987b2219ada094d) Importer(2089858483,b0f066a214c2f5e87bad3c948f4d605d)
Start importing Packages/com.unity.analytics/Editor/AnalyticsEditorCallbacks.cs using Guid(250da6dd970222440987b2219ada094d) Importer(2089858483,b0f066a214c2f5e87bad3c948f4d605d) (ScriptedImporter) -> (artifact id: 'e63a5d59d9affd03c9b61e92d9bb7466') in 0.0155018 seconds
Number of updated asset objects reloaded before import = 0Number of asset objects unloaded after import = 0

========================================================================
Received Import Request.
  Time since last request: 0.000040 seconds.
  path: Packages/com.unity.services.core/Editor/Core/CloudEnvironment/ICloudEnvironmentConfigurationProvider.cs
  artifactKey: Guid(1065b9b06c7f48d19ccb803b018c4f25) Importer(2089858483,b0f066a214c2f5e87bad3c948f4d605d)
Start importing Packages/com.unity.services.core/Editor/Core/CloudEnvironment/ICloudEnvironmentConfigurationProvider.cs using Guid(1065b9b06c7f48d19ccb803b018c4f25) Importer(2089858483,b0f066a214c2f5e87bad3c948f4d605d) (ScriptedImporter) -> (artifact id: '7e5dc2773bccf024aa8066522f83a41c') in 0.0131291 seconds
Number of updated asset objects reloaded before import = 0Number of asset objects unloaded after import = 0

========================================================================
Received Import Request.
  Time since last request: 0.000067 seconds.
  path: Packages/com.unity.purchasing/Runtime/Stores/StoreSpecificPurchaseErrorCode.cs
  artifactKey: Guid(0fc7c23a0ba44aedbbe141540a496059) Importer(2089858483,b0f066a214c2f5e87bad3c948f4d605d)
Start importing Packages/com.unity.purchasing/Runtime/Stores/StoreSpecificPurchaseErrorCode.cs using Guid(0fc7c23a0ba44aedbbe141540a496059) Importer(2089858483,b0f066a214c2f5e87bad3c948f4d605d) (ScriptedImporter) -> (artifact id: 'ba2e153535b21d3a1ecab7a09fdd7956') in 0.0151109 seconds
Number of updated asset objects reloaded before import = 0Number of asset objects unloaded after import = 0

========================================================================
Received Import Request.
  Time since last request: 0.000053 seconds.
  path: Packages/com.unity.services.core/Runtime/Configuration/IConfigurationLoader.cs
  artifactKey: Guid(329750b2a7303a4469bcbd1fa0b517a2) Importer(2089858483,b0f066a214c2f5e87bad3c948f4d605d)
Start importing Packages/com.unity.services.core/Runtime/Configuration/IConfigurationLoader.cs using Guid(329750b2a7303a4469bcbd1fa0b517a2) Importer(2089858483,b0f066a214c2f5e87bad3c948f4d605d) (ScriptedImporter) -> (artifact id: '53c8dac50a0bcc11ced53c74620e6133') in 0.0104015 seconds
Number of updated asset objects reloaded before import = 0Number of asset objects unloaded after import = 0

========================================================================
Received Import Request.
  Time since last request: 0.000036 seconds.
  path: Packages/com.unity.services.core/Runtime/Core.Internal/Components/Networking/HttpRequest.cs
  artifactKey: Guid(dfc2b9b5d2fe14b188e5ac23c3580d9e) Importer(2089858483,b0f066a214c2f5e87bad3c948f4d605d)
Start importing Packages/com.unity.services.core/Runtime/Core.Internal/Components/Networking/HttpRequest.cs using Guid(dfc2b9b5d2fe14b188e5ac23c3580d9e) Importer(2089858483,b0f066a214c2f5e87bad3c948f4d605d) (ScriptedImporter) -> (artifact id: 'ab28a80ddcf180b3da90412316c472fa') in 0.0135523 seconds
Number of updated asset objects reloaded before import = 0Number of asset objects unloaded after import = 0

========================================================================
Received Import Request.
  Time since last request: 0.000047 seconds.
  path: Packages/com.unity.services.core/Runtime/Core.Internal/Components/Vivox
  artifactKey: Guid(36565a93e739cba4d8afed38abe79811) Importer(2089858483,b0f066a214c2f5e87bad3c948f4d605d)
Start importing Packages/com.unity.services.core/Runtime/Core.Internal/Components/Vivox using Guid(36565a93e739cba4d8afed38abe79811) Importer(2089858483,b0f066a214c2f5e87bad3c948f4d605d) (ScriptedImporter) -> (artifact id: '961d1d8d8a54c1391c86149c7f61fc29') in 0.0118761 seconds
Number of updated asset objects reloaded before import = 0Number of asset objects unloaded after import = 1

========================================================================
Received Import Request.
  Time since last request: 0.000051 seconds.
  path: Packages/com.unity.xr.legacyinputhelpers/LICENSE.md
  artifactKey: Guid(215aa718ae432a2458439d4959fc9471) Importer(2089858483,b0f066a214c2f5e87bad3c948f4d605d)
Start importing Packages/com.unity.xr.legacyinputhelpers/LICENSE.md using Guid(215aa718ae432a2458439d4959fc9471) Importer(2089858483,b0f066a214c2f5e87bad3c948f4d605d) (ScriptedImporter) -> (artifact id: 'ff2d63139e7633f3d10c46cf33c6c3ac') in 0.0126187 seconds
Number of updated asset objects reloaded before import = 0Number of asset objects unloaded after import = 1

========================================================================
Received Import Request.
  Time since last request: 0.000075 seconds.
  path: Packages/com.unity.ai.navigation/EditorResources/Overlay/d_NavigationOverlay@128.png
  artifactKey: Guid(80899a9fbe3d3364eac2c5924c0a28cf) Importer(2089858483,b0f066a214c2f5e87bad3c948f4d605d)
Start importing Packages/com.unity.ai.navigation/EditorResources/Overlay/d_NavigationOverlay@128.png using Guid(80899a9fbe3d3364eac2c5924c0a28cf) Importer(2089858483,b0f066a214c2f5e87bad3c948f4d605d) (ScriptedImporter) -> (artifact id: '352b22b735beeeb5d542a730310acea0') in 0.0200983 seconds
Number of updated asset objects reloaded before import = 0Number of asset objects unloaded after import = 1

========================================================================
Received Import Request.
  Time since last request: 0.000028 seconds.
  path: Packages/com.unity.services.core/Editor/Core/Shared/DependencyInversion/Transient.Gen.cs
  artifactKey: Guid(1bbf334d5914b4e5fb71055db5347e94) Importer(2089858483,b0f066a214c2f5e87bad3c948f4d605d)
Start importing Packages/com.unity.services.core/Editor/Core/Shared/DependencyInversion/Transient.Gen.cs using Guid(1bbf334d5914b4e5fb71055db5347e94) Importer(2089858483,b0f066a214c2f5e87bad3c948f4d605d) (ScriptedImporter) -> (artifact id: 'b88bac67f952c97ccf91396e96260fa6') in 0.0122952 seconds
Number of updated asset objects reloaded before import = 0Number of asset objects unloaded after import = 0

========================================================================
Received Import Request.
  Time since last request: 0.000069 seconds.
  path: Packages/com.unity.services.core/Runtime/Registration/AssemblyInfo.cs
  artifactKey: Guid(834428b9fdb274dc191d5db44eb23a2f) Importer(2089858483,b0f066a214c2f5e87bad3c948f4d605d)
Start importing Packages/com.unity.services.core/Runtime/Registration/AssemblyInfo.cs using Guid(834428b9fdb274dc191d5db44eb23a2f) Importer(2089858483,b0f066a214c2f5e87bad3c948f4d605d) (ScriptedImporter) -> (artifact id: 'b3b77005b5be64c9b4b871fd4c28a6af') in 0.0101116 seconds
Number of updated asset objects reloaded before import = 0Number of asset objects unloaded after import = 0

========================================================================
Received Import Request.
  Time since last request: 0.000035 seconds.
  path: Packages/com.unity.purchasing/Runtime/Security/Obfuscator.cs
  artifactKey: Guid(dde6eba1a4c8149aa9a0182234ac7c0e) Importer(2089858483,b0f066a214c2f5e87bad3c948f4d605d)
Start importing Packages/com.unity.purchasing/Runtime/Security/Obfuscator.cs using Guid(dde6eba1a4c8149aa9a0182234ac7c0e) Importer(2089858483,b0f066a214c2f5e87bad3c948f4d605d) (ScriptedImporter) -> (artifact id: '803eadae2cf19c8aca90269e52c37b8c') in 0.0123958 seconds
Number of updated asset objects reloaded before import = 0Number of asset objects unloaded after import = 0

========================================================================
Received Import Request.
  Time since last request: 0.000042 seconds.
  path: Packages/com.unity.services.core/Editor/Core/Utils/OrganizationHandler/OrganizationHandler.cs
  artifactKey: Guid(d390f9cc6f1fc5c4db106de9ff14b0e9) Importer(2089858483,b0f066a214c2f5e87bad3c948f4d605d)
Start importing Packages/com.unity.services.core/Editor/Core/Utils/OrganizationHandler/OrganizationHandler.cs using Guid(d390f9cc6f1fc5c4db106de9ff14b0e9) Importer(2089858483,b0f066a214c2f5e87bad3c948f4d605d) (ScriptedImporter) -> (artifact id: '84fb033921f909d40072a287ae4f7a55') in 0.0116778 seconds
Number of updated asset objects reloaded before import = 0Number of asset objects unloaded after import = 0

========================================================================
Received Import Request.
  Time since last request: 0.000084 seconds.
  path: Packages/com.unity.services.core/Editor/Core/Build
  artifactKey: Guid(476d6affad0f84edaa7f2517f66cfb3d) Importer(2089858483,b0f066a214c2f5e87bad3c948f4d605d)
Start importing Packages/com.unity.services.core/Editor/Core/Build using Guid(476d6affad0f84edaa7f2517f66cfb3d) Importer(2089858483,b0f066a214c2f5e87bad3c948f4d605d) (ScriptedImporter) -> (artifact id: '31efbda42b36cd807264d4f3148b7a10') in 0.0119196 seconds
Number of updated asset objects reloaded before import = 0Number of asset objects unloaded after import = 1

========================================================================
Received Import Request.
  Time since last request: 0.000055 seconds.
  path: Packages/com.unity.services.core/Editor/Core/Environments/Settings/EnvironmentIdentifier.cs
  artifactKey: Guid(f58d0b9d8ad9649e595db69bc485e70d) Importer(2089858483,b0f066a214c2f5e87bad3c948f4d605d)
Start importing Packages/com.unity.services.core/Editor/Core/Environments/Settings/EnvironmentIdentifier.cs using Guid(f58d0b9d8ad9649e595db69bc485e70d) Importer(2089858483,b0f066a214c2f5e87bad3c948f4d605d) (ScriptedImporter) -> (artifact id: '1a820e4326a8cb51c3698fddce19124e') in 0.0117755 seconds
Number of updated asset objects reloaded before import = 0Number of asset objects unloaded after import = 0

========================================================================
Received Import Request.
  Time since last request: 0.000078 seconds.
  path: Packages/com.unity.purchasing/Runtime/Stores/Util/JsonProductDescriptionsDeserializer.cs
  artifactKey: Guid(9614fa8e6bf934d4da30961ad1e42782) Importer(2089858483,b0f066a214c2f5e87bad3c948f4d605d)
Start importing Packages/com.unity.purchasing/Runtime/Stores/Util/JsonProductDescriptionsDeserializer.cs using Guid(9614fa8e6bf934d4da30961ad1e42782) Importer(2089858483,b0f066a214c2f5e87bad3c948f4d605d) (ScriptedImporter) -> (artifact id: 'eeadba6faa2a73b6b2d0d5a1cabf17ae') in 0.0121339 seconds
Number of updated asset objects reloaded before import = 0Number of asset objects unloaded after import = 0

========================================================================
Received Import Request.
  Time since last request: 0.000077 seconds.
  path: Packages/com.unity.purchasing/Runtime/Purchasing/Telemetry
  artifactKey: Guid(e2f852bb976845d7b2762fa0f9f48a38) Importer(2089858483,b0f066a214c2f5e87bad3c948f4d605d)
Start importing Packages/com.unity.purchasing/Runtime/Purchasing/Telemetry using Guid(e2f852bb976845d7b2762fa0f9f48a38) Importer(2089858483,b0f066a214c2f5e87bad3c948f4d605d) (ScriptedImporter) -> (artifact id: '23704f3095f3de7bb1d9f32f7e0cf54a') in 0.0139189 seconds
Number of updated asset objects reloaded before import = 0Number of asset objects unloaded after import = 1

========================================================================
Received Import Request.
  Time since last request: 0.000022 seconds.
  path: Packages/com.unity.purchasing/Editor/AppleIncRootCertificate.cer
  artifactKey: Guid(79da3f60f13c14c08aa09b9b72eacaff) Importer(2089858483,b0f066a214c2f5e87bad3c948f4d605d)
Start importing Packages/com.unity.purchasing/Editor/AppleIncRootCertificate.cer using Guid(79da3f60f13c14c08aa09b9b72eacaff) Importer(2089858483,b0f066a214c2f5e87bad3c948f4d605d) (ScriptedImporter) -> (artifact id: '7df47764862629098beece94bebc17f1') in 0.0134859 seconds
Number of updated asset objects reloaded before import = 0Number of asset objects unloaded after import = 1

========================================================================
Received Import Request.
  Time since last request: 0.000026 seconds.
  path: Packages/com.unity.services.core/Editor/Core/EditorGameService/IEditorGameServiceEnabler.cs
  artifactKey: Guid(4bf5535fd1c6d46de8893c106f2a4907) Importer(2089858483,b0f066a214c2f5e87bad3c948f4d605d)
Start importing Packages/com.unity.services.core/Editor/Core/EditorGameService/IEditorGameServiceEnabler.cs using Guid(4bf5535fd1c6d46de8893c106f2a4907) Importer(2089858483,b0f066a214c2f5e87bad3c948f4d605d) (ScriptedImporter) -> (artifact id: 'f35779ac21b8489c005b622603a3c681') in 0.0108736 seconds
Number of updated asset objects reloaded before import = 0Number of asset objects unloaded after import = 0

========================================================================
Received Import Request.
  Time since last request: 0.000084 seconds.
  path: Packages/com.unity.services.core/Runtime/Core.Internal/Unity.Services.Core.Internal.asmdef
  artifactKey: Guid(f82009cf854e040a18ebb38251781c58) Importer(2089858483,b0f066a214c2f5e87bad3c948f4d605d)
Start importing Packages/com.unity.services.core/Runtime/Core.Internal/Unity.Services.Core.Internal.asmdef using Guid(f82009cf854e040a18ebb38251781c58) Importer(2089858483,b0f066a214c2f5e87bad3c948f4d605d) (ScriptedImporter) -> (artifact id: 'a6fc635bf1235682667255d1501b829c') in 0.0130493 seconds
Number of updated asset objects reloaded before import = 0Number of asset objects unloaded after import = 1

========================================================================
Received Import Request.
  Time since last request: 0.000029 seconds.
  path: Packages/com.unity.services.analytics/Editor/CoreStatsIntegration.cs
  artifactKey: Guid(aac04fc7ee044a298356e8b3de284554) Importer(2089858483,b0f066a214c2f5e87bad3c948f4d605d)
Start importing Packages/com.unity.services.analytics/Editor/CoreStatsIntegration.cs using Guid(aac04fc7ee044a298356e8b3de284554) Importer(2089858483,b0f066a214c2f5e87bad3c948f4d605d) (ScriptedImporter) -> (artifact id: 'e1757b00759ebc408235fe7b3f65ef78') in 0.0124947 seconds
Number of updated asset objects reloaded before import = 0Number of asset objects unloaded after import = 0

========================================================================
Received Import Request.
  Time since last request: 0.000056 seconds.
  path: Packages/com.unity.purchasing/Editor/ServiceProjectSettings/UI/Views/Obfuscator
  artifactKey: Guid(c03173fa4ced85e42b863e680e5bf56d) Importer(2089858483,b0f066a214c2f5e87bad3c948f4d605d)
Start importing Packages/com.unity.purchasing/Editor/ServiceProjectSettings/UI/Views/Obfuscator using Guid(c03173fa4ced85e42b863e680e5bf56d) Importer(2089858483,b0f066a214c2f5e87bad3c948f4d605d) (ScriptedImporter) -> (artifact id: '5dc7819bf1907f6687f6edb3c600d20b') in 0.0127727 seconds
Number of updated asset objects reloaded before import = 0Number of asset objects unloaded after import = 1

========================================================================
Received Import Request.
  Time since last request: 0.000055 seconds.
  path: Packages/com.unity.purchasing/Runtime/Purchasing/Utilites/ProductPurchaseUpdater.cs
  artifactKey: Guid(7245d8d5639d1834c99cdb052076bb17) Importer(2089858483,b0f066a214c2f5e87bad3c948f4d605d)
Start importing Packages/com.unity.purchasing/Runtime/Purchasing/Utilites/ProductPurchaseUpdater.cs using Guid(7245d8d5639d1834c99cdb052076bb17) Importer(2089858483,b0f066a214c2f5e87bad3c948f4d605d) (ScriptedImporter) -> (artifact id: 'd559e6ae9833051ad76d3c7b2e5c58ef') in 0.0145906 seconds
Number of updated asset objects reloaded before import = 0Number of asset objects unloaded after import = 0

========================================================================
Received Import Request.
  Time since last request: 0.000052 seconds.
  path: Packages/com.unity.purchasing/Runtime/Purchasing/PurchaseFailedEventArgs.cs
  artifactKey: Guid(3bebba25b8084f07bcbd77702677dd6c) Importer(2089858483,b0f066a214c2f5e87bad3c948f4d605d)
Start importing Packages/com.unity.purchasing/Runtime/Purchasing/PurchaseFailedEventArgs.cs using Guid(3bebba25b8084f07bcbd77702677dd6c) Importer(2089858483,b0f066a214c2f5e87bad3c948f4d605d) (ScriptedImporter) -> (artifact id: '4ed64557c82f1958b266699de77479a9') in 0.0120678 seconds
Number of updated asset objects reloaded before import = 0Number of asset objects unloaded after import = 0

========================================================================
Received Import Request.
  Time since last request: 0.000069 seconds.
  path: Packages/com.unity.services.core/Runtime/Core.Internal/Components/Wire
  artifactKey: Guid(b9bc5cd0bdb9d4676878ddd8f116adfa) Importer(2089858483,b0f066a214c2f5e87bad3c948f4d605d)
Start importing Packages/com.unity.services.core/Runtime/Core.Internal/Components/Wire using Guid(b9bc5cd0bdb9d4676878ddd8f116adfa) Importer(2089858483,b0f066a214c2f5e87bad3c948f4d605d) (ScriptedImporter) -> (artifact id: '74736c80b38b29867ec877e1f2a7a72f') in 0.0126363 seconds
Number of updated asset objects reloaded before import = 0Number of asset objects unloaded after import = 1

========================================================================
Received Import Request.
  Time since last request: 0.000078 seconds.
  path: Packages/com.unity.services.analytics/Editor/Tools/Error.png
  artifactKey: Guid(22bbd203db1050b48a3949fc652baf19) Importer(2089858483,b0f066a214c2f5e87bad3c948f4d605d)
Start importing Packages/com.unity.services.analytics/Editor/Tools/Error.png using Guid(22bbd203db1050b48a3949fc652baf19) Importer(2089858483,b0f066a214c2f5e87bad3c948f4d605d) (ScriptedImporter) -> (artifact id: '581704e384f7aa7f780509a0c6e65e8c') in 0.0181294 seconds
Number of updated asset objects reloaded before import = 0Number of asset objects unloaded after import = 1

========================================================================
Received Import Request.
  Time since last request: 0.000024 seconds.
  path: Packages/com.unity.purchasing/Runtime/Stores/AppleAppStore/AppleStoreImpl.cs
  artifactKey: Guid(97c6a2ef665f4c99a6e0d8fac2cf901b) Importer(2089858483,b0f066a214c2f5e87bad3c948f4d605d)
Start importing Packages/com.unity.purchasing/Runtime/Stores/AppleAppStore/AppleStoreImpl.cs using Guid(97c6a2ef665f4c99a6e0d8fac2cf901b) Importer(2089858483,b0f066a214c2f5e87bad3c948f4d605d) (ScriptedImporter) -> (artifact id: '9e84acbcc50279845cc7644260230dac') in 0.0143665 seconds
Number of updated asset objects reloaded before import = 0Number of asset objects unloaded after import = 0

========================================================================
Received Import Request.
  Time since last request: 0.000068 seconds.
  path: Packages/com.unity.services.core/Editor/Core/Environments/Client/ErrorMitigation/RetryPolicy.cs
  artifactKey: Guid(6226434778f184f669acaa32c428c821) Importer(2089858483,b0f066a214c2f5e87bad3c948f4d605d)
Start importing Packages/com.unity.services.core/Editor/Core/Environments/Client/ErrorMitigation/RetryPolicy.cs using Guid(6226434778f184f669acaa32c428c821) Importer(2089858483,b0f066a214c2f5e87bad3c948f4d605d) (ScriptedImporter) -> (artifact id: 'e28c9213efdcc1ac04ede9894471e380') in 0.0122409 seconds
Number of updated asset objects reloaded before import = 0Number of asset objects unloaded after import = 0

========================================================================
Received Import Request.
  Time since last request: 0.000156 seconds.
  path: Packages/com.unity.analytics/Tests/Editor/LevelSkipTests.cs
  artifactKey: Guid(93f7ca1a9c5c945a89e884f9611c70f0) Importer(2089858483,b0f066a214c2f5e87bad3c948f4d605d)
Start importing Packages/com.unity.analytics/Tests/Editor/LevelSkipTests.cs using Guid(93f7ca1a9c5c945a89e884f9611c70f0) Importer(2089858483,b0f066a214c2f5e87bad3c948f4d605d) (ScriptedImporter) -> (artifact id: '4f74b5a146ede53f72a86a32389d7ea3') in 0.0125718 seconds
Number of updated asset objects reloaded before import = 0Number of asset objects unloaded after import = 0

========================================================================
Received Import Request.
  Time since last request: 0.000103 seconds.
  path: Packages/com.unity.purchasing/Runtime/Stores/Android/GooglePlay/GooglePlayConfiguration.cs
  artifactKey: Guid(c1884ca6955b461983cca32032caeb24) Importer(2089858483,b0f066a214c2f5e87bad3c948f4d605d)
Start importing Packages/com.unity.purchasing/Runtime/Stores/Android/GooglePlay/GooglePlayConfiguration.cs using Guid(c1884ca6955b461983cca32032caeb24) Importer(2089858483,b0f066a214c2f5e87bad3c948f4d605d) (ScriptedImporter) -> (artifact id: '1100c607eecd98e3fa5768238f49c952') in 0.0142118 seconds
Number of updated asset objects reloaded before import = 0Number of asset objects unloaded after import = 0

========================================================================
Received Import Request.
  Time since last request: 0.000064 seconds.
  path: Packages/com.unity.ai.navigation/Editor/ConversionSystem/converter_editor.uxml
  artifactKey: Guid(cd1eb3c3c695c494d855ea678fe7395b) Importer(2089858483,b0f066a214c2f5e87bad3c948f4d605d)
Start importing Packages/com.unity.ai.navigation/Editor/ConversionSystem/converter_editor.uxml using Guid(cd1eb3c3c695c494d855ea678fe7395b) Importer(2089858483,b0f066a214c2f5e87bad3c948f4d605d) (ScriptedImporter) -> (artifact id: 'fc6e89dd6edd40a5fc6ef0305d9de72a') in 0.0210109 seconds
Number of updated asset objects reloaded before import = 0Number of asset objects unloaded after import = 2

========================================================================
Received Import Request.
  Time since last request: 0.000040 seconds.
  path: Packages/com.unity.services.core/Editor/Core/UiHelpers/ExceptionHelper.cs
  artifactKey: Guid(f999feb557b5489d983b6fc6989e3bf2) Importer(2089858483,b0f066a214c2f5e87bad3c948f4d605d)
Start importing Packages/com.unity.services.core/Editor/Core/UiHelpers/ExceptionHelper.cs using Guid(f999feb557b5489d983b6fc6989e3bf2) Importer(2089858483,b0f066a214c2f5e87bad3c948f4d605d) (ScriptedImporter) -> (artifact id: '7944d12763d82d5ed4a8798c595c93ad') in 0.0139321 seconds
Number of updated asset objects reloaded before import = 0Number of asset objects unloaded after import = 0

========================================================================
Received Import Request.
  Time since last request: 0.000046 seconds.
  path: Packages/com.unity.purchasing/Runtime/Stores/Android/GooglePlay/AAR/Utils/GoogleReceiptEncoder.cs
  artifactKey: Guid(6173a818495d4a64db7903adb6be3a8f) Importer(2089858483,b0f066a214c2f5e87bad3c948f4d605d)
Start importing Packages/com.unity.purchasing/Runtime/Stores/Android/GooglePlay/AAR/Utils/GoogleReceiptEncoder.cs using Guid(6173a818495d4a64db7903adb6be3a8f) Importer(2089858483,b0f066a214c2f5e87bad3c948f4d605d) (ScriptedImporter) -> (artifact id: '48747e2167e0a14953b45f92bad3ffdd') in 0.0133162 seconds
Number of updated asset objects reloaded before import = 0Number of asset objects unloaded after import = 0

========================================================================
Received Import Request.
  Time since last request: 0.000084 seconds.
  path: Packages/com.unity.services.core/Editor/Core/Environments/Client/Http/IHttpClient.cs
  artifactKey: Guid(dd9998d5d46eb4c048e4e0544f880bbc) Importer(2089858483,b0f066a214c2f5e87bad3c948f4d605d)
Start importing Packages/com.unity.services.core/Editor/Core/Environments/Client/Http/IHttpClient.cs using Guid(dd9998d5d46eb4c048e4e0544f880bbc) Importer(2089858483,b0f066a214c2f5e87bad3c948f4d605d) (ScriptedImporter) -> (artifact id: '7a16655f2d940edf6adf220ec11686c9') in 0.0123746 seconds
Number of updated asset objects reloaded before import = 0Number of asset objects unloaded after import = 0

========================================================================
Received Import Request.
  Time since last request: 0.000047 seconds.
  path: Packages/com.unity.services.core/Editor/Core/Shared/DependencyInversion/ServiceCollection.Gen.cs
  artifactKey: Guid(0cc3d186d74b4475d828ab6d749b72c1) Importer(2089858483,b0f066a214c2f5e87bad3c948f4d605d)
Start importing Packages/com.unity.services.core/Editor/Core/Shared/DependencyInversion/ServiceCollection.Gen.cs using Guid(0cc3d186d74b4475d828ab6d749b72c1) Importer(2089858483,b0f066a214c2f5e87bad3c948f4d605d) (ScriptedImporter) -> (artifact id: '2720c18a787c7f62d5212d4580baa488') in 0.013047 seconds
Number of updated asset objects reloaded before import = 0Number of asset objects unloaded after import = 0

========================================================================
Received Import Request.
  Time since last request: 0.000064 seconds.
  path: Packages/com.unity.purchasing/Runtime/Stores/Android/GooglePlay/AAR/Models/GooglePurchaseStateEnum.cs
  artifactKey: Guid(767067582a751431f87b20f33cad0c54) Importer(2089858483,b0f066a214c2f5e87bad3c948f4d605d)
Start importing Packages/com.unity.purchasing/Runtime/Stores/Android/GooglePlay/AAR/Models/GooglePurchaseStateEnum.cs using Guid(767067582a751431f87b20f33cad0c54) Importer(2089858483,b0f066a214c2f5e87bad3c948f4d605d) (ScriptedImporter) -> (artifact id: 'bccbd354cb65d38002fe936bad9f0ce9') in 0.0146323 seconds
Number of updated asset objects reloaded before import = 0Number of asset objects unloaded after import = 0

========================================================================
Received Import Request.
  Time since last request: 0.000067 seconds.
  path: Packages/com.unity.services.core/Runtime/Core.Internal/Serialization/NewtonsoftSerializer.cs
  artifactKey: Guid(1ad116303c5f468aa7627a3792bab18d) Importer(2089858483,b0f066a214c2f5e87bad3c948f4d605d)
Start importing Packages/com.unity.services.core/Runtime/Core.Internal/Serialization/NewtonsoftSerializer.cs using Guid(1ad116303c5f468aa7627a3792bab18d) Importer(2089858483,b0f066a214c2f5e87bad3c948f4d605d) (ScriptedImporter) -> (artifact id: '45f2808333dc2ef3807e650841410574') in 0.0145865 seconds
Number of updated asset objects reloaded before import = 0Number of asset objects unloaded after import = 0

========================================================================
Received Import Request.
  Time since last request: 0.000071 seconds.
  path: Packages/com.unity.purchasing/Runtime/Stores/AppleAppStore/MacAppStore.cs
  artifactKey: Guid(8cdf4287f085438481434ba928041a04) Importer(2089858483,b0f066a214c2f5e87bad3c948f4d605d)
Start importing Packages/com.unity.purchasing/Runtime/Stores/AppleAppStore/MacAppStore.cs using Guid(8cdf4287f085438481434ba928041a04) Importer(2089858483,b0f066a214c2f5e87bad3c948f4d605d) (ScriptedImporter) -> (artifact id: '7c515a0a21d6a4eb58b523d69f7513f2') in 0.015234 seconds
Number of updated asset objects reloaded before import = 0Number of asset objects unloaded after import = 0

========================================================================
Received Import Request.
  Time since last request: 0.000093 seconds.
  path: Packages/com.unity.purchasing/Runtime/Stores/Android/GooglePlay/AAR/GoogleQueryPurchasesService.cs
  artifactKey: Guid(9fe1c696868604400b782d41f2146f8b) Importer(2089858483,b0f066a214c2f5e87bad3c948f4d605d)
Start importing Packages/com.unity.purchasing/Runtime/Stores/Android/GooglePlay/AAR/GoogleQueryPurchasesService.cs using Guid(9fe1c696868604400b782d41f2146f8b) Importer(2089858483,b0f066a214c2f5e87bad3c948f4d605d) (ScriptedImporter) -> (artifact id: '2cbc9754f8590c95103e4812d270d7c0') in 0.0113066 seconds
Number of updated asset objects reloaded before import = 0Number of asset objects unloaded after import = 0

========================================================================
Received Import Request.
  Time since last request: 0.000066 seconds.
  path: Packages/com.unity.purchasing/Runtime/SecurityStub/AppleValidator.cs
  artifactKey: Guid(fe9fced372e4e4d9dbd0dadbcc127355) Importer(2089858483,b0f066a214c2f5e87bad3c948f4d605d)
Start importing Packages/com.unity.purchasing/Runtime/SecurityStub/AppleValidator.cs using Guid(fe9fced372e4e4d9dbd0dadbcc127355) Importer(2089858483,b0f066a214c2f5e87bad3c948f4d605d) (ScriptedImporter) -> (artifact id: '2de01e00e4b8bc123e0ce03dbb41ada1') in 0.0142482 seconds
Number of updated asset objects reloaded before import = 0Number of asset objects unloaded after import = 0

========================================================================
Received Import Request.
  Time since last request: 0.000035 seconds.
  path: Packages/com.unity.services.core/Editor/Core/Environments/EnvironmentInfo.cs
  artifactKey: Guid(84b711f26486f4eb1a670f170ad94638) Importer(2089858483,b0f066a214c2f5e87bad3c948f4d605d)
Start importing Packages/com.unity.services.core/Editor/Core/Environments/EnvironmentInfo.cs using Guid(84b711f26486f4eb1a670f170ad94638) Importer(2089858483,b0f066a214c2f5e87bad3c948f4d605d) (ScriptedImporter) -> (artifact id: '32d1e2eabec7f4672c43c27296a86f5c') in 0.0123037 seconds
Number of updated asset objects reloaded before import = 0Number of asset objects unloaded after import = 0

========================================================================
Received Import Request.
  Time since last request: 0.000053 seconds.
  path: Packages/com.unity.services.core/Editor/Core/Shared/DependencyInversion/Factories.Gen.cs
  artifactKey: Guid(f79518f6fea114ee39c48fee07c637c2) Importer(2089858483,b0f066a214c2f5e87bad3c948f4d605d)
Start importing Packages/com.unity.services.core/Editor/Core/Shared/DependencyInversion/Factories.Gen.cs using Guid(f79518f6fea114ee39c48fee07c637c2) Importer(2089858483,b0f066a214c2f5e87bad3c948f4d605d) (ScriptedImporter) -> (artifact id: '57d57896b5f77538d9dff70d5c2e25be') in 0.0156535 seconds
Number of updated asset objects reloaded before import = 0Number of asset objects unloaded after import = 0

========================================================================
Received Import Request.
  Time since last request: 0.000117 seconds.
  path: Packages/com.unity.services.core/Editor/Core/Shared/Infrastructure/IO/PathUtils.Gen.cs
  artifactKey: Guid(2e0166bafa3674b43af8ca32673614e1) Importer(2089858483,b0f066a214c2f5e87bad3c948f4d605d)
Start importing Packages/com.unity.services.core/Editor/Core/Shared/Infrastructure/IO/PathUtils.Gen.cs using Guid(2e0166bafa3674b43af8ca32673614e1) Importer(2089858483,b0f066a214c2f5e87bad3c948f4d605d) (ScriptedImporter) -> (artifact id: 'c33636b6abd36522c7df446ecb879240') in 0.0178185 seconds
Number of updated asset objects reloaded before import = 0Number of asset objects unloaded after import = 0

========================================================================
Received Import Request.
  Time since last request: 0.000083 seconds.
  path: Packages/com.unity.purchasing/Editor/ServiceProjectSettings/Service/Networking/GetGoogleKeyWebRequest.cs
  artifactKey: Guid(2146f30d5f3823b41989711829e7947d) Importer(2089858483,b0f066a214c2f5e87bad3c948f4d605d)
Start importing Packages/com.unity.purchasing/Editor/ServiceProjectSettings/Service/Networking/GetGoogleKeyWebRequest.cs using Guid(2146f30d5f3823b41989711829e7947d) Importer(2089858483,b0f066a214c2f5e87bad3c948f4d605d) (ScriptedImporter) -> (artifact id: 'ac4379e9b6dd78ffecf6a676775dcbfb') in 0.014571 seconds
Number of updated asset objects reloaded before import = 0Number of asset objects unloaded after import = 0

========================================================================
Received Import Request.
  Time since last request: 0.000048 seconds.
  path: Packages/com.unity.services.analytics/Editor/Tools/StateActive.png
  artifactKey: Guid(3983e976e5d79f84d83ac4ee6f01f384) Importer(2089858483,b0f066a214c2f5e87bad3c948f4d605d)
Start importing Packages/com.unity.services.analytics/Editor/Tools/StateActive.png using Guid(3983e976e5d79f84d83ac4ee6f01f384) Importer(2089858483,b0f066a214c2f5e87bad3c948f4d605d) (ScriptedImporter) -> (artifact id: '9e24f47560679ec454ffaf1cfff4fc60') in 0.0273263 seconds
Number of updated asset objects reloaded before import = 0Number of asset objects unloaded after import = 1

========================================================================
Received Import Request.
  Time since last request: 0.000035 seconds.
  path: Packages/com.unity.purchasing/Runtime/Security/Asn1Processor/Asn1Tag.cs
  artifactKey: Guid(d39cfc579c8584aaa893e37a588891ff) Importer(2089858483,b0f066a214c2f5e87bad3c948f4d605d)
Start importing Packages/com.unity.purchasing/Runtime/Security/Asn1Processor/Asn1Tag.cs using Guid(d39cfc579c8584aaa893e37a588891ff) Importer(2089858483,b0f066a214c2f5e87bad3c948f4d605d) (ScriptedImporter) -> (artifact id: 'fb27fb07c795e3147ec1e678ff01aadd') in 0.0141669 seconds
Number of updated asset objects reloaded before import = 0Number of asset objects unloaded after import = 0

========================================================================
Received Import Request.
  Time since last request: 0.000044 seconds.
  path: Packages/com.unity.purchasing/Editor/Analytics/Signatures/SignatureDefinitions.cs
  artifactKey: Guid(bf48658e04699da4b94de7955ce6b943) Importer(2089858483,b0f066a214c2f5e87bad3c948f4d605d)
Start importing Packages/com.unity.purchasing/Editor/Analytics/Signatures/SignatureDefinitions.cs using Guid(bf48658e04699da4b94de7955ce6b943) Importer(2089858483,b0f066a214c2f5e87bad3c948f4d605d) (ScriptedImporter) -> (artifact id: '805b19c817be3c7fae2664f438cda1f1') in 0.0152494 seconds
Number of updated asset objects reloaded before import = 0Number of asset objects unloaded after import = 0

========================================================================
Received Import Request.
  Time since last request: 0.000055 seconds.
  path: Packages/com.unity.services.core/Editor/Core/Environments/EnvironmentServiceRegistry.cs
  artifactKey: Guid(9d0c9dbb210b40f3ae4a5a8988fc59b1) Importer(2089858483,b0f066a214c2f5e87bad3c948f4d605d)
Start importing Packages/com.unity.services.core/Editor/Core/Environments/EnvironmentServiceRegistry.cs using Guid(9d0c9dbb210b40f3ae4a5a8988fc59b1) Importer(2089858483,b0f066a214c2f5e87bad3c948f4d605d) (ScriptedImporter) -> (artifact id: 'e87360e7a2dde3c85e761d072d30e3ae') in 0.0141838 seconds
Number of updated asset objects reloaded before import = 0Number of asset objects unloaded after import = 0

========================================================================
Received Import Request.
  Time since last request: 0.000068 seconds.
  path: Packages/com.unity.services.core/Runtime/Environments/Unity.Services.Core.Environments.api
  artifactKey: Guid(973daa486f51c45fab6cbd0a82a6dec7) Importer(2089858483,b0f066a214c2f5e87bad3c948f4d605d)
Start importing Packages/com.unity.services.core/Runtime/Environments/Unity.Services.Core.Environments.api using Guid(973daa486f51c45fab6cbd0a82a6dec7) Importer(2089858483,b0f066a214c2f5e87bad3c948f4d605d) (ScriptedImporter) -> (artifact id: '1ee5c604dbf01927ba21e731e220d152') in 0.0145629 seconds
Number of updated asset objects reloaded before import = 0Number of asset objects unloaded after import = 1

========================================================================
Received Import Request.
  Time since last request: 0.000033 seconds.
  path: Packages/com.unity.purchasing/Runtime/Stores/Android/GooglePlay/Interfaces/Services/IGoogleFetchPurchases.cs
  artifactKey: Guid(e863927ea89b040bdbb701975f15ee83) Importer(2089858483,b0f066a214c2f5e87bad3c948f4d605d)
Start importing Packages/com.unity.purchasing/Runtime/Stores/Android/GooglePlay/Interfaces/Services/IGoogleFetchPurchases.cs using Guid(e863927ea89b040bdbb701975f15ee83) Importer(2089858483,b0f066a214c2f5e87bad3c948f4d605d) (ScriptedImporter) -> (artifact id: 'a87bcf6c94a60ebc96e8dabe884592f3') in 0.014634 seconds
Number of updated asset objects reloaded before import = 0Number of asset objects unloaded after import = 0

========================================================================
Received Import Request.
  Time since last request: 0.000079 seconds.
  path: Packages/com.unity.purchasing/Runtime/Stores/Android/UDP/IUDPExtensions.cs
  artifactKey: Guid(f85c960a9b6443168132d6c958e9d9d9) Importer(2089858483,b0f066a214c2f5e87bad3c948f4d605d)
Start importing Packages/com.unity.purchasing/Runtime/Stores/Android/UDP/IUDPExtensions.cs using Guid(f85c960a9b6443168132d6c958e9d9d9) Importer(2089858483,b0f066a214c2f5e87bad3c948f4d605d) (ScriptedImporter) -> (artifact id: '886085444b6becbd36bfcfd2e2fa8402') in 0.0136852 seconds
Number of updated asset objects reloaded before import = 0Number of asset objects unloaded after import = 0

========================================================================
Received Import Request.
  Time since last request: 0.000061 seconds.
  path: Packages/com.unity.purchasing/Runtime/Stores/Android/GooglePlay/AAR/Models/BillingProgramReportingDetails.cs
  artifactKey: Guid(d0e8afbe714444ca8f605a4e7b57a640) Importer(2089858483,b0f066a214c2f5e87bad3c948f4d605d)
Start importing Packages/com.unity.purchasing/Runtime/Stores/Android/GooglePlay/AAR/Models/BillingProgramReportingDetails.cs using Guid(d0e8afbe714444ca8f605a4e7b57a640) Importer(2089858483,b0f066a214c2f5e87bad3c948f4d605d) (ScriptedImporter) -> (artifact id: 'c15987b0477789084667a2f8f5aab6ea') in 0.0147818 seconds
Number of updated asset objects reloaded before import = 0Number of asset objects unloaded after import = 0

========================================================================
Received Import Request.
  Time since last request: 0.000059 seconds.
  path: Packages/com.unity.purchasing/Runtime/Stores/Android/GooglePlay/AAR/Models
  artifactKey: Guid(0e43d21c7429d482b8fb60645c3e2930) Importer(2089858483,b0f066a214c2f5e87bad3c948f4d605d)
Start importing Packages/com.unity.purchasing/Runtime/Stores/Android/GooglePlay/AAR/Models using Guid(0e43d21c7429d482b8fb60645c3e2930) Importer(2089858483,b0f066a214c2f5e87bad3c948f4d605d) (ScriptedImporter) -> (artifact id: '2d8061fa294518bb4284435d289b9e50') in 0.0120127 seconds
Number of updated asset objects reloaded before import = 0Number of asset objects unloaded after import = 1

========================================================================
Received Import Request.
  Time since last request: 0.000022 seconds.
  path: Packages/com.unity.purchasing/Runtime/Stores/FakeStore/UIFakeStore.cs
  artifactKey: Guid(b44cf663591b40ad9f7c180c4fcb66c6) Importer(2089858483,b0f066a214c2f5e87bad3c948f4d605d)
Start importing Packages/com.unity.purchasing/Runtime/Stores/FakeStore/UIFakeStore.cs using Guid(b44cf663591b40ad9f7c180c4fcb66c6) Importer(2089858483,b0f066a214c2f5e87bad3c948f4d605d) (ScriptedImporter) -> (artifact id: '349334c2fc56cf0ce49829e3101829aa') in 0.0126153 seconds
Number of updated asset objects reloaded before import = 0Number of asset objects unloaded after import = 0

========================================================================
Received Import Request.
  Time since last request: 0.000056 seconds.
  path: Packages/com.unity.services.core/Runtime/Core.Internal/Components/Authentication/ITargetingActivation.cs
  artifactKey: Guid(ad77858d50cb4354a2d68512f4ecea5d) Importer(2089858483,b0f066a214c2f5e87bad3c948f4d605d)
Start importing Packages/com.unity.services.core/Runtime/Core.Internal/Components/Authentication/ITargetingActivation.cs using Guid(ad77858d50cb4354a2d68512f4ecea5d) Importer(2089858483,b0f066a214c2f5e87bad3c948f4d605d) (ScriptedImporter) -> (artifact id: '8d48d30ad3909067645744607e827e40') in 0.0143103 seconds
Number of updated asset objects reloaded before import = 0Number of asset objects unloaded after import = 0

========================================================================
Received Import Request.
  Time since last request: 0.000047 seconds.
  path: Packages/com.unity.purchasing/Runtime/Stores/AppleAppStore
  artifactKey: Guid(c7f07f9ea27d411c8f104bb5d4e3964f) Importer(2089858483,b0f066a214c2f5e87bad3c948f4d605d)
Start importing Packages/com.unity.purchasing/Runtime/Stores/AppleAppStore using Guid(c7f07f9ea27d411c8f104bb5d4e3964f) Importer(2089858483,b0f066a214c2f5e87bad3c948f4d605d) (ScriptedImporter) -> (artifact id: 'a49bf5e52fe9d0bda39c72828a6e2de2') in 0.0111786 seconds
Number of updated asset objects reloaded before import = 0Number of asset objects unloaded after import = 1

========================================================================
Received Import Request.
  Time since last request: 0.000024 seconds.
  path: Packages/com.unity.purchasing/Editor/ServiceProjectSettings/PurchasingServiceIdentifier.cs
  artifactKey: Guid(266ba3050de911f44b8ebd0b8b5fb574) Importer(2089858483,b0f066a214c2f5e87bad3c948f4d605d)
Start importing Packages/com.unity.purchasing/Editor/ServiceProjectSettings/PurchasingServiceIdentifier.cs using Guid(266ba3050de911f44b8ebd0b8b5fb574) Importer(2089858483,b0f066a214c2f5e87bad3c948f4d605d) (ScriptedImporter) -> (artifact id: 'ce94d7e1ee641740aa3fbcf7b4ff8162') in 0.0124935 seconds
Number of updated asset objects reloaded before import = 0Number of asset objects unloaded after import = 0

========================================================================
Received Import Request.
  Time since last request: 0.000024 seconds.
  path: Packages/com.unity.services.core/Runtime/Core.Internal/Registry/DependencyTree.cs
  artifactKey: Guid(9077f672dce4c48b6ba1b81bc1037196) Importer(2089858483,b0f066a214c2f5e87bad3c948f4d605d)
Start importing Packages/com.unity.services.core/Runtime/Core.Internal/Registry/DependencyTree.cs using Guid(9077f672dce4c48b6ba1b81bc1037196) Importer(2089858483,b0f066a214c2f5e87bad3c948f4d605d) (ScriptedImporter) -> (artifact id: '8e7a5ea47c8b0433edd18a4107f60a0d') in 0.0132293 seconds
Number of updated asset objects reloaded before import = 0Number of asset objects unloaded after import = 0

========================================================================
Received Import Request.
  Time since last request: 0.000033 seconds.
  path: Packages/com.unity.services.analytics/Runtime/Platform
  artifactKey: Guid(b528971b00ed04b47a0730e7d152cd16) Importer(2089858483,b0f066a214c2f5e87bad3c948f4d605d)
Start importing Packages/com.unity.services.analytics/Runtime/Platform using Guid(b528971b00ed04b47a0730e7d152cd16) Importer(2089858483,b0f066a214c2f5e87bad3c948f4d605d) (ScriptedImporter) -> (artifact id: '8abd7c660ee120ff7d8bf7248d4292e9') in 0.0118962 seconds
Number of updated asset objects reloaded before import = 0Number of asset objects unloaded after import = 1

========================================================================
Received Import Request.
  Time since last request: 0.000037 seconds.
  path: Packages/com.unity.purchasing/Plugins
  artifactKey: Guid(99c9cbe95d3c4865858523085fe30d8e) Importer(2089858483,b0f066a214c2f5e87bad3c948f4d605d)
Start importing Packages/com.unity.purchasing/Plugins using Guid(99c9cbe95d3c4865858523085fe30d8e) Importer(2089858483,b0f066a214c2f5e87bad3c948f4d605d) (ScriptedImporter) -> (artifact id: '2da31fb5919c223c07f54254b6b5b13f') in 0.0124343 seconds
Number of updated asset objects reloaded before import = 0Number of asset objects unloaded after import = 1

========================================================================
Received Import Request.
  Time since last request: 0.000041 seconds.
  path: Packages/com.unity.purchasing/Runtime/Stores/TransactionHistory/FakeTransactionHistoryExtensions.cs
  artifactKey: Guid(0ffb4f23b42447ad9a00d7038005c5c4) Importer(2089858483,b0f066a214c2f5e87bad3c948f4d605d)
Start importing Packages/com.unity.purchasing/Runtime/Stores/TransactionHistory/FakeTransactionHistoryExtensions.cs using Guid(0ffb4f23b42447ad9a00d7038005c5c4) Importer(2089858483,b0f066a214c2f5e87bad3c948f4d605d) (ScriptedImporter) -> (artifact id: 'c74cb6e7aa5bee344cea20c7bd678b2d') in 0.0138433 seconds
Number of updated asset objects reloaded before import = 0Number of asset objects unloaded after import = 0

========================================================================
Received Import Request.
  Time since last request: 0.000169 seconds.
  path: Packages/com.unity.analytics/Tests/Editor/Unity.Analytics.StandardEvents.EditorTests.asmdef
  artifactKey: Guid(adee0c1377ef8b2489060e152dd0d119) Importer(2089858483,b0f066a214c2f5e87bad3c948f4d605d)
Start importing Packages/com.unity.analytics/Tests/Editor/Unity.Analytics.StandardEvents.EditorTests.asmdef using Guid(adee0c1377ef8b2489060e152dd0d119) Importer(2089858483,b0f066a214c2f5e87bad3c948f4d605d) (ScriptedImporter) -> (artifact id: '196e915386446103ebce08de252772f4') in 0.0136075 seconds
Number of updated asset objects reloaded before import = 0Number of asset objects unloaded after import = 1

========================================================================
Received Import Request.
  Time since last request: 0.000051 seconds.
  path: Packages/com.unity.purchasing/Runtime/Stores/Android/GooglePlay/AAR/Models/GoogleBillingConnectionState.cs
  artifactKey: Guid(b8f7e00065dce4db2837f2034ebe19be) Importer(2089858483,b0f066a214c2f5e87bad3c948f4d605d)
Start importing Packages/com.unity.purchasing/Runtime/Stores/Android/GooglePlay/AAR/Models/GoogleBillingConnectionState.cs using Guid(b8f7e00065dce4db2837f2034ebe19be) Importer(2089858483,b0f066a214c2f5e87bad3c948f4d605d) (ScriptedImporter) -> (artifact id: '69d8b45a361e7ab6135be2cf118989e5') in 0.0162821 seconds
Number of updated asset objects reloaded before import = 0Number of asset objects unloaded after import = 0

========================================================================
Received Import Request.
  Time since last request: 0.000053 seconds.
  path: Packages/com.unity.purchasing/Editor/AppleXMLProductCatalogExporter.cs
  artifactKey: Guid(3b1bb76fde184b2eaec85b0c20e9a9dc) Importer(2089858483,b0f066a214c2f5e87bad3c948f4d605d)
Start importing Packages/com.unity.purchasing/Editor/AppleXMLProductCatalogExporter.cs using Guid(3b1bb76fde184b2eaec85b0c20e9a9dc) Importer(2089858483,b0f066a214c2f5e87bad3c948f4d605d) (ScriptedImporter) -> (artifact id: '51d4c166f366ccf21063c1a04470c59a') in 0.0144921 seconds
Number of updated asset objects reloaded before import = 0Number of asset objects unloaded after import = 0

========================================================================
Received Import Request.
  Time since last request: 0.000045 seconds.
  path: Packages/com.unity.services.core/Runtime/Core.Internal/Serialization
  artifactKey: Guid(b3f9c17505224c31ae233306bb2fefee) Importer(2089858483,b0f066a214c2f5e87bad3c948f4d605d)
Start importing Packages/com.unity.services.core/Runtime/Core.Internal/Serialization using Guid(b3f9c17505224c31ae233306bb2fefee) Importer(2089858483,b0f066a214c2f5e87bad3c948f4d605d) (ScriptedImporter) -> (artifact id: 'fc70f97d6676f6f466f239a30f8f6af7') in 0.0158667 seconds
Number of updated asset objects reloaded before import = 0Number of asset objects unloaded after import = 1

========================================================================
Received Import Request.
  Time since last request: 0.000040 seconds.
  path: Packages/com.unity.purchasing/Editor/Obfuscation
  artifactKey: Guid(fd33fd16ea04e064f9e97429fc0e8047) Importer(2089858483,b0f066a214c2f5e87bad3c948f4d605d)
Start importing Packages/com.unity.purchasing/Editor/Obfuscation using Guid(fd33fd16ea04e064f9e97429fc0e8047) Importer(2089858483,b0f066a214c2f5e87bad3c948f4d605d) (ScriptedImporter) -> (artifact id: '2f2eeda588980f1a098ccb0016aa9b2b') in 0.0123615 seconds
Number of updated asset objects reloaded before import = 0Number of asset objects unloaded after import = 1

========================================================================
Received Import Request.
  Time since last request: 0.000037 seconds.
  path: Packages/com.unity.purchasing/Plugins/UnityPurchasing/Android/IAPResolver
  artifactKey: Guid(addd6e0c33c4c4a14bde70d9098537ae) Importer(2089858483,b0f066a214c2f5e87bad3c948f4d605d)
Start importing Packages/com.unity.purchasing/Plugins/UnityPurchasing/Android/IAPResolver using Guid(addd6e0c33c4c4a14bde70d9098537ae) Importer(2089858483,b0f066a214c2f5e87bad3c948f4d605d) (ScriptedImporter) -> (artifact id: 'a60f78ca8d7a5ab1c333f9bac20ad771') in 0.01274 seconds
Number of updated asset objects reloaded before import = 0Number of asset objects unloaded after import = 1

========================================================================
Received Import Request.
  Time since last request: 0.000026 seconds.
  path: Packages/com.unity.analytics/Tests/Editor/GameStartTests.cs
  artifactKey: Guid(2b2be9ee9f41a4b2db6b502697ba31b1) Importer(2089858483,b0f066a214c2f5e87bad3c948f4d605d)
Start importing Packages/com.unity.analytics/Tests/Editor/GameStartTests.cs using Guid(2b2be9ee9f41a4b2db6b502697ba31b1) Importer(2089858483,b0f066a214c2f5e87bad3c948f4d605d) (ScriptedImporter) -> (artifact id: 'a2b8dcca9bf68412c8c65464b9978eae') in 0.0114186 seconds
Number of updated asset objects reloaded before import = 0Number of asset objects unloaded after import = 0

========================================================================
Received Import Request.
  Time since last request: 0.000079 seconds.
  path: Packages/com.unity.purchasing/Editor/Common
  artifactKey: Guid(32d795ca3c76d534ea40ce8f75102c07) Importer(2089858483,b0f066a214c2f5e87bad3c948f4d605d)
Start importing Packages/com.unity.purchasing/Editor/Common using Guid(32d795ca3c76d534ea40ce8f75102c07) Importer(2089858483,b0f066a214c2f5e87bad3c948f4d605d) (ScriptedImporter) -> (artifact id: '1e75e022751f066e63538541438a23a3') in 0.0124325 seconds
Number of updated asset objects reloaded before import = 0Number of asset objects unloaded after import = 1

========================================================================
Received Import Request.
  Time since last request: 0.000058 seconds.
  path: Packages/com.unity.ai.navigation/Editor/NavigationOverlay.cs
  artifactKey: Guid(c660403886dc4a449f55327665b10bbb) Importer(2089858483,b0f066a214c2f5e87bad3c948f4d605d)
Start importing Packages/com.unity.ai.navigation/Editor/NavigationOverlay.cs using Guid(c660403886dc4a449f55327665b10bbb) Importer(2089858483,b0f066a214c2f5e87bad3c948f4d605d) (ScriptedImporter) -> (artifact id: 'e1772cba240da7711863e01071fc125e') in 0.0132049 seconds
Number of updated asset objects reloaded before import = 0Number of asset objects unloaded after import = 0

========================================================================
Received Import Request.
  Time since last request: 0.000062 seconds.
  path: Packages/com.unity.purchasing/Runtime/Apple
  artifactKey: Guid(4088708e9ebc49b2a8a6b7e6d2aec0f2) Importer(2089858483,b0f066a214c2f5e87bad3c948f4d605d)
Start importing Packages/com.unity.purchasing/Runtime/Apple using Guid(4088708e9ebc49b2a8a6b7e6d2aec0f2) Importer(2089858483,b0f066a214c2f5e87bad3c948f4d605d) (ScriptedImporter) -> (artifact id: 'fd1830a12ee045f68e35bd46e30b93cb') in 0.0128171 seconds
Number of updated asset objects reloaded before import = 0Number of asset objects unloaded after import = 1

========================================================================
Received Import Request.
  Time since last request: 0.000064 seconds.
  path: Packages/com.unity.services.core/Runtime/Environments
  artifactKey: Guid(52a47205c1f214eb490342c98531d7d7) Importer(2089858483,b0f066a214c2f5e87bad3c948f4d605d)
Start importing Packages/com.unity.services.core/Runtime/Environments using Guid(52a47205c1f214eb490342c98531d7d7) Importer(2089858483,b0f066a214c2f5e87bad3c948f4d605d) (ScriptedImporter) -> (artifact id: 'b4f3dabbb66ab2105ab2f0b8929e7007') in 0.0135256 seconds
Number of updated asset objects reloaded before import = 0Number of asset objects unloaded after import = 1

========================================================================
Received Import Request.
  Time since last request: 0.000026 seconds.
  path: Packages/com.unity.services.core/Editor/Core/EditorGameService/USS/ServicesProjectSettingsLight.uss
  artifactKey: Guid(ebe4630c4fee24fa99c02c62897bfcb9) Importer(2089858483,b0f066a214c2f5e87bad3c948f4d605d)
Start importing Packages/com.unity.services.core/Editor/Core/EditorGameService/USS/ServicesProjectSettingsLight.uss using Guid(ebe4630c4fee24fa99c02c62897bfcb9) Importer(2089858483,b0f066a214c2f5e87bad3c948f4d605d) (ScriptedImporter) -> (artifact id: '44c48812de577c437f5eefde244c3df7') in 0.0167945 seconds
Number of updated asset objects reloaded before import = 0Number of asset objects unloaded after import = 1

========================================================================
Received Import Request.
  Time since last request: 0.000037 seconds.
  path: Packages/com.unity.purchasing/Runtime/Codeless/IAPButton.cs
  artifactKey: Guid(36a5f511b0d8142cba0aeb92d0b264c9) Importer(2089858483,b0f066a214c2f5e87bad3c948f4d605d)
Start importing Packages/com.unity.purchasing/Runtime/Codeless/IAPButton.cs using Guid(36a5f511b0d8142cba0aeb92d0b264c9) Importer(2089858483,b0f066a214c2f5e87bad3c948f4d605d) (ScriptedImporter) -> (artifact id: 'a8997d515722207f6c2b034446c8e90f') in 0.0122644 seconds
Number of updated asset objects reloaded before import = 0Number of asset objects unloaded after import = 1

========================================================================
Received Import Request.
  Time since last request: 0.000041 seconds.
  path: Packages/com.unity.services.analytics/Editor/AssemblyInfo.cs
  artifactKey: Guid(9d0aa6e613612f044932ca068a585c73) Importer(2089858483,b0f066a214c2f5e87bad3c948f4d605d)
Start importing Packages/com.unity.services.analytics/Editor/AssemblyInfo.cs using Guid(9d0aa6e613612f044932ca068a585c73) Importer(2089858483,b0f066a214c2f5e87bad3c948f4d605d) (ScriptedImporter) -> (artifact id: 'a552c675a7989c6c2393442fa74d4af7') in 0.0124534 seconds
Number of updated asset objects reloaded before import = 0Number of asset objects unloaded after import = 0

========================================================================
Received Import Request.
  Time since last request: 0.000040 seconds.
  path: Packages/com.unity.purchasing/Runtime/Stores/WindowsStore/FakeMicrosoftExtensions.cs
  artifactKey: Guid(1f81a2af2f7944e48481ba9b3252415a) Importer(2089858483,b0f066a214c2f5e87bad3c948f4d605d)
Start importing Packages/com.unity.purchasing/Runtime/Stores/WindowsStore/FakeMicrosoftExtensions.cs using Guid(1f81a2af2f7944e48481ba9b3252415a) Importer(2089858483,b0f066a214c2f5e87bad3c948f4d605d) (ScriptedImporter) -> (artifact id: '33e80e4e2ac28d43e11b66e3c7c0bb18') in 0.0142861 seconds
Number of updated asset objects reloaded before import = 0Number of asset objects unloaded after import = 0

========================================================================
Received Import Request.
  Time since last request: 0.000069 seconds.
  path: Packages/com.unity.purchasing/Runtime/Purchasing/CoreServices/Interfaces/IUnityServicesInitializationChecker.cs
  artifactKey: Guid(234f58cbe0c0452c9fdfe8644391aa5e) Importer(2089858483,b0f066a214c2f5e87bad3c948f4d605d)
Start importing Packages/com.unity.purchasing/Runtime/Purchasing/CoreServices/Interfaces/IUnityServicesInitializationChecker.cs using Guid(234f58cbe0c0452c9fdfe8644391aa5e) Importer(2089858483,b0f066a214c2f5e87bad3c948f4d605d) (ScriptedImporter) -> (artifact id: '74e5502d1fe1a7f1cc17d040abd21b83') in 0.0129629 seconds
Number of updated asset objects reloaded before import = 0Number of asset objects unloaded after import = 0

========================================================================
Received Import Request.
  Time since last request: 0.000062 seconds.
  path: Packages/com.unity.analytics/Unity.Analytics.Editor.dll
  artifactKey: Guid(224ede67b4f3a4109bfec4d5cb161b05) Importer(2089858483,b0f066a214c2f5e87bad3c948f4d605d)
Start importing Packages/com.unity.analytics/Unity.Analytics.Editor.dll using Guid(224ede67b4f3a4109bfec4d5cb161b05) Importer(2089858483,b0f066a214c2f5e87bad3c948f4d605d) (ScriptedImporter) -> (artifact id: '63aa0ba7a5cd71fe294f075d4e650132') in 0.0174418 seconds
Number of updated asset objects reloaded before import = 0Number of asset objects unloaded after import = 0

========================================================================
Received Import Request.
  Time since last request: 0.000087 seconds.
  path: Packages/com.unity.services.core/Runtime/Scheduler/MinimumBinaryHeap.cs
  artifactKey: Guid(0d3c36eeb6c9d46459ddede8d8248f3d) Importer(2089858483,b0f066a214c2f5e87bad3c948f4d605d)
Start importing Packages/com.unity.services.core/Runtime/Scheduler/MinimumBinaryHeap.cs using Guid(0d3c36eeb6c9d46459ddede8d8248f3d) Importer(2089858483,b0f066a214c2f5e87bad3c948f4d605d) (ScriptedImporter) -> (artifact id: '36b6da98a8787e022dedeb0d1fed4959') in 0.0144386 seconds
Number of updated asset objects reloaded before import = 0Number of asset objects unloaded after import = 0

========================================================================
Received Import Request.
  Time since last request: 0.000046 seconds.
  path: Packages/com.unity.purchasing/Runtime/Stores/Android/ScriptingUnityCallback.cs
  artifactKey: Guid(e5cd6461dccb4dd7ae9fcf7b8f72dc7d) Importer(2089858483,b0f066a214c2f5e87bad3c948f4d605d)
Start importing Packages/com.unity.purchasing/Runtime/Stores/Android/ScriptingUnityCallback.cs using Guid(e5cd6461dccb4dd7ae9fcf7b8f72dc7d) Importer(2089858483,b0f066a214c2f5e87bad3c948f4d605d) (ScriptedImporter) -> (artifact id: '5cc4c843d6eff31a0a9c70acab5657f9') in 0.0101489 seconds
Number of updated asset objects reloaded before import = 0Number of asset objects unloaded after import = 0

========================================================================
Received Import Request.
  Time since last request: 0.000067 seconds.
  path: Packages/com.unity.purchasing/Runtime/Stores/BaseStore/NativeStoreProvider.cs
  artifactKey: Guid(3301919c80ee4ad080b02ee4ca75cdf8) Importer(2089858483,b0f066a214c2f5e87bad3c948f4d605d)
Start importing Packages/com.unity.purchasing/Runtime/Stores/BaseStore/NativeStoreProvider.cs using Guid(3301919c80ee4ad080b02ee4ca75cdf8) Importer(2089858483,b0f066a214c2f5e87bad3c948f4d605d) (ScriptedImporter) -> (artifact id: '0c936846fac12d6fdc31f1f28bf9a527') in 0.0135467 seconds
Number of updated asset objects reloaded before import = 0Number of asset objects unloaded after import = 0

========================================================================
Received Import Request.
  Time since last request: 0.000091 seconds.
  path: Packages/com.unity.ai.navigation/Gizmos
  artifactKey: Guid(93b9715f5a4bf471c8154f6cbab7e94d) Importer(2089858483,b0f066a214c2f5e87bad3c948f4d605d)
Start importing Packages/com.unity.ai.navigation/Gizmos using Guid(93b9715f5a4bf471c8154f6cbab7e94d) Importer(2089858483,b0f066a214c2f5e87bad3c948f4d605d) (ScriptedImporter) -> (artifact id: 'b18e42cd202ee546149be047c91c820e') in 0.0147499 seconds
Number of updated asset objects reloaded before import = 0Number of asset objects unloaded after import = 1

========================================================================
Received Import Request.
  Time since last request: 0.000190 seconds.
  path: Packages/com.unity.services.analytics/Editor/Tools/StateInactive.png
  artifactKey: Guid(a06923554df657641a16c3812f8337a5) Importer(2089858483,b0f066a214c2f5e87bad3c948f4d605d)
Start importing Packages/com.unity.services.analytics/Editor/Tools/StateInactive.png using Guid(a06923554df657641a16c3812f8337a5) Importer(2089858483,b0f066a214c2f5e87bad3c948f4d605d) (ScriptedImporter) -> (artifact id: 'e88f939345f0fc4c2fc032149cccf944') in 0.0186765 seconds
Number of updated asset objects reloaded before import = 0Number of asset objects unloaded after import = 1

========================================================================
Received Import Request.
  Time since last request: 0.000034 seconds.
  path: Packages/com.unity.purchasing/Runtime/Purchasing/IInternalStoreListener.cs
  artifactKey: Guid(193c12af383d4fb2b882ca3427a2a55f) Importer(2089858483,b0f066a214c2f5e87bad3c948f4d605d)
Start importing Packages/com.unity.purchasing/Runtime/Purchasing/IInternalStoreListener.cs using Guid(193c12af383d4fb2b882ca3427a2a55f) Importer(2089858483,b0f066a214c2f5e87bad3c948f4d605d) (ScriptedImporter) -> (artifact id: '2d4c7f89a1d3fd1541d58074beb91669') in 0.0128361 seconds
Number of updated asset objects reloaded before import = 0Number of asset objects unloaded after import = 0

========================================================================
Received Import Request.
  Time since last request: 0.000077 seconds.
  path: Packages/com.unity.xr.legacyinputhelpers/Tests/Editor/LegacyInputHelpersEditorTests.asmdef
  artifactKey: Guid(559bcbd55c770ea4d959cfdb857c39a5) Importer(2089858483,b0f066a214c2f5e87bad3c948f4d605d)
Start importing Packages/com.unity.xr.legacyinputhelpers/Tests/Editor/LegacyInputHelpersEditorTests.asmdef using Guid(559bcbd55c770ea4d959cfdb857c39a5) Importer(2089858483,b0f066a214c2f5e87bad3c948f4d605d) (ScriptedImporter) -> (artifact id: 'b08c2addc84e01089784d6cbc835ed81') in 0.0125501 seconds
Number of updated asset objects reloaded before import = 0Number of asset objects unloaded after import = 1

========================================================================
Received Import Request.
  Time since last request: 0.000022 seconds.
  path: Packages/com.unity.services.core/Editor/Core/Shared/Infrastructure/SystemEnvironment/SystemEnvironmentPathUtils.Gen.cs
  artifactKey: Guid(4f5fbcf1cf27a4a37ad615aee226465f) Importer(2089858483,b0f066a214c2f5e87bad3c948f4d605d)
Start importing Packages/com.unity.services.core/Editor/Core/Shared/Infrastructure/SystemEnvironment/SystemEnvironmentPathUtils.Gen.cs using Guid(4f5fbcf1cf27a4a37ad615aee226465f) Importer(2089858483,b0f066a214c2f5e87bad3c948f4d605d) (ScriptedImporter) -> (artifact id: '341c531c79ca054d76ef41954b413a6b') in 0.0159734 seconds
Number of updated asset objects reloaded before import = 0Number of asset objects unloaded after import = 0

========================================================================
Received Import Request.
  Time since last request: 0.000056 seconds.
  path: Packages/com.unity.services.analytics/Runtime/AnalyticsServiceInstance.cs
  artifactKey: Guid(42a5b3091e714037a47a45c6dabe4965) Importer(2089858483,b0f066a214c2f5e87bad3c948f4d605d)
Start importing Packages/com.unity.services.analytics/Runtime/AnalyticsServiceInstance.cs using Guid(42a5b3091e714037a47a45c6dabe4965) Importer(2089858483,b0f066a214c2f5e87bad3c948f4d605d) (ScriptedImporter) -> (artifact id: '24d2bbbfb8bcc98941c5b92db6880239') in 0.0136688 seconds
Number of updated asset objects reloaded before import = 0Number of asset objects unloaded after import = 0

========================================================================
Received Import Request.
  Time since last request: 0.000067 seconds.
  path: Packages/com.unity.ai.navigation/Editor/NavMeshModifierEditor.cs
  artifactKey: Guid(6fa04b4743e3947eba4d7b9e5832ea69) Importer(2089858483,b0f066a214c2f5e87bad3c948f4d605d)
Start importing Packages/com.unity.ai.navigation/Editor/NavMeshModifierEditor.cs using Guid(6fa04b4743e3947eba4d7b9e5832ea69) Importer(2089858483,b0f066a214c2f5e87bad3c948f4d605d) (ScriptedImporter) -> (artifact id: '44e07fc03278405778b7f06e9fdb2467') in 0.0138136 seconds
Number of updated asset objects reloaded before import = 0Number of asset objects unloaded after import = 0

========================================================================
Received Import Request.
  Time since last request: 0.000058 seconds.
  path: Packages/com.unity.services.core/Editor/Core/Environments/Client/Models/UnityGetEnvironments200Response.cs
  artifactKey: Guid(4b1c5e0114dfa1b0990a8033d416cb63) Importer(2089858483,b0f066a214c2f5e87bad3c948f4d605d)
Start importing Packages/com.unity.services.core/Editor/Core/Environments/Client/Models/UnityGetEnvironments200Response.cs using Guid(4b1c5e0114dfa1b0990a8033d416cb63) Importer(2089858483,b0f066a214c2f5e87bad3c948f4d605d) (ScriptedImporter) -> (artifact id: '6257be78ccdce0623a7c0b50bcfc6c89') in 0.0143369 seconds
Number of updated asset objects reloaded before import = 0Number of asset objects unloaded after import = 0

========================================================================
Received Import Request.
  Time since last request: 0.000047 seconds.
  path: Packages/com.unity.services.core/Editor/Core/Configuration/Unity.Services.Core.Configuration.Editor.api
  artifactKey: Guid(22dae0cede953ee46bef52cd8dc7b9fe) Importer(2089858483,b0f066a214c2f5e87bad3c948f4d605d)
Start importing Packages/com.unity.services.core/Editor/Core/Configuration/Unity.Services.Core.Configuration.Editor.api using Guid(22dae0cede953ee46bef52cd8dc7b9fe) Importer(2089858483,b0f066a214c2f5e87bad3c948f4d605d) (ScriptedImporter) -> (artifact id: 'cf25c013bc0c316cb38a9afa7ab6acbe') in 0.0140958 seconds
Number of updated asset objects reloaded before import = 0Number of asset objects unloaded after import = 1

========================================================================
Received Import Request.
  Time since last request: 0.000029 seconds.
  path: Packages/com.unity.purchasing/Runtime/Stores/Android/GooglePlay/AAR/Models/GooglePurchaseStateEnumProvider.cs
  artifactKey: Guid(07b693c5dbec4ec49e6c7f72fbde0c0b) Importer(2089858483,b0f066a214c2f5e87bad3c948f4d605d)
Start importing Packages/com.unity.purchasing/Runtime/Stores/Android/GooglePlay/AAR/Models/GooglePurchaseStateEnumProvider.cs using Guid(07b693c5dbec4ec49e6c7f72fbde0c0b) Importer(2089858483,b0f066a214c2f5e87bad3c948f4d605d) (ScriptedImporter) -> (artifact id: 'a9544b87a7aeace0a4a223987ca81de1') in 0.0130963 seconds
Number of updated asset objects reloaded before import = 0Number of asset objects unloaded after import = 0

========================================================================
Received Import Request.
  Time since last request: 0.000070 seconds.
  path: Packages/com.unity.services.core/Editor/Core/EditorGameService/Analytics/IEditorGameServiceAnalyticsSender.cs
  artifactKey: Guid(0499a95597664d3fac32a48fcf995555) Importer(2089858483,b0f066a214c2f5e87bad3c948f4d605d)
Start importing Packages/com.unity.services.core/Editor/Core/EditorGameService/Analytics/IEditorGameServiceAnalyticsSender.cs using Guid(0499a95597664d3fac32a48fcf995555) Importer(2089858483,b0f066a214c2f5e87bad3c948f4d605d) (ScriptedImporter) -> (artifact id: '263124ead1c9d65de9bff6234ef9ef90') in 0.011161 seconds
Number of updated asset objects reloaded before import = 0Number of asset objects unloaded after import = 0

========================================================================
Received Import Request.
  Time since last request: 0.000049 seconds.
  path: Packages/com.unity.services.analytics/Runtime/ConsentManager.cs
  artifactKey: Guid(e8acdc159f20afb49baaeb28678a9cf6) Importer(2089858483,b0f066a214c2f5e87bad3c948f4d605d)
Start importing Packages/com.unity.services.analytics/Runtime/ConsentManager.cs using Guid(e8acdc159f20afb49baaeb28678a9cf6) Importer(2089858483,b0f066a214c2f5e87bad3c948f4d605d) (ScriptedImporter) -> (artifact id: 'b2f9a7fc26cc773a2e25b4001bfe63a0') in 0.0156519 seconds
Number of updated asset objects reloaded before import = 0Number of asset objects unloaded after import = 0

========================================================================
Received Import Request.
  Time since last request: 0.000072 seconds.
  path: Packages/com.unity.ai.navigation/Editor/ConversionSystem/InitializeConverterContext.cs
  artifactKey: Guid(a5cf3eb6bee954ca5953487784e68715) Importer(2089858483,b0f066a214c2f5e87bad3c948f4d605d)
Start importing Packages/com.unity.ai.navigation/Editor/ConversionSystem/InitializeConverterContext.cs using Guid(a5cf3eb6bee954ca5953487784e68715) Importer(2089858483,b0f066a214c2f5e87bad3c948f4d605d) (ScriptedImporter) -> (artifact id: '1412a24a6f828bab535e3027c22bcc79') in 0.0132713 seconds
Number of updated asset objects reloaded before import = 0Number of asset objects unloaded after import = 0

========================================================================
Received Import Request.
  Time since last request: 0.000059 seconds.
  path: Packages/com.unity.purchasing/Runtime/Stores/ServicesCore/IapCoreInitializeCallback.cs
  artifactKey: Guid(83f92647bc99413c98c5e8946f8d4c60) Importer(2089858483,b0f066a214c2f5e87bad3c948f4d605d)
Start importing Packages/com.unity.purchasing/Runtime/Stores/ServicesCore/IapCoreInitializeCallback.cs using Guid(83f92647bc99413c98c5e8946f8d4c60) Importer(2089858483,b0f066a214c2f5e87bad3c948f4d605d) (ScriptedImporter) -> (artifact id: '96c417551044de20be91c4b10cf283bd') in 0.014609 seconds
Number of updated asset objects reloaded before import = 0Number of asset objects unloaded after import = 0

========================================================================
Received Import Request.
  Time since last request: 0.000076 seconds.
  path: Packages/com.unity.xr.legacyinputhelpers/Editor/ArmModels/ArmModelEditor.cs
  artifactKey: Guid(fd661411ada16794aa7015ddf3778407) Importer(2089858483,b0f066a214c2f5e87bad3c948f4d605d)
Start importing Packages/com.unity.xr.legacyinputhelpers/Editor/ArmModels/ArmModelEditor.cs using Guid(fd661411ada16794aa7015ddf3778407) Importer(2089858483,b0f066a214c2f5e87bad3c948f4d605d) (ScriptedImporter) -> (artifact id: '2864dffec95db39c5bbec61dfaefdc80') in 0.0125555 seconds
Number of updated asset objects reloaded before import = 0Number of asset objects unloaded after import = 0

========================================================================
Received Import Request.
  Time since last request: 0.000076 seconds.
  path: Packages/com.unity.purchasing/Editor/WinRTPatcher.cs
  artifactKey: Guid(f276bc4a0ad2f1244bd1afd5838055ad) Importer(2089858483,b0f066a214c2f5e87bad3c948f4d605d)
Start importing Packages/com.unity.purchasing/Editor/WinRTPatcher.cs using Guid(f276bc4a0ad2f1244bd1afd5838055ad) Importer(2089858483,b0f066a214c2f5e87bad3c948f4d605d) (ScriptedImporter) -> (artifact id: 'c408927bfda8b73514f522a6d518de24') in 0.0149302 seconds
Number of updated asset objects reloaded before import = 0Number of asset objects unloaded after import = 0

========================================================================
Received Import Request.
  Time since last request: 0.000050 seconds.
  path: Packages/com.unity.purchasing/Editor/Analytics/Events
  artifactKey: Guid(db798fc4f582d9948908acde746e5bdd) Importer(2089858483,b0f066a214c2f5e87bad3c948f4d605d)
Start importing Packages/com.unity.purchasing/Editor/Analytics/Events using Guid(db798fc4f582d9948908acde746e5bdd) Importer(2089858483,b0f066a214c2f5e87bad3c948f4d605d) (ScriptedImporter) -> (artifact id: '74ebccd797aed161592b8a30bbbc7ead') in 0.0128648 seconds
Number of updated asset objects reloaded before import = 0Number of asset objects unloaded after import = 1

========================================================================
Received Import Request.
  Time since last request: 0.000028 seconds.
  path: Packages/com.unity.purchasing/Editor/Analytics/Signatures/EditorAnalyticsDataSignature.cs
  artifactKey: Guid(c62db2b337bd81844be9284334848cd8) Importer(2089858483,b0f066a214c2f5e87bad3c948f4d605d)
Start importing Packages/com.unity.purchasing/Editor/Analytics/Signatures/EditorAnalyticsDataSignature.cs using Guid(c62db2b337bd81844be9284334848cd8) Importer(2089858483,b0f066a214c2f5e87bad3c948f4d605d) (ScriptedImporter) -> (artifact id: '704658226fa0a3c6846596681198c3ec') in 0.0151042 seconds
Number of updated asset objects reloaded before import = 0Number of asset objects unloaded after import = 0

========================================================================
Received Import Request.
  Time since last request: 0.000044 seconds.
  path: Packages/com.unity.services.core/Editor/Core/EditorGameService/IServiceUrlBuilder.cs
  artifactKey: Guid(a0a5dd7415f94942b8b406641198323f) Importer(2089858483,b0f066a214c2f5e87bad3c948f4d605d)
Start importing Packages/com.unity.services.core/Editor/Core/EditorGameService/IServiceUrlBuilder.cs using Guid(a0a5dd7415f94942b8b406641198323f) Importer(2089858483,b0f066a214c2f5e87bad3c948f4d605d) (ScriptedImporter) -> (artifact id: '8f4eb5cb85a9a374c22da2b5a0d10706') in 0.0129874 seconds
Number of updated asset objects reloaded before import = 0Number of asset objects unloaded after import = 0

========================================================================
Received Import Request.
  Time since last request: 0.000058 seconds.
  path: Packages/com.unity.purchasing/Editor/AppleCapabilities.cs
  artifactKey: Guid(2e3df40998024a189cc6bb7313d85a44) Importer(2089858483,b0f066a214c2f5e87bad3c948f4d605d)
Start importing Packages/com.unity.purchasing/Editor/AppleCapabilities.cs using Guid(2e3df40998024a189cc6bb7313d85a44) Importer(2089858483,b0f066a214c2f5e87bad3c948f4d605d) (ScriptedImporter) -> (artifact id: '069dbcdfa41a5830edf7771c9d42f5fc') in 0.0131583 seconds
Number of updated asset objects reloaded before import = 0Number of asset objects unloaded after import = 0

========================================================================
Received Import Request.
  Time since last request: 0.000074 seconds.
  path: Packages/com.unity.purchasing/Runtime/Stores/AssemblyInfo.cs
  artifactKey: Guid(4674a50f3d564790822a61755883a5fc) Importer(2089858483,b0f066a214c2f5e87bad3c948f4d605d)
Start importing Packages/com.unity.purchasing/Runtime/Stores/AssemblyInfo.cs using Guid(4674a50f3d564790822a61755883a5fc) Importer(2089858483,b0f066a214c2f5e87bad3c948f4d605d) (ScriptedImporter) -> (artifact id: '5bbef8eeeb0a6f9a55efd7da8c2be70a') in 0.0119148 seconds
Number of updated asset objects reloaded before import = 0Number of asset objects unloaded after import = 0

========================================================================
Received Import Request.
  Time since last request: 0.000044 seconds.
  path: Packages/com.unity.purchasing/Editor/ServiceProjectSettings/Entity/PurchasingServiceToggleEvent.cs
  artifactKey: Guid(40f9164b9a756184d9c35a724369fe41) Importer(2089858483,b0f066a214c2f5e87bad3c948f4d605d)
Start importing Packages/com.unity.purchasing/Editor/ServiceProjectSettings/Entity/PurchasingServiceToggleEvent.cs using Guid(40f9164b9a756184d9c35a724369fe41) Importer(2089858483,b0f066a214c2f5e87bad3c948f4d605d) (ScriptedImporter) -> (artifact id: '56c08a07f4f3d7f356b23f322c4d691b') in 0.0154296 seconds
Number of updated asset objects reloaded before import = 0Number of asset objects unloaded after import = 0

========================================================================
Received Import Request.
  Time since last request: 0.000058 seconds.
  path: Packages/com.unity.purchasing/Editor/ServiceProjectSettings/Service/Networking/Models/GooglePlayKeyRequestResult.cs
  artifactKey: Guid(435a6508ce12f6b4a8b867163aba41ed) Importer(2089858483,b0f066a214c2f5e87bad3c948f4d605d)
Start importing Packages/com.unity.purchasing/Editor/ServiceProjectSettings/Service/Networking/Models/GooglePlayKeyRequestResult.cs using Guid(435a6508ce12f6b4a8b867163aba41ed) Importer(2089858483,b0f066a214c2f5e87bad3c948f4d605d) (ScriptedImporter) -> (artifact id: 'd37f15f3069320f3462f3c09cc9cc365') in 0.0151729 seconds
Number of updated asset objects reloaded before import = 0Number of asset objects unloaded after import = 0

========================================================================
Received Import Request.
  Time since last request: 0.000102 seconds.
  path: Packages/com.unity.services.core/Editor/Core/Shared/EditorUtils/ICopyable.Gen.cs
  artifactKey: Guid(2627ee9222be9474c9370fbb8abef8d8) Importer(2089858483,b0f066a214c2f5e87bad3c948f4d605d)
Start importing Packages/com.unity.services.core/Editor/Core/Shared/EditorUtils/ICopyable.Gen.cs using Guid(2627ee9222be9474c9370fbb8abef8d8) Importer(2089858483,b0f066a214c2f5e87bad3c948f4d605d) (ScriptedImporter) -> (artifact id: '23620ec2b5d7372b6cdd02547e40521e') in 0.0175601 seconds
Number of updated asset objects reloaded before import = 0Number of asset objects unloaded after import = 0

========================================================================
Received Import Request.
  Time since last request: 0.000039 seconds.
  path: Packages/com.unity.purchasing/README.md
  artifactKey: Guid(4e733f2b557046139361b785c27d8ba2) Importer(2089858483,b0f066a214c2f5e87bad3c948f4d605d)
Start importing Packages/com.unity.purchasing/README.md using Guid(4e733f2b557046139361b785c27d8ba2) Importer(2089858483,b0f066a214c2f5e87bad3c948f4d605d) (ScriptedImporter) -> (artifact id: '57bfc3b016dc366f03ca1458cbe91617') in 0.0140199 seconds
Number of updated asset objects reloaded before import = 0Number of asset objects unloaded after import = 1

========================================================================
Received Import Request.
  Time since last request: 0.000027 seconds.
  path: Packages/com.unity.services.core/Editor/Core/Environments/UI/EnvironmentSelector.cs
  artifactKey: Guid(a6b7cd5474143421294936ce0035f352) Importer(2089858483,b0f066a214c2f5e87bad3c948f4d605d)
Start importing Packages/com.unity.services.core/Editor/Core/Environments/UI/EnvironmentSelector.cs using Guid(a6b7cd5474143421294936ce0035f352) Importer(2089858483,b0f066a214c2f5e87bad3c948f4d605d) (ScriptedImporter) -> (artifact id: 'bd16abc7c08017348e9dad43bf4d8205') in 0.017058 seconds
Number of updated asset objects reloaded before import = 0Number of asset objects unloaded after import = 0

========================================================================
Received Import Request.
  Time since last request: 0.000097 seconds.
  path: Packages/com.unity.analytics/Tests/Editor/AdCompleteTests.cs
  artifactKey: Guid(9405b416c158444b19157040fd664533) Importer(2089858483,b0f066a214c2f5e87bad3c948f4d605d)
Start importing Packages/com.unity.analytics/Tests/Editor/AdCompleteTests.cs using Guid(9405b416c158444b19157040fd664533) Importer(2089858483,b0f066a214c2f5e87bad3c948f4d605d) (ScriptedImporter) -> (artifact id: '02b58fee64ee3eb0fdc96e5cb01a5b2b') in 0.01539 seconds
Number of updated asset objects reloaded before import = 0Number of asset objects unloaded after import = 0

========================================================================
Received Import Request.
  Time since last request: 0.000080 seconds.
  path: Packages/com.unity.purchasing/Editor/ServiceProjectSettings/Presenter
  artifactKey: Guid(a006e45873ab94e1c9f06c848bb1bb6a) Importer(2089858483,b0f066a214c2f5e87bad3c948f4d605d)
Start importing Packages/com.unity.purchasing/Editor/ServiceProjectSettings/Presenter using Guid(a006e45873ab94e1c9f06c848bb1bb6a) Importer(2089858483,b0f066a214c2f5e87bad3c948f4d605d) (ScriptedImporter) -> (artifact id: '3e4483c3163b0861048b6deec17c0d5c') in 0.0143082 seconds
Number of updated asset objects reloaded before import = 0Number of asset objects unloaded after import = 1

========================================================================
Received Import Request.
  Time since last request: 0.000025 seconds.
  path: Packages/com.unity.analytics/Unity.Analytics.StandardEvents.xml
  artifactKey: Guid(bce5ab19b9f5ec9e99e5c46ff665240b) Importer(2089858483,b0f066a214c2f5e87bad3c948f4d605d)
Start importing Packages/com.unity.analytics/Unity.Analytics.StandardEvents.xml using Guid(bce5ab19b9f5ec9e99e5c46ff665240b) Importer(2089858483,b0f066a214c2f5e87bad3c948f4d605d) (ScriptedImporter) -> (artifact id: 'eb9d1e2f33179bafe51259d2a1fe72ec') in 0.0141527 seconds
Number of updated asset objects reloaded before import = 0Number of asset objects unloaded after import = 1

========================================================================
Received Import Request.
  Time since last request: 0.000023 seconds.
  path: Packages/com.unity.purchasing/Runtime/Security/Asn1Processor/Asn1EndOfIndefiniteLengthNodeType.cs
  artifactKey: Guid(a13f3d23776e7534ab1875fbbe826313) Importer(2089858483,b0f066a214c2f5e87bad3c948f4d605d)
Start importing Packages/com.unity.purchasing/Runtime/Security/Asn1Processor/Asn1EndOfIndefiniteLengthNodeType.cs using Guid(a13f3d23776e7534ab1875fbbe826313) Importer(2089858483,b0f066a214c2f5e87bad3c948f4d605d) (ScriptedImporter) -> (artifact id: '3c66ccc7db16773c52e6eb26647e70c0') in 0.0127892 seconds
Number of updated asset objects reloaded before import = 0Number of asset objects unloaded after import = 0

========================================================================
Received Import Request.
  Time since last request: 0.000051 seconds.
  path: Packages/com.unity.services.core/Runtime/Core.Internal/Registry/CoreRegistry.cs
  artifactKey: Guid(a54a67ed0cd9c4a00913d325490a466b) Importer(2089858483,b0f066a214c2f5e87bad3c948f4d605d)
Start importing Packages/com.unity.services.core/Runtime/Core.Internal/Registry/CoreRegistry.cs using Guid(a54a67ed0cd9c4a00913d325490a466b) Importer(2089858483,b0f066a214c2f5e87bad3c948f4d605d) (ScriptedImporter) -> (artifact id: '3f7621d76fd251de7dc97e3e8b7fe2ed') in 0.0110384 seconds
Number of updated asset objects reloaded before import = 0Number of asset objects unloaded after import = 0

========================================================================
Received Import Request.
  Time since last request: 0.000064 seconds.
  path: Packages/com.unity.purchasing/Runtime/Stores/Android/GooglePlay/FakeGooglePlayStoreConfiguration.cs
  artifactKey: Guid(e27a39eb523c4908b5465cb92e6e8483) Importer(2089858483,b0f066a214c2f5e87bad3c948f4d605d)
Start importing Packages/com.unity.purchasing/Runtime/Stores/Android/GooglePlay/FakeGooglePlayStoreConfiguration.cs using Guid(e27a39eb523c4908b5465cb92e6e8483) Importer(2089858483,b0f066a214c2f5e87bad3c948f4d605d) (ScriptedImporter) -> (artifact id: '804e646d5de45f7d058f368a871f73a8') in 0.0151938 seconds
Number of updated asset objects reloaded before import = 0Number of asset objects unloaded after import = 0

========================================================================
Received Import Request.
  Time since last request: 0.000027 seconds.
  path: Packages/com.unity.services.core/Editor/Core/Shared/Clients/AssemblyInfo.Gen.cs
  artifactKey: Guid(b708e0ea5ba894bf28f038f8fa474a9f) Importer(2089858483,b0f066a214c2f5e87bad3c948f4d605d)
Start importing Packages/com.unity.services.core/Editor/Core/Shared/Clients/AssemblyInfo.Gen.cs using Guid(b708e0ea5ba894bf28f038f8fa474a9f) Importer(2089858483,b0f066a214c2f5e87bad3c948f4d605d) (ScriptedImporter) -> (artifact id: 'e14158e3184541c7f261c791ba05e11a') in 0.0130993 seconds
Number of updated asset objects reloaded before import = 0Number of asset objects unloaded after import = 0

========================================================================
Received Import Request.
  Time since last request: 0.000048 seconds.
  path: Packages/com.unity.services.core/Runtime/Core.Internal/Registry/MissingComponent.cs
  artifactKey: Guid(5deae79dc61e94367a9254f488f5b89a) Importer(2089858483,b0f066a214c2f5e87bad3c948f4d605d)
Start importing Packages/com.unity.services.core/Runtime/Core.Internal/Registry/MissingComponent.cs using Guid(5deae79dc61e94367a9254f488f5b89a) Importer(2089858483,b0f066a214c2f5e87bad3c948f4d605d) (ScriptedImporter) -> (artifact id: '7cf565fc360d4f2bcbcdf7e823ef2a25') in 0.0123869 seconds
Number of updated asset objects reloaded before import = 0Number of asset objects unloaded after import = 0

========================================================================
Received Import Request.
  Time since last request: 0.000033 seconds.
  path: Packages/com.unity.services.analytics/Runtime/AssemblyInfo.cs
  artifactKey: Guid(e6981830bbca4ba2a113c2f84a3e4cf5) Importer(2089858483,b0f066a214c2f5e87bad3c948f4d605d)
Start importing Packages/com.unity.services.analytics/Runtime/AssemblyInfo.cs using Guid(e6981830bbca4ba2a113c2f84a3e4cf5) Importer(2089858483,b0f066a214c2f5e87bad3c948f4d605d) (ScriptedImporter) -> (artifact id: 'a32b0401c40a4fdb2f6afe1e82992134') in 0.0117995 seconds
Number of updated asset objects reloaded before import = 0Number of asset objects unloaded after import = 0

========================================================================
Received Import Request.
  Time since last request: 0.000094 seconds.
  path: Packages/com.unity.purchasing/Runtime/Purchasing/Extension/AbstractPurchasingModule.cs
  artifactKey: Guid(d59ec175ee25449d92598bbb30db59f1) Importer(2089858483,b0f066a214c2f5e87bad3c948f4d605d)
Start importing Packages/com.unity.purchasing/Runtime/Purchasing/Extension/AbstractPurchasingModule.cs using Guid(d59ec175ee25449d92598bbb30db59f1) Importer(2089858483,b0f066a214c2f5e87bad3c948f4d605d) (ScriptedImporter) -> (artifact id: 'e2a707cadd8d9386d248a89816f78d6d') in 0.0159698 seconds
Number of updated asset objects reloaded before import = 0Number of asset objects unloaded after import = 0

========================================================================
Received Import Request.
  Time since last request: 0.000023 seconds.
  path: Packages/com.unity.services.core/Editor/Core/Shared/DependencyInversion/AbstractRuntimeServices.Gen.cs
  artifactKey: Guid(61e91eb31a3934d3bbcb76e76abbe530) Importer(2089858483,b0f066a214c2f5e87bad3c948f4d605d)
Start importing Packages/com.unity.services.core/Editor/Core/Shared/DependencyInversion/AbstractRuntimeServices.Gen.cs using Guid(61e91eb31a3934d3bbcb76e76abbe530) Importer(2089858483,b0f066a214c2f5e87bad3c948f4d605d) (ScriptedImporter) -> (artifact id: '42fa6193dd2728cca3d9b2430df9e140') in 0.0124423 seconds
Number of updated asset objects reloaded before import = 0Number of asset objects unloaded after import = 0

========================================================================
Received Import Request.
  Time since last request: 0.000054 seconds.
  path: Packages/com.unity.purchasing/Runtime/Purchasing/Telemetry/Diagnostics
  artifactKey: Guid(4c159872b38344158729ea584238d6e7) Importer(2089858483,b0f066a214c2f5e87bad3c948f4d605d)
Start importing Packages/com.unity.purchasing/Runtime/Purchasing/Telemetry/Diagnostics using Guid(4c159872b38344158729ea584238d6e7) Importer(2089858483,b0f066a214c2f5e87bad3c948f4d605d) (ScriptedImporter) -> (artifact id: '8ede28e513e1e6dfbbd6b02acd0bb06b') in 0.0121068 seconds
Number of updated asset objects reloaded before import = 0Number of asset objects unloaded after import = 1

========================================================================
Received Import Request.
  Time since last request: 0.000026 seconds.
  path: Packages/com.unity.purchasing/Runtime/WinRTStub/UnityEngine.Purchasing.WinRTStub.asmdef
  artifactKey: Guid(6dd7470a4befbae4a8c06c3746662f86) Importer(2089858483,b0f066a214c2f5e87bad3c948f4d605d)
Start importing Packages/com.unity.purchasing/Runtime/WinRTStub/UnityEngine.Purchasing.WinRTStub.asmdef using Guid(6dd7470a4befbae4a8c06c3746662f86) Importer(2089858483,b0f066a214c2f5e87bad3c948f4d605d) (ScriptedImporter) -> (artifact id: 'd0cacb25a8c1e46e83ebbe0ac917b892') in 0.0167878 seconds
Number of updated asset objects reloaded before import = 0Number of asset objects unloaded after import = 1

========================================================================
Received Import Request.
  Time since last request: 0.000043 seconds.
  path: Packages/com.unity.purchasing/Editor/BuildTargetGroupExtensions.cs
  artifactKey: Guid(fdb112ee8c489415db037d127d932546) Importer(2089858483,b0f066a214c2f5e87bad3c948f4d605d)
Start importing Packages/com.unity.purchasing/Editor/BuildTargetGroupExtensions.cs using Guid(fdb112ee8c489415db037d127d932546) Importer(2089858483,b0f066a214c2f5e87bad3c948f4d605d) (ScriptedImporter) -> (artifact id: '4709c7f4b7e654ea72e79b78329715d8') in 0.014679 seconds
Number of updated asset objects reloaded before import = 0Number of asset objects unloaded after import = 0

========================================================================
Received Import Request.
  Time since last request: 0.000045 seconds.
  path: Packages/com.unity.services.core/Editor/Core/ProjectBindRedirect/USS
  artifactKey: Guid(0ae1e28585e54ec3beb5b599a85bde59) Importer(2089858483,b0f066a214c2f5e87bad3c948f4d605d)
Start importing Packages/com.unity.services.core/Editor/Core/ProjectBindRedirect/USS using Guid(0ae1e28585e54ec3beb5b599a85bde59) Importer(2089858483,b0f066a214c2f5e87bad3c948f4d605d) (ScriptedImporter) -> (artifact id: '783d283df200bd0c5b157e43e97ab34e') in 0.0117851 seconds
Number of updated asset objects reloaded before import = 0Number of asset objects unloaded after import = 1

========================================================================
Received Import Request.
  Time since last request: 0.000051 seconds.
  path: Packages/com.unity.purchasing/Runtime/Purchasing/Utilites/ILoggerExtensions.cs
  artifactKey: Guid(90ee04e64daf47d2ac9f878e9cd367bf) Importer(2089858483,b0f066a214c2f5e87bad3c948f4d605d)
Start importing Packages/com.unity.purchasing/Runtime/Purchasing/Utilites/ILoggerExtensions.cs using Guid(90ee04e64daf47d2ac9f878e9cd367bf) Importer(2089858483,b0f066a214c2f5e87bad3c948f4d605d) (ScriptedImporter) -> (artifact id: '8ae8bb8a3a366affd9672a2859bf2baf') in 0.0140014 seconds
Number of updated asset objects reloaded before import = 0Number of asset objects unloaded after import = 0

========================================================================
Received Import Request.
  Time since last request: 0.000069 seconds.
  path: Packages/com.unity.ai.navigation/Runtime/Unity.AI.Navigation.asmdef
  artifactKey: Guid(8c4dd21966739024fbd72155091d199e) Importer(2089858483,b0f066a214c2f5e87bad3c948f4d605d)
Start importing Packages/com.unity.ai.navigation/Runtime/Unity.AI.Navigation.asmdef using Guid(8c4dd21966739024fbd72155091d199e) Importer(2089858483,b0f066a214c2f5e87bad3c948f4d605d) (ScriptedImporter) -> (artifact id: '0267a402243a9660b059c508c19a255b') in 0.0142828 seconds
Number of updated asset objects reloaded before import = 0Number of asset objects unloaded after import = 1

========================================================================
Received Import Request.
  Time since last request: 0.000019 seconds.
  path: Packages/com.unity.services.core/Editor/Core/ProjectBindRedirect/ProjectBindRedirectProjectSettingsUi.cs
  artifactKey: Guid(3acf2aa337e346f289bc71ea2fb7d786) Importer(2089858483,b0f066a214c2f5e87bad3c948f4d605d)
Start importing Packages/com.unity.services.core/Editor/Core/ProjectBindRedirect/ProjectBindRedirectProjectSettingsUi.cs using Guid(3acf2aa337e346f289bc71ea2fb7d786) Importer(2089858483,b0f066a214c2f5e87bad3c948f4d605d) (ScriptedImporter) -> (artifact id: '52590e1ca914a91b9053a64c90855e5b') in 0.0146626 seconds
Number of updated asset objects reloaded before import = 0Number of asset objects unloaded after import = 0

========================================================================
Received Import Request.
  Time since last request: 0.000063 seconds.
  path: Packages/com.unity.purchasing/Runtime/Purchasing/PayoutDefinition.cs
  artifactKey: Guid(f7fe7f16140d46d59df398b91c9e340c) Importer(2089858483,b0f066a214c2f5e87bad3c948f4d605d)
Start importing Packages/com.unity.purchasing/Runtime/Purchasing/PayoutDefinition.cs using Guid(f7fe7f16140d46d59df398b91c9e340c) Importer(2089858483,b0f066a214c2f5e87bad3c948f4d605d) (ScriptedImporter) -> (artifact id: 'd7c4bb473f72cfd853bd279ef8c232a9') in 0.0183862 seconds
Number of updated asset objects reloaded before import = 0Number of asset objects unloaded after import = 0

========================================================================
Received Import Request.
  Time since last request: 0.000050 seconds.
  path: Packages/com.unity.services.core/Editor/Core/Shared/EditorUtils/ApplyRevertChangeTracker.Gen.cs
  artifactKey: Guid(0f64d807cc1f642829a405ac1e55d676) Importer(2089858483,b0f066a214c2f5e87bad3c948f4d605d)
Start importing Packages/com.unity.services.core/Editor/Core/Shared/EditorUtils/ApplyRevertChangeTracker.Gen.cs using Guid(0f64d807cc1f642829a405ac1e55d676) Importer(2089858483,b0f066a214c2f5e87bad3c948f4d605d) (ScriptedImporter) -> (artifact id: 'e4e48e32b766d5f33cf0a45a5e2a0265') in 0.0175594 seconds
Number of updated asset objects reloaded before import = 0Number of asset objects unloaded after import = 0

========================================================================
Received Import Request.
  Time since last request: 0.000078 seconds.
  path: Packages/com.unity.purchasing/Runtime/Stores/TransactionHistory
  artifactKey: Guid(7554b963d13344aa955707d3c901677d) Importer(2089858483,b0f066a214c2f5e87bad3c948f4d605d)
Start importing Packages/com.unity.purchasing/Runtime/Stores/TransactionHistory using Guid(7554b963d13344aa955707d3c901677d) Importer(2089858483,b0f066a214c2f5e87bad3c948f4d605d) (ScriptedImporter) -> (artifact id: 'b3979370fb4d49cbeb241b0e56bc82d7') in 0.016552 seconds
Number of updated asset objects reloaded before import = 0Number of asset objects unloaded after import = 1

========================================================================
Received Import Request.
  Time since last request: 0.000168 seconds.
  path: Packages/com.unity.purchasing/Editor/ServiceProjectSettings/UI/Views/Obfuscator/GoogleObfuscatorSection.cs
  artifactKey: Guid(849b8bf94f5870549848ce3003933151) Importer(2089858483,b0f066a214c2f5e87bad3c948f4d605d)
Start importing Packages/com.unity.purchasing/Editor/ServiceProjectSettings/UI/Views/Obfuscator/GoogleObfuscatorSection.cs using Guid(849b8bf94f5870549848ce3003933151) Importer(2089858483,b0f066a214c2f5e87bad3c948f4d605d) (ScriptedImporter) -> (artifact id: '63e45edc5e5e032311659f87fbd9d8ea') in 0.0199943 seconds
Number of updated asset objects reloaded before import = 0Number of asset objects unloaded after import = 0

========================================================================
Received Import Request.
  Time since last request: 0.000298 seconds.
  path: Packages/com.unity.purchasing/Runtime/Stores/Android/GooglePlay/AAR/Listeners/GoogleConsumeResponseListener.cs
  artifactKey: Guid(da7a34333ec1d4d7ba3f4ca3cf03de84) Importer(2089858483,b0f066a214c2f5e87bad3c948f4d605d)
Start importing Packages/com.unity.purchasing/Runtime/Stores/Android/GooglePlay/AAR/Listeners/GoogleConsumeResponseListener.cs using Guid(da7a34333ec1d4d7ba3f4ca3cf03de84) Importer(2089858483,b0f066a214c2f5e87bad3c948f4d605d) (ScriptedImporter) -> (artifact id: 'd8029ec2798231452de4b2f472bd9450') in 0.0194472 seconds
Number of updated asset objects reloaded before import = 0Number of asset objects unloaded after import = 0

========================================================================
Received Import Request.
  Time since last request: 0.000094 seconds.
  path: Packages/com.unity.purchasing/Editor/WebRequest/Interface/IWebRequest.cs
  artifactKey: Guid(fa669b6f637d143e2b20640ee7b3e777) Importer(2089858483,b0f066a214c2f5e87bad3c948f4d605d)
Start importing Packages/com.unity.purchasing/Editor/WebRequest/Interface/IWebRequest.cs using Guid(fa669b6f637d143e2b20640ee7b3e777) Importer(2089858483,b0f066a214c2f5e87bad3c948f4d605d) (ScriptedImporter) -> (artifact id: '111959f80452ee16a85dbae31b86c58e') in 0.0157618 seconds
Number of updated asset objects reloaded before import = 0Number of asset objects unloaded after import = 0

========================================================================
Received Import Request.
  Time since last request: 0.000067 seconds.
  path: Packages/com.unity.services.core/Editor/Core/Utils/GatewayTokens.cs
  artifactKey: Guid(afc30112b30549bc9c07afa6a4f0f14f) Importer(2089858483,b0f066a214c2f5e87bad3c948f4d605d)
Start importing Packages/com.unity.services.core/Editor/Core/Utils/GatewayTokens.cs using Guid(afc30112b30549bc9c07afa6a4f0f14f) Importer(2089858483,b0f066a214c2f5e87bad3c948f4d605d) (ScriptedImporter) -> (artifact id: '1702d4b9384d5bf433cefad0a2b196e5') in 0.0156479 seconds
Number of updated asset objects reloaded before import = 0Number of asset objects unloaded after import = 0

========================================================================
Received Import Request.
  Time since last request: 0.000077 seconds.
  path: Packages/com.unity.services.core/Runtime/PrivacyInfo.xcprivacy
  artifactKey: Guid(029a83481f94f4626a4addeb4f496d02) Importer(2089858483,b0f066a214c2f5e87bad3c948f4d605d)
Start importing Packages/com.unity.services.core/Runtime/PrivacyInfo.xcprivacy using Guid(029a83481f94f4626a4addeb4f496d02) Importer(2089858483,b0f066a214c2f5e87bad3c948f4d605d) (ScriptedImporter) -> (artifact id: 'bb2a31b30b6759515d471bcc7e41bd7e') in 0.0142026 seconds
Number of updated asset objects reloaded before import = 0Number of asset objects unloaded after import = 0

========================================================================
Received Import Request.
  Time since last request: 0.000077 seconds.
  path: Packages/com.unity.ai.navigation/Editor/Updater/OffMeshLinkUpdaterUtility.cs
  artifactKey: Guid(e2b338e146db4a408444f723bd4a2c77) Importer(2089858483,b0f066a214c2f5e87bad3c948f4d605d)
Start importing Packages/com.unity.ai.navigation/Editor/Updater/OffMeshLinkUpdaterUtility.cs using Guid(e2b338e146db4a408444f723bd4a2c77) Importer(2089858483,b0f066a214c2f5e87bad3c948f4d605d) (ScriptedImporter) -> (artifact id: '1641b8328dbcb9ead129a3821f22c080') in 0.01475 seconds
Number of updated asset objects reloaded before import = 0Number of asset objects unloaded after import = 0

========================================================================
Received Import Request.
  Time since last request: 0.000065 seconds.
  path: Packages/com.unity.ai.navigation/EditorResources
  artifactKey: Guid(bcb26a80e56f33046a81574f96664cfe) Importer(2089858483,b0f066a214c2f5e87bad3c948f4d605d)
Start importing Packages/com.unity.ai.navigation/EditorResources using Guid(bcb26a80e56f33046a81574f96664cfe) Importer(2089858483,b0f066a214c2f5e87bad3c948f4d605d) (ScriptedImporter) -> (artifact id: '6bff152f8f80a027cc8e99f0c1f71c61') in 0.0135994 seconds
Number of updated asset objects reloaded before import = 0Number of asset objects unloaded after import = 1

========================================================================
Received Import Request.
  Time since last request: 0.000081 seconds.
  path: Packages/com.unity.purchasing/Runtime/Purchasing/Telemetry/Metrics/TelemetryMetricDefinition.cs
  artifactKey: Guid(17dda52e19ce4bdca57c1479622727c3) Importer(2089858483,b0f066a214c2f5e87bad3c948f4d605d)
Start importing Packages/com.unity.purchasing/Runtime/Purchasing/Telemetry/Metrics/TelemetryMetricDefinition.cs using Guid(17dda52e19ce4bdca57c1479622727c3) Importer(2089858483,b0f066a214c2f5e87bad3c948f4d605d) (ScriptedImporter) -> (artifact id: 'e47c51b18ba7776e8fbd895d31547616') in 0.0169958 seconds
Number of updated asset objects reloaded before import = 0Number of asset objects unloaded after import = 0

========================================================================
Received Import Request.
  Time since last request: 0.000061 seconds.
  path: Packages/com.unity.purchasing/Runtime/Stores/BaseStore/IStoreInternal.cs
  artifactKey: Guid(1fb4cca4bf524381815e7df0e5a3887b) Importer(2089858483,b0f066a214c2f5e87bad3c948f4d605d)
Start importing Packages/com.unity.purchasing/Runtime/Stores/BaseStore/IStoreInternal.cs using Guid(1fb4cca4bf524381815e7df0e5a3887b) Importer(2089858483,b0f066a214c2f5e87bad3c948f4d605d) (ScriptedImporter) -> (artifact id: '8f4ecd44368656c59f658bd2a028738a') in 0.0141204 seconds
Number of updated asset objects reloaded before import = 0Number of asset objects unloaded after import = 0

========================================================================
Received Import Request.
  Time since last request: 0.000078 seconds.
  path: Packages/com.unity.purchasing/Runtime/Security/PKCS7.cs
  artifactKey: Guid(a6acbe80b298e4bc8861f9f4f1ad7ae3) Importer(2089858483,b0f066a214c2f5e87bad3c948f4d605d)
Start importing Packages/com.unity.purchasing/Runtime/Security/PKCS7.cs using Guid(a6acbe80b298e4bc8861f9f4f1ad7ae3) Importer(2089858483,b0f066a214c2f5e87bad3c948f4d605d) (ScriptedImporter) -> (artifact id: 'f976bcb79c95d17e72175c58f06a1936') in 0.0143549 seconds
Number of updated asset objects reloaded before import = 0Number of asset objects unloaded after import = 0

========================================================================
Received Import Request.
  Time since last request: 0.000065 seconds.
  path: Packages/com.unity.services.core/Editor/Core/ProjectBindRedirect
  artifactKey: Guid(bdacac376e304af3be80a07fec283518) Importer(2089858483,b0f066a214c2f5e87bad3c948f4d605d)
Start importing Packages/com.unity.services.core/Editor/Core/ProjectBindRedirect using Guid(bdacac376e304af3be80a07fec283518) Importer(2089858483,b0f066a214c2f5e87bad3c948f4d605d) (ScriptedImporter) -> (artifact id: 'a99ba0b0916802c0b76fda6aa2579c97') in 0.0143811 seconds
Number of updated asset objects reloaded before import = 0Number of asset objects unloaded after import = 1

========================================================================
Received Import Request.
  Time since last request: 0.000045 seconds.
  path: Packages/com.unity.purchasing/Runtime/Security/Asn1Processor
  artifactKey: Guid(b26038e1345d84b70add28660894229b) Importer(2089858483,b0f066a214c2f5e87bad3c948f4d605d)
Start importing Packages/com.unity.purchasing/Runtime/Security/Asn1Processor using Guid(b26038e1345d84b70add28660894229b) Importer(2089858483,b0f066a214c2f5e87bad3c948f4d605d) (ScriptedImporter) -> (artifact id: '9d0a3f830708cc0696ea0245590d7190') in 0.0121822 seconds
Number of updated asset objects reloaded before import = 0Number of asset objects unloaded after import = 1

========================================================================
Received Import Request.
  Time since last request: 0.000050 seconds.
  path: Packages/com.unity.purchasing/Runtime/Stores/Networking/QueryHelper.cs
  artifactKey: Guid(47373099e56e4d79b7409536c97aed85) Importer(2089858483,b0f066a214c2f5e87bad3c948f4d605d)
Start importing Packages/com.unity.purchasing/Runtime/Stores/Networking/QueryHelper.cs using Guid(47373099e56e4d79b7409536c97aed85) Importer(2089858483,b0f066a214c2f5e87bad3c948f4d605d) (ScriptedImporter) -> (artifact id: '3b50c4c0d16dd68c9e6cf7f22c6eff63') in 0.0142174 seconds
Number of updated asset objects reloaded before import = 0Number of asset objects unloaded after import = 0

========================================================================
Received Import Request.
  Time since last request: 0.000063 seconds.
  path: Packages/com.unity.services.analytics/Editor/Tools/DebugPanelStyles.uss
  artifactKey: Guid(aa0c67bb08888624b86deb74de3ddba0) Importer(2089858483,b0f066a214c2f5e87bad3c948f4d605d)
Start importing Packages/com.unity.services.analytics/Editor/Tools/DebugPanelStyles.uss using Guid(aa0c67bb08888624b86deb74de3ddba0) Importer(2089858483,b0f066a214c2f5e87bad3c948f4d605d) (ScriptedImporter) -> (artifact id: 'dc8f3e79ebbe6a0bb05c0f7942469829') in 0.0177525 seconds
Number of updated asset objects reloaded before import = 0Number of asset objects unloaded after import = 1

========================================================================
Received Import Request.
  Time since last request: 0.000063 seconds.
  path: Packages/com.unity.ai.navigation/Gizmos/NavMeshModifier Icon.png
  artifactKey: Guid(b642c6bf23e624e23ad11b3e1d471932) Importer(2089858483,b0f066a214c2f5e87bad3c948f4d605d)
Start importing Packages/com.unity.ai.navigation/Gizmos/NavMeshModifier Icon.png using Guid(b642c6bf23e624e23ad11b3e1d471932) Importer(2089858483,b0f066a214c2f5e87bad3c948f4d605d) (ScriptedImporter) -> (artifact id: '9c6d41aa6ce3c2765dc7fd560d4aff2a') in 0.0209356 seconds
Number of updated asset objects reloaded before import = 0Number of asset objects unloaded after import = 1

========================================================================
Received Import Request.
  Time since last request: 0.000021 seconds.
  path: Packages/com.unity.purchasing/Runtime/AppleMacosStub/AssemblyInfo.cs
  artifactKey: Guid(e9acea7b45606324a5cb46f48a267407) Importer(2089858483,b0f066a214c2f5e87bad3c948f4d605d)
Start importing Packages/com.unity.purchasing/Runtime/AppleMacosStub/AssemblyInfo.cs using Guid(e9acea7b45606324a5cb46f48a267407) Importer(2089858483,b0f066a214c2f5e87bad3c948f4d605d) (ScriptedImporter) -> (artifact id: 'b8c431ead8c3a83162bc66a42401e9cd') in 0.0153049 seconds
Number of updated asset objects reloaded before import = 0Number of asset objects unloaded after import = 0

========================================================================
Received Import Request.
  Time since last request: 0.000059 seconds.
  path: Packages/com.unity.ai.navigation/Editor/NavigationPreferences.cs
  artifactKey: Guid(e8c8febe35b734f4eb15f23d12e5faed) Importer(2089858483,b0f066a214c2f5e87bad3c948f4d605d)
Start importing Packages/com.unity.ai.navigation/Editor/NavigationPreferences.cs using Guid(e8c8febe35b734f4eb15f23d12e5faed) Importer(2089858483,b0f066a214c2f5e87bad3c948f4d605d) (ScriptedImporter) -> (artifact id: '12f589413aa85fec81475430e323e188') in 0.0137304 seconds
Number of updated asset objects reloaded before import = 0Number of asset objects unloaded after import = 0

========================================================================
Received Import Request.
  Time since last request: 0.000300 seconds.
  path: Packages/com.unity.analytics/Tests/Editor/ChatMessageSentTests.cs
  artifactKey: Guid(7b186a0d29a784d81809e8a5471d155e) Importer(2089858483,b0f066a214c2f5e87bad3c948f4d605d)
Start importing Packages/com.unity.analytics/Tests/Editor/ChatMessageSentTests.cs using Guid(7b186a0d29a784d81809e8a5471d155e) Importer(2089858483,b0f066a214c2f5e87bad3c948f4d605d) (ScriptedImporter) -> (artifact id: 'a2690407aab98b3fe64fc6703d8f4ea6') in 0.0166971 seconds
Number of updated asset objects reloaded before import = 0Number of asset objects unloaded after import = 0

========================================================================
Received Import Request.
  Time since last request: 0.000055 seconds.
  path: Packages/com.unity.xr.legacyinputhelpers/CHANGELOG.md
  artifactKey: Guid(e1e933fc85b5d7444902c305f62c695a) Importer(2089858483,b0f066a214c2f5e87bad3c948f4d605d)
Start importing Packages/com.unity.xr.legacyinputhelpers/CHANGELOG.md using Guid(e1e933fc85b5d7444902c305f62c695a) Importer(2089858483,b0f066a214c2f5e87bad3c948f4d605d) (ScriptedImporter) -> (artifact id: '862765c2bfa4fb96e908851da22339b0') in 0.0121907 seconds
Number of updated asset objects reloaded before import = 0Number of asset objects unloaded after import = 1

========================================================================
Received Import Request.
  Time since last request: 0.000043 seconds.
  path: Packages/com.unity.ai.navigation/Editor/NavMeshLinkEditor.cs
  artifactKey: Guid(ece1e865d1ad84587872fe8580ab5a20) Importer(2089858483,b0f066a214c2f5e87bad3c948f4d605d)
Start importing Packages/com.unity.ai.navigation/Editor/NavMeshLinkEditor.cs using Guid(ece1e865d1ad84587872fe8580ab5a20) Importer(2089858483,b0f066a214c2f5e87bad3c948f4d605d) (ScriptedImporter) -> (artifact id: '602ac5988151b297ef6ab9f5b1a8df47') in 0.0127504 seconds
Number of updated asset objects reloaded before import = 0Number of asset objects unloaded after import = 0

========================================================================
Received Import Request.
  Time since last request: 0.000045 seconds.
  path: Packages/com.unity.services.core/Runtime/Threading/Unity.Services.Core.Threading.asmdef
  artifactKey: Guid(424c109c039b23a469d7e72a2a76e122) Importer(2089858483,b0f066a214c2f5e87bad3c948f4d605d)
Start importing Packages/com.unity.services.core/Runtime/Threading/Unity.Services.Core.Threading.asmdef using Guid(424c109c039b23a469d7e72a2a76e122) Importer(2089858483,b0f066a214c2f5e87bad3c948f4d605d) (ScriptedImporter) -> (artifact id: 'ac72de8403e27ca3df3415a0a8d4ba92') in 0.0124075 seconds
Number of updated asset objects reloaded before import = 0Number of asset objects unloaded after import = 1

========================================================================
Received Import Request.
  Time since last request: 0.000040 seconds.
  path: Packages/com.unity.analytics/LICENSE.md
  artifactKey: Guid(15bf9c691b85b41a39c18bee2f87e21b) Importer(2089858483,b0f066a214c2f5e87bad3c948f4d605d)
Start importing Packages/com.unity.analytics/LICENSE.md using Guid(15bf9c691b85b41a39c18bee2f87e21b) Importer(2089858483,b0f066a214c2f5e87bad3c948f4d605d) (ScriptedImporter) -> (artifact id: '20b363b446edfaf3ebf953f7fd11d3bb') in 0.0105223 seconds
Number of updated asset objects reloaded before import = 0Number of asset objects unloaded after import = 1

========================================================================
Received Import Request.
  Time since last request: 0.000022 seconds.
  path: Packages/com.unity.services.core/Editor/Core/AssemblyInfo.cs
  artifactKey: Guid(754a4177129a047e78b5c9007c36832c) Importer(2089858483,b0f066a214c2f5e87bad3c948f4d605d)
Start importing Packages/com.unity.services.core/Editor/Core/AssemblyInfo.cs using Guid(754a4177129a047e78b5c9007c36832c) Importer(2089858483,b0f066a214c2f5e87bad3c948f4d605d) (ScriptedImporter) -> (artifact id: '2fa38c27a1aff7118f2a326586f21b10') in 0.0124629 seconds
Number of updated asset objects reloaded before import = 0Number of asset objects unloaded after import = 0

========================================================================
Received Import Request.
  Time since last request: 0.000024 seconds.
  path: Packages/com.unity.services.core/Runtime/Core.Internal/Components/Environments/IEnvironments.cs
  artifactKey: Guid(9ba8832336df045fca38ac55a6b587f0) Importer(2089858483,b0f066a214c2f5e87bad3c948f4d605d)
Start importing Packages/com.unity.services.core/Runtime/Core.Internal/Components/Environments/IEnvironments.cs using Guid(9ba8832336df045fca38ac55a6b587f0) Importer(2089858483,b0f066a214c2f5e87bad3c948f4d605d) (ScriptedImporter) -> (artifact id: '73ce232500016bf2323c565be3f801e6') in 0.0138834 seconds
Number of updated asset objects reloaded before import = 0Number of asset objects unloaded after import = 0

========================================================================
Received Import Request.
  Time since last request: 0.000061 seconds.
  path: Packages/com.unity.services.core/Runtime/Core.Internal/Registry/CircularDependencyException.cs
  artifactKey: Guid(ae7633dffe64d4dbd8d058a0e330bdad) Importer(2089858483,b0f066a214c2f5e87bad3c948f4d605d)
Start importing Packages/com.unity.services.core/Runtime/Core.Internal/Registry/CircularDependencyException.cs using Guid(ae7633dffe64d4dbd8d058a0e330bdad) Importer(2089858483,b0f066a214c2f5e87bad3c948f4d605d) (ScriptedImporter) -> (artifact id: '43dfd331563fd4e965620439540cc18c') in 0.0132255 seconds
Number of updated asset objects reloaded before import = 0Number of asset objects unloaded after import = 0

========================================================================
Received Import Request.
  Time since last request: 0.000043 seconds.
  path: Packages/com.unity.purchasing/Runtime/SecurityCore/UnityEngine.Purchasing.SecurityCore.asmdef
  artifactKey: Guid(e63a64384cc3ef04cac761c1ce76e9c2) Importer(2089858483,b0f066a214c2f5e87bad3c948f4d605d)
Start importing Packages/com.unity.purchasing/Runtime/SecurityCore/UnityEngine.Purchasing.SecurityCore.asmdef using Guid(e63a64384cc3ef04cac761c1ce76e9c2) Importer(2089858483,b0f066a214c2f5e87bad3c948f4d605d) (ScriptedImporter) -> (artifact id: 'b3c99ad39917d79d7274d226c1c11ee7') in 0.0138456 seconds
Number of updated asset objects reloaded before import = 0Number of asset objects unloaded after import = 1

========================================================================
Received Import Request.
  Time since last request: 0.000025 seconds.
  path: Packages/com.unity.analytics/Editor/Analytics.asmdef
  artifactKey: Guid(9811a7ba202944de58374f6369b5bceb) Importer(2089858483,b0f066a214c2f5e87bad3c948f4d605d)
Start importing Packages/com.unity.analytics/Editor/Analytics.asmdef using Guid(9811a7ba202944de58374f6369b5bceb) Importer(2089858483,b0f066a214c2f5e87bad3c948f4d605d) (ScriptedImporter) -> (artifact id: '7226275b7e0a651759e7a9fe0c0233e6') in 0.012511 seconds
Number of updated asset objects reloaded before import = 0Number of asset objects unloaded after import = 1

========================================================================
Received Import Request.
  Time since last request: 0.000058 seconds.
  path: Packages/com.unity.purchasing/Runtime/Codeless/BaseIAPButton.cs
  artifactKey: Guid(aa7f09aec36042349f3b4f40cbcc15e8) Importer(2089858483,b0f066a214c2f5e87bad3c948f4d605d)
Start importing Packages/com.unity.purchasing/Runtime/Codeless/BaseIAPButton.cs using Guid(aa7f09aec36042349f3b4f40cbcc15e8) Importer(2089858483,b0f066a214c2f5e87bad3c948f4d605d) (ScriptedImporter) -> (artifact id: '186694a239242cc24fab3a865d95d4fc') in 0.0131454 seconds
Number of updated asset objects reloaded before import = 0Number of asset objects unloaded after import = 0

========================================================================
Received Import Request.
  Time since last request: 0.000059 seconds.
  path: Packages/com.unity.services.core/Runtime/Core.Internal/Components/Telemetry/IMetricsFactory.cs
  artifactKey: Guid(f637fc8d11c022942833496d32ff8f9b) Importer(2089858483,b0f066a214c2f5e87bad3c948f4d605d)
Start importing Packages/com.unity.services.core/Runtime/Core.Internal/Components/Telemetry/IMetricsFactory.cs using Guid(f637fc8d11c022942833496d32ff8f9b) Importer(2089858483,b0f066a214c2f5e87bad3c948f4d605d) (ScriptedImporter) -> (artifact id: '1b7c2466e56de847df3e5f05cb333295') in 0.01086 seconds
Number of updated asset objects reloaded before import = 0Number of asset objects unloaded after import = 0

========================================================================
Received Import Request.
  Time since last request: 0.000062 seconds.
  path: Packages/com.unity.xr.legacyinputhelpers/Tests/Editor
  artifactKey: Guid(7a4a436f8d8c5c341958531231759e0d) Importer(2089858483,b0f066a214c2f5e87bad3c948f4d605d)
Start importing Packages/com.unity.xr.legacyinputhelpers/Tests/Editor using Guid(7a4a436f8d8c5c341958531231759e0d) Importer(2089858483,b0f066a214c2f5e87bad3c948f4d605d) (ScriptedImporter) -> (artifact id: '483dde8847f4e112ad5176bf9fe0ab8d') in 0.0111846 seconds
Number of updated asset objects reloaded before import = 0Number of asset objects unloaded after import = 1

========================================================================
Received Import Request.
  Time since last request: 0.000034 seconds.
  path: Packages/com.unity.services.core/Runtime/Core.Internal/UnityServicesEditorInitializer.cs
  artifactKey: Guid(03476828a39df494a93e9eb8c807484e) Importer(2089858483,b0f066a214c2f5e87bad3c948f4d605d)
Start importing Packages/com.unity.services.core/Runtime/Core.Internal/UnityServicesEditorInitializer.cs using Guid(03476828a39df494a93e9eb8c807484e) Importer(2089858483,b0f066a214c2f5e87bad3c948f4d605d) (ScriptedImporter) -> (artifact id: '7ffeb5709c7419140b81efc6d8154b8b') in 0.0117343 seconds
Number of updated asset objects reloaded before import = 0Number of asset objects unloaded after import = 0

========================================================================
Received Import Request.
  Time since last request: 0.000073 seconds.
  path: Packages/com.unity.purchasing/Runtime/Purchasing/IExtensionProvider.cs
  artifactKey: Guid(4675ab950b03435e991354a1c0215fd1) Importer(2089858483,b0f066a214c2f5e87bad3c948f4d605d)
Start importing Packages/com.unity.purchasing/Runtime/Purchasing/IExtensionProvider.cs using Guid(4675ab950b03435e991354a1c0215fd1) Importer(2089858483,b0f066a214c2f5e87bad3c948f4d605d) (ScriptedImporter) -> (artifact id: '9029a9e18ed326911ceffab83affd919') in 0.0119741 seconds
Number of updated asset objects reloaded before import = 0Number of asset objects unloaded after import = 0

========================================================================
Received Import Request.
  Time since last request: 0.000092 seconds.
  path: Packages/com.unity.ai.navigation/Editor/ConversionSystem/SystemConverter.cs
  artifactKey: Guid(0c9fba05c2cea421a8771ca17afce238) Importer(2089858483,b0f066a214c2f5e87bad3c948f4d605d)
Start importing Packages/com.unity.ai.navigation/Editor/ConversionSystem/SystemConverter.cs using Guid(0c9fba05c2cea421a8771ca17afce238) Importer(2089858483,b0f066a214c2f5e87bad3c948f4d605d) (ScriptedImporter) -> (artifact id: '12ab9446a7f9ecb8e601100b4cef71f5') in 0.0123301 seconds
Number of updated asset objects reloaded before import = 0Number of asset objects unloaded after import = 0

========================================================================
Received Import Request.
  Time since last request: 0.000078 seconds.
  path: Packages/com.unity.services.core/Editor/Core/Shared/DependencyInversion/DependencyNotFoundException.Gen.cs
  artifactKey: Guid(15ee81abac09c42d9bef6148030cc0b1) Importer(2089858483,b0f066a214c2f5e87bad3c948f4d605d)
Start importing Packages/com.unity.services.core/Editor/Core/Shared/DependencyInversion/DependencyNotFoundException.Gen.cs using Guid(15ee81abac09c42d9bef6148030cc0b1) Importer(2089858483,b0f066a214c2f5e87bad3c948f4d605d) (ScriptedImporter) -> (artifact id: '66cbd34d868679f0832cb4bc14d2f6c0') in 0.0122598 seconds
Number of updated asset objects reloaded before import = 0Number of asset objects unloaded after import = 0

========================================================================
Received Import Request.
  Time since last request: 0.000051 seconds.
  path: Packages/com.unity.purchasing/Runtime/Stores/Android/GooglePlay/AAR/Interfaces/IGoogleCachedQueryProductDetailsService.cs
  artifactKey: Guid(b0fdb4a3754f2db459745c9f14ad938a) Importer(2089858483,b0f066a214c2f5e87bad3c948f4d605d)
Start importing Packages/com.unity.purchasing/Runtime/Stores/Android/GooglePlay/AAR/Interfaces/IGoogleCachedQueryProductDetailsService.cs using Guid(b0fdb4a3754f2db459745c9f14ad938a) Importer(2089858483,b0f066a214c2f5e87bad3c948f4d605d) (ScriptedImporter) -> (artifact id: 'a16664e7154ef7fd2552ab600e911474') in 0.0140388 seconds
Number of updated asset objects reloaded before import = 0Number of asset objects unloaded after import = 0

========================================================================
Received Import Request.
  Time since last request: 0.000131 seconds.
  path: Packages/com.unity.purchasing/Runtime/AppleStub/iOSStoreBindings.cs
  artifactKey: Guid(fa0b7d4db277456ba214fe65699e040c) Importer(2089858483,b0f066a214c2f5e87bad3c948f4d605d)
Start importing Packages/com.unity.purchasing/Runtime/AppleStub/iOSStoreBindings.cs using Guid(fa0b7d4db277456ba214fe65699e040c) Importer(2089858483,b0f066a214c2f5e87bad3c948f4d605d) (ScriptedImporter) -> (artifact id: '457679f332f95922ef2cc8b180881f45') in 0.0119493 seconds
Number of updated asset objects reloaded before import = 0Number of asset objects unloaded after import = 0

========================================================================
Received Import Request.
  Time since last request: 0.000025 seconds.
  path: Packages/com.unity.services.analytics/Runtime/Events/AdImpression/AdPlacementType.cs
  artifactKey: Guid(732176235f824e20977f423c16f4947f) Importer(2089858483,b0f066a214c2f5e87bad3c948f4d605d)
Start importing Packages/com.unity.services.analytics/Runtime/Events/AdImpression/AdPlacementType.cs using Guid(732176235f824e20977f423c16f4947f) Importer(2089858483,b0f066a214c2f5e87bad3c948f4d605d) (ScriptedImporter) -> (artifact id: '718411e602d25a64f0cb6bf4698aa223') in 0.011373 seconds
Number of updated asset objects reloaded before import = 0Number of asset objects unloaded after import = 0

========================================================================
Received Import Request.
  Time since last request: 0.000045 seconds.
  path: Packages/com.unity.purchasing/Runtime/Purchasing/Analytics/Interfaces/Legacy
  artifactKey: Guid(3b4c8676988f43f1b9fe1b5c391cff46) Importer(2089858483,b0f066a214c2f5e87bad3c948f4d605d)
Start importing Packages/com.unity.purchasing/Runtime/Purchasing/Analytics/Interfaces/Legacy using Guid(3b4c8676988f43f1b9fe1b5c391cff46) Importer(2089858483,b0f066a214c2f5e87bad3c948f4d605d) (ScriptedImporter) -> (artifact id: '700cf058d5f4818a214b71923e3cc12f') in 0.0148885 seconds
Number of updated asset objects reloaded before import = 0Number of asset objects unloaded after import = 1

========================================================================
Received Import Request.
  Time since last request: 0.000025 seconds.
  path: Packages/com.unity.purchasing/Runtime/Stores/Android/AndroidJavaStore.cs
  artifactKey: Guid(13589ceca9ee462abb509a2f14379e3b) Importer(2089858483,b0f066a214c2f5e87bad3c948f4d605d)
Start importing Packages/com.unity.purchasing/Runtime/Stores/Android/AndroidJavaStore.cs using Guid(13589ceca9ee462abb509a2f14379e3b) Importer(2089858483,b0f066a214c2f5e87bad3c948f4d605d) (ScriptedImporter) -> (artifact id: 'aa35595466454129cf68dd655fdcf7cb') in 0.0148239 seconds
Number of updated asset objects reloaded before import = 0Number of asset objects unloaded after import = 0

========================================================================
Received Import Request.
  Time since last request: 0.000067 seconds.
  path: Packages/com.unity.services.core/Editor/Core/UiHelpers/UXML/PlatformSupportVisual.uxml
  artifactKey: Guid(3ec1058b5f6b14ce3ad4b976c291d834) Importer(2089858483,b0f066a214c2f5e87bad3c948f4d605d)
Start importing Packages/com.unity.services.core/Editor/Core/UiHelpers/UXML/PlatformSupportVisual.uxml using Guid(3ec1058b5f6b14ce3ad4b976c291d834) Importer(2089858483,b0f066a214c2f5e87bad3c948f4d605d) (ScriptedImporter) -> (artifact id: 'a6e50435fd0f19e93a33d5cf1f6543bf') in 0.0165006 seconds
Number of updated asset objects reloaded before import = 0Number of asset objects unloaded after import = 2

========================================================================
Received Import Request.
  Time since last request: 0.000032 seconds.
  path: Packages/com.unity.services.core/Editor/Core/Environments/UI/EnvironmentView.cs
  artifactKey: Guid(3eaf2948647a0473b97292a1213cb455) Importer(2089858483,b0f066a214c2f5e87bad3c948f4d605d)
Start importing Packages/com.unity.services.core/Editor/Core/Environments/UI/EnvironmentView.cs using Guid(3eaf2948647a0473b97292a1213cb455) Importer(2089858483,b0f066a214c2f5e87bad3c948f4d605d) (ScriptedImporter) -> (artifact id: '208b1c7b37a9651de96b0e13ee46dbce') in 0.0129065 seconds
Number of updated asset objects reloaded before import = 0Number of asset objects unloaded after import = 0

========================================================================
Received Import Request.
  Time since last request: 0.000083 seconds.
  path: Packages/com.unity.services.core/Runtime/Core.Internal/Components/Telemetry/IMetrics.cs
  artifactKey: Guid(a1ee07fd37bf943e898438344b687120) Importer(2089858483,b0f066a214c2f5e87bad3c948f4d605d)
Start importing Packages/com.unity.services.core/Runtime/Core.Internal/Components/Telemetry/IMetrics.cs using Guid(a1ee07fd37bf943e898438344b687120) Importer(2089858483,b0f066a214c2f5e87bad3c948f4d605d) (ScriptedImporter) -> (artifact id: 'eb7789f0b193c77a6681b0b6a5a2a110') in 0.0154495 seconds
Number of updated asset objects reloaded before import = 0Number of asset objects unloaded after import = 0

========================================================================
Received Import Request.
  Time since last request: 0.000052 seconds.
  path: Packages/com.unity.services.core/Runtime/Core/Initialization/ServicesInitializationState.cs
  artifactKey: Guid(d13e2a11322224f628ff4c3821929eab) Importer(2089858483,b0f066a214c2f5e87bad3c948f4d605d)
Start importing Packages/com.unity.services.core/Runtime/Core/Initialization/ServicesInitializationState.cs using Guid(d13e2a11322224f628ff4c3821929eab) Importer(2089858483,b0f066a214c2f5e87bad3c948f4d605d) (ScriptedImporter) -> (artifact id: 'aedd04748d550040cd5956216aaba642') in 0.0126369 seconds
Number of updated asset objects reloaded before import = 0Number of asset objects unloaded after import = 0

========================================================================
Received Import Request.
  Time since last request: 0.000045 seconds.
  path: Packages/com.unity.services.core/Editor/Core/Linker/Models/XmlLinkerModel.cs
  artifactKey: Guid(01e7e065dd954fd695f04594c6d42959) Importer(2089858483,b0f066a214c2f5e87bad3c948f4d605d)
Start importing Packages/com.unity.services.core/Editor/Core/Linker/Models/XmlLinkerModel.cs using Guid(01e7e065dd954fd695f04594c6d42959) Importer(2089858483,b0f066a214c2f5e87bad3c948f4d605d) (ScriptedImporter) -> (artifact id: '61f4bbcd0682c293de00be46df7f23ed') in 0.0130958 seconds
Number of updated asset objects reloaded before import = 0Number of asset objects unloaded after import = 0

========================================================================
Received Import Request.
  Time since last request: 0.000071 seconds.
  path: Packages/com.unity.services.core/Editor/Core/UserRoleManagement/IUserRoleRequest.cs
  artifactKey: Guid(4a4f12b5466c418ab0e66bd23e0a0af2) Importer(2089858483,b0f066a214c2f5e87bad3c948f4d605d)
Start importing Packages/com.unity.services.core/Editor/Core/UserRoleManagement/IUserRoleRequest.cs using Guid(4a4f12b5466c418ab0e66bd23e0a0af2) Importer(2089858483,b0f066a214c2f5e87bad3c948f4d605d) (ScriptedImporter) -> (artifact id: '23a7fcf9f6f535b53cfa15214c67462a') in 0.0123413 seconds
Number of updated asset objects reloaded before import = 0Number of asset objects unloaded after import = 0

========================================================================
Received Import Request.
  Time since last request: 0.000080 seconds.
  path: Packages/com.unity.purchasing/Runtime/AppleCore
  artifactKey: Guid(f9e479e0507047b7bd297c48771f8e72) Importer(2089858483,b0f066a214c2f5e87bad3c948f4d605d)
Start importing Packages/com.unity.purchasing/Runtime/AppleCore using Guid(f9e479e0507047b7bd297c48771f8e72) Importer(2089858483,b0f066a214c2f5e87bad3c948f4d605d) (ScriptedImporter) -> (artifact id: 'c829f0161a24427bbc75d5d951964746') in 0.0145845 seconds
Number of updated asset objects reloaded before import = 0Number of asset objects unloaded after import = 1

========================================================================
Received Import Request.
  Time since last request: 0.000029 seconds.
  path: Packages/com.unity.purchasing/Runtime/Purchasing/Extension/IPurchasingBinder.cs
  artifactKey: Guid(d7fdf806a32a4980b106407faac79e8a) Importer(2089858483,b0f066a214c2f5e87bad3c948f4d605d)
Start importing Packages/com.unity.purchasing/Runtime/Purchasing/Extension/IPurchasingBinder.cs using Guid(d7fdf806a32a4980b106407faac79e8a) Importer(2089858483,b0f066a214c2f5e87bad3c948f4d605d) (ScriptedImporter) -> (artifact id: '119dd3c603b90636a3cc53660f5ffbf4') in 0.0108608 seconds
Number of updated asset objects reloaded before import = 0Number of asset objects unloaded after import = 0

========================================================================
Received Import Request.
  Time since last request: 0.000075 seconds.
  path: Packages/com.unity.services.core/Runtime/Core.Internal/Components/Environments
  artifactKey: Guid(add07ed3db70146bea50b6a4f554e651) Importer(2089858483,b0f066a214c2f5e87bad3c948f4d605d)
Start importing Packages/com.unity.services.core/Runtime/Core.Internal/Components/Environments using Guid(add07ed3db70146bea50b6a4f554e651) Importer(2089858483,b0f066a214c2f5e87bad3c948f4d605d) (ScriptedImporter) -> (artifact id: '9ec601c56a7ca600289cb64d60b57a62') in 0.0111579 seconds
Number of updated asset objects reloaded before import = 0Number of asset objects unloaded after import = 1

========================================================================
Received Import Request.
  Time since last request: 0.000024 seconds.
  path: Packages/com.unity.ai.navigation/Editor/Updater/NavMeshSceneConverter.cs
  artifactKey: Guid(5747e6c564aaa4e468d457a54f2e508d) Importer(2089858483,b0f066a214c2f5e87bad3c948f4d605d)
Start importing Packages/com.unity.ai.navigation/Editor/Updater/NavMeshSceneConverter.cs using Guid(5747e6c564aaa4e468d457a54f2e508d) Importer(2089858483,b0f066a214c2f5e87bad3c948f4d605d) (ScriptedImporter) -> (artifact id: 'b5b4669ef49c7c44f6eaed03430142f9') in 0.0137426 seconds
Number of updated asset objects reloaded before import = 0Number of asset objects unloaded after import = 0

========================================================================
Received Import Request.
  Time since last request: 0.000047 seconds.
  path: Packages/com.unity.purchasing/Runtime/Purchasing/Analytics/Interfaces/IAnalyticsClient.cs
  artifactKey: Guid(24124273374e421284456346db99f343) Importer(2089858483,b0f066a214c2f5e87bad3c948f4d605d)
Start importing Packages/com.unity.purchasing/Runtime/Purchasing/Analytics/Interfaces/IAnalyticsClient.cs using Guid(24124273374e421284456346db99f343) Importer(2089858483,b0f066a214c2f5e87bad3c948f4d605d) (ScriptedImporter) -> (artifact id: '4f797292ceb609f395628e817f3fe202') in 0.0140797 seconds
Number of updated asset objects reloaded before import = 0Number of asset objects unloaded after import = 0

========================================================================
Received Import Request.
  Time since last request: 0.000105 seconds.
  path: Packages/com.unity.services.core/Editor/Core/Shared/DependencyInversion/MethodNotFoundException.Gen.cs
  artifactKey: Guid(60475b9dd3f894bb1bb6dd9f04ad4efc) Importer(2089858483,b0f066a214c2f5e87bad3c948f4d605d)
Start importing Packages/com.unity.services.core/Editor/Core/Shared/DependencyInversion/MethodNotFoundException.Gen.cs using Guid(60475b9dd3f894bb1bb6dd9f04ad4efc) Importer(2089858483,b0f066a214c2f5e87bad3c948f4d605d) (ScriptedImporter) -> (artifact id: '7d899c9e4eb26d29962ce30821ebf0cf') in 0.0136644 seconds
Number of updated asset objects reloaded before import = 0Number of asset objects unloaded after import = 0

========================================================================
Received Import Request.
  Time since last request: 0.000042 seconds.
  path: Packages/com.unity.services.core/Runtime/Core.Internal/Components/Authentication/IPlayerId.cs
  artifactKey: Guid(1c760120bcec444b49d3351b04d063c0) Importer(2089858483,b0f066a214c2f5e87bad3c948f4d605d)
Start importing Packages/com.unity.services.core/Runtime/Core.Internal/Components/Authentication/IPlayerId.cs using Guid(1c760120bcec444b49d3351b04d063c0) Importer(2089858483,b0f066a214c2f5e87bad3c948f4d605d) (ScriptedImporter) -> (artifact id: '1497254e150d829b6c7e8969c89bcddf') in 0.0162237 seconds
Number of updated asset objects reloaded before import = 0Number of asset objects unloaded after import = 0

========================================================================
Received Import Request.
  Time since last request: 0.000065 seconds.
  path: Packages/com.unity.purchasing/Editor/Analytics/PackageKey
  artifactKey: Guid(d2a9fd35691908041b706803135caf71) Importer(2089858483,b0f066a214c2f5e87bad3c948f4d605d)
Start importing Packages/com.unity.purchasing/Editor/Analytics/PackageKey using Guid(d2a9fd35691908041b706803135caf71) Importer(2089858483,b0f066a214c2f5e87bad3c948f4d605d) (ScriptedImporter) -> (artifact id: 'ca0599d3eb1f671ccaeda194a8e043c2') in 0.0136288 seconds
Number of updated asset objects reloaded before import = 0Number of asset objects unloaded after import = 1

========================================================================
Received Import Request.
  Time since last request: 0.000019 seconds.
  path: Packages/com.unity.services.core/Runtime/Core.Internal/Components/Telemetry/IDiagnostics.cs
  artifactKey: Guid(f8592c5cb0e11974cb7545a8a68a55ef) Importer(2089858483,b0f066a214c2f5e87bad3c948f4d605d)
Start importing Packages/com.unity.services.core/Runtime/Core.Internal/Components/Telemetry/IDiagnostics.cs using Guid(f8592c5cb0e11974cb7545a8a68a55ef) Importer(2089858483,b0f066a214c2f5e87bad3c948f4d605d) (ScriptedImporter) -> (artifact id: '1423f0004290cd6bfb245eeead98e317') in 0.0140837 seconds
Number of updated asset objects reloaded before import = 0Number of asset objects unloaded after import = 0

========================================================================
Received Import Request.
  Time since last request: 0.000064 seconds.
  path: Packages/com.unity.purchasing/Runtime/Codeless/CodelessButtonType.cs
  artifactKey: Guid(aea88dbef97bb8546b00dab21e0c97c4) Importer(2089858483,b0f066a214c2f5e87bad3c948f4d605d)
Start importing Packages/com.unity.purchasing/Runtime/Codeless/CodelessButtonType.cs using Guid(aea88dbef97bb8546b00dab21e0c97c4) Importer(2089858483,b0f066a214c2f5e87bad3c948f4d605d) (ScriptedImporter) -> (artifact id: '633b95bcc0abcd776f9e57c3f3e0bd1d') in 0.0144923 seconds
Number of updated asset objects reloaded before import = 0Number of asset objects unloaded after import = 0

========================================================================
Received Import Request.
  Time since last request: 0.000080 seconds.
  path: Packages/com.unity.purchasing/Runtime/Apple/iOSStoreBindings.cs
  artifactKey: Guid(360e792a2fac4d2dbf1793c1f98567a7) Importer(2089858483,b0f066a214c2f5e87bad3c948f4d605d)
Start importing Packages/com.unity.purchasing/Runtime/Apple/iOSStoreBindings.cs using Guid(360e792a2fac4d2dbf1793c1f98567a7) Importer(2089858483,b0f066a214c2f5e87bad3c948f4d605d) (ScriptedImporter) -> (artifact id: '0ecabbf81ec04a3abdd40d973bbf871a') in 0.0130618 seconds
Number of updated asset objects reloaded before import = 0Number of asset objects unloaded after import = 0

========================================================================
Received Import Request.
  Time since last request: 0.000022 seconds.
  path: Packages/com.unity.services.core/Editor/Core/Environments/Client/Models/UnityCreateEnvironmentRequest.cs
  artifactKey: Guid(551ea0e88707ef72e9c975e115290f84) Importer(2089858483,b0f066a214c2f5e87bad3c948f4d605d)
Start importing Packages/com.unity.services.core/Editor/Core/Environments/Client/Models/UnityCreateEnvironmentRequest.cs using Guid(551ea0e88707ef72e9c975e115290f84) Importer(2089858483,b0f066a214c2f5e87bad3c948f4d605d) (ScriptedImporter) -> (artifact id: '9c7e3aef192bd4bc7f1517e3e48cf892') in 0.0110122 seconds
Number of updated asset objects reloaded before import = 0Number of asset objects unloaded after import = 0

========================================================================
Received Import Request.
  Time since last request: 0.000087 seconds.
  path: Packages/com.unity.purchasing/Runtime/Purchasing/ProductMetadata.cs
  artifactKey: Guid(00a179fb23a040c19feec629bacd84a2) Importer(2089858483,b0f066a214c2f5e87bad3c948f4d605d)
Start importing Packages/com.unity.purchasing/Runtime/Purchasing/ProductMetadata.cs using Guid(00a179fb23a040c19feec629bacd84a2) Importer(2089858483,b0f066a214c2f5e87bad3c948f4d605d) (ScriptedImporter) -> (artifact id: 'de21a77c8ba39fd669cab6ee973a14aa') in 0.0126853 seconds
Number of updated asset objects reloaded before import = 0Number of asset objects unloaded after import = 0

========================================================================
Received Import Request.
  Time since last request: 0.000041 seconds.
  path: Packages/com.unity.services.core/Runtime/Core.Internal/AsyncOperation/TaskAsyncOperation.cs
  artifactKey: Guid(7829c22a2e7f648629af71b9abb67494) Importer(2089858483,b0f066a214c2f5e87bad3c948f4d605d)
Start importing Packages/com.unity.services.core/Runtime/Core.Internal/AsyncOperation/TaskAsyncOperation.cs using Guid(7829c22a2e7f648629af71b9abb67494) Importer(2089858483,b0f066a214c2f5e87bad3c948f4d605d) (ScriptedImporter) -> (artifact id: '43427dfbe2cce0c4e6d0e50094664379') in 0.0137619 seconds
Number of updated asset objects reloaded before import = 0Number of asset objects unloaded after import = 0

========================================================================
Received Import Request.
  Time since last request: 0.000056 seconds.
  path: Packages/com.unity.purchasing/Plugins/UnityPurchasing/iOS/UnityEarlyTransactionObserver.mm
  artifactKey: Guid(5e0c6450057a2458583d25033ff1b83c) Importer(2089858483,b0f066a214c2f5e87bad3c948f4d605d)
Start importing Packages/com.unity.purchasing/Plugins/UnityPurchasing/iOS/UnityEarlyTransactionObserver.mm using Guid(5e0c6450057a2458583d25033ff1b83c) Importer(2089858483,b0f066a214c2f5e87bad3c948f4d605d) (ScriptedImporter) -> (artifact id: '5a972f8334f9f8ff6a7b9383c05eba2b') in 0.013578 seconds
Number of updated asset objects reloaded before import = 0Number of asset objects unloaded after import = 0

========================================================================
Received Import Request.
  Time since last request: 0.000042 seconds.
  path: Packages/com.unity.services.core/Editor/Core/Linker/LinkFileGenerator.cs
  artifactKey: Guid(7b798cd2df6049ce80e73f3bfce6a4e6) Importer(2089858483,b0f066a214c2f5e87bad3c948f4d605d)
Start importing Packages/com.unity.services.core/Editor/Core/Linker/LinkFileGenerator.cs using Guid(7b798cd2df6049ce80e73f3bfce6a4e6) Importer(2089858483,b0f066a214c2f5e87bad3c948f4d605d) (ScriptedImporter) -> (artifact id: 'ecba7e9e3fda2d58ed302bc2ecf02be3') in 0.0117798 seconds
Number of updated asset objects reloaded before import = 0Number of asset objects unloaded after import = 0

========================================================================
Received Import Request.
  Time since last request: 0.000048 seconds.
  path: Packages/com.unity.services.core/Runtime/Core.Internal/Components/Wire/IChannelTokenProvider.cs
  artifactKey: Guid(cb20682ba56fb47f285cd16dd1291270) Importer(2089858483,b0f066a214c2f5e87bad3c948f4d605d)
Start importing Packages/com.unity.services.core/Runtime/Core.Internal/Components/Wire/IChannelTokenProvider.cs using Guid(cb20682ba56fb47f285cd16dd1291270) Importer(2089858483,b0f066a214c2f5e87bad3c948f4d605d) (ScriptedImporter) -> (artifact id: 'c6bccd9daa7b776cb9f07da5d7eb9fce') in 0.0112678 seconds
Number of updated asset objects reloaded before import = 0Number of asset objects unloaded after import = 0

========================================================================
Received Import Request.
  Time since last request: 0.000038 seconds.
  path: Packages/com.unity.purchasing/Runtime/WinRT/CurrentAppSimulator.cs
  artifactKey: Guid(7555e1e236a6db74696299942af10502) Importer(2089858483,b0f066a214c2f5e87bad3c948f4d605d)
Start importing Packages/com.unity.purchasing/Runtime/WinRT/CurrentAppSimulator.cs using Guid(7555e1e236a6db74696299942af10502) Importer(2089858483,b0f066a214c2f5e87bad3c948f4d605d) (ScriptedImporter) -> (artifact id: 'da6f87e3eecaedb0ee1602f480e6383c') in 0.0129147 seconds
Number of updated asset objects reloaded before import = 0Number of asset objects unloaded after import = 0

========================================================================
Received Import Request.
  Time since last request: 0.000024 seconds.
  path: Packages/com.unity.services.core/Runtime/Configuration/StreamingAssetsConfigurationLoader.cs
  artifactKey: Guid(f5d7186a4ae434942afddf441cccaa67) Importer(2089858483,b0f066a214c2f5e87bad3c948f4d605d)
Start importing Packages/com.unity.services.core/Runtime/Configuration/StreamingAssetsConfigurationLoader.cs using Guid(f5d7186a4ae434942afddf441cccaa67) Importer(2089858483,b0f066a214c2f5e87bad3c948f4d605d) (ScriptedImporter) -> (artifact id: 'a433d089c79fd8e85e505868c2b210f8') in 0.0161548 seconds
Number of updated asset objects reloaded before import = 0Number of asset objects unloaded after import = 0

========================================================================
Received Import Request.
  Time since last request: 0.000061 seconds.
  path: Packages/com.unity.ai.navigation/EditorResources/Overlay/NavigationOverlay.png
  artifactKey: Guid(e3f0b16456276c94aab8bd6664208dc3) Importer(2089858483,b0f066a214c2f5e87bad3c948f4d605d)
Start importing Packages/com.unity.ai.navigation/EditorResources/Overlay/NavigationOverlay.png using Guid(e3f0b16456276c94aab8bd6664208dc3) Importer(2089858483,b0f066a214c2f5e87bad3c948f4d605d) (ScriptedImporter) -> (artifact id: '04a9d1bd2b5449e146c9781f99ca4372') in 0.0172768 seconds
Number of updated asset objects reloaded before import = 0Number of asset objects unloaded after import = 1

========================================================================
Received Import Request.
  Time since last request: 0.000045 seconds.
  path: Packages/com.unity.ai.navigation/Runtime/NavMeshLink.cs
  artifactKey: Guid(6eeb5dc026fdf4b488bc7ae0138ab719) Importer(2089858483,b0f066a214c2f5e87bad3c948f4d605d)
Start importing Packages/com.unity.ai.navigation/Runtime/NavMeshLink.cs using Guid(6eeb5dc026fdf4b488bc7ae0138ab719) Importer(2089858483,b0f066a214c2f5e87bad3c948f4d605d) (ScriptedImporter) -> (artifact id: 'ffacc2886c305ccc55bb54d6d2c23ab5') in 0.0135861 seconds
Number of updated asset objects reloaded before import = 0Number of asset objects unloaded after import = 1

========================================================================
Received Import Request.
  Time since last request: 0.000020 seconds.
  path: Packages/com.unity.purchasing/Runtime/Stores/BaseStore/JSONStore.cs
  artifactKey: Guid(8f5978fe96104f82862fa680bdecb8c2) Importer(2089858483,b0f066a214c2f5e87bad3c948f4d605d)
Start importing Packages/com.unity.purchasing/Runtime/Stores/BaseStore/JSONStore.cs using Guid(8f5978fe96104f82862fa680bdecb8c2) Importer(2089858483,b0f066a214c2f5e87bad3c948f4d605d) (ScriptedImporter) -> (artifact id: '9d8b73e620df383d6b6373acd9747a55') in 0.0113861 seconds
Number of updated asset objects reloaded before import = 0Number of asset objects unloaded after import = 0

========================================================================
Received Import Request.
  Time since last request: 0.000060 seconds.
  path: Packages/com.unity.services.core/Editor/Core/Shared/DependencyInversion/ConstructorNotFoundException.Gen.cs
  artifactKey: Guid(eca1326d875b644328c91fb36f5aa9d4) Importer(2089858483,b0f066a214c2f5e87bad3c948f4d605d)
Start importing Packages/com.unity.services.core/Editor/Core/Shared/DependencyInversion/ConstructorNotFoundException.Gen.cs using Guid(eca1326d875b644328c91fb36f5aa9d4) Importer(2089858483,b0f066a214c2f5e87bad3c948f4d605d) (ScriptedImporter) -> (artifact id: 'e6c1d46319e35cf3792df12763a02082') in 0.014555 seconds
Number of updated asset objects reloaded before import = 0Number of asset objects unloaded after import = 0

========================================================================
Received Import Request.
  Time since last request: 0.000054 seconds.
  path: Packages/com.unity.services.core/Editor/Core/UiHelpers/USS/PlatformSupportVisualLight.uss
  artifactKey: Guid(c56cb2f61c79e4427b47e2dedd499d46) Importer(2089858483,b0f066a214c2f5e87bad3c948f4d605d)
Start importing Packages/com.unity.services.core/Editor/Core/UiHelpers/USS/PlatformSupportVisualLight.uss using Guid(c56cb2f61c79e4427b47e2dedd499d46) Importer(2089858483,b0f066a214c2f5e87bad3c948f4d605d) (ScriptedImporter) -> (artifact id: 'f10dfc09f7232ade3130b123720a49ed') in 0.0153849 seconds
Number of updated asset objects reloaded before import = 0Number of asset objects unloaded after import = 1

========================================================================
Received Import Request.
  Time since last request: 0.000033 seconds.
  path: Packages/com.unity.purchasing/Runtime/Codeless/IAPListener.cs
  artifactKey: Guid(8f7dd963c1a8b427b96975fa211478a1) Importer(2089858483,b0f066a214c2f5e87bad3c948f4d605d)
Start importing Packages/com.unity.purchasing/Runtime/Codeless/IAPListener.cs using Guid(8f7dd963c1a8b427b96975fa211478a1) Importer(2089858483,b0f066a214c2f5e87bad3c948f4d605d) (ScriptedImporter) -> (artifact id: '60d813fb2b798b58faa5868b55f816c9') in 0.0134154 seconds
Number of updated asset objects reloaded before import = 0Number of asset objects unloaded after import = 0

========================================================================
Received Import Request.
  Time since last request: 0.000039 seconds.
  path: Packages/com.unity.services.core/Editor/Core/Environments/Client/Models/UnityUploadIconV1201Response.cs
  artifactKey: Guid(8c2efaaf56f24529a91061c1537d607d) Importer(2089858483,b0f066a214c2f5e87bad3c948f4d605d)
Start importing Packages/com.unity.services.core/Editor/Core/Environments/Client/Models/UnityUploadIconV1201Response.cs using Guid(8c2efaaf56f24529a91061c1537d607d) Importer(2089858483,b0f066a214c2f5e87bad3c948f4d605d) (ScriptedImporter) -> (artifact id: '25c754ed675601ef3189f2b6ecd26a51') in 0.0116458 seconds
Number of updated asset objects reloaded before import = 0Number of asset objects unloaded after import = 0

========================================================================
Received Import Request.
  Time since last request: 0.000051 seconds.
  path: Packages/com.unity.services.core/Editor/Core/Configuration/Unity.Services.Core.Configuration.Editor.asmdef
  artifactKey: Guid(d0d897c4aa12b8140b650ec29e099ff7) Importer(2089858483,b0f066a214c2f5e87bad3c948f4d605d)
Start importing Packages/com.unity.services.core/Editor/Core/Configuration/Unity.Services.Core.Configuration.Editor.asmdef using Guid(d0d897c4aa12b8140b650ec29e099ff7) Importer(2089858483,b0f066a214c2f5e87bad3c948f4d605d) (ScriptedImporter) -> (artifact id: '4622146b27b7f9867dcc145278b1dd48') in 0.0141906 seconds
Number of updated asset objects reloaded before import = 0Number of asset objects unloaded after import = 1

========================================================================
Received Import Request.
  Time since last request: 0.000020 seconds.
  path: Packages/com.unity.purchasing/Runtime/Purchasing/Analytics/CoreAnalyticsAdapter.cs
  artifactKey: Guid(4d2b177ceba14d8c93d4a7f487980a82) Importer(2089858483,b0f066a214c2f5e87bad3c948f4d605d)
Start importing Packages/com.unity.purchasing/Runtime/Purchasing/Analytics/CoreAnalyticsAdapter.cs using Guid(4d2b177ceba14d8c93d4a7f487980a82) Importer(2089858483,b0f066a214c2f5e87bad3c948f4d605d) (ScriptedImporter) -> (artifact id: '7978de10aa48dc6e5489a47a61d14cc9') in 0.0126445 seconds
Number of updated asset objects reloaded before import = 0Number of asset objects unloaded after import = 0

========================================================================
Received Import Request.
  Time since last request: 0.000157 seconds.
  path: Packages/com.unity.purchasing/Runtime/Stores/Android/GooglePlay/GooglePlay.cs
  artifactKey: Guid(3d26a96a5e674c0e968de4b9421d78d7) Importer(2089858483,b0f066a214c2f5e87bad3c948f4d605d)
Start importing Packages/com.unity.purchasing/Runtime/Stores/Android/GooglePlay/GooglePlay.cs using Guid(3d26a96a5e674c0e968de4b9421d78d7) Importer(2089858483,b0f066a214c2f5e87bad3c948f4d605d) (ScriptedImporter) -> (artifact id: 'd431cceda9fd83ec0e7f2424f33d8dfd') in 0.0157392 seconds
Number of updated asset objects reloaded before import = 0Number of asset objects unloaded after import = 0

========================================================================
Received Import Request.
  Time since last request: 0.000109 seconds.
  path: Packages/com.unity.services.analytics/Editor/Tools/StateUninitialised.png
  artifactKey: Guid(5d833ab30f10256408a64a1e31a24dd0) Importer(2089858483,b0f066a214c2f5e87bad3c948f4d605d)
Start importing Packages/com.unity.services.analytics/Editor/Tools/StateUninitialised.png using Guid(5d833ab30f10256408a64a1e31a24dd0) Importer(2089858483,b0f066a214c2f5e87bad3c948f4d605d) (ScriptedImporter) -> (artifact id: 'a69f40d38f9beef48b1ec7ea33e44b83') in 0.0191724 seconds
Number of updated asset objects reloaded before import = 0Number of asset objects unloaded after import = 1

========================================================================
Received Import Request.
  Time since last request: 0.000052 seconds.
  path: Packages/com.unity.services.core/Runtime/Core.Internal/Components/Authentication/IServerEnvironmentId.cs
  artifactKey: Guid(5adbe00cd9902e44db40feba07d1f6a5) Importer(2089858483,b0f066a214c2f5e87bad3c948f4d605d)
Start importing Packages/com.unity.services.core/Runtime/Core.Internal/Components/Authentication/IServerEnvironmentId.cs using Guid(5adbe00cd9902e44db40feba07d1f6a5) Importer(2089858483,b0f066a214c2f5e87bad3c948f4d605d) (ScriptedImporter) -> (artifact id: '9ef105400a3e0158e34256eae1e42d33') in 0.0117065 seconds
Number of updated asset objects reloaded before import = 0Number of asset objects unloaded after import = 0

========================================================================
Received Import Request.
  Time since last request: 0.000083 seconds.
  path: Packages/com.unity.services.core/Editor/Core/Environments/Client/Models/UnityListOrganizationFavoriteProjects200Response.cs
  artifactKey: Guid(75aa0e3c26c49effe9a22ae327c88e65) Importer(2089858483,b0f066a214c2f5e87bad3c948f4d605d)
Start importing Packages/com.unity.services.core/Editor/Core/Environments/Client/Models/UnityListOrganizationFavoriteProjects200Response.cs using Guid(75aa0e3c26c49effe9a22ae327c88e65) Importer(2089858483,b0f066a214c2f5e87bad3c948f4d605d) (ScriptedImporter) -> (artifact id: '8a0ab1ed021f0b30c763422a212127d0') in 0.0131074 seconds
Number of updated asset objects reloaded before import = 0Number of asset objects unloaded after import = 0

========================================================================
Received Prepare
Folder 'Packages/com.unity.purchasing/Runtime/Apple/' contains multiple assembly definition files (Packages/com.unity.purchasing/Runtime/Apple/UnityEngine.Purchasing.Apple.asmdef)
Folder 'Packages/com.unity.purchasing/Runtime/Apple/' contains multiple assembly definition files (Packages/com.unity.purchasing/Runtime/Apple/Unity.Purchasing.Apple.asmdef)
Folder 'Packages/com.unity.purchasing/Runtime/SecurityStub/' contains multiple assembly definition files (Packages/com.unity.purchasing/Runtime/SecurityStub/UnityEngine.Purchasing.SecurityStub.asmdef)
Folder 'Packages/com.unity.purchasing/Runtime/SecurityStub/' contains multiple assembly definition files (Packages/com.unity.purchasing/Runtime/SecurityStub/Unity.Purchasing.SecurityStub.asmdef)
Folder 'Packages/com.unity.purchasing/Runtime/Security/' contains multiple assembly definition files (Packages/com.unity.purchasing/Runtime/Security/Unity.Purchasing.Security.asmdef)
Folder 'Packages/com.unity.purchasing/Runtime/Security/' contains multiple assembly definition files (Packages/com.unity.purchasing/Runtime/Security/UnityEngine.Purchasing.Security.asmdef)
Folder 'Packages/com.unity.purchasing/Runtime/Stores/' contains multiple assembly definition files (Packages/com.unity.purchasing/Runtime/Stores/UnityEngine.Purchasing.Stores.asmdef)
Folder 'Packages/com.unity.purchasing/Runtime/Stores/' contains multiple assembly definition files (Packages/com.unity.purchasing/Runtime/Stores/Unity.Purchasing.Stores.asmdef)
Folder 'Packages/com.unity.purchasing/Runtime/SecurityCore/' contains multiple assembly definition files (Packages/com.unity.purchasing/Runtime/SecurityCore/Unity.Purchasing.SecurityCore.asmdef)
Folder 'Packages/com.unity.purchasing/Runtime/SecurityCore/' contains multiple assembly definition files (Packages/com.unity.purchasing/Runtime/SecurityCore/UnityEngine.Purchasing.SecurityCore.asmdef)
Folder 'Packages/com.unity.purchasing/Runtime/Purchasing/' contains multiple assembly definition files (Packages/com.unity.purchasing/Runtime/Purchasing/UnityEngine.Purchasing.asmdef)
Folder 'Packages/com.unity.purchasing/Runtime/Purchasing/' contains multiple assembly definition files (Packages/com.unity.purchasing/Runtime/Purchasing/Unity.Purchasing.asmdef)
Folder 'Packages/com.unity.purchasing/Runtime/AppleMacosStub/' contains multiple assembly definition files (Packages/com.unity.purchasing/Runtime/AppleMacosStub/UnityEngine.Purchasing.AppleMacosStub.asmdef)
Folder 'Packages/com.unity.purchasing/Runtime/AppleMacosStub/' contains multiple assembly definition files (Packages/com.unity.purchasing/Runtime/AppleMacosStub/Unity.Purchasing.AppleMacosStub.asmdef)
Folder 'Packages/com.unity.purchasing/Runtime/AppleStub/' contains multiple assembly definition files (Packages/com.unity.purchasing/Runtime/AppleStub/Unity.Purchasing.AppleStub.asmdef)
Folder 'Packages/com.unity.purchasing/Runtime/AppleStub/' contains multiple assembly definition files (Packages/com.unity.purchasing/Runtime/AppleStub/UnityEngine.Purchasing.AppleStub.asmdef)
Folder 'Packages/com.unity.purchasing/Runtime/AppleMacos/' contains multiple assembly definition files (Packages/com.unity.purchasing/Runtime/AppleMacos/UnityEngine.Purchasing.AppleMacos.asmdef)
Folder 'Packages/com.unity.purchasing/Runtime/AppleMacos/' contains multiple assembly definition files (Packages/com.unity.purchasing/Runtime/AppleMacos/Unity.Purchasing.AppleMacos.asmdef)
Folder 'Packages/com.unity.purchasing/Runtime/Codeless/' contains multiple assembly definition files (Packages/com.unity.purchasing/Runtime/Codeless/Unity.Purchasing.Codeless.asmdef)
Folder 'Packages/com.unity.purchasing/Runtime/Codeless/' contains multiple assembly definition files (Packages/com.unity.purchasing/Runtime/Codeless/UnityEngine.Purchasing.Codeless.asmdef)
ArgumentException: An item with the same key has already been added. Key: 400f2260dd8d285419d1db99999109aa
  at System.Collections.Generic.Dictionary`2[TKey,TValue].TryInsert (TKey key, TValue value, System.Collections.Generic.InsertionBehavior behavior) [0x0015a] in <41d29b352f6a475ab1bf7c6628b82790>:0 
  at System.Collections.Generic.Dictionary`2[TKey,TValue].Add (TKey key, TValue value) [0x00000] in <41d29b352f6a475ab1bf7c6628b82790>:0 
  at System.Linq.Enumerable.ToDictionary[TSource,TKey,TElement] (TSource[] source, System.Func`2[T,TResult] keySelector, System.Func`2[T,TResult] elementSelector, System.Collections.Generic.IEqualityComparer`1[T] comparer) [0x00029] in <80564d689e48448fa2a7101993ee7201>:0 
  at System.Linq.Enumerable.ToDictionary[TSource,TKey,TElement] (System.Collections.Generic.IEnumerable`1[T] source, System.Func`2[T,TResult] keySelector, System.Func`2[T,TResult] elementSelector, System.Collections.Generic.IEqualityComparer`1[T] comparer) [0x00051] in <80564d689e48448fa2a7101993ee7201>:0 
  at System.Linq.Enumerable.ToDictionary[TSource,TKey,TElement] (System.Collections.Generic.IEnumerable`1[T] source, System.Func`2[T,TResult] keySelector, System.Func`2[T,TResult] elementSelector) [0x00000] in <80564d689e48448fa2a7101993ee7201>:0 
  at UnityEditor.Scripting.ScriptCompilation.AssemblyGraphBuilder.Initialize (System.Collections.Generic.IReadOnlyCollection`1[T] assemblies, System.Collections.Generic.IReadOnlyCollection`1[T] customScriptAssemblyReferences) [0x00046] in <a90f148a0c664ac8982a824605784e74>:0 
  at UnityEditor.Scripting.ScriptCompilation.AssemblyGraphBuilderFactory.GetOrCreate (System.String projectPath, System.Collections.Generic.IReadOnlyCollection`1[T] assemblies, System.Collections.Generic.IReadOnlyCollection`1[T] customScriptAssemblyReferences) [0x00038] in <a90f148a0c664ac8982a824605784e74>:0 
  at UnityEditor.Scripting.ScriptCompilation.EditorCompilation.GetAssemblyGraphBuilder () [0x00027] in <a90f148a0c664ac8982a824605784e74>:0 
  at UnityEditor.Scripting.ScriptCompilation.EditorCompilation.SetAllScripts (System.String[] allScripts) [0x0000d] in <a90f148a0c664ac8982a824605784e74>:0 
  at UnityEditor.Scripting.ScriptCompilation.EditorCompilationInterface.SetAllScripts (System.String[] allScripts) [0x00006] in <a90f148a0c664ac8982a824605784e74>:0 

Folder 'Packages/com.unity.purchasing/Runtime/Apple/' contains multiple assembly definition files (Packages/com.unity.purchasing/Runtime/Apple/UnityEngine.Purchasing.Apple.asmdef)
Folder 'Packages/com.unity.purchasing/Runtime/Apple/' contains multiple assembly definition files (Packages/com.unity.purchasing/Runtime/Apple/Unity.Purchasing.Apple.asmdef)
Folder 'Packages/com.unity.purchasing/Runtime/SecurityStub/' contains multiple assembly definition files (Packages/com.unity.purchasing/Runtime/SecurityStub/UnityEngine.Purchasing.SecurityStub.asmdef)
Folder 'Packages/com.unity.purchasing/Runtime/SecurityStub/' contains multiple assembly definition files (Packages/com.unity.purchasing/Runtime/SecurityStub/Unity.Purchasing.SecurityStub.asmdef)
Folder 'Packages/com.unity.purchasing/Runtime/Security/' contains multiple assembly definition files (Packages/com.unity.purchasing/Runtime/Security/Unity.Purchasing.Security.asmdef)
Folder 'Packages/com.unity.purchasing/Runtime/Security/' contains multiple assembly definition files (Packages/com.unity.purchasing/Runtime/Security/UnityEngine.Purchasing.Security.asmdef)
Folder 'Packages/com.unity.purchasing/Runtime/Stores/' contains multiple assembly definition files (Packages/com.unity.purchasing/Runtime/Stores/UnityEngine.Purchasing.Stores.asmdef)
Folder 'Packages/com.unity.purchasing/Runtime/Stores/' contains multiple assembly definition files (Packages/com.unity.purchasing/Runtime/Stores/Unity.Purchasing.Stores.asmdef)
Folder 'Packages/com.unity.purchasing/Runtime/SecurityCore/' contains multiple assembly definition files (Packages/com.unity.purchasing/Runtime/SecurityCore/Unity.Purchasing.SecurityCore.asmdef)
Folder 'Packages/com.unity.purchasing/Runtime/SecurityCore/' contains multiple assembly definition files (Packages/com.unity.purchasing/Runtime/SecurityCore/UnityEngine.Purchasing.SecurityCore.asmdef)
Folder 'Packages/com.unity.purchasing/Runtime/Purchasing/' contains multiple assembly definition files (Packages/com.unity.purchasing/Runtime/Purchasing/UnityEngine.Purchasing.asmdef)
Folder 'Packages/com.unity.purchasing/Runtime/Purchasing/' contains multiple assembly definition files (Packages/com.unity.purchasing/Runtime/Purchasing/Unity.Purchasing.asmdef)
Folder 'Packages/com.unity.purchasing/Runtime/AppleMacosStub/' contains multiple assembly definition files (Packages/com.unity.purchasing/Runtime/AppleMacosStub/UnityEngine.Purchasing.AppleMacosStub.asmdef)
Folder 'Packages/com.unity.purchasing/Runtime/AppleMacosStub/' contains multiple assembly definition files (Packages/com.unity.purchasing/Runtime/AppleMacosStub/Unity.Purchasing.AppleMacosStub.asmdef)
Folder 'Packages/com.unity.purchasing/Runtime/AppleStub/' contains multiple assembly definition files (Packages/com.unity.purchasing/Runtime/AppleStub/Unity.Purchasing.AppleStub.asmdef)
Folder 'Packages/com.unity.purchasing/Runtime/AppleStub/' contains multiple assembly definition files (Packages/com.unity.purchasing/Runtime/AppleStub/UnityEngine.Purchasing.AppleStub.asmdef)
Folder 'Packages/com.unity.purchasing/Runtime/AppleMacos/' contains multiple assembly definition files (Packages/com.unity.purchasing/Runtime/AppleMacos/UnityEngine.Purchasing.AppleMacos.asmdef)
Folder 'Packages/com.unity.purchasing/Runtime/AppleMacos/' contains multiple assembly definition files (Packages/com.unity.purchasing/Runtime/AppleMacos/Unity.Purchasing.AppleMacos.asmdef)
Folder 'Packages/com.unity.purchasing/Runtime/Codeless/' contains multiple assembly definition files (Packages/com.unity.purchasing/Runtime/Codeless/Unity.Purchasing.Codeless.asmdef)
Folder 'Packages/com.unity.purchasing/Runtime/Codeless/' contains multiple assembly definition files (Packages/com.unity.purchasing/Runtime/Codeless/UnityEngine.Purchasing.Codeless.asmdef)
ArgumentException: An item with the same key has already been added. Key: 400f2260dd8d285419d1db99999109aa
  at System.Collections.Generic.Dictionary`2[TKey,TValue].TryInsert (TKey key, TValue value, System.Collections.Generic.InsertionBehavior behavior) [0x0015a] in <41d29b352f6a475ab1bf7c6628b82790>:0 
  at System.Collections.Generic.Dictionary`2[TKey,TValue].Add (TKey key, TValue value) [0x00000] in <41d29b352f6a475ab1bf7c6628b82790>:0 
  at System.Linq.Enumerable.ToDictionary[TSource,TKey,TElement] (TSource[] source, System.Func`2[T,TResult] keySelector, System.Func`2[T,TResult] elementSelector, System.Collections.Generic.IEqualityComparer`1[T] comparer) [0x00029] in <80564d689e48448fa2a7101993ee7201>:0 
  at System.Linq.Enumerable.ToDictionary[TSource,TKey,TElement] (System.Collections.Generic.IEnumerable`1[T] source, System.Func`2[T,TResult] keySelector, System.Func`2[T,TResult] elementSelector, System.Collections.Generic.IEqualityComparer`1[T] comparer) [0x00051] in <80564d689e48448fa2a7101993ee7201>:0 
  at System.Linq.Enumerable.ToDictionary[TSource,TKey,TElement] (System.Collections.Generic.IEnumerable`1[T] source, System.Func`2[T,TResult] keySelector, System.Func`2[T,TResult] elementSelector) [0x00000] in <80564d689e48448fa2a7101993ee7201>:0 
  at UnityEditor.Scripting.ScriptCompilation.AssemblyGraphBuilder.Initialize (System.Collections.Generic.IReadOnlyCollection`1[T] assemblies, System.Collections.Generic.IReadOnlyCollection`1[T] customScriptAssemblyReferences) [0x00046] in <a90f148a0c664ac8982a824605784e74>:0 
  at UnityEditor.Scripting.ScriptCompilation.AssemblyGraphBuilderFactory.GetOrCreate (System.String projectPath, System.Collections.Generic.IReadOnlyCollection`1[T] assemblies, System.Collections.Generic.IReadOnlyCollection`1[T] customScriptAssemblyReferences) [0x00038] in <a90f148a0c664ac8982a824605784e74>:0 
  at UnityEditor.Scripting.ScriptCompilation.EditorCompilation.GetAssemblyGraphBuilder () [0x00027] in <a90f148a0c664ac8982a824605784e74>:0 
  at UnityEditor.Scripting.ScriptCompilation.EditorCompilation.SetAllScripts (System.String[] allScripts) [0x0000d] in <a90f148a0c664ac8982a824605784e74>:0 
  at UnityEditor.Scripting.ScriptCompilation.EditorCompilationInterface.SetAllScripts (System.String[] allScripts) [0x00006] in <a90f148a0c664ac8982a824605784e74>:0 

Begin MonoManager ReloadAssembly
- Loaded All Assemblies, in  0.998 seconds
Folder 'Packages/com.unity.purchasing/Runtime/Apple/' contains multiple assembly definition files (Packages/com.unity.purchasing/Runtime/Apple/UnityEngine.Purchasing.Apple.asmdef)
Folder 'Packages/com.unity.purchasing/Runtime/Apple/' contains multiple assembly definition files (Packages/com.unity.purchasing/Runtime/Apple/Unity.Purchasing.Apple.asmdef)
Folder 'Packages/com.unity.purchasing/Runtime/SecurityStub/' contains multiple assembly definition files (Packages/com.unity.purchasing/Runtime/SecurityStub/UnityEngine.Purchasing.SecurityStub.asmdef)
Folder 'Packages/com.unity.purchasing/Runtime/SecurityStub/' contains multiple assembly definition files (Packages/com.unity.purchasing/Runtime/SecurityStub/Unity.Purchasing.SecurityStub.asmdef)
Folder 'Packages/com.unity.purchasing/Runtime/Security/' contains multiple assembly definition files (Packages/com.unity.purchasing/Runtime/Security/Unity.Purchasing.Security.asmdef)
Folder 'Packages/com.unity.purchasing/Runtime/Security/' contains multiple assembly definition files (Packages/com.unity.purchasing/Runtime/Security/UnityEngine.Purchasing.Security.asmdef)
Folder 'Packages/com.unity.purchasing/Runtime/Stores/' contains multiple assembly definition files (Packages/com.unity.purchasing/Runtime/Stores/UnityEngine.Purchasing.Stores.asmdef)
Folder 'Packages/com.unity.purchasing/Runtime/Stores/' contains multiple assembly definition files (Packages/com.unity.purchasing/Runtime/Stores/Unity.Purchasing.Stores.asmdef)
Folder 'Packages/com.unity.purchasing/Runtime/SecurityCore/' contains multiple assembly definition files (Packages/com.unity.purchasing/Runtime/SecurityCore/Unity.Purchasing.SecurityCore.asmdef)
Folder 'Packages/com.unity.purchasing/Runtime/SecurityCore/' contains multiple assembly definition files (Packages/com.unity.purchasing/Runtime/SecurityCore/UnityEngine.Purchasing.SecurityCore.asmdef)
Folder 'Packages/com.unity.purchasing/Runtime/Purchasing/' contains multiple assembly definition files (Packages/com.unity.purchasing/Runtime/Purchasing/UnityEngine.Purchasing.asmdef)
Folder 'Packages/com.unity.purchasing/Runtime/Purchasing/' contains multiple assembly definition files (Packages/com.unity.purchasing/Runtime/Purchasing/Unity.Purchasing.asmdef)
Folder 'Packages/com.unity.purchasing/Runtime/AppleMacosStub/' contains multiple assembly definition files (Packages/com.unity.purchasing/Runtime/AppleMacosStub/UnityEngine.Purchasing.AppleMacosStub.asmdef)
Folder 'Packages/com.unity.purchasing/Runtime/AppleMacosStub/' contains multiple assembly definition files (Packages/com.unity.purchasing/Runtime/AppleMacosStub/Unity.Purchasing.AppleMacosStub.asmdef)
Folder 'Packages/com.unity.purchasing/Runtime/AppleStub/' contains multiple assembly definition files (Packages/com.unity.purchasing/Runtime/AppleStub/Unity.Purchasing.AppleStub.asmdef)
Folder 'Packages/com.unity.purchasing/Runtime/AppleStub/' contains multiple assembly definition files (Packages/com.unity.purchasing/Runtime/AppleStub/UnityEngine.Purchasing.AppleStub.asmdef)
Folder 'Packages/com.unity.purchasing/Runtime/AppleMacos/' contains multiple assembly definition files (Packages/com.unity.purchasing/Runtime/AppleMacos/UnityEngine.Purchasing.AppleMacos.asmdef)
Folder 'Packages/com.unity.purchasing/Runtime/AppleMacos/' contains multiple assembly definition files (Packages/com.unity.purchasing/Runtime/AppleMacos/Unity.Purchasing.AppleMacos.asmdef)
Folder 'Packages/com.unity.purchasing/Runtime/Codeless/' contains multiple assembly definition files (Packages/com.unity.purchasing/Runtime/Codeless/Unity.Purchasing.Codeless.asmdef)
Folder 'Packages/com.unity.purchasing/Runtime/Codeless/' contains multiple assembly definition files (Packages/com.unity.purchasing/Runtime/Codeless/UnityEngine.Purchasing.Codeless.asmdef)
ArgumentException: An item with the same key has already been added. Key: 400f2260dd8d285419d1db99999109aa
  at System.Collections.Generic.Dictionary`2[TKey,TValue].TryInsert (TKey key, TValue value, System.Collections.Generic.InsertionBehavior behavior) [0x0015a] in <41d29b352f6a475ab1bf7c6628b82790>:0 
  at System.Collections.Generic.Dictionary`2[TKey,TValue].Add (TKey key, TValue value) [0x00000] in <41d29b352f6a475ab1bf7c6628b82790>:0 
  at System.Linq.Enumerable.ToDictionary[TSource,TKey,TElement] (TSource[] source, System.Func`2[T,TResult] keySelector, System.Func`2[T,TResult] elementSelector, System.Collections.Generic.IEqualityComparer`1[T] comparer) [0x00029] in <80564d689e48448fa2a7101993ee7201>:0 
  at System.Linq.Enumerable.ToDictionary[TSource,TKey,TElement] (System.Collections.Generic.IEnumerable`1[T] source, System.Func`2[T,TResult] keySelector, System.Func`2[T,TResult] elementSelector, System.Collections.Generic.IEqualityComparer`1[T] comparer) [0x00051] in <80564d689e48448fa2a7101993ee7201>:0 
  at System.Linq.Enumerable.ToDictionary[TSource,TKey,TElement] (System.Collections.Generic.IEnumerable`1[T] source, System.Func`2[T,TResult] keySelector, System.Func`2[T,TResult] elementSelector) [0x00000] in <80564d689e48448fa2a7101993ee7201>:0 
  at UnityEditor.Scripting.ScriptCompilation.AssemblyGraphBuilder.Initialize (System.Collections.Generic.IReadOnlyCollection`1[T] assemblies, System.Collections.Generic.IReadOnlyCollection`1[T] customScriptAssemblyReferences) [0x00046] in <a90f148a0c664ac8982a824605784e74>:0 
  at UnityEditor.Scripting.ScriptCompilation.AssemblyGraphBuilderFactory.GetOrCreate (System.String projectPath, System.Collections.Generic.IReadOnlyCollection`1[T] assemblies, System.Collections.Generic.IReadOnlyCollection`1[T] customScriptAssemblyReferences) [0x00038] in <a90f148a0c664ac8982a824605784e74>:0 
  at UnityEditor.Scripting.ScriptCompilation.EditorCompilation.GetAssemblyGraphBuilder () [0x00027] in <a90f148a0c664ac8982a824605784e74>:0 
  at UnityEditor.Scripting.ScriptCompilation.EditorCompilation.SetAllScripts (System.String[] allScripts) [0x0000d] in <a90f148a0c664ac8982a824605784e74>:0 
  at UnityEditor.Scripting.ScriptCompilation.EditorCompilationInterface.SetAllScripts (System.String[] allScripts) [0x00006] in <a90f148a0c664ac8982a824605784e74>:0 

Refreshing native plugins compatible for Editor in 14.94 ms, found 3 plugins.
Native extension for WindowsStandalone target not found
Folder 'Packages/com.unity.purchasing/Runtime/Apple/' contains multiple assembly definition files (Packages/com.unity.purchasing/Runtime/Apple/UnityEngine.Purchasing.Apple.asmdef)
Folder 'Packages/com.unity.purchasing/Runtime/Apple/' contains multiple assembly definition files (Packages/com.unity.purchasing/Runtime/Apple/Unity.Purchasing.Apple.asmdef)
Folder 'Packages/com.unity.purchasing/Runtime/SecurityStub/' contains multiple assembly definition files (Packages/com.unity.purchasing/Runtime/SecurityStub/UnityEngine.Purchasing.SecurityStub.asmdef)
Folder 'Packages/com.unity.purchasing/Runtime/SecurityStub/' contains multiple assembly definition files (Packages/com.unity.purchasing/Runtime/SecurityStub/Unity.Purchasing.SecurityStub.asmdef)
Folder 'Packages/com.unity.purchasing/Runtime/Security/' contains multiple assembly definition files (Packages/com.unity.purchasing/Runtime/Security/Unity.Purchasing.Security.asmdef)
Folder 'Packages/com.unity.purchasing/Runtime/Security/' contains multiple assembly definition files (Packages/com.unity.purchasing/Runtime/Security/UnityEngine.Purchasing.Security.asmdef)
Folder 'Packages/com.unity.purchasing/Runtime/Stores/' contains multiple assembly definition files (Packages/com.unity.purchasing/Runtime/Stores/UnityEngine.Purchasing.Stores.asmdef)
Folder 'Packages/com.unity.purchasing/Runtime/Stores/' contains multiple assembly definition files (Packages/com.unity.purchasing/Runtime/Stores/Unity.Purchasing.Stores.asmdef)
Folder 'Packages/com.unity.purchasing/Runtime/SecurityCore/' contains multiple assembly definition files (Packages/com.unity.purchasing/Runtime/SecurityCore/Unity.Purchasing.SecurityCore.asmdef)
Folder 'Packages/com.unity.purchasing/Runtime/SecurityCore/' contains multiple assembly definition files (Packages/com.unity.purchasing/Runtime/SecurityCore/UnityEngine.Purchasing.SecurityCore.asmdef)
Folder 'Packages/com.unity.purchasing/Runtime/Purchasing/' contains multiple assembly definition files (Packages/com.unity.purchasing/Runtime/Purchasing/UnityEngine.Purchasing.asmdef)
Folder 'Packages/com.unity.purchasing/Runtime/Purchasing/' contains multiple assembly definition files (Packages/com.unity.purchasing/Runtime/Purchasing/Unity.Purchasing.asmdef)
Folder 'Packages/com.unity.purchasing/Runtime/AppleMacosStub/' contains multiple assembly definition files (Packages/com.unity.purchasing/Runtime/AppleMacosStub/UnityEngine.Purchasing.AppleMacosStub.asmdef)
Folder 'Packages/com.unity.purchasing/Runtime/AppleMacosStub/' contains multiple assembly definition files (Packages/com.unity.purchasing/Runtime/AppleMacosStub/Unity.Purchasing.AppleMacosStub.asmdef)
Folder 'Packages/com.unity.purchasing/Runtime/AppleStub/' contains multiple assembly definition files (Packages/com.unity.purchasing/Runtime/AppleStub/Unity.Purchasing.AppleStub.asmdef)
Folder 'Packages/com.unity.purchasing/Runtime/AppleStub/' contains multiple assembly definition files (Packages/com.unity.purchasing/Runtime/AppleStub/UnityEngine.Purchasing.AppleStub.asmdef)
Folder 'Packages/com.unity.purchasing/Runtime/AppleMacos/' contains multiple assembly definition files (Packages/com.unity.purchasing/Runtime/AppleMacos/UnityEngine.Purchasing.AppleMacos.asmdef)
Folder 'Packages/com.unity.purchasing/Runtime/AppleMacos/' contains multiple assembly definition files (Packages/com.unity.purchasing/Runtime/AppleMacos/Unity.Purchasing.AppleMacos.asmdef)
Folder 'Packages/com.unity.purchasing/Runtime/Codeless/' contains multiple assembly definition files (Packages/com.unity.purchasing/Runtime/Codeless/Unity.Purchasing.Codeless.asmdef)
Folder 'Packages/com.unity.purchasing/Runtime/Codeless/' contains multiple assembly definition files (Packages/com.unity.purchasing/Runtime/Codeless/UnityEngine.Purchasing.Codeless.asmdef)
ArgumentException: An item with the same key has already been added. Key: 400f2260dd8d285419d1db99999109aa
  at System.Collections.Generic.Dictionary`2[TKey,TValue].TryInsert (TKey key, TValue value, System.Collections.Generic.InsertionBehavior behavior) [0x0015a] in <41d29b352f6a475ab1bf7c6628b82790>:0 
  at System.Collections.Generic.Dictionary`2[TKey,TValue].Add (TKey key, TValue value) [0x00000] in <41d29b352f6a475ab1bf7c6628b82790>:0 
  at System.Linq.Enumerable.ToDictionary[TSource,TKey,TElement] (TSource[] source, System.Func`2[T,TResult] keySelector, System.Func`2[T,TResult] elementSelector, System.Collections.Generic.IEqualityComparer`1[T] comparer) [0x00029] in <80564d689e48448fa2a7101993ee7201>:0 
  at System.Linq.Enumerable.ToDictionary[TSource,TKey,TElement] (System.Collections.Generic.IEnumerable`1[T] source, System.Func`2[T,TResult] keySelector, System.Func`2[T,TResult] elementSelector, System.Collections.Generic.IEqualityComparer`1[T] comparer) [0x00051] in <80564d689e48448fa2a7101993ee7201>:0 
  at System.Linq.Enumerable.ToDictionary[TSource,TKey,TElement] (System.Collections.Generic.IEnumerable`1[T] source, System.Func`2[T,TResult] keySelector, System.Func`2[T,TResult] elementSelector) [0x00000] in <80564d689e48448fa2a7101993ee7201>:0 
  at UnityEditor.Scripting.ScriptCompilation.AssemblyGraphBuilder.Initialize (System.Collections.Generic.IReadOnlyCollection`1[T] assemblies, System.Collections.Generic.IReadOnlyCollection`1[T] customScriptAssemblyReferences) [0x00046] in <a90f148a0c664ac8982a824605784e74>:0 
  at UnityEditor.Scripting.ScriptCompilation.AssemblyGraphBuilderFactory.GetOrCreate (System.String projectPath, System.Collections.Generic.IReadOnlyCollection`1[T] assemblies, System.Collections.Generic.IReadOnlyCollection`1[T] customScriptAssemblyReferences) [0x00038] in <a90f148a0c664ac8982a824605784e74>:0 
  at UnityEditor.Scripting.ScriptCompilation.EditorCompilation.GetAssemblyGraphBuilder () [0x00027] in <a90f148a0c664ac8982a824605784e74>:0 
  at UnityEditor.Scripting.ScriptCompilation.EditorCompilation.SetAllScripts (System.String[] allScripts) [0x0000d] in <a90f148a0c664ac8982a824605784e74>:0 
  at UnityEditor.Scripting.ScriptCompilation.EditorCompilationInterface.SetAllScripts (System.String[] allScripts) [0x00006] in <a90f148a0c664ac8982a824605784e74>:0 

[Package Manager] Failed to launch server process. Reason: Unity was launched with the -noUpm command-line argument
[Package Manager] Unable to send message (not connected to server process).
[Package Manager] Cannot connect to Unity Package Manager local server
[Package Manager] Failed to launch server process. Reason: Unity was launched with the -noUpm command-line argument
[Package Manager] Unable to send message (not connected to server process).
[Package Manager] Cannot connect to Unity Package Manager local server
ScheduleIndexationOnStartup MainProcess:False IndexOnStartup:True
Mono: successfully reloaded assembly
- Finished resetting the current domain, in  0.916 seconds
Domain Reload Profiling: 1905ms
	BeginReloadAssembly (307ms)
		ExecutionOrderSort (0ms)
		DisableScriptedObjects (8ms)
		BackupInstance (0ms)
		ReleaseScriptingObjects (0ms)
		CreateAndSetChildDomain (63ms)
	RebuildCommonClasses (55ms)
	RebuildNativeTypeToScriptingClass (20ms)
	initialDomainReloadingComplete (39ms)
	LoadAllAssembliesAndSetupDomain (566ms)
		LoadAssemblies (531ms)
		RebuildTransferFunctionScriptingTraits (0ms)
		AnalyzeDomain (196ms)
			TypeCache.Refresh (38ms)
				TypeCache.ScanAssembly (26ms)
			BuildScriptInfoCaches (150ms)
			ResolveRequiredComponents (4ms)
	FinalizeReload (917ms)
		ReleaseScriptCaches (0ms)
		RebuildScriptCaches (0ms)
		SetupLoadedEditorAssemblies (754ms)
			LogAssemblyErrors (0ms)
			InitializePlatformSupportModulesInManaged (16ms)
			SetLoadedEditorAssemblies (4ms)
			BeforeProcessingInitializeOnLoad (180ms)
			ProcessInitializeOnLoadAttributes (363ms)
			ProcessInitializeOnLoadMethodAttributes (174ms)
			AfterProcessingInitializeOnLoad (16ms)
			EditorAssembliesLoaded (1ms)
		ExecutionOrderSort2 (0ms)
		AwakeInstancesAfterBackupRestoration (15ms)
Refreshing native plugins compatible for Editor in 13.50 ms, found 3 plugins.
Preloading 0 native plugins for Editor in 0.00 ms.
Unloading 0 Unused Serialized files (Serialized files now loaded: 0)
Unloading 4121 unused Assets / (1.1 MB). Loaded Objects now: 4675.
Memory consumption went from 97.9 MB to 96.8 MB.
Total: 10.285500 ms (FindLiveObjects: 0.497900 ms CreateObjectMapping: 0.530600 ms MarkObjects: 7.941700 ms  DeleteObjects: 1.314300 ms)

Prepare: number of updated asset objects reloaded= 0
